2026-06-18 12:19:28,133 [INFO] Total sin email : 217
2026-06-18 12:19:28,134 [INFO] Ya procesados   : 0
2026-06-18 12:19:28,134 [INFO] Pendientes      : 217
2026-06-18 12:19:28,134 [INFO] ====== WebDriver manager ======
2026-06-18 12:19:29,032 [INFO] Get LATEST chromedriver version for google-chrome
2026-06-18 12:19:29,469 [INFO] There is no [mac-arm64] chromedriver "149.0.7827.155" for browser google-chrome "149.0.7827" in cache
2026-06-18 12:19:29,560 [INFO] There is no [mac-arm64] chromedriver "149.0.7827.155" for browser google-chrome "149.0.7827" in cache
2026-06-18 12:19:29,560 [INFO] Get LATEST chromedriver version for google-chrome
2026-06-18 12:19:30,423 [INFO] WebDriver version 149.0.7827.155 selected
2026-06-18 12:19:30,426 [INFO] Modern chrome version https://storage.googleapis.com/chrome-for-testing-public/149.0.7827.155/mac-arm64/chromedriver-mac-arm64.zip
2026-06-18 12:19:30,426 [INFO] About to download new driver from https://storage.googleapis.com/chrome-for-testing-public/149.0.7827.155/mac-arm64/chromedriver-mac-arm64.zip
2026-06-18 12:19:30,721 [INFO] Driver downloading response is 200
2026-06-18 12:19:31,953 [INFO] Driver has been saved in cache [/Users/danielaamaya/.wdm/drivers/chromedriver/mac-arm64/149.0.7827.155]
2026-06-18 12:19:35,535 [INFO] 🌐 Iniciando sesión en Google...
2026-06-18 12:19:58,663 [INFO] 
[1/217] Servincluido ltda - Hoteles Decameron (sin ciudad)
2026-06-18 12:19:58,665 [INFO]   🔍 Google: "Servincluido" Colombia email contacto
2026-06-18 12:20:04,742 [WARNING] ⚠️  CAPTCHA detectado en Google.
2026-06-18 12:21:23,507 [INFO]   ✅ Email en Google SERP: notificaciones.servincluidos@decameron.com
2026-06-18 12:21:28,362 [INFO] 
[2/217] Hotel Movich Buró 51 (Barranquilla)
2026-06-18 12:21:28,362 [INFO]   🔍 Google: "Hotel Movich Buró 51" Barranquilla email contacto
2026-06-18 12:21:35,253 [WARNING] ⚠️  CAPTCHA detectado en Google.
2026-06-18 12:21:35,435 [INFO]   ✅ Email en Google SERP: reservas@movichhotels.com
2026-06-18 12:21:41,867 [INFO] 
[3/217] Hotel BH Barranquilla (Barranquilla)
2026-06-18 12:21:41,867 [INFO]   🔍 Google: "Hotel BH Barranquilla" Barranquilla email contacto
2026-06-18 12:21:47,445 [WARNING] ⚠️  CAPTCHA detectado en Google.
2026-06-18 12:21:47,908 [INFO]   ✅ Email en Google SERP: n@cotelcoatlantico.org
2026-06-18 12:21:55,840 [INFO] 
[4/217] Hotel Ayenda Skall 1319 (Barranquilla)
2026-06-18 12:21:55,840 [INFO]   🔍 Google: "Hotel Ayenda Skall 1319" Barranquilla email contacto
2026-06-18 12:22:00,679 [WARNING] ⚠️  CAPTCHA detectado en Google.
2026-06-18 12:22:26,904 [INFO]   ✅ Email en Google SERP: contactus@pricetravel.com
2026-06-18 12:22:34,861 [INFO] 
[5/217] Hotel Yivinaca (Barranquilla)
2026-06-18 12:22:34,861 [INFO]   🔍 Google: "Hotel Yivinaca" Barranquilla email contacto
2026-06-18 12:22:57,127 [INFO]   🔍 Google→Facebook: "Hotel Yivinaca" Barranquilla site:facebook.com
2026-06-18 12:23:01,103 [WARNING] ⚠️  CAPTCHA detectado en Google.
2026-06-18 12:23:01,283 [INFO]   ✅ Email en snippet Facebook: contactus@pricetravel.com
2026-06-18 12:23:01,285 [INFO]   📊 Progreso 5/217 | Emails: 5 | Sin resultado: 0
2026-06-18 12:23:06,931 [INFO] 
[6/217] Hostal Mamy Dorme (Barranquilla)
2026-06-18 12:23:06,932 [INFO]   🔍 Google: "Hostal Mamy Dorme" Barranquilla email contacto
2026-06-18 12:23:33,009 [INFO]   🔍 Google→Facebook: "Hostal Mamy Dorme" Barranquilla site:facebook.com
2026-06-18 12:23:43,524 [INFO] 
⚠️  Interrupción. Guardando checkpoint...
2026-06-18 12:23:43,525 [INFO] ✅ Guardado en checkpoint_emails_avanzado.json. Vuelve a correr para retomar.
2026-06-18 12:23:43,526 [WARNING] Retrying (Retry(total=2, connect=None, read=None, redirect=None, status=None)) after connection broken by 'ConnectionResetError(54, 'Connection reset by peer')': /session/748991377fa9247e40685151d52d93b0
2026-06-18 12:23:43,527 [WARNING] Retrying (Retry(total=1, connect=None, read=None, redirect=None, status=None)) after connection broken by 'NewConnectionError("HTTPConnection(host='localhost', port=54032): Failed to establish a new connection: [Errno 61] Connection refused")': /session/748991377fa9247e40685151d52d93b0
2026-06-18 12:23:43,528 [WARNING] Retrying (Retry(total=0, connect=None, read=None, redirect=None, status=None)) after connection broken by 'NewConnectionError("HTTPConnection(host='localhost', port=54032): Failed to establish a new connection: [Errno 61] Connection refused")': /session/748991377fa9247e40685151d52d93b0
2026-06-18 12:28:13,991 [INFO] ♻️  Checkpoint: 2 hoteles ya procesados.
2026-06-18 12:28:13,996 [INFO] Total sin email : 215
2026-06-18 12:28:13,997 [INFO] Ya procesados   : 0
2026-06-18 12:28:13,997 [INFO] Pendientes      : 215
2026-06-18 12:28:13,997 [INFO] ====== WebDriver manager ======
2026-06-18 12:28:14,469 [INFO] Driver [/Users/danielaamaya/.wdm/drivers/chromedriver/mac-arm64/149.0.7827.155/chromedriver-mac-arm64/chromedriver] found in cache by browser version
2026-06-18 12:28:16,140 [INFO] 🌐 Iniciando sesión en Google...
2026-06-18 12:28:39,056 [INFO] 
[1/215] Hotel BH Barranquilla (Barranquilla)
2026-06-18 12:28:39,057 [INFO]   🔍 Google: "Hotel BH Barranquilla" Barranquilla email contacto
2026-06-18 12:28:45,270 [WARNING] ⚠️  Google bloqueó la búsqueda (CAPTCHA).
2026-06-18 12:29:01,033 [INFO]   ✅ Email en Google SERP: recepcion@bhbarranquilla.com
2026-06-18 12:29:08,976 [INFO] 
[2/215] Hotel Ayenda Skall 1319 (Barranquilla)
2026-06-18 12:29:08,976 [INFO]   🔍 Google: "Hotel Ayenda Skall 1319" Barranquilla email contacto
2026-06-18 12:29:31,862 [INFO]   🌐 Visitando (Google): https://www.centraldereservas.com/hoteles/colombia/atlantico/barranqui
2026-06-18 12:29:43,219 [INFO]   ✅ Email en sitio (Google): comunicacion@centraldereservas.com
2026-06-18 12:29:48,731 [INFO] 
[3/215] Hotel Yivinaca (Barranquilla)
2026-06-18 12:29:48,731 [INFO]   🔍 Google: "Hotel Yivinaca" Barranquilla email contacto
2026-06-18 12:29:53,595 [INFO]   ✅ Email en Google SERP: recepcion@ailanticgadeihote.co.co
2026-06-18 12:29:59,658 [INFO] 
[4/215] Hostal Mamy Dorme (Barranquilla)
2026-06-18 12:29:59,659 [INFO]   🔍 Google: "Hostal Mamy Dorme" Barranquilla email contacto
2026-06-18 12:30:24,426 [INFO]   🌐 Visitando (Google): https://www.momondo.com.co/hoteles/barranquilla/Hostal-Mamy-Dorme.mhd7
2026-06-18 12:30:37,978 [INFO]   🌐 Visitando (Google): https://www.atrapalo.com.co/hoteles/399887-0_hostal-mamy-dorme
2026-06-18 12:30:45,211 [INFO]   ✅ Email en sitio (Google): info@atrapalo.com.co
2026-06-18 12:30:51,392 [INFO] 
[5/215] Hotel Aquarius (Barranquilla)
2026-06-18 12:30:51,392 [INFO]   🔍 Google: "Hotel Aquarius" Barranquilla email contacto
2026-06-18 12:31:13,746 [INFO]   🔍 Google→Facebook: "Hotel Aquarius" Barranquilla site:facebook.com
2026-06-18 12:31:33,542 [INFO]   ❌ Sin resultado: Hotel Aquarius
2026-06-18 12:31:33,545 [INFO]   📊 Progreso 5/215 | Emails: 6 | Sin resultado: 1
2026-06-18 12:31:39,820 [INFO] 
⚠️  Interrupción. Guardando checkpoint...
2026-06-18 12:31:39,821 [INFO] ✅ Guardado en checkpoint_emails_avanzado.json. Vuelve a correr para retomar.
2026-06-18 12:31:39,823 [WARNING] Retrying (Retry(total=2, connect=None, read=None, redirect=None, status=None)) after connection broken by 'ConnectionResetError(54, 'Connection reset by peer')': /session/e74580de73753fd9b0accfd397a75368
2026-06-18 12:31:39,824 [WARNING] Retrying (Retry(total=1, connect=None, read=None, redirect=None, status=None)) after connection broken by 'NewConnectionError("HTTPConnection(host='localhost', port=54528): Failed to establish a new connection: [Errno 61] Connection refused")': /session/e74580de73753fd9b0accfd397a75368
2026-06-18 12:31:39,824 [WARNING] Retrying (Retry(total=0, connect=None, read=None, redirect=None, status=None)) after connection broken by 'NewConnectionError("HTTPConnection(host='localhost', port=54528): Failed to establish a new connection: [Errno 61] Connection refused")': /session/e74580de73753fd9b0accfd397a75368
2026-06-18 12:38:10,053 [INFO] ♻️  Checkpoint: 4 hoteles ya procesados.
2026-06-18 12:38:10,058 [INFO] Total sin email : 214
2026-06-18 12:38:10,058 [INFO] Ya procesados   : 1
2026-06-18 12:38:10,058 [INFO] Pendientes      : 213
2026-06-18 12:38:10,058 [INFO] ====== WebDriver manager ======
2026-06-18 12:38:10,532 [INFO] Driver [/Users/danielaamaya/.wdm/drivers/chromedriver/mac-arm64/149.0.7827.155/chromedriver-mac-arm64/chromedriver] found in cache by browser version
2026-06-18 12:38:12,097 [INFO] 🌐 Iniciando sesión en Google...
2026-06-18 12:38:36,125 [INFO] 
[2/214] Hotel Ayenda Skall 1319 (Barranquilla)
2026-06-18 12:38:36,126 [INFO]   🔍 Google: "Hotel Ayenda Skall 1319" Barranquilla email contacto
2026-06-18 12:38:40,845 [WARNING] ⚠️  Google pidió verificación (CAPTCHA). Resuélvela en el navegador.
2026-06-18 12:39:55,113 [INFO]   🌐 Visitando (google): https://co.hoteles.com/ho1281268480/hotel-ayenda-skall-1319-barranquil
2026-06-18 12:39:59,353 [INFO]   🌐 Visitando (google): https://www.revistalabarra.com/colombia/barranquilla/restaurantes/hote
2026-06-18 12:40:15,144 [INFO]   🌐 Visitando (google): https://www.tripadvisor.co/Hotel_Review-g297473-d23002444-Reviews-Hote
2026-06-18 12:40:18,805 [INFO]   📘 Facebook (SERP google): https://www.facebook.com/ayendahoteles
2026-06-18 12:40:19,297 [INFO]   📘 Selenium → Facebook: https://www.facebook.com/ayendahoteles
2026-06-18 12:40:32,299 [INFO]   ✅ Email en Facebook: info@ayendarooms.com
2026-06-18 12:40:37,681 [INFO] 
[3/214] Hotel Yivinaca (Barranquilla)
2026-06-18 12:40:37,681 [INFO]   🔍 Google: "Hotel Yivinaca" Barranquilla email contacto
2026-06-18 12:41:09,125 [INFO]   ✅ Email en SERP (google): recepcion@ailanticgadeihote.co.co
2026-06-18 12:41:16,321 [INFO] 
[4/214] Hostal Mamy Dorme (Barranquilla)
2026-06-18 12:41:16,321 [INFO]   🔍 Google: "Hostal Mamy Dorme" Barranquilla email contacto
2026-06-18 12:41:41,030 [INFO]   🌐 Visitando (google): https://www.tripadvisor.co/Hotel_Review-g297473-d4834448-Reviews-Mamy_
2026-06-18 12:41:44,339 [INFO]   🌐 Visitando (google): https://www.hostales.com/Colombia/Barranquilla
2026-06-18 12:42:06,562 [INFO]   🌐 Visitando (google): https://www.quehoteles.com/hotel-de-barranquilla-Mamy-Dorme-2C81P2529D
2026-06-18 12:42:33,441 [INFO]   📘 Facebook (SERP google): https://www.facebook.com/p/Mamy-Dorme-Hostel-100063474733659
2026-06-18 12:42:33,823 [INFO]   📘 Selenium → Facebook: https://www.facebook.com/p/Mamy-Dorme-Hostel-100063474733659
2026-06-18 12:42:46,220 [INFO]   🌐 Website extraído de Facebook: https://www.meta.com/ai-glasses/shop-all/?utm_content=38629
2026-06-18 12:42:54,787 [INFO]   ❌ Sin resultado: Hostal Mamy Dorme
2026-06-18 12:43:01,526 [INFO] 
[5/214] Ayenda Hotel 1309 Villa Dilia (Barranquilla)
2026-06-18 12:43:01,526 [INFO]   🔍 Google: "Ayenda Hotel 1309 Villa Dilia" Barranquilla email contacto
2026-06-18 12:43:25,767 [INFO]   ✅ Email en SERP (google): info@ayendarooms.com
2026-06-18 12:43:33,134 [INFO] 
[6/214] Hotel Don Fermin (Barranquilla)
2026-06-18 12:43:33,134 [INFO]   🔍 Google: "Hotel Don Fermin" Barranquilla email contacto
2026-06-18 12:43:55,007 [INFO]   🌐 Visitando (google): https://don-fermin-barranquilla.hotelenbarranquilla.net/es/
2026-06-18 12:44:05,852 [INFO]   📘 Facebook (SERP google): https://www.facebook.com/hoteldonferminbquilla/
2026-06-18 12:44:12,679 [INFO]   📘 Selenium → Facebook: https://www.facebook.com/hoteldonferminbquilla/
2026-06-18 12:44:27,648 [INFO]   ❌ Sin resultado: Hotel Don Fermin
2026-06-18 12:44:27,650 [INFO]   📊 Progreso 6/214 | Emails: 6 | Sin resultado: 3
2026-06-18 12:44:31,857 [INFO] 
[7/214] Hotel Continental Express (Barranquilla)
2026-06-18 12:44:31,857 [INFO]   🔍 Google: "Hotel Continental Express" Barranquilla email contacto
2026-06-18 12:44:54,232 [INFO]   ✅ Email en SERP (google): continentalexpress@yahoo.com
2026-06-18 12:44:59,538 [INFO] 
[8/214] Hotel Catedral Inn B SAS (Barranquilla)
2026-06-18 12:44:59,538 [INFO]   🔍 Google: "Hotel Catedral Inn B" Barranquilla email contacto
2026-06-18 12:45:20,576 [INFO]   🌐 Visitando (google): https://www.revistalabarra.com/colombia/barranquilla/restaurantes/hote
2026-06-18 12:45:35,155 [INFO]   🌐 Visitando (google): https://www.barcelonacatedral.com/en/offers/#:~:text=With%20the%20prom
2026-06-18 12:45:42,628 [INFO]   ✅ Email en sitio: hotel@barcelonacatedral.com
2026-06-18 12:45:48,479 [INFO] 
[9/214] Hotel Majestic (Barranquilla)
2026-06-18 12:45:48,480 [INFO]   🔍 Google: "Hotel Majestic" Barranquilla email contacto
2026-06-18 12:45:51,832 [WARNING] ⚠️  Google devolvió 403 → cambiando a DuckDuckGo automáticamente.
2026-06-18 12:45:51,832 [INFO]   🔄 DDG fallback: "Hotel Majestic" Barranquilla email contacto
2026-06-18 12:45:52,452 [INFO] response: https://www.bing.com/search?q=%22Hotel+Majestic%22+Barranquilla+email+contacto 200
2026-06-18 12:45:53,460 [INFO] response: https://www.bing.com/search?q=%22Hotel+Majestic%22+Barranquilla+email+contacto&first=11&FORM=PERE 200
2026-06-18 12:45:54,534 [INFO] response: https://www.bing.com/search?q=%22Hotel+Majestic%22+Barranquilla+email+contacto&first=21&FORM=PERE1 200
2026-06-18 12:45:55,605 [INFO] response: https://www.bing.com/search?q=%22Hotel+Majestic%22+Barranquilla+email+contacto&first=31&FORM=PERE2 200
2026-06-18 12:45:56,548 [INFO] response: https://www.bing.com/search?q=%22Hotel+Majestic%22+Barranquilla+email+contacto&first=41&FORM=PERE3 200
2026-06-18 12:46:00,061 [INFO]   🌐 Visitando (ddg): https://www.hoteles.com/de1634154/hoteles-bogota-colombia/
2026-06-18 12:46:04,366 [INFO]   🌐 Visitando (ddg): https://co.hoteles.com/de1634154/hoteles-bogota-colombia/
2026-06-18 12:46:19,664 [INFO]   🌐 Visitando (ddg): https://www.marriott.com/es/hotels/bogwh-w-bogota/overview/
2026-06-18 12:46:36,056 [INFO]   🔍 DDG→Facebook: "Hotel Majestic" Barranquilla site:facebook.com
2026-06-18 12:46:36,386 [INFO] response: https://www.bing.com/search?q=%22Hotel+Majestic%22+Barranquilla+site%3Afacebook.com 200
2026-06-18 12:46:37,433 [INFO] response: https://www.bing.com/search?q=%22Hotel+Majestic%22+Barranquilla+site%3Afacebook.com&first=11&FORM=PERE 200
2026-06-18 12:46:38,552 [INFO] response: https://www.bing.com/search?q=%22Hotel+Majestic%22+Barranquilla+site%3Afacebook.com&first=21&FORM=PERE1 200
2026-06-18 12:46:39,525 [INFO] response: https://www.bing.com/search?q=%22Hotel+Majestic%22+Barranquilla+site%3Afacebook.com&first=31&FORM=PERE2 200
2026-06-18 12:46:40,607 [INFO] response: https://www.bing.com/search?q=%22Hotel+Majestic%22+Barranquilla+site%3Afacebook.com&first=41&FORM=PERE3 200
2026-06-18 12:46:43,894 [INFO]   ❌ Sin resultado: Hotel Majestic
2026-06-18 12:46:48,320 [INFO] 
[10/214] Hotel Dasanto (Barranquilla)
2026-06-18 12:46:48,321 [INFO]   🔍 Google: "Hotel Dasanto" Barranquilla email contacto
2026-06-18 12:46:51,836 [WARNING] ⚠️  Google devolvió 403 → cambiando a DuckDuckGo automáticamente.
2026-06-18 12:46:51,836 [INFO]   🔄 DDG fallback: "Hotel Dasanto" Barranquilla email contacto
2026-06-18 12:46:57,195 [INFO] response: https://www.bing.com/search?q=%22Hotel+Dasanto%22+Barranquilla+email+contacto 200
2026-06-18 12:47:00,081 [INFO]   🔍 DDG→Facebook: "Hotel Dasanto" Barranquilla site:facebook.com
2026-06-18 12:47:00,491 [INFO] response: https://www.bing.com/search?q=%22Hotel+Dasanto%22+Barranquilla+site%3Afacebook.com 200
2026-06-18 12:47:01,534 [INFO] response: https://www.bing.com/search?q=%22Hotel+Dasanto%22+Barranquilla+site%3Afacebook.com&first=11&FORM=PERE 200
2026-06-18 12:47:02,558 [INFO] response: https://www.bing.com/search?q=%22Hotel+Dasanto%22+Barranquilla+site%3Afacebook.com&first=21&FORM=PERE1 200
2026-06-18 12:47:03,575 [INFO] response: https://www.bing.com/search?q=%22Hotel+Dasanto%22+Barranquilla+site%3Afacebook.com&first=31&FORM=PERE2 200
2026-06-18 12:47:04,531 [INFO] response: https://www.bing.com/search?q=%22Hotel+Dasanto%22+Barranquilla+site%3Afacebook.com&first=41&FORM=PERE3 200
2026-06-18 12:47:08,158 [INFO]   ❌ Sin resultado: Hotel Dasanto
2026-06-18 12:47:13,564 [INFO] 
[11/214] HOTEL INTERSUITES (Barranquilla)
2026-06-18 12:47:13,564 [INFO]   🔍 Google: "HOTEL INTERSUITES" Barranquilla email contacto
2026-06-18 12:47:17,896 [WARNING] ⚠️  Google devolvió 403 → cambiando a DuckDuckGo automáticamente.
2026-06-18 12:47:17,896 [INFO]   🔄 DDG fallback: "HOTEL INTERSUITES" Barranquilla email contacto
2026-06-18 12:47:18,335 [INFO] response: https://www.bing.com/search?q=%22HOTEL+INTERSUITES%22+Barranquilla+email+contacto 200
2026-06-18 12:47:21,529 [INFO]   🔍 DDG→Facebook: "HOTEL INTERSUITES" Barranquilla site:facebook.com
2026-06-18 12:47:27,022 [INFO] response: https://www.bing.com/search?q=%22HOTEL+INTERSUITES%22+Barranquilla+site%3Afacebook.com 200
2026-06-18 12:47:28,031 [INFO] response: https://www.bing.com/search?q=%22HOTEL+INTERSUITES%22+Barranquilla+site%3Afacebook.com&first=11&FORM=PERE 200
2026-06-18 12:47:29,290 [INFO] response: https://www.bing.com/search?q=%22HOTEL+INTERSUITES%22+Barranquilla+site%3Afacebook.com&first=21&FORM=PERE1 200
2026-06-18 12:47:30,417 [INFO] response: https://www.bing.com/search?q=%22HOTEL+INTERSUITES%22+Barranquilla+site%3Afacebook.com&first=31&FORM=PERE2 200
2026-06-18 12:47:31,413 [INFO] response: https://www.bing.com/search?q=%22HOTEL+INTERSUITES%22+Barranquilla+site%3Afacebook.com&first=41&FORM=PERE3 200
2026-06-18 12:47:33,973 [INFO]   ❌ Sin resultado: HOTEL INTERSUITES
2026-06-18 12:47:33,974 [INFO]   📊 Progreso 11/214 | Emails: 8 | Sin resultado: 6
2026-06-18 12:47:41,159 [INFO] 
[12/214] Hotel Casa Boston Inn by Finerh (Barranquilla)
2026-06-18 12:47:41,160 [INFO]   🔍 Google: "Hotel Casa Boston Inn by Finerh" Barranquilla email contacto
2026-06-18 12:47:44,921 [WARNING] ⚠️  Google devolvió 403 → cambiando a DuckDuckGo automáticamente.
2026-06-18 12:47:44,922 [INFO]   🔄 DDG fallback: "Hotel Casa Boston Inn by Finerh" Barranquilla email contacto
2026-06-18 12:47:45,270 [INFO] response: https://www.bing.com/search?q=%22Hotel+Casa+Boston+Inn+by+Finerh%22+Barranquilla+email+contacto 200
2026-06-18 12:47:48,757 [INFO]   🔍 DDG→Facebook: "Hotel Casa Boston Inn by Finerh" Barranquilla site:facebook.com
2026-06-18 12:47:52,541 [WARNING] ignoring response from 192.168.0.21:5246 because it does not match name_server: 2800:481:2300::4:53.
2026-06-18 12:47:54,120 [INFO] response: https://www.bing.com/search?q=%22Hotel+Casa+Boston+Inn+by+Finerh%22+Barranquilla+site%3Afacebook.com 200
2026-06-18 12:47:55,136 [INFO] response: https://www.bing.com/search?q=%22Hotel+Casa+Boston+Inn+by+Finerh%22+Barranquilla+site%3Afacebook.com&first=11&FORM=PERE 200
2026-06-18 12:47:56,111 [INFO] response: https://www.bing.com/search?q=%22Hotel+Casa+Boston+Inn+by+Finerh%22+Barranquilla+site%3Afacebook.com&first=21&FORM=PERE1 200
2026-06-18 12:47:57,120 [INFO] response: https://www.bing.com/search?q=%22Hotel+Casa+Boston+Inn+by+Finerh%22+Barranquilla+site%3Afacebook.com&first=31&FORM=PERE2 200
2026-06-18 12:47:58,133 [INFO] response: https://www.bing.com/search?q=%22Hotel+Casa+Boston+Inn+by+Finerh%22+Barranquilla+site%3Afacebook.com&first=41&FORM=PERE3 200
2026-06-18 12:48:01,746 [INFO]   ❌ Sin resultado: Hotel Casa Boston Inn by Finerh
2026-06-18 12:48:06,035 [INFO] 
[13/214] Radisson Hotel Diamond Barranquilla (Barranquilla)
2026-06-18 12:48:06,036 [INFO]   🔍 Google: "Radisson Hotel Diamond Barranquilla" Barranquilla email contacto
2026-06-18 12:48:09,682 [WARNING] ⚠️  Google devolvió 403 → cambiando a DuckDuckGo automáticamente.
2026-06-18 12:48:09,682 [INFO]   🔄 DDG fallback: "Radisson Hotel Diamond Barranquilla" Barranquilla email contacto
2026-06-18 12:48:15,034 [INFO] response: https://www.bing.com/search?q=%22Radisson+Hotel+Diamond+Barranquilla%22+Barranquilla+email+contacto 200
2026-06-18 12:48:17,594 [INFO]   🌐 Visitando (ddg): https://www.radissonvictoriaplaza.com.uy/ahome.aspx
2026-06-18 12:48:23,581 [INFO]   ✅ Email en sitio: mundoradisson@radisson.com.uy
2026-06-18 12:48:31,211 [INFO] 
[14/214] Hotel Costa Mar (Barranquilla)
2026-06-18 12:48:31,213 [INFO]   🔍 Google: "Hotel Costa Mar" Barranquilla email contacto
2026-06-18 12:48:34,686 [WARNING] ⚠️  Google devolvió 403 → cambiando a DuckDuckGo automáticamente.
2026-06-18 12:48:34,687 [INFO]   🔄 DDG fallback: "Hotel Costa Mar" Barranquilla email contacto
2026-06-18 12:48:35,153 [INFO] response: https://www.bing.com/search?q=%22Hotel+Costa+Mar%22+Barranquilla+email+contacto 200
2026-06-18 12:48:38,107 [INFO]   🔍 DDG→Facebook: "Hotel Costa Mar" Barranquilla site:facebook.com
2026-06-18 12:48:43,612 [INFO] response: https://www.bing.com/search?q=%22Hotel+Costa+Mar%22+Barranquilla+site%3Afacebook.com 200
2026-06-18 12:48:44,925 [INFO] response: https://www.bing.com/search?q=%22Hotel+Costa+Mar%22+Barranquilla+site%3Afacebook.com&first=11&FORM=PERE 200
2026-06-18 12:48:45,874 [INFO] response: https://www.bing.com/search?q=%22Hotel+Costa+Mar%22+Barranquilla+site%3Afacebook.com&first=21&FORM=PERE1 200
2026-06-18 12:48:46,888 [INFO] response: https://www.bing.com/search?q=%22Hotel+Costa+Mar%22+Barranquilla+site%3Afacebook.com&first=31&FORM=PERE2 200
2026-06-18 12:48:47,849 [INFO] response: https://www.bing.com/search?q=%22Hotel+Costa+Mar%22+Barranquilla+site%3Afacebook.com&first=41&FORM=PERE3 200
2026-06-18 12:48:51,535 [INFO]   ❌ Sin resultado: Hotel Costa Mar
2026-06-18 12:48:59,076 [INFO] 
[15/214] Hotel malecon del río (Barranquilla)
2026-06-18 12:48:59,076 [INFO]   🔍 Google: "Hotel malecon del río" Barranquilla email contacto
2026-06-18 12:49:02,978 [WARNING] ⚠️  Google devolvió 403 → cambiando a DuckDuckGo automáticamente.
2026-06-18 12:49:02,978 [INFO]   🔄 DDG fallback: "Hotel malecon del río" Barranquilla email contacto
2026-06-18 12:49:03,427 [INFO] response: https://www.bing.com/search?q=%22Hotel+malecon+del+r%C3%ADo%22+Barranquilla+email+contacto 200
2026-06-18 12:49:07,282 [INFO]   🔍 DDG→Facebook: "Hotel malecon del río" Barranquilla site:facebook.com
2026-06-18 12:49:07,656 [INFO] response: https://www.bing.com/search?q=%22Hotel+malecon+del+r%C3%ADo%22+Barranquilla+site%3Afacebook.com 200
2026-06-18 12:49:08,699 [INFO] response: https://www.bing.com/search?q=%22Hotel+malecon+del+r%C3%ADo%22+Barranquilla+site%3Afacebook.com&first=11&FORM=PERE 200
2026-06-18 12:49:09,682 [INFO] response: https://www.bing.com/search?q=%22Hotel+malecon+del+r%C3%ADo%22+Barranquilla+site%3Afacebook.com&first=21&FORM=PERE1 200
2026-06-18 12:49:10,743 [INFO] response: https://www.bing.com/search?q=%22Hotel+malecon+del+r%C3%ADo%22+Barranquilla+site%3Afacebook.com&first=31&FORM=PERE2 200
2026-06-18 12:49:11,834 [INFO] response: https://www.bing.com/search?q=%22Hotel+malecon+del+r%C3%ADo%22+Barranquilla+site%3Afacebook.com&first=41&FORM=PERE3 200
2026-06-18 12:49:15,156 [INFO]   ❌ Sin resultado: Hotel malecon del río
2026-06-18 12:49:20,867 [INFO] 
[16/214] Hotel Casa Rueda (Barranquilla)
2026-06-18 12:49:20,868 [INFO]   🔍 Google: "Hotel Casa Rueda" Barranquilla email contacto
2026-06-18 12:49:23,935 [WARNING] ⚠️  Google devolvió 403 → cambiando a DuckDuckGo automáticamente.
2026-06-18 12:49:23,935 [INFO]   🔄 DDG fallback: "Hotel Casa Rueda" Barranquilla email contacto
2026-06-18 12:49:29,322 [INFO] response: https://www.bing.com/search?q=%22Hotel+Casa+Rueda%22+Barranquilla+email+contacto 200
2026-06-18 12:49:33,143 [INFO]   🔍 DDG→Facebook: "Hotel Casa Rueda" Barranquilla site:facebook.com
2026-06-18 12:49:33,633 [INFO] response: https://www.bing.com/search?q=%22Hotel+Casa+Rueda%22+Barranquilla+site%3Afacebook.com 200
2026-06-18 12:49:34,608 [INFO] response: https://www.bing.com/search?q=%22Hotel+Casa+Rueda%22+Barranquilla+site%3Afacebook.com&first=11&FORM=PERE 200
2026-06-18 12:49:35,627 [INFO] response: https://www.bing.com/search?q=%22Hotel+Casa+Rueda%22+Barranquilla+site%3Afacebook.com&first=21&FORM=PERE1 200
2026-06-18 12:49:36,676 [INFO] response: https://www.bing.com/search?q=%22Hotel+Casa+Rueda%22+Barranquilla+site%3Afacebook.com&first=31&FORM=PERE2 200
2026-06-18 12:49:37,635 [INFO] response: https://www.bing.com/search?q=%22Hotel+Casa+Rueda%22+Barranquilla+site%3Afacebook.com&first=41&FORM=PERE3 200
2026-06-18 12:49:41,222 [INFO]   ❌ Sin resultado: Hotel Casa Rueda
2026-06-18 12:49:41,223 [INFO]   📊 Progreso 16/214 | Emails: 9 | Sin resultado: 10
2026-06-18 12:49:46,230 [INFO] 
[17/214] Ribai Hotels Barranquilla (Barranquilla)
2026-06-18 12:49:46,231 [INFO]   🔍 Google: "Ribai Hotels Barranquilla" Barranquilla email contacto
2026-06-18 12:49:51,082 [WARNING] ⚠️  Google devolvió 403 → cambiando a DuckDuckGo automáticamente.
2026-06-18 12:49:51,082 [INFO]   🔄 DDG fallback: "Ribai Hotels Barranquilla" Barranquilla email contacto
2026-06-18 12:49:51,526 [INFO] response: https://www.bing.com/search?q=%22Ribai+Hotels+Barranquilla%22+Barranquilla+email+contacto 200
2026-06-18 12:49:53,743 [INFO]   🔍 DDG→Facebook: "Ribai Hotels Barranquilla" Barranquilla site:facebook.com
2026-06-18 12:49:54,126 [INFO] response: https://www.bing.com/search?q=%22Ribai+Hotels+Barranquilla%22+Barranquilla+site%3Afacebook.com 200
2026-06-18 12:49:55,161 [INFO] response: https://www.bing.com/search?q=%22Ribai+Hotels+Barranquilla%22+Barranquilla+site%3Afacebook.com&first=11&FORM=PERE 200
2026-06-18 12:49:56,221 [INFO] response: https://www.bing.com/search?q=%22Ribai+Hotels+Barranquilla%22+Barranquilla+site%3Afacebook.com&first=21&FORM=PERE1 200
2026-06-18 12:49:57,328 [INFO] response: https://www.bing.com/search?q=%22Ribai+Hotels+Barranquilla%22+Barranquilla+site%3Afacebook.com&first=31&FORM=PERE2 200
2026-06-18 12:49:58,351 [INFO] response: https://www.bing.com/search?q=%22Ribai+Hotels+Barranquilla%22+Barranquilla+site%3Afacebook.com&first=41&FORM=PERE3 200
2026-06-18 12:50:01,441 [INFO]   ❌ Sin resultado: Ribai Hotels Barranquilla
2026-06-18 12:50:08,836 [INFO] 
[18/214] Hotel rivera del mar (Barranquilla)
2026-06-18 12:50:08,837 [INFO]   🔍 Google: "Hotel rivera del mar" Barranquilla email contacto
2026-06-18 12:50:13,227 [WARNING] ⚠️  Google devolvió 403 → cambiando a DuckDuckGo automáticamente.
2026-06-18 12:50:13,227 [INFO]   🔄 DDG fallback: "Hotel rivera del mar" Barranquilla email contacto
2026-06-18 12:50:13,643 [INFO] response: https://www.bing.com/search?q=%22Hotel+rivera+del+mar%22+Barranquilla+email+contacto 200
2026-06-18 12:50:16,479 [INFO]   🌐 Visitando (ddg): https://www.hoteles.com/de1634154/hoteles-bogota-colombia/
2026-06-18 12:50:42,517 [INFO]   🌐 Visitando (ddg): https://co.hoteles.com/de1634154/hoteles-bogota-colombia/
2026-06-18 12:51:04,530 [INFO]   🌐 Visitando (ddg): https://www.marriott.com/es/hotels/bogwh-w-bogota/overview/?msockid=14
2026-06-18 12:51:32,532 [INFO]   🔍 DDG→Facebook: "Hotel rivera del mar" Barranquilla site:facebook.com
2026-06-18 12:51:32,964 [INFO] response: https://www.bing.com/search?q=%22Hotel+rivera+del+mar%22+Barranquilla+site%3Afacebook.com 200
2026-06-18 12:51:33,932 [INFO] response: https://www.bing.com/search?q=%22Hotel+rivera+del+mar%22+Barranquilla+site%3Afacebook.com&first=11&FORM=PERE 200
2026-06-18 12:51:35,049 [INFO] response: https://www.bing.com/search?q=%22Hotel+rivera+del+mar%22+Barranquilla+site%3Afacebook.com&first=21&FORM=PERE1 200
2026-06-18 12:51:36,093 [INFO] response: https://www.bing.com/search?q=%22Hotel+rivera+del+mar%22+Barranquilla+site%3Afacebook.com&first=31&FORM=PERE2 200
2026-06-18 12:51:37,106 [INFO] response: https://www.bing.com/search?q=%22Hotel+rivera+del+mar%22+Barranquilla+site%3Afacebook.com&first=41&FORM=PERE3 200
2026-06-18 12:51:39,672 [INFO]   ❌ Sin resultado: Hotel rivera del mar
2026-06-18 12:51:47,249 [INFO] 
[19/214] Hotel Dorado Plaza Alto Prado (Barranquilla)
2026-06-18 12:51:47,249 [INFO]   🔍 Google: "Hotel Dorado Plaza Alto Prado" Barranquilla email contacto
2026-06-18 12:51:52,306 [WARNING] ⚠️  Google devolvió 403 → cambiando a DuckDuckGo automáticamente.
2026-06-18 12:51:52,306 [INFO]   🔄 DDG fallback: "Hotel Dorado Plaza Alto Prado" Barranquilla email contacto
2026-06-18 12:51:53,036 [INFO] response: https://www.bing.com/search?q=%22Hotel+Dorado+Plaza+Alto+Prado%22+Barranquilla+email+contacto 200
2026-06-18 12:51:57,298 [INFO]   🔍 DDG→Facebook: "Hotel Dorado Plaza Alto Prado" Barranquilla site:facebook.com
2026-06-18 12:52:02,745 [INFO] response: https://www.bing.com/search?q=%22Hotel+Dorado+Plaza+Alto+Prado%22+Barranquilla+site%3Afacebook.com 200
2026-06-18 12:52:03,851 [INFO] response: https://www.bing.com/search?q=%22Hotel+Dorado+Plaza+Alto+Prado%22+Barranquilla+site%3Afacebook.com&first=11&FORM=PERE 200
2026-06-18 12:52:05,017 [INFO] response: https://www.bing.com/search?q=%22Hotel+Dorado+Plaza+Alto+Prado%22+Barranquilla+site%3Afacebook.com&first=21&FORM=PERE1 200
2026-06-18 12:52:06,013 [INFO] response: https://www.bing.com/search?q=%22Hotel+Dorado+Plaza+Alto+Prado%22+Barranquilla+site%3Afacebook.com&first=31&FORM=PERE2 200
2026-06-18 12:52:07,305 [INFO] response: https://www.bing.com/search?q=%22Hotel+Dorado+Plaza+Alto+Prado%22+Barranquilla+site%3Afacebook.com&first=41&FORM=PERE3 200
2026-06-18 12:52:09,830 [INFO]   ❌ Sin resultado: Hotel Dorado Plaza Alto Prado
2026-06-18 12:52:17,327 [INFO] 
[20/214] Hotel Sun River (Barranquilla)
2026-06-18 12:52:17,328 [INFO]   🔍 Google: "Hotel Sun River" Barranquilla email contacto
2026-06-18 12:52:21,433 [WARNING] ⚠️  Google devolvió 403 → cambiando a DuckDuckGo automáticamente.
2026-06-18 12:52:21,433 [INFO]   🔄 DDG fallback: "Hotel Sun River" Barranquilla email contacto
2026-06-18 12:52:21,801 [INFO] response: https://www.bing.com/search?q=%22Hotel+Sun+River%22+Barranquilla+email+contacto 200
2026-06-18 12:52:22,796 [INFO] response: https://www.bing.com/search?q=%22Hotel+Sun+River%22+Barranquilla+email+contacto&first=11&FORM=PERE 200
2026-06-18 12:52:23,794 [INFO] response: https://www.bing.com/search?q=%22Hotel+Sun+River%22+Barranquilla+email+contacto&first=21&FORM=PERE1 200
2026-06-18 12:52:24,869 [INFO] response: https://www.bing.com/search?q=%22Hotel+Sun+River%22+Barranquilla+email+contacto&first=31&FORM=PERE2 200
2026-06-18 12:52:26,047 [INFO] response: https://www.bing.com/search?q=%22Hotel+Sun+River%22+Barranquilla+email+contacto&first=41&FORM=PERE3 200
2026-06-18 12:52:28,306 [INFO]   🌐 Visitando (ddg): https://www.hoteles.com/de1634154/hoteles-bogota-colombia/
2026-06-18 12:52:39,019 [INFO]   🌐 Visitando (ddg): https://co.hoteles.com/de1634154/hoteles-bogota-colombia/
2026-06-18 12:52:43,149 [INFO]   🌐 Visitando (ddg): https://www.marriott.com/es/hotels/bogwh-w-bogota/overview/
2026-06-18 12:52:47,137 [INFO]   🔍 DDG→Facebook: "Hotel Sun River" Barranquilla site:facebook.com
2026-06-18 12:52:47,600 [INFO] response: https://www.bing.com/search?q=%22Hotel+Sun+River%22+Barranquilla+site%3Afacebook.com 200
2026-06-18 12:52:48,779 [INFO] response: https://www.bing.com/search?q=%22Hotel+Sun+River%22+Barranquilla+site%3Afacebook.com&first=11&FORM=PERE 200
2026-06-18 12:52:49,817 [INFO] response: https://www.bing.com/search?q=%22Hotel+Sun+River%22+Barranquilla+site%3Afacebook.com&first=21&FORM=PERE1 200
2026-06-18 12:52:51,032 [INFO] response: https://www.bing.com/search?q=%22Hotel+Sun+River%22+Barranquilla+site%3Afacebook.com&first=31&FORM=PERE2 200
2026-06-18 12:52:52,005 [INFO] response: https://www.bing.com/search?q=%22Hotel+Sun+River%22+Barranquilla+site%3Afacebook.com&first=41&FORM=PERE3 200
2026-06-18 12:52:55,208 [INFO]   ❌ Sin resultado: Hotel Sun River
2026-06-18 12:53:03,163 [INFO] 
[21/214] Hotel Dann Carlton Barranquilla (Barranquilla)
2026-06-18 12:53:03,163 [INFO]   🔍 Google: "Hotel Dann Carlton Barranquilla" Barranquilla email contacto
2026-06-18 12:53:06,759 [WARNING] ⚠️  Google devolvió 403 → cambiando a DuckDuckGo automáticamente.
2026-06-18 12:53:06,759 [INFO]   🔄 DDG fallback: "Hotel Dann Carlton Barranquilla" Barranquilla email contacto
2026-06-18 12:53:07,229 [INFO] response: https://www.bing.com/search?q=%22Hotel+Dann+Carlton+Barranquilla%22+Barranquilla+email+contacto 200
2026-06-18 12:53:11,160 [INFO]   🔍 DDG→Facebook: "Hotel Dann Carlton Barranquilla" Barranquilla site:facebook.com
2026-06-18 12:53:11,618 [INFO] response: https://www.bing.com/search?q=%22Hotel+Dann+Carlton+Barranquilla%22+Barranquilla+site%3Afacebook.com 200
2026-06-18 12:53:12,711 [INFO] response: https://www.bing.com/search?q=%22Hotel+Dann+Carlton+Barranquilla%22+Barranquilla+site%3Afacebook.com&first=11&FORM=PERE 200
2026-06-18 12:53:13,887 [INFO] response: https://www.bing.com/search?q=%22Hotel+Dann+Carlton+Barranquilla%22+Barranquilla+site%3Afacebook.com&first=21&FORM=PERE1 200
2026-06-18 12:53:15,046 [INFO] response: https://www.bing.com/search?q=%22Hotel+Dann+Carlton+Barranquilla%22+Barranquilla+site%3Afacebook.com&first=31&FORM=PERE2 200
2026-06-18 12:53:16,190 [INFO] response: https://www.bing.com/search?q=%22Hotel+Dann+Carlton+Barranquilla%22+Barranquilla+site%3Afacebook.com&first=41&FORM=PERE3 200
2026-06-18 12:53:19,851 [INFO]   ❌ Sin resultado: Hotel Dann Carlton Barranquilla
2026-06-18 12:53:19,852 [INFO]   📊 Progreso 21/214 | Emails: 9 | Sin resultado: 15
2026-06-18 12:53:24,092 [INFO] 
[22/214] Hotel Plaza 43 (Barranquilla)
2026-06-18 12:53:24,092 [INFO]   🔍 Google: "Hotel Plaza 43" Barranquilla email contacto
2026-06-18 12:53:29,145 [WARNING] ⚠️  Google devolvió 403 → cambiando a DuckDuckGo automáticamente.
2026-06-18 12:53:29,145 [INFO]   🔄 DDG fallback: "Hotel Plaza 43" Barranquilla email contacto
2026-06-18 12:53:29,541 [INFO] response: https://www.bing.com/search?q=%22Hotel+Plaza+43%22+Barranquilla+email+contacto 200
2026-06-18 12:53:31,631 [INFO]   🔍 DDG→Facebook: "Hotel Plaza 43" Barranquilla site:facebook.com
2026-06-18 12:53:32,007 [INFO] response: https://www.bing.com/search?q=%22Hotel+Plaza+43%22+Barranquilla+site%3Afacebook.com 200
2026-06-18 12:53:33,033 [INFO] response: https://www.bing.com/search?q=%22Hotel+Plaza+43%22+Barranquilla+site%3Afacebook.com&first=11&FORM=PERE 200
2026-06-18 12:53:34,116 [INFO] response: https://www.bing.com/search?q=%22Hotel+Plaza+43%22+Barranquilla+site%3Afacebook.com&first=21&FORM=PERE1 200
2026-06-18 12:53:35,363 [INFO] response: https://www.bing.com/search?q=%22Hotel+Plaza+43%22+Barranquilla+site%3Afacebook.com&first=31&FORM=PERE2 200
2026-06-18 12:53:36,481 [INFO] response: https://www.bing.com/search?q=%22Hotel+Plaza+43%22+Barranquilla+site%3Afacebook.com&first=41&FORM=PERE3 200
2026-06-18 12:53:40,070 [INFO]   ❌ Sin resultado: Hotel Plaza 43
2026-06-18 12:53:45,096 [INFO] 
[23/214] Hotel Colonial Inn (Barranquilla)
2026-06-18 12:53:45,096 [INFO]   🔍 Google: "Hotel Colonial Inn" Barranquilla email contacto
2026-06-18 12:53:49,525 [WARNING] ⚠️  Google devolvió 403 → cambiando a DuckDuckGo automáticamente.
2026-06-18 12:53:49,525 [INFO]   🔄 DDG fallback: "Hotel Colonial Inn" Barranquilla email contacto
2026-06-18 12:53:50,053 [INFO] response: https://www.bing.com/search?q=%22Hotel+Colonial+Inn%22+Barranquilla+email+contacto 200
2026-06-18 12:53:53,840 [INFO]   🔍 DDG→Facebook: "Hotel Colonial Inn" Barranquilla site:facebook.com
2026-06-18 12:53:54,295 [INFO] response: https://www.bing.com/search?q=%22Hotel+Colonial+Inn%22+Barranquilla+site%3Afacebook.com 200
2026-06-18 12:53:55,407 [INFO] response: https://www.bing.com/search?q=%22Hotel+Colonial+Inn%22+Barranquilla+site%3Afacebook.com&first=11&FORM=PERE 200
2026-06-18 12:53:56,458 [INFO] response: https://www.bing.com/search?q=%22Hotel+Colonial+Inn%22+Barranquilla+site%3Afacebook.com&first=21&FORM=PERE1 200
2026-06-18 12:53:57,559 [INFO] response: https://www.bing.com/search?q=%22Hotel+Colonial+Inn%22+Barranquilla+site%3Afacebook.com&first=31&FORM=PERE2 200
2026-06-18 12:53:58,613 [INFO] response: https://www.bing.com/search?q=%22Hotel+Colonial+Inn%22+Barranquilla+site%3Afacebook.com&first=41&FORM=PERE3 200
2026-06-18 12:54:01,590 [INFO]   ❌ Sin resultado: Hotel Colonial Inn
2026-06-18 12:54:06,485 [INFO] 
[24/214] Barranquilla Marriott Hotel (Barranquilla)
2026-06-18 12:54:06,485 [INFO]   🔍 Google: "Barranquilla Marriott Hotel" Barranquilla email contacto
2026-06-18 12:54:10,508 [WARNING] ⚠️  Google devolvió 403 → cambiando a DuckDuckGo automáticamente.
2026-06-18 12:54:10,509 [INFO]   🔄 DDG fallback: "Barranquilla Marriott Hotel" Barranquilla email contacto
2026-06-18 12:54:10,911 [INFO] response: https://www.bing.com/search?q=%22Barranquilla+Marriott+Hotel%22+Barranquilla+email+contacto 200
2026-06-18 12:54:14,756 [INFO]   🔍 DDG→Facebook: "Barranquilla Marriott Hotel" Barranquilla site:facebook.com
2026-06-18 12:54:15,162 [INFO] response: https://www.bing.com/search?q=%22Barranquilla+Marriott+Hotel%22+Barranquilla+site%3Afacebook.com 200
2026-06-18 12:54:16,203 [INFO] response: https://www.bing.com/search?q=%22Barranquilla+Marriott+Hotel%22+Barranquilla+site%3Afacebook.com&first=11&FORM=PERE 200
2026-06-18 12:54:17,177 [INFO] response: https://www.bing.com/search?q=%22Barranquilla+Marriott+Hotel%22+Barranquilla+site%3Afacebook.com&first=21&FORM=PERE1 200
2026-06-18 12:54:18,202 [INFO] response: https://www.bing.com/search?q=%22Barranquilla+Marriott+Hotel%22+Barranquilla+site%3Afacebook.com&first=31&FORM=PERE2 200
2026-06-18 12:54:19,200 [INFO] response: https://www.bing.com/search?q=%22Barranquilla+Marriott+Hotel%22+Barranquilla+site%3Afacebook.com&first=41&FORM=PERE3 200
2026-06-18 12:54:21,363 [INFO]   ❌ Sin resultado: Barranquilla Marriott Hotel
2026-06-18 12:54:28,272 [INFO] 
[25/214] Hotel Med Suites 94 Barranquilla (Barranquilla)
2026-06-18 12:54:28,272 [INFO]   🔍 Google: "Hotel Med Suites 94 Barranquilla" Barranquilla email contacto
2026-06-18 12:54:29,670 [INFO] 
⚠️  Interrupción. Guardando checkpoint...
2026-06-18 12:54:29,671 [INFO] ✅ Guardado en checkpoint_emails_avanzado.json. Vuelve a correr para retomar.
2026-06-18 12:54:29,673 [WARNING] Retrying (Retry(total=2, connect=None, read=None, redirect=None, status=None)) after connection broken by 'ConnectionResetError(54, 'Connection reset by peer')': /session/f30f962086c2b8d803b0461795ea3a91
2026-06-18 12:54:29,674 [WARNING] Retrying (Retry(total=1, connect=None, read=None, redirect=None, status=None)) after connection broken by 'NewConnectionError("HTTPConnection(host='localhost', port=55013): Failed to establish a new connection: [Errno 61] Connection refused")': /session/f30f962086c2b8d803b0461795ea3a91
2026-06-18 12:54:29,675 [WARNING] Retrying (Retry(total=0, connect=None, read=None, redirect=None, status=None)) after connection broken by 'NewConnectionError("HTTPConnection(host='localhost', port=55013): Failed to establish a new connection: [Errno 61] Connection refused")': /session/f30f962086c2b8d803b0461795ea3a91
2026-06-18 12:54:33,244 [INFO] ♻️  Checkpoint: 27 hoteles ya procesados.
2026-06-18 12:54:33,245 [INFO] Total sin email : 208
2026-06-18 12:54:33,245 [INFO] Ya procesados   : 18
2026-06-18 12:54:33,245 [INFO] Pendientes      : 190
2026-06-18 12:54:33,245 [INFO] ====== WebDriver manager ======
2026-06-18 12:54:33,651 [INFO] Driver [/Users/danielaamaya/.wdm/drivers/chromedriver/mac-arm64/149.0.7827.155/chromedriver-mac-arm64/chromedriver] found in cache by browser version
2026-06-18 12:54:35,142 [INFO] 🌐 Iniciando sesión en Google...
2026-06-18 12:54:59,280 [INFO] 
[19/208] Hotel Med Suites 94 Barranquilla (Barranquilla)
2026-06-18 12:54:59,280 [INFO]   🔍 Google: "Hotel Med Suites 94 Barranquilla" Barranquilla email contacto
2026-06-18 12:55:04,638 [WARNING] ⚠️  Google pidió verificación (CAPTCHA). Resuélvela en el navegador.
2026-06-18 12:56:06,217 [INFO]   🌐 Visitando (google): https://hotelesmed.com.co/hotel_med_estadio
2026-06-18 12:56:10,344 [INFO]   ✅ Email en sitio: comercial@hotelesmed.com.co
2026-06-18 12:56:18,159 [INFO] 
[20/208] Hotel Marcarí (Barranquilla)
2026-06-18 12:56:18,160 [INFO]   🔍 Google: "Hotel Marcarí" Barranquilla email contacto
2026-06-18 12:56:45,867 [INFO]   🌐 Visitando (google): https://www.revistalabarra.com/colombia/barranquilla/restaurantes/hote
2026-06-18 12:57:02,942 [INFO]   🌐 Visitando (google): https://www.caribetraveltours.com/es/hotel-marcari_h_211510.html
2026-06-18 12:57:04,732 [INFO]   ✅ Email en sitio: info@caribetraveltours.com
2026-06-18 12:57:09,788 [INFO] 
[21/208] Hotel Boutique M (Barranquilla)
2026-06-18 12:57:09,789 [INFO]   🔍 Google: "Hotel Boutique M" Barranquilla email contacto
2026-06-18 12:57:14,488 [WARNING] ⚠️  Google devolvió 403 → cambiando a DuckDuckGo automáticamente.
2026-06-18 12:57:14,488 [INFO]   🔄 DDG fallback: "Hotel Boutique M" Barranquilla email contacto
2026-06-18 12:57:15,254 [INFO] response: https://www.bing.com/search?q=%22Hotel+Boutique+M%22+Barranquilla+email+contacto 200
2026-06-18 12:57:19,311 [INFO]   🌐 Visitando (ddg): https://www.hoteles.com/de1634154/hoteles-bogota-colombia/
2026-06-18 12:57:23,779 [INFO]   🌐 Visitando (ddg): https://co.hoteles.com/de1634154/hoteles-bogota-colombia/
2026-06-18 12:57:24,716 [INFO] 
⚠️  Interrupción. Guardando checkpoint...
2026-06-18 12:57:24,717 [INFO] ✅ Guardado en checkpoint_emails_avanzado.json. Vuelve a correr para retomar.
2026-06-18 12:57:24,719 [WARNING] Retrying (Retry(total=2, connect=None, read=None, redirect=None, status=None)) after connection broken by 'ConnectionResetError(54, 'Connection reset by peer')': /session/2ebfaeb46a34c892f4dfd8750e0b703c
2026-06-18 12:57:24,720 [WARNING] Retrying (Retry(total=1, connect=None, read=None, redirect=None, status=None)) after connection broken by 'NewConnectionError("HTTPConnection(host='localhost', port=55930): Failed to establish a new connection: [Errno 61] Connection refused")': /session/2ebfaeb46a34c892f4dfd8750e0b703c
2026-06-18 12:57:24,722 [WARNING] Retrying (Retry(total=0, connect=None, read=None, redirect=None, status=None)) after connection broken by 'NewConnectionError("HTTPConnection(host='localhost', port=55930): Failed to establish a new connection: [Errno 61] Connection refused")': /session/2ebfaeb46a34c892f4dfd8750e0b703c
2026-06-18 13:09:10,429 [INFO] ♻️  Checkpoint: 25 hoteles ya procesados.
2026-06-18 13:09:10,434 [INFO] Total sin email : 210
2026-06-18 13:09:10,434 [INFO] Ya procesados   : 18
2026-06-18 13:09:10,434 [INFO] Pendientes      : 192
2026-06-18 13:09:10,434 [INFO] ====== WebDriver manager ======
2026-06-18 13:09:10,898 [INFO] Driver [/Users/danielaamaya/.wdm/drivers/chromedriver/mac-arm64/149.0.7827.155/chromedriver-mac-arm64/chromedriver] found in cache by browser version
2026-06-18 13:09:12,523 [INFO] 🌐 Iniciando sesión en Google...
2026-06-18 13:09:35,774 [INFO] 
[19/210] Hotel Yivinaca (Barranquilla)
2026-06-18 13:09:35,775 [INFO]   🔍 Google: "Hotel Yivinaca" Barranquilla email contacto
2026-06-18 13:09:40,384 [WARNING] ⚠️  Google pidió verificación (CAPTCHA). Resuélvela en el navegador.
2026-06-18 13:11:03,668 [INFO]   ✅ Email en SERP (google): recepcion@ailanticgadeihote.co.co
2026-06-18 13:11:08,163 [INFO] 
[20/210] Hotel Catedral Inn B SAS (Barranquilla)
2026-06-18 13:11:08,164 [INFO]   🔍 Google: "Hotel Catedral Inn B" Barranquilla email contacto
2026-06-18 13:11:33,572 [INFO]   🌐 Visitando (google): https://www.hotels21.com/colombia/barranquilla/hotel-catedral-inn-b-sa
2026-06-18 13:11:36,930 [INFO]   🌐 Visitando (google): https://empresas.larepublica.co/colombia/atlantico/barranquilla/hotel-
2026-06-18 13:11:45,265 [INFO]   🔍 Google→Facebook: "Hotel Catedral Inn B" Barranquilla site:facebook.com
2026-06-18 13:12:25,615 [INFO]   ❌ Sin resultado: Hotel Catedral Inn B SAS
2026-06-18 13:12:32,355 [INFO] 
[21/210] Radisson Hotel Diamond Barranquilla (Barranquilla)
2026-06-18 13:12:32,355 [INFO]   🔍 Google: "Radisson Hotel Diamond Barranquilla" Barranquilla email contacto
2026-06-18 13:12:35,736 [WARNING] ⚠️  Google devolvió 403 → cambiando a DuckDuckGo automáticamente.
2026-06-18 13:12:35,737 [INFO]   🔄 DDG fallback: "Radisson Hotel Diamond Barranquilla" Barranquilla email contacto
2026-06-18 13:12:36,412 [INFO] response: https://www.bing.com/search?q=%22Radisson+Hotel+Diamond+Barranquilla%22+Barranquilla+email+contacto 200
2026-06-18 13:12:38,557 [INFO]   🔍 DDG→Facebook: "Radisson Hotel Diamond Barranquilla" Barranquilla site:facebook.com
2026-06-18 13:12:38,877 [INFO] response: https://www.bing.com/search?q=%22Radisson+Hotel+Diamond+Barranquilla%22+Barranquilla+site%3Afacebook.com 200
2026-06-18 13:12:39,864 [INFO] response: https://www.bing.com/search?q=%22Radisson+Hotel+Diamond+Barranquilla%22+Barranquilla+site%3Afacebook.com&first=11&FORM=PERE 200
2026-06-18 13:12:40,893 [INFO] response: https://www.bing.com/search?q=%22Radisson+Hotel+Diamond+Barranquilla%22+Barranquilla+site%3Afacebook.com&first=21&FORM=PERE1 200
2026-06-18 13:12:41,982 [INFO] response: https://www.bing.com/search?q=%22Radisson+Hotel+Diamond+Barranquilla%22+Barranquilla+site%3Afacebook.com&first=31&FORM=PERE2 200
2026-06-18 13:12:42,987 [INFO] response: https://www.bing.com/search?q=%22Radisson+Hotel+Diamond+Barranquilla%22+Barranquilla+site%3Afacebook.com&first=41&FORM=PERE3 200
2026-06-18 13:12:46,219 [INFO]   ❌ Sin resultado: Radisson Hotel Diamond Barranquilla
2026-06-18 13:12:50,500 [INFO] 
[22/210] Hotel Marcarí (Barranquilla)
2026-06-18 13:12:50,500 [INFO]   🔍 Google: "Hotel Marcarí" Barranquilla email contacto
2026-06-18 13:12:54,283 [WARNING] ⚠️  Google devolvió 403 → cambiando a DuckDuckGo automáticamente.
2026-06-18 13:12:54,283 [INFO]   🔄 DDG fallback: "Hotel Marcarí" Barranquilla email contacto
2026-06-18 13:12:54,782 [INFO] response: https://www.bing.com/search?q=%22Hotel+Marcar%C3%AD%22+Barranquilla+email+contacto 200
2026-06-18 13:12:58,500 [INFO]   🔍 DDG→Facebook: "Hotel Marcarí" Barranquilla site:facebook.com
2026-06-18 13:12:58,857 [INFO] response: https://www.bing.com/search?q=%22Hotel+Marcar%C3%AD%22+Barranquilla+site%3Afacebook.com 200
2026-06-18 13:12:59,991 [INFO] response: https://www.bing.com/search?q=%22Hotel+Marcar%C3%AD%22+Barranquilla+site%3Afacebook.com&first=11&FORM=PERE 200
2026-06-18 13:13:01,024 [INFO] response: https://www.bing.com/search?q=%22Hotel+Marcar%C3%AD%22+Barranquilla+site%3Afacebook.com&first=21&FORM=PERE1 200
2026-06-18 13:13:02,013 [INFO] response: https://www.bing.com/search?q=%22Hotel+Marcar%C3%AD%22+Barranquilla+site%3Afacebook.com&first=31&FORM=PERE2 200
2026-06-18 13:13:03,070 [INFO] response: https://www.bing.com/search?q=%22Hotel+Marcar%C3%AD%22+Barranquilla+site%3Afacebook.com&first=41&FORM=PERE3 200
2026-06-18 13:13:05,510 [INFO]   ❌ Sin resultado: Hotel Marcarí
2026-06-18 13:13:09,829 [INFO] 
[23/210] Hotel Boutique M (Barranquilla)
2026-06-18 13:13:09,829 [INFO]   🔍 Google: "Hotel Boutique M" Barranquilla email contacto
2026-06-18 13:13:13,120 [WARNING] ⚠️  Google devolvió 403 → cambiando a DuckDuckGo automáticamente.
2026-06-18 13:13:13,120 [INFO]   🔄 DDG fallback: "Hotel Boutique M" Barranquilla email contacto
2026-06-18 13:13:18,452 [INFO] response: https://www.bing.com/search?q=%22Hotel+Boutique+M%22+Barranquilla+email+contacto 200
2026-06-18 13:13:19,437 [INFO] response: https://www.bing.com/search?q=%22Hotel+Boutique+M%22+Barranquilla+email+contacto&first=11&FORM=PERE 200
2026-06-18 13:13:20,412 [INFO] response: https://www.bing.com/search?q=%22Hotel+Boutique+M%22+Barranquilla+email+contacto&first=21&FORM=PERE1 200
2026-06-18 13:13:21,427 [INFO] response: https://www.bing.com/search?q=%22Hotel+Boutique+M%22+Barranquilla+email+contacto&first=31&FORM=PERE2 200
2026-06-18 13:13:22,473 [INFO] response: https://www.bing.com/search?q=%22Hotel+Boutique+M%22+Barranquilla+email+contacto&first=41&FORM=PERE3 200
2026-06-18 13:13:24,568 [INFO]   🌐 Visitando (ddg): https://www.marriott.com/es/hotels/bogwh-w-bogota/overview/
2026-06-18 13:13:41,310 [INFO]   🔍 DDG→Facebook: "Hotel Boutique M" Barranquilla site:facebook.com
2026-06-18 13:13:41,640 [INFO] response: https://www.bing.com/search?q=%22Hotel+Boutique+M%22+Barranquilla+site%3Afacebook.com 200
2026-06-18 13:13:42,627 [INFO] response: https://www.bing.com/search?q=%22Hotel+Boutique+M%22+Barranquilla+site%3Afacebook.com&first=11&FORM=PERE 200
2026-06-18 13:13:43,580 [INFO] response: https://www.bing.com/search?q=%22Hotel+Boutique+M%22+Barranquilla+site%3Afacebook.com&first=21&FORM=PERE1 200
2026-06-18 13:13:44,565 [INFO] response: https://www.bing.com/search?q=%22Hotel+Boutique+M%22+Barranquilla+site%3Afacebook.com&first=31&FORM=PERE2 200
2026-06-18 13:13:45,551 [INFO] response: https://www.bing.com/search?q=%22Hotel+Boutique+M%22+Barranquilla+site%3Afacebook.com&first=41&FORM=PERE3 200
2026-06-18 13:13:49,357 [INFO]   ❌ Sin resultado: Hotel Boutique M
2026-06-18 13:13:49,358 [INFO]   📊 Progreso 23/210 | Emails: 8 | Sin resultado: 22
2026-06-18 13:13:56,377 [INFO] 
[24/210] Hotel Faranda Express Puerta del Sol Barranquilla, a member of Radisson Individuals (Barranquilla)
2026-06-18 13:13:56,377 [INFO]   🔍 Google: "Hotel Faranda Express Puerta del Sol Barranquilla, a member of Radisson Individuals" Barranquilla email contacto
2026-06-18 13:14:00,615 [WARNING] ⚠️  Google devolvió 403 → cambiando a DuckDuckGo automáticamente.
2026-06-18 13:14:00,616 [INFO]   🔄 DDG fallback: "Hotel Faranda Express Puerta del Sol Barranquilla, a member of Radisson Individuals" Barranquilla email contacto
2026-06-18 13:14:01,022 [INFO] response: https://www.bing.com/search?q=%22Hotel+Faranda+Express+Puerta+del+Sol+Barranquilla%2C+a+member+of+Radisson+Individuals%22+Barranquilla+email+contacto 200
2026-06-18 13:14:05,087 [INFO]   🔍 DDG→Facebook: "Hotel Faranda Express Puerta del Sol Barranquilla, a member of Radisson Individuals" Barranquilla site:facebook.com
2026-06-18 13:14:05,439 [INFO] response: https://www.bing.com/search?q=%22Hotel+Faranda+Express+Puerta+del+Sol+Barranquilla%2C+a+member+of+Radisson+Individuals%22+Barranquilla+site%3Afacebook.com 200
2026-06-18 13:14:06,463 [INFO] response: https://www.bing.com/search?q=%22Hotel+Faranda+Express+Puerta+del+Sol+Barranquilla%2C+a+member+of+Radisson+Individuals%22+Barranquilla+site%3Afacebook.com&first=11&FORM=PERE 200
2026-06-18 13:14:07,489 [INFO] response: https://www.bing.com/search?q=%22Hotel+Faranda+Express+Puerta+del+Sol+Barranquilla%2C+a+member+of+Radisson+Individuals%22+Barranquilla+site%3Afacebook.com&first=21&FORM=PERE1 200
2026-06-18 13:14:08,563 [INFO] response: https://www.bing.com/search?q=%22Hotel+Faranda+Express+Puerta+del+Sol+Barranquilla%2C+a+member+of+Radisson+Individuals%22+Barranquilla+site%3Afacebook.com&first=31&FORM=PERE2 200
2026-06-18 13:14:09,586 [INFO] response: https://www.bing.com/search?q=%22Hotel+Faranda+Express+Puerta+del+Sol+Barranquilla%2C+a+member+of+Radisson+Individuals%22+Barranquilla+site%3Afacebook.com&first=41&FORM=PERE3 200
2026-06-18 13:14:12,061 [INFO]   ❌ Sin resultado: Hotel Faranda Express Puerta del Sol Barranquilla, a member of Radisson Individuals
2026-06-18 13:14:19,929 [INFO] 
[25/210] Hotel Granada Inn Barranquilla (Barranquilla)
2026-06-18 13:14:19,930 [INFO]   🔍 Google: "Hotel Granada Inn Barranquilla" Barranquilla email contacto
2026-06-18 13:14:24,334 [WARNING] ⚠️  Google devolvió 403 → cambiando a DuckDuckGo automáticamente.
2026-06-18 13:14:24,334 [INFO]   🔄 DDG fallback: "Hotel Granada Inn Barranquilla" Barranquilla email contacto
2026-06-18 13:14:24,677 [INFO] response: https://www.bing.com/search?q=%22Hotel+Granada+Inn+Barranquilla%22+Barranquilla+email+contacto 200
2026-06-18 13:14:28,571 [INFO]   🔍 DDG→Facebook: "Hotel Granada Inn Barranquilla" Barranquilla site:facebook.com
2026-06-18 13:14:28,924 [INFO] response: https://www.bing.com/search?q=%22Hotel+Granada+Inn+Barranquilla%22+Barranquilla+site%3Afacebook.com 200
2026-06-18 13:14:29,989 [INFO] response: https://www.bing.com/search?q=%22Hotel+Granada+Inn+Barranquilla%22+Barranquilla+site%3Afacebook.com&first=11&FORM=PERE 200
2026-06-18 13:14:31,147 [INFO] response: https://www.bing.com/search?q=%22Hotel+Granada+Inn+Barranquilla%22+Barranquilla+site%3Afacebook.com&first=21&FORM=PERE1 200
2026-06-18 13:14:32,211 [INFO] response: https://www.bing.com/search?q=%22Hotel+Granada+Inn+Barranquilla%22+Barranquilla+site%3Afacebook.com&first=31&FORM=PERE2 200
2026-06-18 13:14:33,222 [INFO] response: https://www.bing.com/search?q=%22Hotel+Granada+Inn+Barranquilla%22+Barranquilla+site%3Afacebook.com&first=41&FORM=PERE3 200
2026-06-18 13:14:37,288 [INFO]   ❌ Sin resultado: Hotel Granada Inn Barranquilla
2026-06-18 13:14:44,737 [INFO] 
[26/210] Amari Living Suites (Barranquilla)
2026-06-18 13:14:44,738 [INFO]   🔍 Google: "Amari Living Suites" Barranquilla email contacto
2026-06-18 13:14:48,029 [WARNING] ⚠️  Google devolvió 403 → cambiando a DuckDuckGo automáticamente.
2026-06-18 13:14:48,029 [INFO]   🔄 DDG fallback: "Amari Living Suites" Barranquilla email contacto
2026-06-18 13:14:48,564 [INFO] response: https://www.bing.com/search?q=%22Amari+Living+Suites%22+Barranquilla+email+contacto 200
2026-06-18 13:14:51,809 [INFO]   🌐 Visitando (ddg): http://www.aduanet.gob.pe/servlet/AIScrollini?partida=3920620000
2026-06-18 13:15:01,859 [INFO]   🌐 Visitando (ddg): http://www.aduanet.gob.pe/ol-ad-caInter/regclasInterS01Alias?cmbCriter
2026-06-18 13:15:10,455 [INFO]   🌐 Visitando (ddg): https://exportemos.pe/descubre-oportunidades-de-exportacion/producto/3
2026-06-18 13:15:18,277 [INFO]   ✅ Email en sitio: aserrano@promperu.gob.pe
2026-06-18 13:15:24,517 [INFO] 
[27/210] Holiday Inn Bogotá Aeropuerto (Bogota)
2026-06-18 13:15:24,517 [INFO]   🔍 Google: "Holiday Inn Bogotá Aeropuerto" Bogota email contacto
2026-06-18 13:15:28,715 [WARNING] ⚠️  Google devolvió 403 → cambiando a DuckDuckGo automáticamente.
2026-06-18 13:15:28,716 [INFO]   🔄 DDG fallback: "Holiday Inn Bogotá Aeropuerto" Bogota email contacto
2026-06-18 13:15:29,026 [INFO] response: https://www.bing.com/search?q=%22Holiday+Inn+Bogot%C3%A1+Aeropuerto%22+Bogota+email+contacto 200
2026-06-18 13:15:32,254 [INFO]   🔍 DDG→Facebook: "Holiday Inn Bogotá Aeropuerto" Bogota site:facebook.com
2026-06-18 13:15:32,497 [INFO] response: https://www.bing.com/search?q=%22Holiday+Inn+Bogot%C3%A1+Aeropuerto%22+Bogota+site%3Afacebook.com 200
2026-06-18 13:15:33,447 [INFO] response: https://www.bing.com/search?q=%22Holiday+Inn+Bogot%C3%A1+Aeropuerto%22+Bogota+site%3Afacebook.com&first=11&FORM=PERE 200
2026-06-18 13:15:34,474 [INFO] response: https://www.bing.com/search?q=%22Holiday+Inn+Bogot%C3%A1+Aeropuerto%22+Bogota+site%3Afacebook.com&first=21&FORM=PERE1 200
2026-06-18 13:15:35,437 [INFO] response: https://www.bing.com/search?q=%22Holiday+Inn+Bogot%C3%A1+Aeropuerto%22+Bogota+site%3Afacebook.com&first=31&FORM=PERE2 200
2026-06-18 13:15:36,414 [INFO] response: https://www.bing.com/search?q=%22Holiday+Inn+Bogot%C3%A1+Aeropuerto%22+Bogota+site%3Afacebook.com&first=41&FORM=PERE3 200
2026-06-18 13:15:39,370 [INFO]   ❌ Sin resultado: Holiday Inn Bogotá Aeropuerto
2026-06-18 13:15:44,681 [INFO] 
[28/210] Hotel Oceanía Bogotá - Museo (Bogota)
2026-06-18 13:15:44,681 [INFO]   🔍 Google: "Hotel Oceanía Bogotá - Museo" Bogota email contacto
2026-06-18 13:15:48,450 [WARNING] ⚠️  Google devolvió 403 → cambiando a DuckDuckGo automáticamente.
2026-06-18 13:15:48,451 [INFO]   🔄 DDG fallback: "Hotel Oceanía Bogotá - Museo" Bogota email contacto
2026-06-18 13:15:48,771 [INFO] response: https://www.bing.com/search?q=%22Hotel+Ocean%C3%ADa+Bogot%C3%A1+-+Museo%22+Bogota+email+contacto 200
2026-06-18 13:15:52,732 [INFO]   🔍 DDG→Facebook: "Hotel Oceanía Bogotá - Museo" Bogota site:facebook.com
2026-06-18 13:15:53,108 [INFO] response: https://www.bing.com/search?q=%22Hotel+Ocean%C3%ADa+Bogot%C3%A1+-+Museo%22+Bogota+site%3Afacebook.com 200
2026-06-18 13:15:54,083 [INFO] response: https://www.bing.com/search?q=%22Hotel+Ocean%C3%ADa+Bogot%C3%A1+-+Museo%22+Bogota+site%3Afacebook.com&first=11&FORM=PERE 200
2026-06-18 13:15:55,223 [INFO] response: https://www.bing.com/search?q=%22Hotel+Ocean%C3%ADa+Bogot%C3%A1+-+Museo%22+Bogota+site%3Afacebook.com&first=21&FORM=PERE1 200
2026-06-18 13:15:56,200 [INFO] response: https://www.bing.com/search?q=%22Hotel+Ocean%C3%ADa+Bogot%C3%A1+-+Museo%22+Bogota+site%3Afacebook.com&first=31&FORM=PERE2 200
2026-06-18 13:15:57,337 [INFO] response: https://www.bing.com/search?q=%22Hotel+Ocean%C3%ADa+Bogot%C3%A1+-+Museo%22+Bogota+site%3Afacebook.com&first=41&FORM=PERE3 200
2026-06-18 13:16:00,943 [INFO]   ❌ Sin resultado: Hotel Oceanía Bogotá - Museo
2026-06-18 13:16:00,944 [INFO]   📊 Progreso 28/210 | Emails: 9 | Sin resultado: 26
2026-06-18 13:16:08,151 [INFO] 
[29/210] Hotel Regina (Bogota)
2026-06-18 13:16:08,151 [INFO]   🔍 Google: "Hotel Regina" Bogota email contacto
2026-06-18 13:16:13,177 [WARNING] ⚠️  Google devolvió 403 → cambiando a DuckDuckGo automáticamente.
2026-06-18 13:16:13,178 [INFO]   🔄 DDG fallback: "Hotel Regina" Bogota email contacto
2026-06-18 13:16:13,480 [INFO] response: https://www.bing.com/search?q=%22Hotel+Regina%22+Bogota+email+contacto 200
2026-06-18 13:16:16,302 [INFO]   🔍 DDG→Facebook: "Hotel Regina" Bogota site:facebook.com
2026-06-18 13:16:16,586 [INFO] response: https://www.bing.com/search?q=%22Hotel+Regina%22+Bogota+site%3Afacebook.com 200
2026-06-18 13:16:17,528 [INFO] response: https://www.bing.com/search?q=%22Hotel+Regina%22+Bogota+site%3Afacebook.com&first=11&FORM=PERE 200
2026-06-18 13:16:18,490 [INFO] response: https://www.bing.com/search?q=%22Hotel+Regina%22+Bogota+site%3Afacebook.com&first=21&FORM=PERE1 200
2026-06-18 13:16:19,515 [INFO] response: https://www.bing.com/search?q=%22Hotel+Regina%22+Bogota+site%3Afacebook.com&first=31&FORM=PERE2 200
2026-06-18 13:16:20,561 [INFO] response: https://www.bing.com/search?q=%22Hotel+Regina%22+Bogota+site%3Afacebook.com&first=41&FORM=PERE3 200
2026-06-18 13:16:23,276 [INFO]   ❌ Sin resultado: Hotel Regina
2026-06-18 13:16:31,159 [INFO] 
[30/210] Hotel La Estación (Bogota)
2026-06-18 13:16:31,159 [INFO]   🔍 Google: "Hotel La Estación" Bogota email contacto
2026-06-18 13:16:34,549 [WARNING] ⚠️  Google devolvió 403 → cambiando a DuckDuckGo automáticamente.
2026-06-18 13:16:34,549 [INFO]   🔄 DDG fallback: "Hotel La Estación" Bogota email contacto
2026-06-18 13:16:39,822 [INFO] response: https://www.bing.com/search?q=%22Hotel+La+Estaci%C3%B3n%22+Bogota+email+contacto 200
2026-06-18 13:16:42,925 [INFO]   🔍 DDG→Facebook: "Hotel La Estación" Bogota site:facebook.com
2026-06-18 13:16:43,534 [INFO] response: https://www.bing.com/search?q=%22Hotel+La+Estaci%C3%B3n%22+Bogota+site%3Afacebook.com 200
2026-06-18 13:16:44,677 [INFO] response: https://www.bing.com/search?q=%22Hotel+La+Estaci%C3%B3n%22+Bogota+site%3Afacebook.com&first=11&FORM=PERE 200
2026-06-18 13:16:45,864 [INFO] response: https://www.bing.com/search?q=%22Hotel+La+Estaci%C3%B3n%22+Bogota+site%3Afacebook.com&first=21&FORM=PERE1 200
2026-06-18 13:16:47,045 [INFO] response: https://www.bing.com/search?q=%22Hotel+La+Estaci%C3%B3n%22+Bogota+site%3Afacebook.com&first=31&FORM=PERE2 200
2026-06-18 13:16:47,995 [INFO] response: https://www.bing.com/search?q=%22Hotel+La+Estaci%C3%B3n%22+Bogota+site%3Afacebook.com&first=41&FORM=PERE3 200
2026-06-18 13:16:51,876 [INFO]   ❌ Sin resultado: Hotel La Estación
2026-06-18 13:16:58,461 [INFO] 
[31/210] Hostal Pura Vida La 70 (Medellin)
2026-06-18 13:16:58,462 [INFO]   🔍 Google: "Hostal Pura Vida La 70" Medellin email contacto
2026-06-18 13:17:02,884 [WARNING] ⚠️  Google devolvió 403 → cambiando a DuckDuckGo automáticamente.
2026-06-18 13:17:02,884 [INFO]   🔄 DDG fallback: "Hostal Pura Vida La 70" Medellin email contacto
2026-06-18 13:17:08,280 [INFO] response: https://www.bing.com/search?q=%22Hostal+Pura+Vida+La+70%22+Medellin+email+contacto 200
2026-06-18 13:17:11,412 [INFO]   🌐 Visitando (ddg): https://www.hostal.com.co/bogota-colombia
2026-06-18 13:17:38,957 [INFO]   🌐 Visitando (ddg): https://www.hostales.com/Colombia/Bogotá
2026-06-18 13:18:01,067 [INFO]   🌐 Visitando (ddg): https://www.hostal.com.co/
2026-06-18 13:18:20,447 [INFO]   🔍 DDG→Facebook: "Hostal Pura Vida La 70" Medellin site:facebook.com
2026-06-18 13:18:20,743 [INFO] response: https://www.bing.com/search?q=%22Hostal+Pura+Vida+La+70%22+Medellin+site%3Afacebook.com 200
2026-06-18 13:18:21,750 [INFO] response: https://www.bing.com/search?q=%22Hostal+Pura+Vida+La+70%22+Medellin+site%3Afacebook.com&first=11&FORM=PERE 200
2026-06-18 13:18:22,723 [INFO] response: https://www.bing.com/search?q=%22Hostal+Pura+Vida+La+70%22+Medellin+site%3Afacebook.com&first=21&FORM=PERE1 200
2026-06-18 13:18:23,693 [INFO] response: https://www.bing.com/search?q=%22Hostal+Pura+Vida+La+70%22+Medellin+site%3Afacebook.com&first=31&FORM=PERE2 200
2026-06-18 13:18:24,671 [INFO] response: https://www.bing.com/search?q=%22Hostal+Pura+Vida+La+70%22+Medellin+site%3Afacebook.com&first=41&FORM=PERE3 200
2026-06-18 13:18:28,658 [INFO]   ❌ Sin resultado: Hostal Pura Vida La 70
2026-06-18 13:18:36,621 [INFO] 
[32/210] Aura Hotel (Medellin)
2026-06-18 13:18:36,621 [INFO]   🔍 Google: "Aura Hotel" Medellin email contacto
2026-06-18 13:18:41,281 [WARNING] ⚠️  Google devolvió 403 → cambiando a DuckDuckGo automáticamente.
2026-06-18 13:18:41,281 [INFO]   🔄 DDG fallback: "Aura Hotel" Medellin email contacto
2026-06-18 13:18:41,604 [INFO] response: https://www.bing.com/search?q=%22Aura+Hotel%22+Medellin+email+contacto 200
2026-06-18 13:18:45,410 [INFO]   🔍 DDG→Facebook: "Aura Hotel" Medellin site:facebook.com
2026-06-18 13:18:45,807 [INFO] response: https://www.bing.com/search?q=%22Aura+Hotel%22+Medellin+site%3Afacebook.com 200
2026-06-18 13:18:46,864 [INFO] response: https://www.bing.com/search?q=%22Aura+Hotel%22+Medellin+site%3Afacebook.com&first=11&FORM=PERE 200
2026-06-18 13:18:47,884 [INFO] response: https://www.bing.com/search?q=%22Aura+Hotel%22+Medellin+site%3Afacebook.com&first=21&FORM=PERE1 200
2026-06-18 13:18:49,088 [INFO] response: https://www.bing.com/search?q=%22Aura+Hotel%22+Medellin+site%3Afacebook.com&first=31&FORM=PERE2 200
2026-06-18 13:18:50,140 [INFO] response: https://www.bing.com/search?q=%22Aura+Hotel%22+Medellin+site%3Afacebook.com&first=41&FORM=PERE3 200
2026-06-18 13:18:53,932 [INFO]   ❌ Sin resultado: Aura Hotel
2026-06-18 13:19:01,415 [INFO] 
[33/210] Hotel Med Colombia (Medellin)
2026-06-18 13:19:01,416 [INFO]   🔍 Google: "Hotel Med Colombia" Medellin email contacto
2026-06-18 13:19:05,680 [WARNING] ⚠️  Google devolvió 403 → cambiando a DuckDuckGo automáticamente.
2026-06-18 13:19:05,680 [INFO]   🔄 DDG fallback: "Hotel Med Colombia" Medellin email contacto
2026-06-18 13:19:05,924 [INFO] response: https://www.bing.com/search?q=%22Hotel+Med+Colombia%22+Medellin+email+contacto 200
2026-06-18 13:19:08,232 [INFO]   🌐 Visitando (ddg): https://www.marriott.com/es/hotels/bogwh-w-bogota/overview/?msockid=09
2026-06-18 13:19:57,933 [INFO]   🔍 DDG→Facebook: "Hotel Med Colombia" Medellin site:facebook.com
2026-06-18 13:19:58,729 [INFO] response: https://www.bing.com/search?q=%22Hotel+Med+Colombia%22+Medellin+site%3Afacebook.com 200
2026-06-18 13:19:59,726 [INFO] response: https://www.bing.com/search?q=%22Hotel+Med+Colombia%22+Medellin+site%3Afacebook.com&first=11&FORM=PERE 200
2026-06-18 13:20:00,738 [INFO] response: https://www.bing.com/search?q=%22Hotel+Med+Colombia%22+Medellin+site%3Afacebook.com&first=21&FORM=PERE1 200
2026-06-18 13:20:01,849 [INFO] response: https://www.bing.com/search?q=%22Hotel+Med+Colombia%22+Medellin+site%3Afacebook.com&first=31&FORM=PERE2 200
2026-06-18 13:20:02,957 [INFO] response: https://www.bing.com/search?q=%22Hotel+Med+Colombia%22+Medellin+site%3Afacebook.com&first=41&FORM=PERE3 200
2026-06-18 13:20:05,569 [INFO]   ❌ Sin resultado: Hotel Med Colombia
2026-06-18 13:20:05,570 [INFO]   📊 Progreso 33/210 | Emails: 9 | Sin resultado: 31
2026-06-18 13:20:13,323 [INFO] 
[34/210] Hotel Colombia Avenida (Medellin)
2026-06-18 13:20:13,324 [INFO]   🔍 Google: "Hotel Colombia Avenida" Medellin email contacto
2026-06-18 13:20:17,580 [WARNING] ⚠️  Google devolvió 403 → cambiando a DuckDuckGo automáticamente.
2026-06-18 13:20:17,581 [INFO]   🔄 DDG fallback: "Hotel Colombia Avenida" Medellin email contacto
2026-06-18 13:20:22,956 [INFO] response: https://www.bing.com/search?q=%22Hotel+Colombia+Avenida%22+Medellin+email+contacto 200
2026-06-18 13:20:23,976 [INFO] response: https://www.bing.com/search?q=%22Hotel+Colombia+Avenida%22+Medellin+email+contacto&first=11&FORM=PERE 200
2026-06-18 13:20:25,006 [INFO] response: https://www.bing.com/search?q=%22Hotel+Colombia+Avenida%22+Medellin+email+contacto&first=21&FORM=PERE1 200
2026-06-18 13:20:26,013 [INFO] response: https://www.bing.com/search?q=%22Hotel+Colombia+Avenida%22+Medellin+email+contacto&first=31&FORM=PERE2 200
2026-06-18 13:20:27,003 [INFO] response: https://www.bing.com/search?q=%22Hotel+Colombia+Avenida%22+Medellin+email+contacto&first=41&FORM=PERE3 200
2026-06-18 13:20:29,418 [INFO]   🌐 Visitando (ddg): https://www.marriott.com/es/hotels/bogwh-w-bogota/overview/
2026-06-18 13:20:48,907 [INFO]   🔍 DDG→Facebook: "Hotel Colombia Avenida" Medellin site:facebook.com
2026-06-18 13:20:49,279 [INFO] response: https://www.bing.com/search?q=%22Hotel+Colombia+Avenida%22+Medellin+site%3Afacebook.com 200
2026-06-18 13:20:50,246 [INFO] response: https://www.bing.com/search?q=%22Hotel+Colombia+Avenida%22+Medellin+site%3Afacebook.com&first=11&FORM=PERE 200
2026-06-18 13:20:51,300 [INFO] response: https://www.bing.com/search?q=%22Hotel+Colombia+Avenida%22+Medellin+site%3Afacebook.com&first=21&FORM=PERE1 200
2026-06-18 13:20:52,314 [INFO] response: https://www.bing.com/search?q=%22Hotel+Colombia+Avenida%22+Medellin+site%3Afacebook.com&first=31&FORM=PERE2 200
2026-06-18 13:20:53,330 [INFO] response: https://www.bing.com/search?q=%22Hotel+Colombia+Avenida%22+Medellin+site%3Afacebook.com&first=41&FORM=PERE3 200
2026-06-18 13:20:56,372 [INFO]   ❌ Sin resultado: Hotel Colombia Avenida
2026-06-18 13:21:00,860 [INFO] 
[35/210] Moore 45 Hotel (Medellin)
2026-06-18 13:21:00,860 [INFO]   🔍 Google: "Moore 45 Hotel" Medellin email contacto
2026-06-18 13:21:05,731 [WARNING] ⚠️  Google devolvió 403 → cambiando a DuckDuckGo automáticamente.
2026-06-18 13:21:05,731 [INFO]   🔄 DDG fallback: "Moore 45 Hotel" Medellin email contacto
2026-06-18 13:21:06,074 [INFO] response: https://www.bing.com/search?q=%22Moore+45+Hotel%22+Medellin+email+contacto 200
2026-06-18 13:21:08,894 [INFO]   🔍 DDG→Facebook: "Moore 45 Hotel" Medellin site:facebook.com
2026-06-18 13:21:09,350 [INFO] response: https://www.bing.com/search?q=%22Moore+45+Hotel%22+Medellin+site%3Afacebook.com 200
2026-06-18 13:21:10,537 [INFO] response: https://www.bing.com/search?q=%22Moore+45+Hotel%22+Medellin+site%3Afacebook.com&first=11&FORM=PERE 200
2026-06-18 13:21:11,543 [INFO] response: https://www.bing.com/search?q=%22Moore+45+Hotel%22+Medellin+site%3Afacebook.com&first=21&FORM=PERE1 200
2026-06-18 13:21:12,537 [INFO] response: https://www.bing.com/search?q=%22Moore+45+Hotel%22+Medellin+site%3Afacebook.com&first=31&FORM=PERE2 200
2026-06-18 13:21:13,587 [INFO] response: https://www.bing.com/search?q=%22Moore+45+Hotel%22+Medellin+site%3Afacebook.com&first=41&FORM=PERE3 200
2026-06-18 13:21:16,296 [INFO]   ❌ Sin resultado: Moore 45 Hotel
2026-06-18 13:21:21,214 [INFO] 
[36/210] Marquee Hotel (Medellin)
2026-06-18 13:21:21,214 [INFO]   🔍 Google: "Marquee Hotel" Medellin email contacto
2026-06-18 13:21:25,366 [WARNING] ⚠️  Google devolvió 403 → cambiando a DuckDuckGo automáticamente.
2026-06-18 13:21:25,366 [INFO]   🔄 DDG fallback: "Marquee Hotel" Medellin email contacto
2026-06-18 13:21:25,721 [INFO] response: https://www.bing.com/search?q=%22Marquee+Hotel%22+Medellin+email+contacto 200
2026-06-18 13:21:28,193 [INFO]   🌐 Visitando (ddg): https://developer.mozilla.org/es/docs/Web/HTML/Reference/Elements/marq
2026-06-18 13:21:45,350 [INFO]   🌐 Visitando (ddg): https://developer.mozilla.org/en-US/docs/Web/HTML/Reference/Elements/m
2026-06-18 13:21:58,045 [INFO]   🌐 Visitando (ddg): https://www.passline.com/venue/marquee-session-live
2026-06-18 13:22:13,706 [INFO]   🔍 DDG→Facebook: "Marquee Hotel" Medellin site:facebook.com
2026-06-18 13:22:18,997 [INFO] response: https://www.bing.com/search?q=%22Marquee+Hotel%22+Medellin+site%3Afacebook.com 200
2026-06-18 13:22:20,047 [INFO] response: https://www.bing.com/search?q=%22Marquee+Hotel%22+Medellin+site%3Afacebook.com&first=11&FORM=PERE 200
2026-06-18 13:22:21,014 [INFO] response: https://www.bing.com/search?q=%22Marquee+Hotel%22+Medellin+site%3Afacebook.com&first=21&FORM=PERE1 200
2026-06-18 13:22:22,029 [INFO] response: https://www.bing.com/search?q=%22Marquee+Hotel%22+Medellin+site%3Afacebook.com&first=31&FORM=PERE2 200
2026-06-18 13:22:23,059 [INFO] response: https://www.bing.com/search?q=%22Marquee+Hotel%22+Medellin+site%3Afacebook.com&first=41&FORM=PERE3 200
2026-06-18 13:22:25,651 [INFO]   ❌ Sin resultado: Marquee Hotel
2026-06-18 13:22:30,531 [INFO] 
[37/210] Hotel Boutique Laureles Medellin (HBL) (Medellin)
2026-06-18 13:22:30,531 [INFO]   🔍 Google: "Hotel Boutique Laureles Medellin (HBL)" Medellin email contacto
2026-06-18 13:22:34,262 [WARNING] ⚠️  Google devolvió 403 → cambiando a DuckDuckGo automáticamente.
2026-06-18 13:22:34,262 [INFO]   🔄 DDG fallback: "Hotel Boutique Laureles Medellin (HBL)" Medellin email contacto
2026-06-18 13:22:34,551 [INFO] response: https://www.bing.com/search?q=%22Hotel+Boutique+Laureles+Medellin+%28HBL%29%22+Medellin+email+contacto 200
2026-06-18 13:22:36,678 [INFO]   🔍 DDG→Facebook: "Hotel Boutique Laureles Medellin (HBL)" Medellin site:facebook.com
2026-06-18 13:22:36,954 [INFO] response: https://www.bing.com/search?q=%22Hotel+Boutique+Laureles+Medellin+%28HBL%29%22+Medellin+site%3Afacebook.com 200
2026-06-18 13:22:37,912 [INFO] response: https://www.bing.com/search?q=%22Hotel+Boutique+Laureles+Medellin+%28HBL%29%22+Medellin+site%3Afacebook.com&first=11&FORM=PERE 200
2026-06-18 13:22:38,884 [INFO] response: https://www.bing.com/search?q=%22Hotel+Boutique+Laureles+Medellin+%28HBL%29%22+Medellin+site%3Afacebook.com&first=21&FORM=PERE1 200
2026-06-18 13:22:39,895 [INFO] response: https://www.bing.com/search?q=%22Hotel+Boutique+Laureles+Medellin+%28HBL%29%22+Medellin+site%3Afacebook.com&first=31&FORM=PERE2 200
2026-06-18 13:22:40,874 [INFO] response: https://www.bing.com/search?q=%22Hotel+Boutique+Laureles+Medellin+%28HBL%29%22+Medellin+site%3Afacebook.com&first=41&FORM=PERE3 200
2026-06-18 13:22:43,854 [INFO]   ❌ Sin resultado: Hotel Boutique Laureles Medellin (HBL)
2026-06-18 13:22:49,722 [INFO] 
[38/210] Hotel Torre Poblado (Medellin)
2026-06-18 13:22:49,722 [INFO]   🔍 Google: "Hotel Torre Poblado" Medellin email contacto
2026-06-18 13:22:53,684 [WARNING] ⚠️  Google devolvió 403 → cambiando a DuckDuckGo automáticamente.
2026-06-18 13:22:53,684 [INFO]   🔄 DDG fallback: "Hotel Torre Poblado" Medellin email contacto
2026-06-18 13:22:54,048 [INFO] response: https://www.bing.com/search?q=%22Hotel+Torre+Poblado%22+Medellin+email+contacto 200
2026-06-18 13:22:57,385 [INFO]   🔍 DDG→Facebook: "Hotel Torre Poblado" Medellin site:facebook.com
2026-06-18 13:22:57,693 [INFO] response: https://www.bing.com/search?q=%22Hotel+Torre+Poblado%22+Medellin+site%3Afacebook.com 200
2026-06-18 13:22:58,679 [INFO] response: https://www.bing.com/search?q=%22Hotel+Torre+Poblado%22+Medellin+site%3Afacebook.com&first=11&FORM=PERE 200
2026-06-18 13:22:59,710 [INFO] response: https://www.bing.com/search?q=%22Hotel+Torre+Poblado%22+Medellin+site%3Afacebook.com&first=21&FORM=PERE1 200
2026-06-18 13:23:00,681 [INFO] response: https://www.bing.com/search?q=%22Hotel+Torre+Poblado%22+Medellin+site%3Afacebook.com&first=31&FORM=PERE2 200
2026-06-18 13:23:01,668 [INFO] response: https://www.bing.com/search?q=%22Hotel+Torre+Poblado%22+Medellin+site%3Afacebook.com&first=41&FORM=PERE3 200
2026-06-18 13:23:04,771 [INFO]   ❌ Sin resultado: Hotel Torre Poblado
2026-06-18 13:23:04,772 [INFO]   📊 Progreso 38/210 | Emails: 9 | Sin resultado: 36
2026-06-18 13:23:11,224 [INFO] 
[39/210] Hotel Poblado Alejandria (Medellin)
2026-06-18 13:23:11,224 [INFO]   🔍 Google: "Hotel Poblado Alejandria" Medellin email contacto
2026-06-18 13:23:15,830 [WARNING] ⚠️  Google devolvió 403 → cambiando a DuckDuckGo automáticamente.
2026-06-18 13:23:15,830 [INFO]   🔄 DDG fallback: "Hotel Poblado Alejandria" Medellin email contacto
2026-06-18 13:23:16,142 [INFO] response: https://www.bing.com/search?q=%22Hotel+Poblado+Alejandria%22+Medellin+email+contacto 200
2026-06-18 13:23:18,925 [INFO]   🔍 DDG→Facebook: "Hotel Poblado Alejandria" Medellin site:facebook.com
2026-06-18 13:23:19,285 [INFO] response: https://www.bing.com/search?q=%22Hotel+Poblado+Alejandria%22+Medellin+site%3Afacebook.com 200
2026-06-18 13:23:20,267 [INFO] response: https://www.bing.com/search?q=%22Hotel+Poblado+Alejandria%22+Medellin+site%3Afacebook.com&first=11&FORM=PERE 200
2026-06-18 13:23:21,507 [INFO] response: https://www.bing.com/search?q=%22Hotel+Poblado+Alejandria%22+Medellin+site%3Afacebook.com&first=21&FORM=PERE1 200
2026-06-18 13:23:22,486 [INFO] response: https://www.bing.com/search?q=%22Hotel+Poblado+Alejandria%22+Medellin+site%3Afacebook.com&first=31&FORM=PERE2 200
2026-06-18 13:23:23,466 [INFO] response: https://www.bing.com/search?q=%22Hotel+Poblado+Alejandria%22+Medellin+site%3Afacebook.com&first=41&FORM=PERE3 200
2026-06-18 13:23:27,264 [INFO]   ❌ Sin resultado: Hotel Poblado Alejandria
2026-06-18 13:23:33,793 [INFO] 
[40/210] Gallery Hotel Medellín (Medellin)
2026-06-18 13:23:33,793 [INFO]   🔍 Google: "Gallery Hotel Medellín" Medellin email contacto
2026-06-18 13:23:37,693 [WARNING] ⚠️  Google devolvió 403 → cambiando a DuckDuckGo automáticamente.
2026-06-18 13:23:37,693 [INFO]   🔄 DDG fallback: "Gallery Hotel Medellín" Medellin email contacto
2026-06-18 13:23:43,413 [INFO] response: https://www.bing.com/search?q=%22Gallery+Hotel+Medell%C3%ADn%22+Medellin+email+contacto 200
2026-06-18 13:23:46,984 [INFO]   🔍 DDG→Facebook: "Gallery Hotel Medellín" Medellin site:facebook.com
2026-06-18 13:23:47,375 [INFO] response: https://www.bing.com/search?q=%22Gallery+Hotel+Medell%C3%ADn%22+Medellin+site%3Afacebook.com 200
2026-06-18 13:23:48,368 [INFO] response: https://www.bing.com/search?q=%22Gallery+Hotel+Medell%C3%ADn%22+Medellin+site%3Afacebook.com&first=11&FORM=PERE 200
2026-06-18 13:23:49,380 [INFO] response: https://www.bing.com/search?q=%22Gallery+Hotel+Medell%C3%ADn%22+Medellin+site%3Afacebook.com&first=21&FORM=PERE1 200
2026-06-18 13:23:50,358 [INFO] response: https://www.bing.com/search?q=%22Gallery+Hotel+Medell%C3%ADn%22+Medellin+site%3Afacebook.com&first=31&FORM=PERE2 200
2026-06-18 13:23:51,344 [INFO] response: https://www.bing.com/search?q=%22Gallery+Hotel+Medell%C3%ADn%22+Medellin+site%3Afacebook.com&first=41&FORM=PERE3 200
2026-06-18 13:23:54,568 [INFO]   ❌ Sin resultado: Gallery Hotel Medellín
2026-06-18 13:24:01,671 [INFO] 
[41/210] Hotel Boutique Laureles Home (Medellin)
2026-06-18 13:24:01,671 [INFO]   🔍 Google: "Hotel Boutique Laureles Home" Medellin email contacto
2026-06-18 13:24:04,746 [WARNING] ⚠️  Google devolvió 403 → cambiando a DuckDuckGo automáticamente.
2026-06-18 13:24:04,747 [INFO]   🔄 DDG fallback: "Hotel Boutique Laureles Home" Medellin email contacto
2026-06-18 13:24:05,067 [INFO] response: https://www.bing.com/search?q=%22Hotel+Boutique+Laureles+Home%22+Medellin+email+contacto 200
2026-06-18 13:24:07,730 [INFO]   🔍 DDG→Facebook: "Hotel Boutique Laureles Home" Medellin site:facebook.com
2026-06-18 13:24:13,098 [INFO] response: https://www.bing.com/search?q=%22Hotel+Boutique+Laureles+Home%22+Medellin+site%3Afacebook.com 200
2026-06-18 13:24:14,173 [INFO] response: https://www.bing.com/search?q=%22Hotel+Boutique+Laureles+Home%22+Medellin+site%3Afacebook.com&first=11&FORM=PERE 200
2026-06-18 13:24:15,163 [INFO] response: https://www.bing.com/search?q=%22Hotel+Boutique+Laureles+Home%22+Medellin+site%3Afacebook.com&first=21&FORM=PERE1 200
2026-06-18 13:24:16,154 [INFO] response: https://www.bing.com/search?q=%22Hotel+Boutique+Laureles+Home%22+Medellin+site%3Afacebook.com&first=31&FORM=PERE2 200
2026-06-18 13:24:17,233 [INFO] response: https://www.bing.com/search?q=%22Hotel+Boutique+Laureles+Home%22+Medellin+site%3Afacebook.com&first=41&FORM=PERE3 200
2026-06-18 13:24:20,238 [INFO]   ❌ Sin resultado: Hotel Boutique Laureles Home
2026-06-18 13:24:27,711 [INFO] 
[42/210] Rock Hostel Medellín (Medellin)
2026-06-18 13:24:27,711 [INFO]   🔍 Google: "Rock Hostel Medellín" Medellin email contacto
2026-06-18 13:24:31,560 [WARNING] ⚠️  Google devolvió 403 → cambiando a DuckDuckGo automáticamente.
2026-06-18 13:24:31,561 [INFO]   🔄 DDG fallback: "Rock Hostel Medellín" Medellin email contacto
2026-06-18 13:24:31,971 [INFO] response: https://www.bing.com/search?q=%22Rock+Hostel+Medell%C3%ADn%22+Medellin+email+contacto 200
2026-06-18 13:24:35,779 [INFO]   🔍 DDG→Facebook: "Rock Hostel Medellín" Medellin site:facebook.com
2026-06-18 13:24:41,185 [INFO] response: https://www.bing.com/search?q=%22Rock+Hostel+Medell%C3%ADn%22+Medellin+site%3Afacebook.com 200
2026-06-18 13:24:42,141 [INFO] response: https://www.bing.com/search?q=%22Rock+Hostel+Medell%C3%ADn%22+Medellin+site%3Afacebook.com&first=11&FORM=PERE 200
2026-06-18 13:24:43,148 [INFO] response: https://www.bing.com/search?q=%22Rock+Hostel+Medell%C3%ADn%22+Medellin+site%3Afacebook.com&first=21&FORM=PERE1 200
2026-06-18 13:24:44,129 [INFO] response: https://www.bing.com/search?q=%22Rock+Hostel+Medell%C3%ADn%22+Medellin+site%3Afacebook.com&first=31&FORM=PERE2 200
2026-06-18 13:24:45,127 [INFO] response: https://www.bing.com/search?q=%22Rock+Hostel+Medell%C3%ADn%22+Medellin+site%3Afacebook.com&first=41&FORM=PERE3 200
2026-06-18 13:24:48,309 [INFO]   ❌ Sin resultado: Rock Hostel Medellín
2026-06-18 13:24:53,658 [INFO] 
[43/210] Hotel Dorado La 70 (Medellin)
2026-06-18 13:24:53,659 [INFO]   🔍 Google: "Hotel Dorado La 70" Medellin email contacto
2026-06-18 13:25:20,518 [INFO]   ✅ Email en SERP (google): reservas@hoteldoradola70.com
2026-06-18 13:25:20,521 [INFO]   📊 Progreso 43/210 | Emails: 10 | Sin resultado: 40
2026-06-18 13:25:28,262 [INFO] 
[44/210] Hotel Conquistadores Medellin (Medellin)
2026-06-18 13:25:28,262 [INFO]   🔍 Google: "Hotel Conquistadores Medellin" Medellin email contacto
2026-06-18 13:25:33,511 [WARNING] ⚠️  Google devolvió 403 → cambiando a DuckDuckGo automáticamente.
2026-06-18 13:25:33,511 [INFO]   🔄 DDG fallback: "Hotel Conquistadores Medellin" Medellin email contacto
2026-06-18 13:25:38,928 [INFO] response: https://www.bing.com/search?q=%22Hotel+Conquistadores+Medellin%22+Medellin+email+contacto 200
2026-06-18 13:25:42,894 [INFO]   🔍 DDG→Facebook: "Hotel Conquistadores Medellin" Medellin site:facebook.com
2026-06-18 13:25:43,191 [INFO] response: https://www.bing.com/search?q=%22Hotel+Conquistadores+Medellin%22+Medellin+site%3Afacebook.com 200
2026-06-18 13:25:44,199 [INFO] response: https://www.bing.com/search?q=%22Hotel+Conquistadores+Medellin%22+Medellin+site%3Afacebook.com&first=11&FORM=PERE 200
2026-06-18 13:25:45,335 [INFO] response: https://www.bing.com/search?q=%22Hotel+Conquistadores+Medellin%22+Medellin+site%3Afacebook.com&first=21&FORM=PERE1 200
2026-06-18 13:25:46,323 [INFO] response: https://www.bing.com/search?q=%22Hotel+Conquistadores+Medellin%22+Medellin+site%3Afacebook.com&first=31&FORM=PERE2 200
2026-06-18 13:25:47,270 [INFO] response: https://www.bing.com/search?q=%22Hotel+Conquistadores+Medellin%22+Medellin+site%3Afacebook.com&first=41&FORM=PERE3 200
2026-06-18 13:25:49,936 [INFO]   ❌ Sin resultado: Hotel Conquistadores Medellin
2026-06-18 13:25:55,127 [INFO] 
[45/210] Hotel 47 Medellin Street (Medellin)
2026-06-18 13:25:55,127 [INFO]   🔍 Google: "Hotel 47 Medellin Street" Medellin email contacto
2026-06-18 13:25:59,325 [WARNING] ⚠️  Google devolvió 403 → cambiando a DuckDuckGo automáticamente.
2026-06-18 13:25:59,325 [INFO]   🔄 DDG fallback: "Hotel 47 Medellin Street" Medellin email contacto
2026-06-18 13:25:59,725 [INFO] response: https://www.bing.com/search?q=%22Hotel+47+Medellin+Street%22+Medellin+email+contacto 200
2026-06-18 13:26:02,864 [INFO]   🌐 Visitando (ddg): https://www.marriott.com/es/hotels/bogwh-w-bogota/overview/?msockid=23
2026-06-18 13:26:37,613 [INFO]   🔍 DDG→Facebook: "Hotel 47 Medellin Street" Medellin site:facebook.com
2026-06-18 13:26:38,029 [INFO] response: https://www.bing.com/search?q=%22Hotel+47+Medellin+Street%22+Medellin+site%3Afacebook.com 200
2026-06-18 13:26:39,046 [INFO] response: https://www.bing.com/search?q=%22Hotel+47+Medellin+Street%22+Medellin+site%3Afacebook.com&first=11&FORM=PERE 200
2026-06-18 13:26:40,062 [INFO] response: https://www.bing.com/search?q=%22Hotel+47+Medellin+Street%22+Medellin+site%3Afacebook.com&first=21&FORM=PERE1 200
2026-06-18 13:26:41,212 [INFO] response: https://www.bing.com/search?q=%22Hotel+47+Medellin+Street%22+Medellin+site%3Afacebook.com&first=31&FORM=PERE2 200
2026-06-18 13:26:42,283 [INFO] response: https://www.bing.com/search?q=%22Hotel+47+Medellin+Street%22+Medellin+site%3Afacebook.com&first=41&FORM=PERE3 200
2026-06-18 13:26:45,041 [INFO]   ❌ Sin resultado: Hotel 47 Medellin Street
2026-06-18 13:26:49,100 [INFO] 
[46/210] Primavera Hotel (Medellin)
2026-06-18 13:26:49,104 [INFO]   🔍 Google: "Primavera Hotel" Medellin email contacto
2026-06-18 13:26:53,638 [WARNING] ⚠️  Google devolvió 403 → cambiando a DuckDuckGo automáticamente.
2026-06-18 13:26:53,638 [INFO]   🔄 DDG fallback: "Primavera Hotel" Medellin email contacto
2026-06-18 13:26:54,010 [INFO] response: https://www.bing.com/search?q=%22Primavera+Hotel%22+Medellin+email+contacto 200
2026-06-18 13:26:56,144 [INFO]   🔍 DDG→Facebook: "Primavera Hotel" Medellin site:facebook.com
2026-06-18 13:26:56,547 [INFO] response: https://www.bing.com/search?q=%22Primavera+Hotel%22+Medellin+site%3Afacebook.com 200
2026-06-18 13:26:57,530 [INFO] response: https://www.bing.com/search?q=%22Primavera+Hotel%22+Medellin+site%3Afacebook.com&first=11&FORM=PERE 200
2026-06-18 13:26:58,747 [INFO] response: https://www.bing.com/search?q=%22Primavera+Hotel%22+Medellin+site%3Afacebook.com&first=21&FORM=PERE1 200
2026-06-18 13:26:59,688 [INFO] response: https://www.bing.com/search?q=%22Primavera+Hotel%22+Medellin+site%3Afacebook.com&first=31&FORM=PERE2 200
2026-06-18 13:27:00,739 [INFO] response: https://www.bing.com/search?q=%22Primavera+Hotel%22+Medellin+site%3Afacebook.com&first=41&FORM=PERE3 200
2026-06-18 13:27:04,524 [INFO]   ❌ Sin resultado: Primavera Hotel
2026-06-18 13:27:09,457 [INFO] 
[47/210] Hotel Asturias Medellin (Medellin)
2026-06-18 13:27:09,457 [INFO]   🔍 Google: "Hotel Asturias Medellin" Medellin email contacto
2026-06-18 13:27:14,971 [WARNING] ⚠️  Google devolvió 403 → cambiando a DuckDuckGo automáticamente.
2026-06-18 13:27:14,972 [INFO]   🔄 DDG fallback: "Hotel Asturias Medellin" Medellin email contacto
2026-06-18 13:27:15,266 [INFO] response: https://www.bing.com/search?q=%22Hotel+Asturias+Medellin%22+Medellin+email+contacto 200
2026-06-18 13:27:17,355 [INFO]   🔍 DDG→Facebook: "Hotel Asturias Medellin" Medellin site:facebook.com
2026-06-18 13:27:17,841 [INFO] response: https://www.bing.com/search?q=%22Hotel+Asturias+Medellin%22+Medellin+site%3Afacebook.com 200
2026-06-18 13:27:18,799 [INFO] response: https://www.bing.com/search?q=%22Hotel+Asturias+Medellin%22+Medellin+site%3Afacebook.com&first=11&FORM=PERE 200
2026-06-18 13:27:19,772 [INFO] response: https://www.bing.com/search?q=%22Hotel+Asturias+Medellin%22+Medellin+site%3Afacebook.com&first=21&FORM=PERE1 200
2026-06-18 13:27:20,966 [INFO] response: https://www.bing.com/search?q=%22Hotel+Asturias+Medellin%22+Medellin+site%3Afacebook.com&first=31&FORM=PERE2 200
2026-06-18 13:27:21,889 [INFO] response: https://www.bing.com/search?q=%22Hotel+Asturias+Medellin%22+Medellin+site%3Afacebook.com&first=41&FORM=PERE3 200
2026-06-18 13:27:24,638 [INFO]   ❌ Sin resultado: Hotel Asturias Medellin
2026-06-18 13:27:28,760 [INFO] 
[48/210] Mythical Hotel en Laureles - Medellin. (Medellin)
2026-06-18 13:27:28,760 [INFO]   🔍 Google: "Mythical Hotel en Laureles - Medellin." Medellin email contacto
2026-06-18 13:27:33,664 [WARNING] ⚠️  Google devolvió 403 → cambiando a DuckDuckGo automáticamente.
2026-06-18 13:27:33,665 [INFO]   🔄 DDG fallback: "Mythical Hotel en Laureles - Medellin." Medellin email contacto
2026-06-18 13:27:33,982 [INFO] response: https://www.bing.com/search?q=%22Mythical+Hotel+en+Laureles+-+Medellin.%22+Medellin+email+contacto 200
2026-06-18 13:27:34,952 [INFO] response: https://www.bing.com/search?q=%22Mythical+Hotel+en+Laureles+-+Medellin.%22+Medellin+email+contacto&first=11&FORM=PERE 200
2026-06-18 13:27:37,237 [INFO]   🌐 Visitando (ddg): https://web.whatsapp.com/
2026-06-18 13:27:46,053 [INFO]   🌐 Visitando (ddg): https://www.whatsapp.com/
2026-06-18 13:27:48,708 [INFO]   🌐 Visitando (ddg): https://www.desktop.com.br/blog/whatsapp-web-como-acessar-e-usar/
2026-06-18 13:46:34,104 [INFO]   🔍 DDG→Facebook: "Mythical Hotel en Laureles - Medellin." Medellin site:facebook.com
2026-06-18 13:46:35,020 [INFO] response: https://www.bing.com/search?q=%22Mythical+Hotel+en+Laureles+-+Medellin.%22+Medellin+site%3Afacebook.com 200
2026-06-18 13:46:36,266 [INFO] response: https://www.bing.com/search?q=%22Mythical+Hotel+en+Laureles+-+Medellin.%22+Medellin+site%3Afacebook.com&first=11&FORM=PERE 200
2026-06-18 13:46:37,619 [INFO] response: https://www.bing.com/search?q=%22Mythical+Hotel+en+Laureles+-+Medellin.%22+Medellin+site%3Afacebook.com&first=21&FORM=PERE1 200
2026-06-18 13:46:38,732 [INFO] response: https://www.bing.com/search?q=%22Mythical+Hotel+en+Laureles+-+Medellin.%22+Medellin+site%3Afacebook.com&first=31&FORM=PERE2 200
2026-06-18 13:46:39,791 [INFO] response: https://www.bing.com/search?q=%22Mythical+Hotel+en+Laureles+-+Medellin.%22+Medellin+site%3Afacebook.com&first=41&FORM=PERE3 200
2026-06-18 14:02:47,315 [INFO]   ❌ Sin resultado: Mythical Hotel en Laureles - Medellin.
2026-06-18 14:02:47,317 [INFO]   📊 Progreso 48/210 | Emails: 10 | Sin resultado: 45
2026-06-18 14:03:18,398 [INFO] 
[49/210] Hotel Casa Santafé (Medellin)
2026-06-18 14:03:18,398 [INFO]   🔍 Google: "Hotel Casa Santafé" Medellin email contacto
2026-06-18 14:03:18,453 [WARNING] Error navegando a Google: Message: invalid session id: session deleted as the browser has closed the connection
from disconnected: not connected to DevTools
  (Session info: chrome=149.0.7827.155); For documentation on this error, please visit: https://www.selenium.dev/documentation/webdriver/troubleshooting/errors#invalidsessionidexception
Stacktrace:
0   chromedriver                        0x0000000104e0f1e4 cxxbridge1$str$ptr + 3175992
1   chromedriver                        0x0000000104e072ac cxxbridge1$str$ptr + 3143424
2   chromedriver                        0x00000001048b7374 _RNvCs9NA52FrZ4pF_7___rustc35___rust_no_alloc_shim_is_unstable_v2 + 74080
3   chromedriver                        0x00000001048a0918 chromedriver + 231704
4   chromedriver                        0x00000001048c4404 _RNvCs9NA52FrZ4pF_7___rustc35___rust_no_alloc_shim_is_unstable_v2 + 127472
5   chromedriver                        0x0000000104927c4c _RNvCs9NA52FrZ4pF_7___rustc35___rust_no_alloc_shim_is_unstable_v2 + 535096
6   chromedriver                        0x000000010493ea68 _RNvCs9NA52FrZ4pF_7___rustc35___rust_no_alloc_shim_is_unstable_v2 + 628820
7   chromedriver                        0x00000001048f5354 _RNvCs9NA52FrZ4pF_7___rustc35___rust_no_alloc_shim_is_unstable_v2 + 328000
8   chromedriver                        0x0000000104dcd370 cxxbridge1$str$ptr + 2906052
9   chromedriver                        0x0000000104dd0af0 cxxbridge1$str$ptr + 2920260
10  chromedriver                        0x0000000104db42b0 cxxbridge1$str$ptr + 2803460
11  chromedriver                        0x0000000104dd1384 cxxbridge1$str$ptr + 2922456
12  chromedriver                        0x0000000104da57d0 cxxbridge1$str$ptr + 2743332
13  chromedriver                        0x0000000104df624c cxxbridge1$str$ptr + 3073696
14  chromedriver                        0x0000000104df63ac cxxbridge1$str$ptr + 3074048
15  chromedriver                        0x0000000104e06f04 cxxbridge1$str$ptr + 3142488
16  libsystem_pthread.dylib             0x000000018a435c58 _pthread_start + 136
17  libsystem_pthread.dylib             0x000000018a430c1c thread_start + 8

2026-06-18 14:03:18,453 [INFO]   🔄 DDG fallback: "Hotel Casa Santafé" Medellin email contacto
2026-06-18 14:03:19,068 [INFO] response: https://www.bing.com/search?q=%22Hotel+Casa+Santaf%C3%A9%22+Medellin+email+contacto 200
2026-06-18 14:03:20,494 [INFO] response: https://www.bing.com/search?q=%22Hotel+Casa+Santaf%C3%A9%22+Medellin+email+contacto&first=11&FORM=PERE 200
2026-06-18 14:03:21,656 [INFO] response: https://www.bing.com/search?q=%22Hotel+Casa+Santaf%C3%A9%22+Medellin+email+contacto&first=21&FORM=PERE1 200
2026-06-18 14:03:23,139 [INFO] response: https://www.bing.com/search?q=%22Hotel+Casa+Santaf%C3%A9%22+Medellin+email+contacto&first=31&FORM=PERE2 200
2026-06-18 14:03:24,525 [INFO] response: https://www.bing.com/search?q=%22Hotel+Casa+Santaf%C3%A9%22+Medellin+email+contacto&first=41&FORM=PERE3 200
2026-06-18 14:03:29,204 [INFO]   🌐 Visitando (ddg): https://www.marriott.com/es/hotels/bogwh-w-bogota/overview/
2026-06-18 14:20:44,401 [INFO]   🔍 DDG→Facebook: "Hotel Casa Santafé" Medellin site:facebook.com
2026-06-18 14:21:16,523 [INFO] response: https://www.bing.com/search?q=%22Hotel+Casa+Santaf%C3%A9%22+Medellin+site%3Afacebook.com 200
2026-06-18 14:21:16,751 [INFO] response: https://www.bing.com/search?q=%22Hotel+Casa+Santaf%C3%A9%22+Medellin+site%3Afacebook.com&first=11&FORM=PERE 200
2026-06-18 14:21:42,791 [INFO] response: https://www.bing.com/search?q=%22Hotel+Casa+Santaf%C3%A9%22+Medellin+site%3Afacebook.com&first=21&FORM=PERE1 200
2026-06-18 14:21:42,997 [INFO] response: https://www.bing.com/search?q=%22Hotel+Casa+Santaf%C3%A9%22+Medellin+site%3Afacebook.com&first=31&FORM=PERE2 200
2026-06-18 14:21:44,124 [INFO] response: https://www.bing.com/search?q=%22Hotel+Casa+Santaf%C3%A9%22+Medellin+site%3Afacebook.com&first=41&FORM=PERE3 200
2026-06-18 14:21:48,008 [INFO]   ❌ Sin resultado: Hotel Casa Santafé
2026-06-18 14:21:55,914 [INFO] 
[50/210] La Familia Hostel - Parque el Poblado (Medellin)
2026-06-18 14:21:55,914 [INFO]   🔍 Google: "La Familia Hostel - Parque el Poblado" Medellin email contacto
2026-06-18 14:21:55,916 [WARNING] Error navegando a Google: Message: invalid session id; For documentation on this error, please visit: https://www.selenium.dev/documentation/webdriver/troubleshooting/errors#invalidsessionidexception
Stacktrace:
0   chromedriver                        0x0000000104e0f1e4 cxxbridge1$str$ptr + 3175992
1   chromedriver                        0x0000000104e072ac cxxbridge1$str$ptr + 3143424
2   chromedriver                        0x00000001048b7178 _RNvCs9NA52FrZ4pF_7___rustc35___rust_no_alloc_shim_is_unstable_v2 + 73572
3   chromedriver                        0x00000001048f46c4 _RNvCs9NA52FrZ4pF_7___rustc35___rust_no_alloc_shim_is_unstable_v2 + 324784
4   chromedriver                        0x000000010491b068 _RNvCs9NA52FrZ4pF_7___rustc35___rust_no_alloc_shim_is_unstable_v2 + 482900
5   chromedriver                        0x000000010491a968 _RNvCs9NA52FrZ4pF_7___rustc35___rust_no_alloc_shim_is_unstable_v2 + 481108
6   chromedriver                        0x0000000104884fd8 chromedriver + 118744
7   chromedriver                        0x0000000104dcd370 cxxbridge1$str$ptr + 2906052
8   chromedriver                        0x0000000104dd0af0 cxxbridge1$str$ptr + 2920260
9   chromedriver                        0x0000000104db42b0 cxxbridge1$str$ptr + 2803460
10  chromedriver                        0x0000000104dd1384 cxxbridge1$str$ptr + 2922456
11  chromedriver                        0x0000000104da57d0 cxxbridge1$str$ptr + 2743332
12  chromedriver                        0x0000000104882d30 chromedriver + 109872
13  dyld                                0x000000018a077e00 start + 6992

2026-06-18 14:21:55,916 [INFO]   🔄 DDG fallback: "La Familia Hostel - Parque el Poblado" Medellin email contacto
2026-06-18 14:39:03,012 [INFO] response: https://www.bing.com/search?q=%22La+Familia+Hostel+-+Parque+el+Poblado%22+Medellin+email+contacto 200
2026-06-18 14:39:06,742 [INFO]   🔍 DDG→Facebook: "La Familia Hostel - Parque el Poblado" Medellin site:facebook.com
2026-06-18 14:40:06,498 [INFO] Error to search using bing backend: https://www.bing.com/search TimeoutError: error sending request for url (https://www.bing.com/search?q=%22La+Familia+Hostel+-+Parque+el+Poblado%22+Medellin+site%3Afacebook.com) > operation timed out
2026-06-18 14:40:06,499 [WARNING] DDG error: https://www.bing.com/search TimeoutError: error sending request for url (https://www.bing.com/search?q=%22La+Familia+Hostel+-+Parque+el+Poblado%22+Medellin+site%3Afacebook.com) > operation timed out
2026-06-18 14:40:06,499 [INFO]   ❌ Sin resultado: La Familia Hostel - Parque el Poblado
2026-06-18 14:40:39,111 [INFO] 
[51/210] Europa Suites Medellin (Medellin)
2026-06-18 14:40:39,111 [INFO]   🔍 Google: "Europa Suites Medellin" Medellin email contacto
2026-06-18 14:40:39,114 [WARNING] Error navegando a Google: Message: invalid session id; For documentation on this error, please visit: https://www.selenium.dev/documentation/webdriver/troubleshooting/errors#invalidsessionidexception
Stacktrace:
0   chromedriver                        0x0000000104e0f1e4 cxxbridge1$str$ptr + 3175992
1   chromedriver                        0x0000000104e072ac cxxbridge1$str$ptr + 3143424
2   chromedriver                        0x00000001048b7178 _RNvCs9NA52FrZ4pF_7___rustc35___rust_no_alloc_shim_is_unstable_v2 + 73572
3   chromedriver                        0x00000001048f46c4 _RNvCs9NA52FrZ4pF_7___rustc35___rust_no_alloc_shim_is_unstable_v2 + 324784
4   chromedriver                        0x000000010491b068 _RNvCs9NA52FrZ4pF_7___rustc35___rust_no_alloc_shim_is_unstable_v2 + 482900
5   chromedriver                        0x000000010491a968 _RNvCs9NA52FrZ4pF_7___rustc35___rust_no_alloc_shim_is_unstable_v2 + 481108
6   chromedriver                        0x0000000104884fd8 chromedriver + 118744
7   chromedriver                        0x0000000104dcd370 cxxbridge1$str$ptr + 2906052
8   chromedriver                        0x0000000104dd0af0 cxxbridge1$str$ptr + 2920260
9   chromedriver                        0x0000000104db42b0 cxxbridge1$str$ptr + 2803460
10  chromedriver                        0x0000000104dd1384 cxxbridge1$str$ptr + 2922456
11  chromedriver                        0x0000000104da57d0 cxxbridge1$str$ptr + 2743332
12  chromedriver                        0x0000000104882d30 chromedriver + 109872
13  dyld                                0x000000018a077e00 start + 6992

2026-06-18 14:40:39,114 [INFO]   🔄 DDG fallback: "Europa Suites Medellin" Medellin email contacto
2026-06-18 14:40:39,577 [INFO] response: https://www.bing.com/search?q=%22Europa+Suites+Medellin%22+Medellin+email+contacto 200
2026-06-18 14:40:42,118 [INFO]   🌐 Visitando (ddg): https://concepto.de/europa/
2026-06-18 14:56:34,162 [INFO]   🌐 Visitando (ddg): https://european-union.europa.eu/index_en
2026-06-18 14:56:40,738 [INFO]   ✅ Email en sitio: enquiries@chips-ju.europa.eu
2026-06-18 15:12:12,231 [INFO] 
[52/210] Vita Hotel Boutique (Medellin)
2026-06-18 15:12:12,232 [INFO]   🔍 Google: "Vita Hotel Boutique" Medellin email contacto
2026-06-18 15:12:12,236 [WARNING] Error navegando a Google: Message: invalid session id; For documentation on this error, please visit: https://www.selenium.dev/documentation/webdriver/troubleshooting/errors#invalidsessionidexception
Stacktrace:
0   chromedriver                        0x0000000104e0f1e4 cxxbridge1$str$ptr + 3175992
1   chromedriver                        0x0000000104e072ac cxxbridge1$str$ptr + 3143424
2   chromedriver                        0x00000001048b7178 _RNvCs9NA52FrZ4pF_7___rustc35___rust_no_alloc_shim_is_unstable_v2 + 73572
3   chromedriver                        0x00000001048f46c4 _RNvCs9NA52FrZ4pF_7___rustc35___rust_no_alloc_shim_is_unstable_v2 + 324784
4   chromedriver                        0x000000010491b068 _RNvCs9NA52FrZ4pF_7___rustc35___rust_no_alloc_shim_is_unstable_v2 + 482900
5   chromedriver                        0x000000010491a968 _RNvCs9NA52FrZ4pF_7___rustc35___rust_no_alloc_shim_is_unstable_v2 + 481108
6   chromedriver                        0x0000000104884fd8 chromedriver + 118744
7   chromedriver                        0x0000000104dcd370 cxxbridge1$str$ptr + 2906052
8   chromedriver                        0x0000000104dd0af0 cxxbridge1$str$ptr + 2920260
9   chromedriver                        0x0000000104db42b0 cxxbridge1$str$ptr + 2803460
10  chromedriver                        0x0000000104dd1384 cxxbridge1$str$ptr + 2922456
11  chromedriver                        0x0000000104da57d0 cxxbridge1$str$ptr + 2743332
12  chromedriver                        0x0000000104882d30 chromedriver + 109872
13  dyld                                0x000000018a077e00 start + 6992

2026-06-18 15:12:12,236 [INFO]   🔄 DDG fallback: "Vita Hotel Boutique" Medellin email contacto
2026-06-18 15:12:12,649 [INFO] response: https://www.bing.com/search?q=%22Vita+Hotel+Boutique%22+Medellin+email+contacto 200
2026-06-18 15:12:15,262 [INFO]   🔍 DDG→Facebook: "Vita Hotel Boutique" Medellin site:facebook.com
2026-06-18 15:12:41,339 [INFO] response: https://www.bing.com/search?q=%22Vita+Hotel+Boutique%22+Medellin+site%3Afacebook.com 200
2026-06-18 15:12:41,762 [INFO] response: https://www.bing.com/search?q=%22Vita+Hotel+Boutique%22+Medellin+site%3Afacebook.com&first=11&FORM=PERE 200
2026-06-18 15:12:43,127 [INFO] response: https://www.bing.com/search?q=%22Vita+Hotel+Boutique%22+Medellin+site%3Afacebook.com&first=21&FORM=PERE1 200
2026-06-18 15:12:44,315 [INFO] response: https://www.bing.com/search?q=%22Vita+Hotel+Boutique%22+Medellin+site%3Afacebook.com&first=31&FORM=PERE2 200
2026-06-18 15:12:45,473 [INFO] response: https://www.bing.com/search?q=%22Vita+Hotel+Boutique%22+Medellin+site%3Afacebook.com&first=41&FORM=PERE3 200
2026-06-18 15:13:13,923 [INFO]   ❌ Sin resultado: Vita Hotel Boutique
2026-06-18 15:13:18,517 [INFO] 
[53/210] Apparments Hotel Medellin (Medellin)
2026-06-18 15:13:18,517 [INFO]   🔍 Google: "Apparments Hotel Medellin" Medellin email contacto
2026-06-18 15:13:18,519 [WARNING] Error navegando a Google: Message: invalid session id; For documentation on this error, please visit: https://www.selenium.dev/documentation/webdriver/troubleshooting/errors#invalidsessionidexception
Stacktrace:
0   chromedriver                        0x0000000104e0f1e4 cxxbridge1$str$ptr + 3175992
1   chromedriver                        0x0000000104e072ac cxxbridge1$str$ptr + 3143424
2   chromedriver                        0x00000001048b7178 _RNvCs9NA52FrZ4pF_7___rustc35___rust_no_alloc_shim_is_unstable_v2 + 73572
3   chromedriver                        0x00000001048f46c4 _RNvCs9NA52FrZ4pF_7___rustc35___rust_no_alloc_shim_is_unstable_v2 + 324784
4   chromedriver                        0x000000010491b068 _RNvCs9NA52FrZ4pF_7___rustc35___rust_no_alloc_shim_is_unstable_v2 + 482900
5   chromedriver                        0x000000010491a968 _RNvCs9NA52FrZ4pF_7___rustc35___rust_no_alloc_shim_is_unstable_v2 + 481108
6   chromedriver                        0x0000000104884fd8 chromedriver + 118744
7   chromedriver                        0x0000000104dcd370 cxxbridge1$str$ptr + 2906052
8   chromedriver                        0x0000000104dd0af0 cxxbridge1$str$ptr + 2920260
9   chromedriver                        0x0000000104db42b0 cxxbridge1$str$ptr + 2803460
10  chromedriver                        0x0000000104dd1384 cxxbridge1$str$ptr + 2922456
11  chromedriver                        0x0000000104da57d0 cxxbridge1$str$ptr + 2743332
12  chromedriver                        0x0000000104882d30 chromedriver + 109872
13  dyld                                0x000000018a077e00 start + 6992

2026-06-18 15:13:18,520 [INFO]   🔄 DDG fallback: "Apparments Hotel Medellin" Medellin email contacto
2026-06-18 15:13:19,275 [INFO] response: https://www.bing.com/search?q=%22Apparments+Hotel+Medellin%22+Medellin+email+contacto 200
2026-06-18 15:13:47,376 [INFO]   🌐 Visitando (ddg): https://openai.com/index/chatgpt/
2026-06-18 15:48:49,789 [INFO]   🌐 Visitando (ddg): https://openai.com/
2026-06-18 16:06:46,457 [INFO]   🌐 Visitando (ddg): https://openai.com/index/gpt-4/
2026-06-18 16:25:19,746 [INFO]   🔍 DDG→Facebook: "Apparments Hotel Medellin" Medellin site:facebook.com
2026-06-18 16:25:20,289 [INFO] response: https://www.bing.com/search?q=%22Apparments+Hotel+Medellin%22+Medellin+site%3Afacebook.com 200
2026-06-18 16:30:14,802 [INFO] Error to search using bing backend: https://www.bing.com/search TimeoutError: error sending request for url (https://www.bing.com/search?q=%22Apparments+Hotel+Medellin%22+Medellin+site%3Afacebook.com&first=11&FORM=PERE) > operation timed out
2026-06-18 16:30:14,802 [WARNING] DDG error: https://www.bing.com/search TimeoutError: error sending request for url (https://www.bing.com/search?q=%22Apparments+Hotel+Medellin%22+Medellin+site%3Afacebook.com&first=11&FORM=PERE) > operation timed out
2026-06-18 16:30:14,802 [INFO]   ❌ Sin resultado: Apparments Hotel Medellin
2026-06-18 16:30:14,804 [INFO]   📊 Progreso 53/210 | Emails: 11 | Sin resultado: 49
2026-06-18 16:47:31,486 [INFO] 
[54/210] Hotel Deinelis Inn Sas (Bosconia)
2026-06-18 16:47:31,487 [INFO]   🔍 Google: "Hotel Deinelis Inn" Bosconia email contacto
2026-06-18 16:47:31,488 [WARNING] Error navegando a Google: Message: invalid session id; For documentation on this error, please visit: https://www.selenium.dev/documentation/webdriver/troubleshooting/errors#invalidsessionidexception
Stacktrace:
0   chromedriver                        0x0000000104e0f1e4 cxxbridge1$str$ptr + 3175992
1   chromedriver                        0x0000000104e072ac cxxbridge1$str$ptr + 3143424
2   chromedriver                        0x00000001048b7178 _RNvCs9NA52FrZ4pF_7___rustc35___rust_no_alloc_shim_is_unstable_v2 + 73572
3   chromedriver                        0x00000001048f46c4 _RNvCs9NA52FrZ4pF_7___rustc35___rust_no_alloc_shim_is_unstable_v2 + 324784
4   chromedriver                        0x000000010491b068 _RNvCs9NA52FrZ4pF_7___rustc35___rust_no_alloc_shim_is_unstable_v2 + 482900
5   chromedriver                        0x000000010491a968 _RNvCs9NA52FrZ4pF_7___rustc35___rust_no_alloc_shim_is_unstable_v2 + 481108
6   chromedriver                        0x0000000104884fd8 chromedriver + 118744
7   chromedriver                        0x0000000104dcd370 cxxbridge1$str$ptr + 2906052
8   chromedriver                        0x0000000104dd0af0 cxxbridge1$str$ptr + 2920260
9   chromedriver                        0x0000000104db42b0 cxxbridge1$str$ptr + 2803460
10  chromedriver                        0x0000000104dd1384 cxxbridge1$str$ptr + 2922456
11  chromedriver                        0x0000000104da57d0 cxxbridge1$str$ptr + 2743332
12  chromedriver                        0x0000000104882d30 chromedriver + 109872
13  dyld                                0x000000018a077e00 start + 6992

2026-06-18 16:47:31,488 [INFO]   🔄 DDG fallback: "Hotel Deinelis Inn" Bosconia email contacto
2026-06-18 16:47:31,850 [INFO] response: https://www.bing.com/search?q=%22Hotel+Deinelis+Inn%22+Bosconia+email+contacto 200
2026-06-18 16:48:00,565 [INFO]   🔍 DDG→Facebook: "Hotel Deinelis Inn" Bosconia site:facebook.com
2026-06-18 16:48:01,362 [INFO] response: https://www.bing.com/search?q=%22Hotel+Deinelis+Inn%22+Bosconia+site%3Afacebook.com 200
2026-06-18 16:48:02,635 [INFO] response: https://www.bing.com/search?q=%22Hotel+Deinelis+Inn%22+Bosconia+site%3Afacebook.com&first=11&FORM=PERE 200
2026-06-18 16:48:03,902 [INFO] response: https://www.bing.com/search?q=%22Hotel+Deinelis+Inn%22+Bosconia+site%3Afacebook.com&first=21&FORM=PERE1 200
2026-06-18 16:48:04,929 [INFO] response: https://www.bing.com/search?q=%22Hotel+Deinelis+Inn%22+Bosconia+site%3Afacebook.com&first=31&FORM=PERE2 200
2026-06-18 16:48:30,869 [INFO] response: https://www.bing.com/search?q=%22Hotel+Deinelis+Inn%22+Bosconia+site%3Afacebook.com&first=41&FORM=PERE3 200
2026-06-18 16:48:33,772 [INFO]   ❌ Sin resultado: Hotel Deinelis Inn Sas
2026-06-18 16:48:39,258 [INFO] 
[55/210] Hoteles Estelar S A (Cali)
2026-06-18 16:48:39,258 [INFO]   🔍 Google: "Hoteles Estelar" Cali email contacto
2026-06-18 16:48:39,261 [WARNING] Error navegando a Google: Message: invalid session id; For documentation on this error, please visit: https://www.selenium.dev/documentation/webdriver/troubleshooting/errors#invalidsessionidexception
Stacktrace:
0   chromedriver                        0x0000000104e0f1e4 cxxbridge1$str$ptr + 3175992
1   chromedriver                        0x0000000104e072ac cxxbridge1$str$ptr + 3143424
2   chromedriver                        0x00000001048b7178 _RNvCs9NA52FrZ4pF_7___rustc35___rust_no_alloc_shim_is_unstable_v2 + 73572
3   chromedriver                        0x00000001048f46c4 _RNvCs9NA52FrZ4pF_7___rustc35___rust_no_alloc_shim_is_unstable_v2 + 324784
4   chromedriver                        0x000000010491b068 _RNvCs9NA52FrZ4pF_7___rustc35___rust_no_alloc_shim_is_unstable_v2 + 482900
5   chromedriver                        0x000000010491a968 _RNvCs9NA52FrZ4pF_7___rustc35___rust_no_alloc_shim_is_unstable_v2 + 481108
6   chromedriver                        0x0000000104884fd8 chromedriver + 118744
7   chromedriver                        0x0000000104dcd370 cxxbridge1$str$ptr + 2906052
8   chromedriver                        0x0000000104dd0af0 cxxbridge1$str$ptr + 2920260
9   chromedriver                        0x0000000104db42b0 cxxbridge1$str$ptr + 2803460
10  chromedriver                        0x0000000104dd1384 cxxbridge1$str$ptr + 2922456
11  chromedriver                        0x0000000104da57d0 cxxbridge1$str$ptr + 2743332
12  chromedriver                        0x0000000104882d30 chromedriver + 109872
13  dyld                                0x000000018a077e00 start + 6992

2026-06-18 16:48:39,261 [INFO]   🔄 DDG fallback: "Hoteles Estelar" Cali email contacto
2026-06-18 16:48:39,951 [INFO] response: https://www.bing.com/search?q=%22Hoteles+Estelar%22+Cali+email+contacto 200
2026-06-18 16:48:42,263 [INFO]   🔍 DDG→Facebook: "Hoteles Estelar" Cali site:facebook.com
2026-06-18 16:48:42,677 [INFO] response: https://www.bing.com/search?q=%22Hoteles+Estelar%22+Cali+site%3Afacebook.com 200
2026-06-18 16:48:43,633 [INFO] response: https://www.bing.com/search?q=%22Hoteles+Estelar%22+Cali+site%3Afacebook.com&first=11&FORM=PERE 200
2026-06-18 16:49:09,604 [INFO] response: https://www.bing.com/search?q=%22Hoteles+Estelar%22+Cali+site%3Afacebook.com&first=21&FORM=PERE1 200
2026-06-18 16:49:09,772 [INFO] response: https://www.bing.com/search?q=%22Hoteles+Estelar%22+Cali+site%3Afacebook.com&first=31&FORM=PERE2 200
2026-06-18 16:49:10,740 [INFO] response: https://www.bing.com/search?q=%22Hoteles+Estelar%22+Cali+site%3Afacebook.com&first=41&FORM=PERE3 200
2026-06-18 16:49:13,149 [INFO]   ❌ Sin resultado: Hoteles Estelar S A
2026-06-18 16:49:19,038 [INFO] 
[56/210] Hotel Mesa De Los Santos S A S (Piedecuesta)
2026-06-18 16:49:19,039 [INFO]   🔍 Google: "Hotel Mesa De Los Santos" Piedecuesta email contacto
2026-06-18 16:49:19,041 [WARNING] Error navegando a Google: Message: invalid session id; For documentation on this error, please visit: https://www.selenium.dev/documentation/webdriver/troubleshooting/errors#invalidsessionidexception
Stacktrace:
0   chromedriver                        0x0000000104e0f1e4 cxxbridge1$str$ptr + 3175992
1   chromedriver                        0x0000000104e072ac cxxbridge1$str$ptr + 3143424
2   chromedriver                        0x00000001048b7178 _RNvCs9NA52FrZ4pF_7___rustc35___rust_no_alloc_shim_is_unstable_v2 + 73572
3   chromedriver                        0x00000001048f46c4 _RNvCs9NA52FrZ4pF_7___rustc35___rust_no_alloc_shim_is_unstable_v2 + 324784
4   chromedriver                        0x000000010491b068 _RNvCs9NA52FrZ4pF_7___rustc35___rust_no_alloc_shim_is_unstable_v2 + 482900
5   chromedriver                        0x000000010491a968 _RNvCs9NA52FrZ4pF_7___rustc35___rust_no_alloc_shim_is_unstable_v2 + 481108
6   chromedriver                        0x0000000104884fd8 chromedriver + 118744
7   chromedriver                        0x0000000104dcd370 cxxbridge1$str$ptr + 2906052
8   chromedriver                        0x0000000104dd0af0 cxxbridge1$str$ptr + 2920260
9   chromedriver                        0x0000000104db42b0 cxxbridge1$str$ptr + 2803460
10  chromedriver                        0x0000000104dd1384 cxxbridge1$str$ptr + 2922456
11  chromedriver                        0x0000000104da57d0 cxxbridge1$str$ptr + 2743332
12  chromedriver                        0x0000000104882d30 chromedriver + 109872
13  dyld                                0x000000018a077e00 start + 6992

2026-06-18 16:49:19,041 [INFO]   🔄 DDG fallback: "Hotel Mesa De Los Santos" Piedecuesta email contacto
2026-06-18 16:49:19,737 [INFO] response: https://www.bing.com/search?q=%22Hotel+Mesa+De+Los+Santos%22+Piedecuesta+email+contacto 200
2026-06-18 16:49:47,783 [INFO]   🔍 DDG→Facebook: "Hotel Mesa De Los Santos" Piedecuesta site:facebook.com
2026-06-18 16:49:48,863 [INFO] response: https://www.bing.com/search?q=%22Hotel+Mesa+De+Los+Santos%22+Piedecuesta+site%3Afacebook.com 200
2026-06-18 16:49:50,187 [INFO] response: https://www.bing.com/search?q=%22Hotel+Mesa+De+Los+Santos%22+Piedecuesta+site%3Afacebook.com&first=11&FORM=PERE 200
2026-06-18 16:49:51,485 [INFO] response: https://www.bing.com/search?q=%22Hotel+Mesa+De+Los+Santos%22+Piedecuesta+site%3Afacebook.com&first=21&FORM=PERE1 200
2026-06-18 16:49:52,490 [INFO] response: https://www.bing.com/search?q=%22Hotel+Mesa+De+Los+Santos%22+Piedecuesta+site%3Afacebook.com&first=31&FORM=PERE2 200
2026-06-18 16:49:53,465 [INFO] response: https://www.bing.com/search?q=%22Hotel+Mesa+De+Los+Santos%22+Piedecuesta+site%3Afacebook.com&first=41&FORM=PERE3 200
2026-06-18 16:50:21,668 [INFO]   ❌ Sin resultado: Hotel Mesa De Los Santos S A S
2026-06-18 16:50:27,537 [INFO] 
[57/210] Sociedad Hotelera Tequendama S A (Bogota)
2026-06-18 16:50:27,537 [INFO]   🔍 Google: "Sociedad Hotelera Tequendama" Bogota email contacto
2026-06-18 16:50:27,539 [WARNING] Error navegando a Google: Message: invalid session id; For documentation on this error, please visit: https://www.selenium.dev/documentation/webdriver/troubleshooting/errors#invalidsessionidexception
Stacktrace:
0   chromedriver                        0x0000000104e0f1e4 cxxbridge1$str$ptr + 3175992
1   chromedriver                        0x0000000104e072ac cxxbridge1$str$ptr + 3143424
2   chromedriver                        0x00000001048b7178 _RNvCs9NA52FrZ4pF_7___rustc35___rust_no_alloc_shim_is_unstable_v2 + 73572
3   chromedriver                        0x00000001048f46c4 _RNvCs9NA52FrZ4pF_7___rustc35___rust_no_alloc_shim_is_unstable_v2 + 324784
4   chromedriver                        0x000000010491b068 _RNvCs9NA52FrZ4pF_7___rustc35___rust_no_alloc_shim_is_unstable_v2 + 482900
5   chromedriver                        0x000000010491a968 _RNvCs9NA52FrZ4pF_7___rustc35___rust_no_alloc_shim_is_unstable_v2 + 481108
6   chromedriver                        0x0000000104884fd8 chromedriver + 118744
7   chromedriver                        0x0000000104dcd370 cxxbridge1$str$ptr + 2906052
8   chromedriver                        0x0000000104dd0af0 cxxbridge1$str$ptr + 2920260
9   chromedriver                        0x0000000104db42b0 cxxbridge1$str$ptr + 2803460
10  chromedriver                        0x0000000104dd1384 cxxbridge1$str$ptr + 2922456
11  chromedriver                        0x0000000104da57d0 cxxbridge1$str$ptr + 2743332
12  chromedriver                        0x0000000104882d30 chromedriver + 109872
13  dyld                                0x000000018a077e00 start + 6992

2026-06-18 16:50:27,539 [INFO]   🔄 DDG fallback: "Sociedad Hotelera Tequendama" Bogota email contacto
2026-06-18 16:50:28,204 [INFO] response: https://www.bing.com/search?q=%22Sociedad+Hotelera+Tequendama%22+Bogota+email+contacto 200
2026-06-18 16:50:32,037 [INFO]   🔍 DDG→Facebook: "Sociedad Hotelera Tequendama" Bogota site:facebook.com
2026-06-18 16:50:32,360 [INFO] response: https://www.bing.com/search?q=%22Sociedad+Hotelera+Tequendama%22+Bogota+site%3Afacebook.com 200
2026-06-18 16:50:33,313 [INFO] response: https://www.bing.com/search?q=%22Sociedad+Hotelera+Tequendama%22+Bogota+site%3Afacebook.com&first=11&FORM=PERE 200
2026-06-18 16:50:59,494 [INFO] response: https://www.bing.com/search?q=%22Sociedad+Hotelera+Tequendama%22+Bogota+site%3Afacebook.com&first=21&FORM=PERE1 200
2026-06-18 16:50:59,697 [INFO] response: https://www.bing.com/search?q=%22Sociedad+Hotelera+Tequendama%22+Bogota+site%3Afacebook.com&first=31&FORM=PERE2 200
2026-06-18 16:51:00,725 [INFO] response: https://www.bing.com/search?q=%22Sociedad+Hotelera+Tequendama%22+Bogota+site%3Afacebook.com&first=41&FORM=PERE3 200
2026-06-18 16:51:03,015 [INFO]   ❌ Sin resultado: Sociedad Hotelera Tequendama S A
2026-06-18 16:51:10,256 [INFO] 
[58/210] Compania Hotelera De Cartagena De Indias S A (Cartagena)
2026-06-18 16:51:10,256 [INFO]   🔍 Google: "Compania Hotelera De Cartagena De Indias" Cartagena email contacto
2026-06-18 16:51:10,258 [WARNING] Error navegando a Google: Message: invalid session id; For documentation on this error, please visit: https://www.selenium.dev/documentation/webdriver/troubleshooting/errors#invalidsessionidexception
Stacktrace:
0   chromedriver                        0x0000000104e0f1e4 cxxbridge1$str$ptr + 3175992
1   chromedriver                        0x0000000104e072ac cxxbridge1$str$ptr + 3143424
2   chromedriver                        0x00000001048b7178 _RNvCs9NA52FrZ4pF_7___rustc35___rust_no_alloc_shim_is_unstable_v2 + 73572
3   chromedriver                        0x00000001048f46c4 _RNvCs9NA52FrZ4pF_7___rustc35___rust_no_alloc_shim_is_unstable_v2 + 324784
4   chromedriver                        0x000000010491b068 _RNvCs9NA52FrZ4pF_7___rustc35___rust_no_alloc_shim_is_unstable_v2 + 482900
5   chromedriver                        0x000000010491a968 _RNvCs9NA52FrZ4pF_7___rustc35___rust_no_alloc_shim_is_unstable_v2 + 481108
6   chromedriver                        0x0000000104884fd8 chromedriver + 118744
7   chromedriver                        0x0000000104dcd370 cxxbridge1$str$ptr + 2906052
8   chromedriver                        0x0000000104dd0af0 cxxbridge1$str$ptr + 2920260
9   chromedriver                        0x0000000104db42b0 cxxbridge1$str$ptr + 2803460
10  chromedriver                        0x0000000104dd1384 cxxbridge1$str$ptr + 2922456
11  chromedriver                        0x0000000104da57d0 cxxbridge1$str$ptr + 2743332
12  chromedriver                        0x0000000104882d30 chromedriver + 109872
13  dyld                                0x000000018a077e00 start + 6992

2026-06-18 16:51:10,259 [INFO]   🔄 DDG fallback: "Compania Hotelera De Cartagena De Indias" Cartagena email contacto
2026-06-18 16:51:10,549 [INFO] response: https://www.bing.com/search?q=%22Compania+Hotelera+De+Cartagena+De+Indias%22+Cartagena+email+contacto 200
2026-06-18 16:51:13,337 [INFO]   🔍 DDG→Facebook: "Compania Hotelera De Cartagena De Indias" Cartagena site:facebook.com
2026-06-18 16:51:13,603 [INFO] response: https://www.bing.com/search?q=%22Compania+Hotelera+De+Cartagena+De+Indias%22+Cartagena+site%3Afacebook.com 200
2026-06-18 16:51:14,552 [INFO] response: https://www.bing.com/search?q=%22Compania+Hotelera+De+Cartagena+De+Indias%22+Cartagena+site%3Afacebook.com&first=11&FORM=PERE 200
2026-06-18 16:51:15,554 [INFO] response: https://www.bing.com/search?q=%22Compania+Hotelera+De+Cartagena+De+Indias%22+Cartagena+site%3Afacebook.com&first=21&FORM=PERE1 200
2026-06-18 16:51:16,488 [INFO] response: https://www.bing.com/search?q=%22Compania+Hotelera+De+Cartagena+De+Indias%22+Cartagena+site%3Afacebook.com&first=31&FORM=PERE2 200
2026-06-18 16:51:17,470 [INFO] response: https://www.bing.com/search?q=%22Compania+Hotelera+De+Cartagena+De+Indias%22+Cartagena+site%3Afacebook.com&first=41&FORM=PERE3 200
2026-06-18 16:51:19,738 [INFO]   ❌ Sin resultado: Compania Hotelera De Cartagena De Indias S A
2026-06-18 16:51:19,740 [INFO]   📊 Progreso 58/210 | Emails: 11 | Sin resultado: 54
2026-06-18 16:51:24,835 [INFO] 
[59/210] Grupo Hotelero Mar Y Sol S A S (Cartagena)
2026-06-18 16:51:24,835 [INFO]   🔍 Google: "Grupo Hotelero Mar Y Sol" Cartagena email contacto
2026-06-18 16:51:24,837 [WARNING] Error navegando a Google: Message: invalid session id; For documentation on this error, please visit: https://www.selenium.dev/documentation/webdriver/troubleshooting/errors#invalidsessionidexception
Stacktrace:
0   chromedriver                        0x0000000104e0f1e4 cxxbridge1$str$ptr + 3175992
1   chromedriver                        0x0000000104e072ac cxxbridge1$str$ptr + 3143424
2   chromedriver                        0x00000001048b7178 _RNvCs9NA52FrZ4pF_7___rustc35___rust_no_alloc_shim_is_unstable_v2 + 73572
3   chromedriver                        0x00000001048f46c4 _RNvCs9NA52FrZ4pF_7___rustc35___rust_no_alloc_shim_is_unstable_v2 + 324784
4   chromedriver                        0x000000010491b068 _RNvCs9NA52FrZ4pF_7___rustc35___rust_no_alloc_shim_is_unstable_v2 + 482900
5   chromedriver                        0x000000010491a968 _RNvCs9NA52FrZ4pF_7___rustc35___rust_no_alloc_shim_is_unstable_v2 + 481108
6   chromedriver                        0x0000000104884fd8 chromedriver + 118744
7   chromedriver                        0x0000000104dcd370 cxxbridge1$str$ptr + 2906052
8   chromedriver                        0x0000000104dd0af0 cxxbridge1$str$ptr + 2920260
9   chromedriver                        0x0000000104db42b0 cxxbridge1$str$ptr + 2803460
10  chromedriver                        0x0000000104dd1384 cxxbridge1$str$ptr + 2922456
11  chromedriver                        0x0000000104da57d0 cxxbridge1$str$ptr + 2743332
12  chromedriver                        0x0000000104882d30 chromedriver + 109872
13  dyld                                0x000000018a077e00 start + 6992

2026-06-18 16:51:24,838 [INFO]   🔄 DDG fallback: "Grupo Hotelero Mar Y Sol" Cartagena email contacto
2026-06-18 16:51:25,753 [INFO] response: https://www.bing.com/search?q=%22Grupo+Hotelero+Mar+Y+Sol%22+Cartagena+email+contacto 200
2026-06-18 17:06:57,193 [INFO]   🌐 Visitando (ddg): https://concepto.de/grupo/
2026-06-18 17:29:36,585 [INFO]   🌐 Visitando (ddg): https://enciclopediauniversal.com/grupo/
2026-06-18 17:30:15,045 [INFO]   🔍 DDG→Facebook: "Grupo Hotelero Mar Y Sol" Cartagena site:facebook.com
2026-06-18 17:38:13,923 [INFO] response: https://www.bing.com/search?q=%22Grupo+Hotelero+Mar+Y+Sol%22+Cartagena+site%3Afacebook.com 200
2026-06-18 17:38:14,153 [INFO] response: https://www.bing.com/search?q=%22Grupo+Hotelero+Mar+Y+Sol%22+Cartagena+site%3Afacebook.com&first=11&FORM=PERE 200
2026-06-18 17:38:15,377 [INFO] response: https://www.bing.com/search?q=%22Grupo+Hotelero+Mar+Y+Sol%22+Cartagena+site%3Afacebook.com&first=21&FORM=PERE1 200
2026-06-18 17:38:16,813 [INFO] response: https://www.bing.com/search?q=%22Grupo+Hotelero+Mar+Y+Sol%22+Cartagena+site%3Afacebook.com&first=31&FORM=PERE2 200
2026-06-18 17:38:17,866 [INFO] response: https://www.bing.com/search?q=%22Grupo+Hotelero+Mar+Y+Sol%22+Cartagena+site%3Afacebook.com&first=41&FORM=PERE3 200
2026-06-18 17:38:21,741 [INFO]   ❌ Sin resultado: Grupo Hotelero Mar Y Sol S A S
2026-06-18 17:38:26,248 [INFO] 
[60/210] Industrial Hotelera Y Alimentos Sas Dialimentos Sas (Bogota)
2026-06-18 17:38:26,249 [INFO]   🔍 Google: "Industrial Hotelera Y Alimentos" Bogota email contacto
2026-06-18 17:38:26,252 [WARNING] Error navegando a Google: Message: invalid session id; For documentation on this error, please visit: https://www.selenium.dev/documentation/webdriver/troubleshooting/errors#invalidsessionidexception
Stacktrace:
0   chromedriver                        0x0000000104e0f1e4 cxxbridge1$str$ptr + 3175992
1   chromedriver                        0x0000000104e072ac cxxbridge1$str$ptr + 3143424
2   chromedriver                        0x00000001048b7178 _RNvCs9NA52FrZ4pF_7___rustc35___rust_no_alloc_shim_is_unstable_v2 + 73572
3   chromedriver                        0x00000001048f46c4 _RNvCs9NA52FrZ4pF_7___rustc35___rust_no_alloc_shim_is_unstable_v2 + 324784
4   chromedriver                        0x000000010491b068 _RNvCs9NA52FrZ4pF_7___rustc35___rust_no_alloc_shim_is_unstable_v2 + 482900
5   chromedriver                        0x000000010491a968 _RNvCs9NA52FrZ4pF_7___rustc35___rust_no_alloc_shim_is_unstable_v2 + 481108
6   chromedriver                        0x0000000104884fd8 chromedriver + 118744
7   chromedriver                        0x0000000104dcd370 cxxbridge1$str$ptr + 2906052
8   chromedriver                        0x0000000104dd0af0 cxxbridge1$str$ptr + 2920260
9   chromedriver                        0x0000000104db42b0 cxxbridge1$str$ptr + 2803460
10  chromedriver                        0x0000000104dd1384 cxxbridge1$str$ptr + 2922456
11  chromedriver                        0x0000000104da57d0 cxxbridge1$str$ptr + 2743332
12  chromedriver                        0x0000000104882d30 chromedriver + 109872
13  dyld                                0x000000018a077e00 start + 6992

2026-06-18 17:38:26,253 [INFO]   🔄 DDG fallback: "Industrial Hotelera Y Alimentos" Bogota email contacto
2026-06-18 17:38:26,522 [INFO] response: https://www.bing.com/search?q=%22Industrial+Hotelera+Y+Alimentos%22+Bogota+email+contacto 200
2026-06-18 17:38:29,665 [INFO]   🔍 DDG→Facebook: "Industrial Hotelera Y Alimentos" Bogota site:facebook.com
2026-06-18 17:38:29,996 [INFO] response: https://www.bing.com/search?q=%22Industrial+Hotelera+Y+Alimentos%22+Bogota+site%3Afacebook.com 200
2026-06-18 17:38:31,066 [INFO] response: https://www.bing.com/search?q=%22Industrial+Hotelera+Y+Alimentos%22+Bogota+site%3Afacebook.com&first=11&FORM=PERE 200
2026-06-18 17:38:32,089 [INFO] response: https://www.bing.com/search?q=%22Industrial+Hotelera+Y+Alimentos%22+Bogota+site%3Afacebook.com&first=21&FORM=PERE1 200
2026-06-18 17:38:33,098 [INFO] response: https://www.bing.com/search?q=%22Industrial+Hotelera+Y+Alimentos%22+Bogota+site%3Afacebook.com&first=31&FORM=PERE2 200
2026-06-18 17:38:34,100 [INFO] response: https://www.bing.com/search?q=%22Industrial+Hotelera+Y+Alimentos%22+Bogota+site%3Afacebook.com&first=41&FORM=PERE3 200
2026-06-18 17:38:37,561 [INFO]   ❌ Sin resultado: Industrial Hotelera Y Alimentos Sas Dialimentos Sas
2026-06-18 17:38:43,747 [INFO] 
[61/210] Inversiones Hoteleras Alamedas Y Compania Ltda (Monteria)
2026-06-18 17:38:43,748 [INFO]   🔍 Google: "Inversiones Hoteleras Alamedas" Monteria email contacto
2026-06-18 17:38:43,749 [WARNING] Error navegando a Google: Message: invalid session id; For documentation on this error, please visit: https://www.selenium.dev/documentation/webdriver/troubleshooting/errors#invalidsessionidexception
Stacktrace:
0   chromedriver                        0x0000000104e0f1e4 cxxbridge1$str$ptr + 3175992
1   chromedriver                        0x0000000104e072ac cxxbridge1$str$ptr + 3143424
2   chromedriver                        0x00000001048b7178 _RNvCs9NA52FrZ4pF_7___rustc35___rust_no_alloc_shim_is_unstable_v2 + 73572
3   chromedriver                        0x00000001048f46c4 _RNvCs9NA52FrZ4pF_7___rustc35___rust_no_alloc_shim_is_unstable_v2 + 324784
4   chromedriver                        0x000000010491b068 _RNvCs9NA52FrZ4pF_7___rustc35___rust_no_alloc_shim_is_unstable_v2 + 482900
5   chromedriver                        0x000000010491a968 _RNvCs9NA52FrZ4pF_7___rustc35___rust_no_alloc_shim_is_unstable_v2 + 481108
6   chromedriver                        0x0000000104884fd8 chromedriver + 118744
7   chromedriver                        0x0000000104dcd370 cxxbridge1$str$ptr + 2906052
8   chromedriver                        0x0000000104dd0af0 cxxbridge1$str$ptr + 2920260
9   chromedriver                        0x0000000104db42b0 cxxbridge1$str$ptr + 2803460
10  chromedriver                        0x0000000104dd1384 cxxbridge1$str$ptr + 2922456
11  chromedriver                        0x0000000104da57d0 cxxbridge1$str$ptr + 2743332
12  chromedriver                        0x0000000104882d30 chromedriver + 109872
13  dyld                                0x000000018a077e00 start + 6992

2026-06-18 17:38:43,750 [INFO]   🔄 DDG fallback: "Inversiones Hoteleras Alamedas" Monteria email contacto
2026-06-18 17:38:44,123 [INFO] response: https://www.bing.com/search?q=%22Inversiones+Hoteleras+Alamedas%22+Monteria+email+contacto 200
2026-06-18 17:38:47,013 [INFO]   🔍 DDG→Facebook: "Inversiones Hoteleras Alamedas" Monteria site:facebook.com
2026-06-18 17:38:47,329 [INFO] response: https://www.bing.com/search?q=%22Inversiones+Hoteleras+Alamedas%22+Monteria+site%3Afacebook.com 200
2026-06-18 17:38:48,337 [INFO] response: https://www.bing.com/search?q=%22Inversiones+Hoteleras+Alamedas%22+Monteria+site%3Afacebook.com&first=11&FORM=PERE 200
2026-06-18 17:38:49,552 [INFO] response: https://www.bing.com/search?q=%22Inversiones+Hoteleras+Alamedas%22+Monteria+site%3Afacebook.com&first=21&FORM=PERE1 200
2026-06-18 17:38:50,608 [INFO] response: https://www.bing.com/search?q=%22Inversiones+Hoteleras+Alamedas%22+Monteria+site%3Afacebook.com&first=31&FORM=PERE2 200
2026-06-18 17:38:51,721 [INFO] response: https://www.bing.com/search?q=%22Inversiones+Hoteleras+Alamedas%22+Monteria+site%3Afacebook.com&first=41&FORM=PERE3 200
2026-06-18 17:38:54,182 [INFO]   ❌ Sin resultado: Inversiones Hoteleras Alamedas Y Compania Ltda
2026-06-18 17:38:59,270 [INFO] 
[62/210] Accorhotels Colombia S A (Bogota)
2026-06-18 17:38:59,270 [INFO]   🔍 Google: "Accorhotels Colombia" Bogota email contacto
2026-06-18 17:38:59,273 [WARNING] Error navegando a Google: Message: invalid session id; For documentation on this error, please visit: https://www.selenium.dev/documentation/webdriver/troubleshooting/errors#invalidsessionidexception
Stacktrace:
0   chromedriver                        0x0000000104e0f1e4 cxxbridge1$str$ptr + 3175992
1   chromedriver                        0x0000000104e072ac cxxbridge1$str$ptr + 3143424
2   chromedriver                        0x00000001048b7178 _RNvCs9NA52FrZ4pF_7___rustc35___rust_no_alloc_shim_is_unstable_v2 + 73572
3   chromedriver                        0x00000001048f46c4 _RNvCs9NA52FrZ4pF_7___rustc35___rust_no_alloc_shim_is_unstable_v2 + 324784
4   chromedriver                        0x000000010491b068 _RNvCs9NA52FrZ4pF_7___rustc35___rust_no_alloc_shim_is_unstable_v2 + 482900
5   chromedriver                        0x000000010491a968 _RNvCs9NA52FrZ4pF_7___rustc35___rust_no_alloc_shim_is_unstable_v2 + 481108
6   chromedriver                        0x0000000104884fd8 chromedriver + 118744
7   chromedriver                        0x0000000104dcd370 cxxbridge1$str$ptr + 2906052
8   chromedriver                        0x0000000104dd0af0 cxxbridge1$str$ptr + 2920260
9   chromedriver                        0x0000000104db42b0 cxxbridge1$str$ptr + 2803460
10  chromedriver                        0x0000000104dd1384 cxxbridge1$str$ptr + 2922456
11  chromedriver                        0x0000000104da57d0 cxxbridge1$str$ptr + 2743332
12  chromedriver                        0x0000000104882d30 chromedriver + 109872
13  dyld                                0x000000018a077e00 start + 6992

2026-06-18 17:38:59,273 [INFO]   🔄 DDG fallback: "Accorhotels Colombia" Bogota email contacto
2026-06-18 17:39:04,602 [INFO] response: https://www.bing.com/search?q=%22Accorhotels+Colombia%22+Bogota+email+contacto 200
2026-06-18 17:39:08,322 [INFO]   🌐 Visitando (ddg): http://cacfp-apps.dss.sc.gov/
2026-06-18 17:39:35,390 [INFO]   🌐 Visitando (ddg): https://cacfp-apps.dss.sc.gov/WelcomeSNPM.aspx
2026-06-18 17:40:25,298 [INFO]   🌐 Visitando (ddg): https://info.cacfp.org/MIC/Login
2026-06-18 17:40:29,614 [INFO]   ✅ Email en sitio: nca@cacfp.org
2026-06-18 17:40:35,718 [INFO] 
[63/210] Sociedad Hotelera Cien Internacional S A (Bogota)
2026-06-18 17:40:35,718 [INFO]   🔍 Google: "Sociedad Hotelera Cien Internacional" Bogota email contacto
2026-06-18 17:40:35,720 [WARNING] Error navegando a Google: Message: invalid session id; For documentation on this error, please visit: https://www.selenium.dev/documentation/webdriver/troubleshooting/errors#invalidsessionidexception
Stacktrace:
0   chromedriver                        0x0000000104e0f1e4 cxxbridge1$str$ptr + 3175992
1   chromedriver                        0x0000000104e072ac cxxbridge1$str$ptr + 3143424
2   chromedriver                        0x00000001048b7178 _RNvCs9NA52FrZ4pF_7___rustc35___rust_no_alloc_shim_is_unstable_v2 + 73572
3   chromedriver                        0x00000001048f46c4 _RNvCs9NA52FrZ4pF_7___rustc35___rust_no_alloc_shim_is_unstable_v2 + 324784
4   chromedriver                        0x000000010491b068 _RNvCs9NA52FrZ4pF_7___rustc35___rust_no_alloc_shim_is_unstable_v2 + 482900
5   chromedriver                        0x000000010491a968 _RNvCs9NA52FrZ4pF_7___rustc35___rust_no_alloc_shim_is_unstable_v2 + 481108
6   chromedriver                        0x0000000104884fd8 chromedriver + 118744
7   chromedriver                        0x0000000104dcd370 cxxbridge1$str$ptr + 2906052
8   chromedriver                        0x0000000104dd0af0 cxxbridge1$str$ptr + 2920260
9   chromedriver                        0x0000000104db42b0 cxxbridge1$str$ptr + 2803460
10  chromedriver                        0x0000000104dd1384 cxxbridge1$str$ptr + 2922456
11  chromedriver                        0x0000000104da57d0 cxxbridge1$str$ptr + 2743332
12  chromedriver                        0x0000000104882d30 chromedriver + 109872
13  dyld                                0x000000018a077e00 start + 6992

2026-06-18 17:40:35,720 [INFO]   🔄 DDG fallback: "Sociedad Hotelera Cien Internacional" Bogota email contacto
2026-06-18 17:40:36,264 [INFO] response: https://www.bing.com/search?q=%22Sociedad+Hotelera+Cien+Internacional%22+Bogota+email+contacto 200
2026-06-18 17:40:39,188 [INFO]   🔍 DDG→Facebook: "Sociedad Hotelera Cien Internacional" Bogota site:facebook.com
2026-06-18 17:40:39,483 [INFO] response: https://www.bing.com/search?q=%22Sociedad+Hotelera+Cien+Internacional%22+Bogota+site%3Afacebook.com 200
2026-06-18 17:40:40,453 [INFO] response: https://www.bing.com/search?q=%22Sociedad+Hotelera+Cien+Internacional%22+Bogota+site%3Afacebook.com&first=11&FORM=PERE 200
2026-06-18 17:40:41,524 [INFO] response: https://www.bing.com/search?q=%22Sociedad+Hotelera+Cien+Internacional%22+Bogota+site%3Afacebook.com&first=21&FORM=PERE1 200
2026-06-18 17:40:42,503 [INFO] response: https://www.bing.com/search?q=%22Sociedad+Hotelera+Cien+Internacional%22+Bogota+site%3Afacebook.com&first=31&FORM=PERE2 200
2026-06-18 17:40:43,447 [INFO] response: https://www.bing.com/search?q=%22Sociedad+Hotelera+Cien+Internacional%22+Bogota+site%3Afacebook.com&first=41&FORM=PERE3 200
2026-06-18 17:40:46,072 [INFO]   ❌ Sin resultado: Sociedad Hotelera Cien Internacional S A
2026-06-18 17:40:46,073 [INFO]   📊 Progreso 63/210 | Emails: 12 | Sin resultado: 58
2026-06-18 17:40:51,942 [INFO] 
[64/210] Hoteles De Lujo S A S (Medellin)
2026-06-18 17:40:51,942 [INFO]   🔍 Google: "Hoteles De Lujo" Medellin email contacto
2026-06-18 17:40:51,945 [WARNING] Error navegando a Google: Message: invalid session id; For documentation on this error, please visit: https://www.selenium.dev/documentation/webdriver/troubleshooting/errors#invalidsessionidexception
Stacktrace:
0   chromedriver                        0x0000000104e0f1e4 cxxbridge1$str$ptr + 3175992
1   chromedriver                        0x0000000104e072ac cxxbridge1$str$ptr + 3143424
2   chromedriver                        0x00000001048b7178 _RNvCs9NA52FrZ4pF_7___rustc35___rust_no_alloc_shim_is_unstable_v2 + 73572
3   chromedriver                        0x00000001048f46c4 _RNvCs9NA52FrZ4pF_7___rustc35___rust_no_alloc_shim_is_unstable_v2 + 324784
4   chromedriver                        0x000000010491b068 _RNvCs9NA52FrZ4pF_7___rustc35___rust_no_alloc_shim_is_unstable_v2 + 482900
5   chromedriver                        0x000000010491a968 _RNvCs9NA52FrZ4pF_7___rustc35___rust_no_alloc_shim_is_unstable_v2 + 481108
6   chromedriver                        0x0000000104884fd8 chromedriver + 118744
7   chromedriver                        0x0000000104dcd370 cxxbridge1$str$ptr + 2906052
8   chromedriver                        0x0000000104dd0af0 cxxbridge1$str$ptr + 2920260
9   chromedriver                        0x0000000104db42b0 cxxbridge1$str$ptr + 2803460
10  chromedriver                        0x0000000104dd1384 cxxbridge1$str$ptr + 2922456
11  chromedriver                        0x0000000104da57d0 cxxbridge1$str$ptr + 2743332
12  chromedriver                        0x0000000104882d30 chromedriver + 109872
13  dyld                                0x000000018a077e00 start + 6992

2026-06-18 17:40:51,945 [INFO]   🔄 DDG fallback: "Hoteles De Lujo" Medellin email contacto
2026-06-18 17:40:52,299 [INFO] response: https://www.bing.com/search?q=%22Hoteles+De+Lujo%22+Medellin+email+contacto 200
2026-06-18 17:40:56,075 [INFO]   🔍 DDG→Facebook: "Hoteles De Lujo" Medellin site:facebook.com
2026-06-18 17:40:56,388 [INFO] response: https://www.bing.com/search?q=%22Hoteles+De+Lujo%22+Medellin+site%3Afacebook.com 200
2026-06-18 17:40:57,428 [INFO] response: https://www.bing.com/search?q=%22Hoteles+De+Lujo%22+Medellin+site%3Afacebook.com&first=11&FORM=PERE 200
2026-06-18 17:40:58,455 [INFO] response: https://www.bing.com/search?q=%22Hoteles+De+Lujo%22+Medellin+site%3Afacebook.com&first=21&FORM=PERE1 200
2026-06-18 17:40:59,714 [INFO] response: https://www.bing.com/search?q=%22Hoteles+De+Lujo%22+Medellin+site%3Afacebook.com&first=31&FORM=PERE2 200
2026-06-18 17:41:00,841 [INFO] response: https://www.bing.com/search?q=%22Hoteles+De+Lujo%22+Medellin+site%3Afacebook.com&first=41&FORM=PERE3 200
2026-06-18 17:41:04,067 [INFO]   ❌ Sin resultado: Hoteles De Lujo S A S
2026-06-18 17:41:08,578 [INFO] 
[65/210] Operadora Hoteles Alko S A S (Cali)
2026-06-18 17:41:08,579 [INFO]   🔍 Google: "Operadora Hoteles Alko" Cali email contacto
2026-06-18 17:41:08,581 [WARNING] Error navegando a Google: Message: invalid session id; For documentation on this error, please visit: https://www.selenium.dev/documentation/webdriver/troubleshooting/errors#invalidsessionidexception
Stacktrace:
0   chromedriver                        0x0000000104e0f1e4 cxxbridge1$str$ptr + 3175992
1   chromedriver                        0x0000000104e072ac cxxbridge1$str$ptr + 3143424
2   chromedriver                        0x00000001048b7178 _RNvCs9NA52FrZ4pF_7___rustc35___rust_no_alloc_shim_is_unstable_v2 + 73572
3   chromedriver                        0x00000001048f46c4 _RNvCs9NA52FrZ4pF_7___rustc35___rust_no_alloc_shim_is_unstable_v2 + 324784
4   chromedriver                        0x000000010491b068 _RNvCs9NA52FrZ4pF_7___rustc35___rust_no_alloc_shim_is_unstable_v2 + 482900
5   chromedriver                        0x000000010491a968 _RNvCs9NA52FrZ4pF_7___rustc35___rust_no_alloc_shim_is_unstable_v2 + 481108
6   chromedriver                        0x0000000104884fd8 chromedriver + 118744
7   chromedriver                        0x0000000104dcd370 cxxbridge1$str$ptr + 2906052
8   chromedriver                        0x0000000104dd0af0 cxxbridge1$str$ptr + 2920260
9   chromedriver                        0x0000000104db42b0 cxxbridge1$str$ptr + 2803460
10  chromedriver                        0x0000000104dd1384 cxxbridge1$str$ptr + 2922456
11  chromedriver                        0x0000000104da57d0 cxxbridge1$str$ptr + 2743332
12  chromedriver                        0x0000000104882d30 chromedriver + 109872
13  dyld                                0x000000018a077e00 start + 6992

2026-06-18 17:41:08,581 [INFO]   🔄 DDG fallback: "Operadora Hoteles Alko" Cali email contacto
2026-06-18 17:41:13,903 [INFO] response: https://www.bing.com/search?q=%22Operadora+Hoteles+Alko%22+Cali+email+contacto 200
2026-06-18 17:41:17,504 [INFO]   🔍 DDG→Facebook: "Operadora Hoteles Alko" Cali site:facebook.com
2026-06-18 17:41:17,955 [INFO] response: https://www.bing.com/search?q=%22Operadora+Hoteles+Alko%22+Cali+site%3Afacebook.com 200
2026-06-18 17:41:18,939 [INFO] response: https://www.bing.com/search?q=%22Operadora+Hoteles+Alko%22+Cali+site%3Afacebook.com&first=11&FORM=PERE 200
2026-06-18 17:41:19,973 [INFO] response: https://www.bing.com/search?q=%22Operadora+Hoteles+Alko%22+Cali+site%3Afacebook.com&first=21&FORM=PERE1 200
2026-06-18 17:41:20,985 [INFO] response: https://www.bing.com/search?q=%22Operadora+Hoteles+Alko%22+Cali+site%3Afacebook.com&first=31&FORM=PERE2 200
2026-06-18 17:41:21,979 [INFO] response: https://www.bing.com/search?q=%22Operadora+Hoteles+Alko%22+Cali+site%3Afacebook.com&first=41&FORM=PERE3 200
2026-06-18 17:41:25,160 [INFO]   ❌ Sin resultado: Operadora Hoteles Alko S A S
2026-06-18 17:41:32,949 [INFO] 
[66/210] Chapter Hotels Sas (Medellin)
2026-06-18 17:41:32,950 [INFO]   🔍 Google: "Chapter Hotels" Medellin email contacto
2026-06-18 17:41:32,952 [WARNING] Error navegando a Google: Message: invalid session id; For documentation on this error, please visit: https://www.selenium.dev/documentation/webdriver/troubleshooting/errors#invalidsessionidexception
Stacktrace:
0   chromedriver                        0x0000000104e0f1e4 cxxbridge1$str$ptr + 3175992
1   chromedriver                        0x0000000104e072ac cxxbridge1$str$ptr + 3143424
2   chromedriver                        0x00000001048b7178 _RNvCs9NA52FrZ4pF_7___rustc35___rust_no_alloc_shim_is_unstable_v2 + 73572
3   chromedriver                        0x00000001048f46c4 _RNvCs9NA52FrZ4pF_7___rustc35___rust_no_alloc_shim_is_unstable_v2 + 324784
4   chromedriver                        0x000000010491b068 _RNvCs9NA52FrZ4pF_7___rustc35___rust_no_alloc_shim_is_unstable_v2 + 482900
5   chromedriver                        0x000000010491a968 _RNvCs9NA52FrZ4pF_7___rustc35___rust_no_alloc_shim_is_unstable_v2 + 481108
6   chromedriver                        0x0000000104884fd8 chromedriver + 118744
7   chromedriver                        0x0000000104dcd370 cxxbridge1$str$ptr + 2906052
8   chromedriver                        0x0000000104dd0af0 cxxbridge1$str$ptr + 2920260
9   chromedriver                        0x0000000104db42b0 cxxbridge1$str$ptr + 2803460
10  chromedriver                        0x0000000104dd1384 cxxbridge1$str$ptr + 2922456
11  chromedriver                        0x0000000104da57d0 cxxbridge1$str$ptr + 2743332
12  chromedriver                        0x0000000104882d30 chromedriver + 109872
13  dyld                                0x000000018a077e00 start + 6992

2026-06-18 17:41:32,952 [INFO]   🔄 DDG fallback: "Chapter Hotels" Medellin email contacto
2026-06-18 17:41:33,276 [INFO] response: https://www.bing.com/search?q=%22Chapter+Hotels%22+Medellin+email+contacto 200
2026-06-18 17:41:36,426 [INFO]   🔍 DDG→Facebook: "Chapter Hotels" Medellin site:facebook.com
2026-06-18 17:41:41,802 [INFO] response: https://www.bing.com/search?q=%22Chapter+Hotels%22+Medellin+site%3Afacebook.com 200
2026-06-18 17:41:43,065 [INFO] response: https://www.bing.com/search?q=%22Chapter+Hotels%22+Medellin+site%3Afacebook.com&first=11&FORM=PERE 200
2026-06-18 17:41:44,044 [INFO] response: https://www.bing.com/search?q=%22Chapter+Hotels%22+Medellin+site%3Afacebook.com&first=21&FORM=PERE1 200
2026-06-18 17:41:45,034 [INFO] response: https://www.bing.com/search?q=%22Chapter+Hotels%22+Medellin+site%3Afacebook.com&first=31&FORM=PERE2 200
2026-06-18 17:41:46,031 [INFO] response: https://www.bing.com/search?q=%22Chapter+Hotels%22+Medellin+site%3Afacebook.com&first=41&FORM=PERE3 200
2026-06-18 17:41:48,558 [INFO]   ❌ Sin resultado: Chapter Hotels Sas
2026-06-18 17:41:54,441 [INFO] 
[67/210] Inversiones Hoteleras Wg Cartagena S A S (Cartagena)
2026-06-18 17:41:54,441 [INFO]   🔍 Google: "Inversiones Hoteleras Wg Cartagena" Cartagena email contacto
2026-06-18 17:41:54,444 [WARNING] Error navegando a Google: Message: invalid session id; For documentation on this error, please visit: https://www.selenium.dev/documentation/webdriver/troubleshooting/errors#invalidsessionidexception
Stacktrace:
0   chromedriver                        0x0000000104e0f1e4 cxxbridge1$str$ptr + 3175992
1   chromedriver                        0x0000000104e072ac cxxbridge1$str$ptr + 3143424
2   chromedriver                        0x00000001048b7178 _RNvCs9NA52FrZ4pF_7___rustc35___rust_no_alloc_shim_is_unstable_v2 + 73572
3   chromedriver                        0x00000001048f46c4 _RNvCs9NA52FrZ4pF_7___rustc35___rust_no_alloc_shim_is_unstable_v2 + 324784
4   chromedriver                        0x000000010491b068 _RNvCs9NA52FrZ4pF_7___rustc35___rust_no_alloc_shim_is_unstable_v2 + 482900
5   chromedriver                        0x000000010491a968 _RNvCs9NA52FrZ4pF_7___rustc35___rust_no_alloc_shim_is_unstable_v2 + 481108
6   chromedriver                        0x0000000104884fd8 chromedriver + 118744
7   chromedriver                        0x0000000104dcd370 cxxbridge1$str$ptr + 2906052
8   chromedriver                        0x0000000104dd0af0 cxxbridge1$str$ptr + 2920260
9   chromedriver                        0x0000000104db42b0 cxxbridge1$str$ptr + 2803460
10  chromedriver                        0x0000000104dd1384 cxxbridge1$str$ptr + 2922456
11  chromedriver                        0x0000000104da57d0 cxxbridge1$str$ptr + 2743332
12  chromedriver                        0x0000000104882d30 chromedriver + 109872
13  dyld                                0x000000018a077e00 start + 6992

2026-06-18 17:41:54,444 [INFO]   🔄 DDG fallback: "Inversiones Hoteleras Wg Cartagena" Cartagena email contacto
2026-06-18 17:41:54,743 [INFO] response: https://www.bing.com/search?q=%22Inversiones+Hoteleras+Wg+Cartagena%22+Cartagena+email+contacto 200
2026-06-18 17:41:57,286 [INFO]   🌐 Visitando (ddg): https://www.pichincha.com/detalle-catalogo/personas-inversiones
2026-06-18 17:42:18,635 [INFO]   🌐 Visitando (ddg): https://www.produbanco.com.ec/banca-personas/inversiones/
2026-06-18 17:42:31,569 [INFO]   🔍 DDG→Facebook: "Inversiones Hoteleras Wg Cartagena" Cartagena site:facebook.com
2026-06-18 17:42:31,862 [INFO] response: https://www.bing.com/search?q=%22Inversiones+Hoteleras+Wg+Cartagena%22+Cartagena+site%3Afacebook.com 200
2026-06-18 17:42:32,842 [INFO] response: https://www.bing.com/search?q=%22Inversiones+Hoteleras+Wg+Cartagena%22+Cartagena+site%3Afacebook.com&first=11&FORM=PERE 200
2026-06-18 17:42:33,914 [INFO] response: https://www.bing.com/search?q=%22Inversiones+Hoteleras+Wg+Cartagena%22+Cartagena+site%3Afacebook.com&first=21&FORM=PERE1 200
2026-06-18 17:42:34,889 [INFO] response: https://www.bing.com/search?q=%22Inversiones+Hoteleras+Wg+Cartagena%22+Cartagena+site%3Afacebook.com&first=31&FORM=PERE2 200
2026-06-18 17:42:35,930 [INFO] response: https://www.bing.com/search?q=%22Inversiones+Hoteleras+Wg+Cartagena%22+Cartagena+site%3Afacebook.com&first=41&FORM=PERE3 200
2026-06-18 17:42:39,395 [INFO]   ❌ Sin resultado: Inversiones Hoteleras Wg Cartagena S A S
2026-06-18 17:42:46,090 [INFO] 
[68/210] Cia Hotelera Andes Plaza S A S (Bogota)
2026-06-18 17:42:46,090 [INFO]   🔍 Google: "Cia Hotelera Andes Plaza" Bogota email contacto
2026-06-18 17:42:46,092 [WARNING] Error navegando a Google: Message: invalid session id; For documentation on this error, please visit: https://www.selenium.dev/documentation/webdriver/troubleshooting/errors#invalidsessionidexception
Stacktrace:
0   chromedriver                        0x0000000104e0f1e4 cxxbridge1$str$ptr + 3175992
1   chromedriver                        0x0000000104e072ac cxxbridge1$str$ptr + 3143424
2   chromedriver                        0x00000001048b7178 _RNvCs9NA52FrZ4pF_7___rustc35___rust_no_alloc_shim_is_unstable_v2 + 73572
3   chromedriver                        0x00000001048f46c4 _RNvCs9NA52FrZ4pF_7___rustc35___rust_no_alloc_shim_is_unstable_v2 + 324784
4   chromedriver                        0x000000010491b068 _RNvCs9NA52FrZ4pF_7___rustc35___rust_no_alloc_shim_is_unstable_v2 + 482900
5   chromedriver                        0x000000010491a968 _RNvCs9NA52FrZ4pF_7___rustc35___rust_no_alloc_shim_is_unstable_v2 + 481108
6   chromedriver                        0x0000000104884fd8 chromedriver + 118744
7   chromedriver                        0x0000000104dcd370 cxxbridge1$str$ptr + 2906052
8   chromedriver                        0x0000000104dd0af0 cxxbridge1$str$ptr + 2920260
9   chromedriver                        0x0000000104db42b0 cxxbridge1$str$ptr + 2803460
10  chromedriver                        0x0000000104dd1384 cxxbridge1$str$ptr + 2922456
11  chromedriver                        0x0000000104da57d0 cxxbridge1$str$ptr + 2743332
12  chromedriver                        0x0000000104882d30 chromedriver + 109872
13  dyld                                0x000000018a077e00 start + 6992

2026-06-18 17:42:46,092 [INFO]   🔄 DDG fallback: "Cia Hotelera Andes Plaza" Bogota email contacto
2026-06-18 17:42:46,425 [INFO] response: https://www.bing.com/search?q=%22Cia+Hotelera+Andes+Plaza%22+Bogota+email+contacto 200
2026-06-18 17:42:48,907 [INFO]   🔍 DDG→Facebook: "Cia Hotelera Andes Plaza" Bogota site:facebook.com
2026-06-18 17:42:49,250 [INFO] response: https://www.bing.com/search?q=%22Cia+Hotelera+Andes+Plaza%22+Bogota+site%3Afacebook.com 200
2026-06-18 17:42:50,333 [INFO] response: https://www.bing.com/search?q=%22Cia+Hotelera+Andes+Plaza%22+Bogota+site%3Afacebook.com&first=11&FORM=PERE 200
2026-06-18 17:42:51,311 [INFO] response: https://www.bing.com/search?q=%22Cia+Hotelera+Andes+Plaza%22+Bogota+site%3Afacebook.com&first=21&FORM=PERE1 200
2026-06-18 17:42:52,447 [INFO] response: https://www.bing.com/search?q=%22Cia+Hotelera+Andes+Plaza%22+Bogota+site%3Afacebook.com&first=31&FORM=PERE2 200
2026-06-18 17:42:53,509 [INFO] response: https://www.bing.com/search?q=%22Cia+Hotelera+Andes+Plaza%22+Bogota+site%3Afacebook.com&first=41&FORM=PERE3 200
2026-06-18 17:42:56,480 [INFO]   ❌ Sin resultado: Cia Hotelera Andes Plaza S A S
2026-06-18 17:42:56,482 [INFO]   📊 Progreso 68/210 | Emails: 12 | Sin resultado: 63
2026-06-18 17:43:04,296 [INFO] 
[69/210] Atton Hoteles Colombia S A S (Bogota)
2026-06-18 17:43:04,296 [INFO]   🔍 Google: "Atton Hoteles Colombia" Bogota email contacto
2026-06-18 17:43:04,299 [WARNING] Error navegando a Google: Message: invalid session id; For documentation on this error, please visit: https://www.selenium.dev/documentation/webdriver/troubleshooting/errors#invalidsessionidexception
Stacktrace:
0   chromedriver                        0x0000000104e0f1e4 cxxbridge1$str$ptr + 3175992
1   chromedriver                        0x0000000104e072ac cxxbridge1$str$ptr + 3143424
2   chromedriver                        0x00000001048b7178 _RNvCs9NA52FrZ4pF_7___rustc35___rust_no_alloc_shim_is_unstable_v2 + 73572
3   chromedriver                        0x00000001048f46c4 _RNvCs9NA52FrZ4pF_7___rustc35___rust_no_alloc_shim_is_unstable_v2 + 324784
4   chromedriver                        0x000000010491b068 _RNvCs9NA52FrZ4pF_7___rustc35___rust_no_alloc_shim_is_unstable_v2 + 482900
5   chromedriver                        0x000000010491a968 _RNvCs9NA52FrZ4pF_7___rustc35___rust_no_alloc_shim_is_unstable_v2 + 481108
6   chromedriver                        0x0000000104884fd8 chromedriver + 118744
7   chromedriver                        0x0000000104dcd370 cxxbridge1$str$ptr + 2906052
8   chromedriver                        0x0000000104dd0af0 cxxbridge1$str$ptr + 2920260
9   chromedriver                        0x0000000104db42b0 cxxbridge1$str$ptr + 2803460
10  chromedriver                        0x0000000104dd1384 cxxbridge1$str$ptr + 2922456
11  chromedriver                        0x0000000104da57d0 cxxbridge1$str$ptr + 2743332
12  chromedriver                        0x0000000104882d30 chromedriver + 109872
13  dyld                                0x000000018a077e00 start + 6992

2026-06-18 17:43:04,299 [INFO]   🔄 DDG fallback: "Atton Hoteles Colombia" Bogota email contacto
2026-06-18 17:43:04,625 [INFO] response: https://www.bing.com/search?q=%22Atton+Hoteles+Colombia%22+Bogota+email+contacto 200
2026-06-18 17:43:07,212 [INFO]   🔍 DDG→Facebook: "Atton Hoteles Colombia" Bogota site:facebook.com
2026-06-18 17:43:07,519 [INFO] response: https://www.bing.com/search?q=%22Atton+Hoteles+Colombia%22+Bogota+site%3Afacebook.com 200
2026-06-18 17:43:08,806 [INFO] response: https://www.bing.com/search?q=%22Atton+Hoteles+Colombia%22+Bogota+site%3Afacebook.com&first=11&FORM=PERE 200
2026-06-18 17:43:09,836 [INFO] response: https://www.bing.com/search?q=%22Atton+Hoteles+Colombia%22+Bogota+site%3Afacebook.com&first=21&FORM=PERE1 200
2026-06-18 17:43:10,861 [INFO] response: https://www.bing.com/search?q=%22Atton+Hoteles+Colombia%22+Bogota+site%3Afacebook.com&first=31&FORM=PERE2 200
2026-06-18 17:43:11,877 [INFO] response: https://www.bing.com/search?q=%22Atton+Hoteles+Colombia%22+Bogota+site%3Afacebook.com&first=41&FORM=PERE3 200
2026-06-18 17:43:15,437 [INFO]   ❌ Sin resultado: Atton Hoteles Colombia S A S
2026-06-18 17:43:22,737 [INFO] 
[70/210] Inversiones Hoteleras Hotbog Sucursal Colombia (Bogota)
2026-06-18 17:43:22,737 [INFO]   🔍 Google: "Inversiones Hoteleras Hotbog" Bogota email contacto
2026-06-18 17:43:22,739 [WARNING] Error navegando a Google: Message: invalid session id; For documentation on this error, please visit: https://www.selenium.dev/documentation/webdriver/troubleshooting/errors#invalidsessionidexception
Stacktrace:
0   chromedriver                        0x0000000104e0f1e4 cxxbridge1$str$ptr + 3175992
1   chromedriver                        0x0000000104e072ac cxxbridge1$str$ptr + 3143424
2   chromedriver                        0x00000001048b7178 _RNvCs9NA52FrZ4pF_7___rustc35___rust_no_alloc_shim_is_unstable_v2 + 73572
3   chromedriver                        0x00000001048f46c4 _RNvCs9NA52FrZ4pF_7___rustc35___rust_no_alloc_shim_is_unstable_v2 + 324784
4   chromedriver                        0x000000010491b068 _RNvCs9NA52FrZ4pF_7___rustc35___rust_no_alloc_shim_is_unstable_v2 + 482900
5   chromedriver                        0x000000010491a968 _RNvCs9NA52FrZ4pF_7___rustc35___rust_no_alloc_shim_is_unstable_v2 + 481108
6   chromedriver                        0x0000000104884fd8 chromedriver + 118744
7   chromedriver                        0x0000000104dcd370 cxxbridge1$str$ptr + 2906052
8   chromedriver                        0x0000000104dd0af0 cxxbridge1$str$ptr + 2920260
9   chromedriver                        0x0000000104db42b0 cxxbridge1$str$ptr + 2803460
10  chromedriver                        0x0000000104dd1384 cxxbridge1$str$ptr + 2922456
11  chromedriver                        0x0000000104da57d0 cxxbridge1$str$ptr + 2743332
12  chromedriver                        0x0000000104882d30 chromedriver + 109872
13  dyld                                0x000000018a077e00 start + 6992

2026-06-18 17:43:22,740 [INFO]   🔄 DDG fallback: "Inversiones Hoteleras Hotbog" Bogota email contacto
2026-06-18 17:43:23,049 [INFO] response: https://www.bing.com/search?q=%22Inversiones+Hoteleras+Hotbog%22+Bogota+email+contacto 200
2026-06-18 17:43:25,675 [INFO]   🌐 Visitando (ddg): https://www.pichincha.com/detalle-catalogo/personas-inversiones
2026-06-18 17:43:35,856 [INFO]   🌐 Visitando (ddg): https://www.produbanco.com.ec/banca-personas/inversiones/
2026-06-18 17:43:45,742 [INFO]   🔍 DDG→Facebook: "Inversiones Hoteleras Hotbog" Bogota site:facebook.com
2026-06-18 17:43:46,099 [INFO] response: https://www.bing.com/search?q=%22Inversiones+Hoteleras+Hotbog%22+Bogota+site%3Afacebook.com 200
2026-06-18 17:43:47,090 [INFO] response: https://www.bing.com/search?q=%22Inversiones+Hoteleras+Hotbog%22+Bogota+site%3Afacebook.com&first=11&FORM=PERE 200
2026-06-18 17:43:48,173 [INFO] response: https://www.bing.com/search?q=%22Inversiones+Hoteleras+Hotbog%22+Bogota+site%3Afacebook.com&first=21&FORM=PERE1 200
2026-06-18 17:43:49,161 [INFO] response: https://www.bing.com/search?q=%22Inversiones+Hoteleras+Hotbog%22+Bogota+site%3Afacebook.com&first=31&FORM=PERE2 200
2026-06-18 17:43:50,171 [INFO] response: https://www.bing.com/search?q=%22Inversiones+Hoteleras+Hotbog%22+Bogota+site%3Afacebook.com&first=41&FORM=PERE3 200
2026-06-18 17:43:53,946 [INFO]   ❌ Sin resultado: Inversiones Hoteleras Hotbog Sucursal Colombia
2026-06-18 17:43:58,075 [INFO] 
[71/210] Bonsol Hotels Gestion Colombia S A S (Medellin)
2026-06-18 17:43:58,075 [INFO]   🔍 Google: "Bonsol Hotels Gestion Colombia" Medellin email contacto
2026-06-18 17:43:58,077 [WARNING] Error navegando a Google: Message: invalid session id; For documentation on this error, please visit: https://www.selenium.dev/documentation/webdriver/troubleshooting/errors#invalidsessionidexception
Stacktrace:
0   chromedriver                        0x0000000104e0f1e4 cxxbridge1$str$ptr + 3175992
1   chromedriver                        0x0000000104e072ac cxxbridge1$str$ptr + 3143424
2   chromedriver                        0x00000001048b7178 _RNvCs9NA52FrZ4pF_7___rustc35___rust_no_alloc_shim_is_unstable_v2 + 73572
3   chromedriver                        0x00000001048f46c4 _RNvCs9NA52FrZ4pF_7___rustc35___rust_no_alloc_shim_is_unstable_v2 + 324784
4   chromedriver                        0x000000010491b068 _RNvCs9NA52FrZ4pF_7___rustc35___rust_no_alloc_shim_is_unstable_v2 + 482900
5   chromedriver                        0x000000010491a968 _RNvCs9NA52FrZ4pF_7___rustc35___rust_no_alloc_shim_is_unstable_v2 + 481108
6   chromedriver                        0x0000000104884fd8 chromedriver + 118744
7   chromedriver                        0x0000000104dcd370 cxxbridge1$str$ptr + 2906052
8   chromedriver                        0x0000000104dd0af0 cxxbridge1$str$ptr + 2920260
9   chromedriver                        0x0000000104db42b0 cxxbridge1$str$ptr + 2803460
10  chromedriver                        0x0000000104dd1384 cxxbridge1$str$ptr + 2922456
11  chromedriver                        0x0000000104da57d0 cxxbridge1$str$ptr + 2743332
12  chromedriver                        0x0000000104882d30 chromedriver + 109872
13  dyld                                0x000000018a077e00 start + 6992

2026-06-18 17:43:58,077 [INFO]   🔄 DDG fallback: "Bonsol Hotels Gestion Colombia" Medellin email contacto
2026-06-18 17:43:58,449 [INFO] response: https://www.bing.com/search?q=%22Bonsol+Hotels+Gestion+Colombia%22+Medellin+email+contacto 200
2026-06-18 17:44:01,549 [INFO]   🔍 DDG→Facebook: "Bonsol Hotels Gestion Colombia" Medellin site:facebook.com
2026-06-18 17:44:01,823 [INFO] response: https://www.bing.com/search?q=%22Bonsol+Hotels+Gestion+Colombia%22+Medellin+site%3Afacebook.com 200
2026-06-18 17:44:02,789 [INFO] response: https://www.bing.com/search?q=%22Bonsol+Hotels+Gestion+Colombia%22+Medellin+site%3Afacebook.com&first=11&FORM=PERE 200
2026-06-18 17:44:03,822 [INFO] response: https://www.bing.com/search?q=%22Bonsol+Hotels+Gestion+Colombia%22+Medellin+site%3Afacebook.com&first=21&FORM=PERE1 200
2026-06-18 17:44:04,793 [INFO] response: https://www.bing.com/search?q=%22Bonsol+Hotels+Gestion+Colombia%22+Medellin+site%3Afacebook.com&first=31&FORM=PERE2 200
2026-06-18 17:44:06,078 [INFO] response: https://www.bing.com/search?q=%22Bonsol+Hotels+Gestion+Colombia%22+Medellin+site%3Afacebook.com&first=41&FORM=PERE3 200
2026-06-18 17:44:09,752 [INFO]   ❌ Sin resultado: Bonsol Hotels Gestion Colombia S A S
2026-06-18 17:44:14,625 [INFO] 
[72/210] Bantu Hotel S A S (Cartagena)
2026-06-18 17:44:14,625 [INFO]   🔍 Google: "Bantu Hotel" Cartagena email contacto
2026-06-18 17:44:14,627 [WARNING] Error navegando a Google: Message: invalid session id; For documentation on this error, please visit: https://www.selenium.dev/documentation/webdriver/troubleshooting/errors#invalidsessionidexception
Stacktrace:
0   chromedriver                        0x0000000104e0f1e4 cxxbridge1$str$ptr + 3175992
1   chromedriver                        0x0000000104e072ac cxxbridge1$str$ptr + 3143424
2   chromedriver                        0x00000001048b7178 _RNvCs9NA52FrZ4pF_7___rustc35___rust_no_alloc_shim_is_unstable_v2 + 73572
3   chromedriver                        0x00000001048f46c4 _RNvCs9NA52FrZ4pF_7___rustc35___rust_no_alloc_shim_is_unstable_v2 + 324784
4   chromedriver                        0x000000010491b068 _RNvCs9NA52FrZ4pF_7___rustc35___rust_no_alloc_shim_is_unstable_v2 + 482900
5   chromedriver                        0x000000010491a968 _RNvCs9NA52FrZ4pF_7___rustc35___rust_no_alloc_shim_is_unstable_v2 + 481108
6   chromedriver                        0x0000000104884fd8 chromedriver + 118744
7   chromedriver                        0x0000000104dcd370 cxxbridge1$str$ptr + 2906052
8   chromedriver                        0x0000000104dd0af0 cxxbridge1$str$ptr + 2920260
9   chromedriver                        0x0000000104db42b0 cxxbridge1$str$ptr + 2803460
10  chromedriver                        0x0000000104dd1384 cxxbridge1$str$ptr + 2922456
11  chromedriver                        0x0000000104da57d0 cxxbridge1$str$ptr + 2743332
12  chromedriver                        0x0000000104882d30 chromedriver + 109872
13  dyld                                0x000000018a077e00 start + 6992

2026-06-18 17:44:14,627 [INFO]   🔄 DDG fallback: "Bantu Hotel" Cartagena email contacto
2026-06-18 17:44:14,942 [INFO] response: https://www.bing.com/search?q=%22Bantu+Hotel%22+Cartagena+email+contacto 200
2026-06-18 17:44:15,922 [INFO] response: https://www.bing.com/search?q=%22Bantu+Hotel%22+Cartagena+email+contacto&first=11&FORM=PERE 200
2026-06-18 17:44:18,813 [INFO]   🌐 Visitando (ddg): https://ko.hinative.com/questions/854342
2026-06-18 17:47:44,658 [INFO]   🌐 Visitando (ddg): https://ko.hinative.com/dictionaries/chap
2026-06-18 17:48:36,669 [INFO]   🌐 Visitando (ddg): https://english.stackexchange.com/questions/524560/what-does-chap-when
2026-06-18 17:48:45,591 [INFO]   🔍 DDG→Facebook: "Bantu Hotel" Cartagena site:facebook.com
2026-06-18 17:48:46,042 [INFO] response: https://www.bing.com/search?q=%22Bantu+Hotel%22+Cartagena+site%3Afacebook.com 200
2026-06-18 17:48:47,114 [INFO] response: https://www.bing.com/search?q=%22Bantu+Hotel%22+Cartagena+site%3Afacebook.com&first=11&FORM=PERE 200
2026-06-18 17:48:48,109 [INFO] response: https://www.bing.com/search?q=%22Bantu+Hotel%22+Cartagena+site%3Afacebook.com&first=21&FORM=PERE1 200
2026-06-18 17:48:49,340 [INFO] response: https://www.bing.com/search?q=%22Bantu+Hotel%22+Cartagena+site%3Afacebook.com&first=31&FORM=PERE2 200
2026-06-18 17:48:50,426 [INFO] response: https://www.bing.com/search?q=%22Bantu+Hotel%22+Cartagena+site%3Afacebook.com&first=41&FORM=PERE3 200
2026-06-18 17:48:54,440 [INFO]   ❌ Sin resultado: Bantu Hotel S A S
2026-06-18 17:49:00,855 [INFO] 
[73/210] Sociedad Hotelera Los Balsos S A S (Medellin)
2026-06-18 17:49:00,856 [INFO]   🔍 Google: "Sociedad Hotelera Los Balsos" Medellin email contacto
2026-06-18 17:49:00,858 [WARNING] Error navegando a Google: Message: invalid session id; For documentation on this error, please visit: https://www.selenium.dev/documentation/webdriver/troubleshooting/errors#invalidsessionidexception
Stacktrace:
0   chromedriver                        0x0000000104e0f1e4 cxxbridge1$str$ptr + 3175992
1   chromedriver                        0x0000000104e072ac cxxbridge1$str$ptr + 3143424
2   chromedriver                        0x00000001048b7178 _RNvCs9NA52FrZ4pF_7___rustc35___rust_no_alloc_shim_is_unstable_v2 + 73572
3   chromedriver                        0x00000001048f46c4 _RNvCs9NA52FrZ4pF_7___rustc35___rust_no_alloc_shim_is_unstable_v2 + 324784
4   chromedriver                        0x000000010491b068 _RNvCs9NA52FrZ4pF_7___rustc35___rust_no_alloc_shim_is_unstable_v2 + 482900
5   chromedriver                        0x000000010491a968 _RNvCs9NA52FrZ4pF_7___rustc35___rust_no_alloc_shim_is_unstable_v2 + 481108
6   chromedriver                        0x0000000104884fd8 chromedriver + 118744
7   chromedriver                        0x0000000104dcd370 cxxbridge1$str$ptr + 2906052
8   chromedriver                        0x0000000104dd0af0 cxxbridge1$str$ptr + 2920260
9   chromedriver                        0x0000000104db42b0 cxxbridge1$str$ptr + 2803460
10  chromedriver                        0x0000000104dd1384 cxxbridge1$str$ptr + 2922456
11  chromedriver                        0x0000000104da57d0 cxxbridge1$str$ptr + 2743332
12  chromedriver                        0x0000000104882d30 chromedriver + 109872
13  dyld                                0x000000018a077e00 start + 6992

2026-06-18 17:49:00,858 [INFO]   🔄 DDG fallback: "Sociedad Hotelera Los Balsos" Medellin email contacto
2026-06-18 17:49:01,170 [INFO] response: https://www.bing.com/search?q=%22Sociedad+Hotelera+Los+Balsos%22+Medellin+email+contacto 200
2026-06-18 17:49:04,861 [INFO]   🔍 DDG→Facebook: "Sociedad Hotelera Los Balsos" Medellin site:facebook.com
2026-06-18 17:49:05,164 [INFO] response: https://www.bing.com/search?q=%22Sociedad+Hotelera+Los+Balsos%22+Medellin+site%3Afacebook.com 200
2026-06-18 17:49:06,166 [INFO] response: https://www.bing.com/search?q=%22Sociedad+Hotelera+Los+Balsos%22+Medellin+site%3Afacebook.com&first=11&FORM=PERE 200
2026-06-18 17:49:07,186 [INFO] response: https://www.bing.com/search?q=%22Sociedad+Hotelera+Los+Balsos%22+Medellin+site%3Afacebook.com&first=21&FORM=PERE1 200
2026-06-18 17:49:08,217 [INFO] response: https://www.bing.com/search?q=%22Sociedad+Hotelera+Los+Balsos%22+Medellin+site%3Afacebook.com&first=31&FORM=PERE2 200
2026-06-18 17:49:09,217 [INFO] response: https://www.bing.com/search?q=%22Sociedad+Hotelera+Los+Balsos%22+Medellin+site%3Afacebook.com&first=41&FORM=PERE3 200
2026-06-18 17:49:12,668 [INFO]   ❌ Sin resultado: Sociedad Hotelera Los Balsos S A S
2026-06-18 17:49:12,669 [INFO]   📊 Progreso 73/210 | Emails: 12 | Sin resultado: 68
2026-06-18 17:49:17,775 [INFO] 
[74/210] Promotora Hoteles Uraba S A S (Apartado)
2026-06-18 17:49:17,775 [INFO]   🔍 Google: "Promotora Hoteles Uraba" Apartado email contacto
2026-06-18 17:49:17,777 [WARNING] Error navegando a Google: Message: invalid session id; For documentation on this error, please visit: https://www.selenium.dev/documentation/webdriver/troubleshooting/errors#invalidsessionidexception
Stacktrace:
0   chromedriver                        0x0000000104e0f1e4 cxxbridge1$str$ptr + 3175992
1   chromedriver                        0x0000000104e072ac cxxbridge1$str$ptr + 3143424
2   chromedriver                        0x00000001048b7178 _RNvCs9NA52FrZ4pF_7___rustc35___rust_no_alloc_shim_is_unstable_v2 + 73572
3   chromedriver                        0x00000001048f46c4 _RNvCs9NA52FrZ4pF_7___rustc35___rust_no_alloc_shim_is_unstable_v2 + 324784
4   chromedriver                        0x000000010491b068 _RNvCs9NA52FrZ4pF_7___rustc35___rust_no_alloc_shim_is_unstable_v2 + 482900
5   chromedriver                        0x000000010491a968 _RNvCs9NA52FrZ4pF_7___rustc35___rust_no_alloc_shim_is_unstable_v2 + 481108
6   chromedriver                        0x0000000104884fd8 chromedriver + 118744
7   chromedriver                        0x0000000104dcd370 cxxbridge1$str$ptr + 2906052
8   chromedriver                        0x0000000104dd0af0 cxxbridge1$str$ptr + 2920260
9   chromedriver                        0x0000000104db42b0 cxxbridge1$str$ptr + 2803460
10  chromedriver                        0x0000000104dd1384 cxxbridge1$str$ptr + 2922456
11  chromedriver                        0x0000000104da57d0 cxxbridge1$str$ptr + 2743332
12  chromedriver                        0x0000000104882d30 chromedriver + 109872
13  dyld                                0x000000018a077e00 start + 6992

2026-06-18 17:49:17,777 [INFO]   🔄 DDG fallback: "Promotora Hoteles Uraba" Apartado email contacto
2026-06-18 17:49:18,111 [INFO] response: https://www.bing.com/search?q=%22Promotora+Hoteles+Uraba%22+Apartado+email+contacto 200
2026-06-18 17:49:20,909 [INFO]   🔍 DDG→Facebook: "Promotora Hoteles Uraba" Apartado site:facebook.com
2026-06-18 17:49:21,355 [INFO] response: https://www.bing.com/search?q=%22Promotora+Hoteles+Uraba%22+Apartado+site%3Afacebook.com 200
2026-06-18 17:49:22,323 [INFO] response: https://www.bing.com/search?q=%22Promotora+Hoteles+Uraba%22+Apartado+site%3Afacebook.com&first=11&FORM=PERE 200
2026-06-18 17:49:23,308 [INFO] response: https://www.bing.com/search?q=%22Promotora+Hoteles+Uraba%22+Apartado+site%3Afacebook.com&first=21&FORM=PERE1 200
2026-06-18 17:49:24,544 [INFO] response: https://www.bing.com/search?q=%22Promotora+Hoteles+Uraba%22+Apartado+site%3Afacebook.com&first=31&FORM=PERE2 200
2026-06-18 17:49:25,495 [INFO] response: https://www.bing.com/search?q=%22Promotora+Hoteles+Uraba%22+Apartado+site%3Afacebook.com&first=41&FORM=PERE3 200
2026-06-18 17:49:27,772 [INFO]   ❌ Sin resultado: Promotora Hoteles Uraba S A S
2026-06-18 17:49:33,366 [INFO] 
[75/210] Six Continents Hotels De Colombia S A (Envigado)
2026-06-18 17:49:33,366 [INFO]   🔍 Google: "Six Continents Hotels De Colombia" Envigado email contacto
2026-06-18 17:49:33,369 [WARNING] Error navegando a Google: Message: invalid session id; For documentation on this error, please visit: https://www.selenium.dev/documentation/webdriver/troubleshooting/errors#invalidsessionidexception
Stacktrace:
0   chromedriver                        0x0000000104e0f1e4 cxxbridge1$str$ptr + 3175992
1   chromedriver                        0x0000000104e072ac cxxbridge1$str$ptr + 3143424
2   chromedriver                        0x00000001048b7178 _RNvCs9NA52FrZ4pF_7___rustc35___rust_no_alloc_shim_is_unstable_v2 + 73572
3   chromedriver                        0x00000001048f46c4 _RNvCs9NA52FrZ4pF_7___rustc35___rust_no_alloc_shim_is_unstable_v2 + 324784
4   chromedriver                        0x000000010491b068 _RNvCs9NA52FrZ4pF_7___rustc35___rust_no_alloc_shim_is_unstable_v2 + 482900
5   chromedriver                        0x000000010491a968 _RNvCs9NA52FrZ4pF_7___rustc35___rust_no_alloc_shim_is_unstable_v2 + 481108
6   chromedriver                        0x0000000104884fd8 chromedriver + 118744
7   chromedriver                        0x0000000104dcd370 cxxbridge1$str$ptr + 2906052
8   chromedriver                        0x0000000104dd0af0 cxxbridge1$str$ptr + 2920260
9   chromedriver                        0x0000000104db42b0 cxxbridge1$str$ptr + 2803460
10  chromedriver                        0x0000000104dd1384 cxxbridge1$str$ptr + 2922456
11  chromedriver                        0x0000000104da57d0 cxxbridge1$str$ptr + 2743332
12  chromedriver                        0x0000000104882d30 chromedriver + 109872
13  dyld                                0x000000018a077e00 start + 6992

2026-06-18 17:49:33,369 [INFO]   🔄 DDG fallback: "Six Continents Hotels De Colombia" Envigado email contacto
2026-06-18 17:49:33,673 [INFO] response: https://www.bing.com/search?q=%22Six+Continents+Hotels+De+Colombia%22+Envigado+email+contacto 200
2026-06-18 17:49:37,043 [INFO]   🔍 DDG→Facebook: "Six Continents Hotels De Colombia" Envigado site:facebook.com
2026-06-18 17:49:37,387 [INFO] response: https://www.bing.com/search?q=%22Six+Continents+Hotels+De+Colombia%22+Envigado+site%3Afacebook.com 200
2026-06-18 17:49:38,397 [INFO] response: https://www.bing.com/search?q=%22Six+Continents+Hotels+De+Colombia%22+Envigado+site%3Afacebook.com&first=11&FORM=PERE 200
2026-06-18 17:49:39,413 [INFO] response: https://www.bing.com/search?q=%22Six+Continents+Hotels+De+Colombia%22+Envigado+site%3Afacebook.com&first=21&FORM=PERE1 200
2026-06-18 17:49:40,609 [INFO] response: https://www.bing.com/search?q=%22Six+Continents+Hotels+De+Colombia%22+Envigado+site%3Afacebook.com&first=31&FORM=PERE2 200
2026-06-18 17:49:41,576 [INFO] response: https://www.bing.com/search?q=%22Six+Continents+Hotels+De+Colombia%22+Envigado+site%3Afacebook.com&first=41&FORM=PERE3 200
2026-06-18 17:49:43,828 [INFO]   ❌ Sin resultado: Six Continents Hotels De Colombia S A
2026-06-18 17:49:50,877 [INFO] 
[76/210] De Provincia Hoteles S A S (Medellin)
2026-06-18 17:49:50,877 [INFO]   🔍 Google: "De Provincia Hoteles" Medellin email contacto
2026-06-18 17:49:50,879 [WARNING] Error navegando a Google: Message: invalid session id; For documentation on this error, please visit: https://www.selenium.dev/documentation/webdriver/troubleshooting/errors#invalidsessionidexception
Stacktrace:
0   chromedriver                        0x0000000104e0f1e4 cxxbridge1$str$ptr + 3175992
1   chromedriver                        0x0000000104e072ac cxxbridge1$str$ptr + 3143424
2   chromedriver                        0x00000001048b7178 _RNvCs9NA52FrZ4pF_7___rustc35___rust_no_alloc_shim_is_unstable_v2 + 73572
3   chromedriver                        0x00000001048f46c4 _RNvCs9NA52FrZ4pF_7___rustc35___rust_no_alloc_shim_is_unstable_v2 + 324784
4   chromedriver                        0x000000010491b068 _RNvCs9NA52FrZ4pF_7___rustc35___rust_no_alloc_shim_is_unstable_v2 + 482900
5   chromedriver                        0x000000010491a968 _RNvCs9NA52FrZ4pF_7___rustc35___rust_no_alloc_shim_is_unstable_v2 + 481108
6   chromedriver                        0x0000000104884fd8 chromedriver + 118744
7   chromedriver                        0x0000000104dcd370 cxxbridge1$str$ptr + 2906052
8   chromedriver                        0x0000000104dd0af0 cxxbridge1$str$ptr + 2920260
9   chromedriver                        0x0000000104db42b0 cxxbridge1$str$ptr + 2803460
10  chromedriver                        0x0000000104dd1384 cxxbridge1$str$ptr + 2922456
11  chromedriver                        0x0000000104da57d0 cxxbridge1$str$ptr + 2743332
12  chromedriver                        0x0000000104882d30 chromedriver + 109872
13  dyld                                0x000000018a077e00 start + 6992

2026-06-18 17:49:50,879 [INFO]   🔄 DDG fallback: "De Provincia Hoteles" Medellin email contacto
2026-06-18 17:49:51,173 [INFO] response: https://www.bing.com/search?q=%22De+Provincia+Hoteles%22+Medellin+email+contacto 200
2026-06-18 17:49:54,676 [INFO]   🌐 Visitando (ddg): https://dle.rae.es/
2026-06-18 17:50:09,334 [INFO]   🌐 Visitando (ddg): https://www.diccionariodedudas.com/de-o-de/
2026-06-18 17:50:20,173 [INFO]   🌐 Visitando (ddg): https://dle.rae.es/de
2026-06-18 17:50:26,749 [INFO]   🔍 DDG→Facebook: "De Provincia Hoteles" Medellin site:facebook.com
2026-06-18 17:50:27,123 [INFO] response: https://www.bing.com/search?q=%22De+Provincia+Hoteles%22+Medellin+site%3Afacebook.com 200
2026-06-18 17:50:28,170 [INFO] response: https://www.bing.com/search?q=%22De+Provincia+Hoteles%22+Medellin+site%3Afacebook.com&first=11&FORM=PERE 200
2026-06-18 17:50:29,133 [INFO] response: https://www.bing.com/search?q=%22De+Provincia+Hoteles%22+Medellin+site%3Afacebook.com&first=21&FORM=PERE1 200
2026-06-18 17:50:30,107 [INFO] response: https://www.bing.com/search?q=%22De+Provincia+Hoteles%22+Medellin+site%3Afacebook.com&first=31&FORM=PERE2 200
2026-06-18 17:50:31,153 [INFO] response: https://www.bing.com/search?q=%22De+Provincia+Hoteles%22+Medellin+site%3Afacebook.com&first=41&FORM=PERE3 200
2026-06-18 17:50:34,086 [INFO]   ❌ Sin resultado: De Provincia Hoteles S A S
2026-06-18 17:50:39,023 [INFO] 
[77/210] Inversiones Leugros Sa Hotel Parque 97 Suites (Bogota)
2026-06-18 17:50:39,023 [INFO]   🔍 Google: "Inversiones Leugros" Bogota email contacto
2026-06-18 17:50:39,025 [WARNING] Error navegando a Google: Message: invalid session id; For documentation on this error, please visit: https://www.selenium.dev/documentation/webdriver/troubleshooting/errors#invalidsessionidexception
Stacktrace:
0   chromedriver                        0x0000000104e0f1e4 cxxbridge1$str$ptr + 3175992
1   chromedriver                        0x0000000104e072ac cxxbridge1$str$ptr + 3143424
2   chromedriver                        0x00000001048b7178 _RNvCs9NA52FrZ4pF_7___rustc35___rust_no_alloc_shim_is_unstable_v2 + 73572
3   chromedriver                        0x00000001048f46c4 _RNvCs9NA52FrZ4pF_7___rustc35___rust_no_alloc_shim_is_unstable_v2 + 324784
4   chromedriver                        0x000000010491b068 _RNvCs9NA52FrZ4pF_7___rustc35___rust_no_alloc_shim_is_unstable_v2 + 482900
5   chromedriver                        0x000000010491a968 _RNvCs9NA52FrZ4pF_7___rustc35___rust_no_alloc_shim_is_unstable_v2 + 481108
6   chromedriver                        0x0000000104884fd8 chromedriver + 118744
7   chromedriver                        0x0000000104dcd370 cxxbridge1$str$ptr + 2906052
8   chromedriver                        0x0000000104dd0af0 cxxbridge1$str$ptr + 2920260
9   chromedriver                        0x0000000104db42b0 cxxbridge1$str$ptr + 2803460
10  chromedriver                        0x0000000104dd1384 cxxbridge1$str$ptr + 2922456
11  chromedriver                        0x0000000104da57d0 cxxbridge1$str$ptr + 2743332
12  chromedriver                        0x0000000104882d30 chromedriver + 109872
13  dyld                                0x000000018a077e00 start + 6992

2026-06-18 17:50:39,025 [INFO]   🔄 DDG fallback: "Inversiones Leugros" Bogota email contacto
2026-06-18 17:50:39,324 [INFO] response: https://www.bing.com/search?q=%22Inversiones+Leugros%22+Bogota+email+contacto 200
2026-06-18 17:50:43,195 [INFO]   🔍 DDG→Facebook: "Inversiones Leugros" Bogota site:facebook.com
2026-06-18 17:50:43,623 [INFO] response: https://www.bing.com/search?q=%22Inversiones+Leugros%22+Bogota+site%3Afacebook.com 200
2026-06-18 17:50:44,594 [INFO] response: https://www.bing.com/search?q=%22Inversiones+Leugros%22+Bogota+site%3Afacebook.com&first=11&FORM=PERE 200
2026-06-18 17:50:45,573 [INFO] response: https://www.bing.com/search?q=%22Inversiones+Leugros%22+Bogota+site%3Afacebook.com&first=21&FORM=PERE1 200
2026-06-18 17:50:46,667 [INFO] response: https://www.bing.com/search?q=%22Inversiones+Leugros%22+Bogota+site%3Afacebook.com&first=31&FORM=PERE2 200
2026-06-18 17:50:47,695 [INFO] response: https://www.bing.com/search?q=%22Inversiones+Leugros%22+Bogota+site%3Afacebook.com&first=41&FORM=PERE3 200
2026-06-18 17:50:49,941 [INFO]   ❌ Sin resultado: Inversiones Leugros Sa Hotel Parque 97 Suites
2026-06-18 17:50:56,593 [INFO] 
[78/210] Suites 98 Sas (Bogota)
2026-06-18 17:50:56,593 [INFO]   🔍 Google: "Suites 98" Bogota email contacto
2026-06-18 17:50:56,594 [WARNING] Error navegando a Google: Message: invalid session id; For documentation on this error, please visit: https://www.selenium.dev/documentation/webdriver/troubleshooting/errors#invalidsessionidexception
Stacktrace:
0   chromedriver                        0x0000000104e0f1e4 cxxbridge1$str$ptr + 3175992
1   chromedriver                        0x0000000104e072ac cxxbridge1$str$ptr + 3143424
2   chromedriver                        0x00000001048b7178 _RNvCs9NA52FrZ4pF_7___rustc35___rust_no_alloc_shim_is_unstable_v2 + 73572
3   chromedriver                        0x00000001048f46c4 _RNvCs9NA52FrZ4pF_7___rustc35___rust_no_alloc_shim_is_unstable_v2 + 324784
4   chromedriver                        0x000000010491b068 _RNvCs9NA52FrZ4pF_7___rustc35___rust_no_alloc_shim_is_unstable_v2 + 482900
5   chromedriver                        0x000000010491a968 _RNvCs9NA52FrZ4pF_7___rustc35___rust_no_alloc_shim_is_unstable_v2 + 481108
6   chromedriver                        0x0000000104884fd8 chromedriver + 118744
7   chromedriver                        0x0000000104dcd370 cxxbridge1$str$ptr + 2906052
8   chromedriver                        0x0000000104dd0af0 cxxbridge1$str$ptr + 2920260
9   chromedriver                        0x0000000104db42b0 cxxbridge1$str$ptr + 2803460
10  chromedriver                        0x0000000104dd1384 cxxbridge1$str$ptr + 2922456
11  chromedriver                        0x0000000104da57d0 cxxbridge1$str$ptr + 2743332
12  chromedriver                        0x0000000104882d30 chromedriver + 109872
13  dyld                                0x000000018a077e00 start + 6992

2026-06-18 17:50:56,594 [INFO]   🔄 DDG fallback: "Suites 98" Bogota email contacto
2026-06-18 17:50:56,950 [INFO] response: https://www.bing.com/search?q=%22Suites+98%22+Bogota+email+contacto 200
2026-06-18 17:51:00,899 [INFO]   🔍 DDG→Facebook: "Suites 98" Bogota site:facebook.com
2026-06-18 17:51:01,156 [INFO] response: https://www.bing.com/search?q=%22Suites+98%22+Bogota+site%3Afacebook.com 200
2026-06-18 17:51:02,149 [INFO] response: https://www.bing.com/search?q=%22Suites+98%22+Bogota+site%3Afacebook.com&first=11&FORM=PERE 200
2026-06-18 17:51:03,329 [INFO] response: https://www.bing.com/search?q=%22Suites+98%22+Bogota+site%3Afacebook.com&first=21&FORM=PERE1 200
2026-06-18 17:51:04,326 [INFO] response: https://www.bing.com/search?q=%22Suites+98%22+Bogota+site%3Afacebook.com&first=31&FORM=PERE2 200
2026-06-18 17:51:05,469 [INFO] response: https://www.bing.com/search?q=%22Suites+98%22+Bogota+site%3Afacebook.com&first=41&FORM=PERE3 200
2026-06-18 17:51:09,313 [INFO]   ❌ Sin resultado: Suites 98 Sas
2026-06-18 17:51:09,314 [INFO]   📊 Progreso 78/210 | Emails: 12 | Sin resultado: 73
2026-06-18 17:51:17,187 [INFO] 
[79/210] Servicios Hoteleros La Gran Via S A S (Cartagena)
2026-06-18 17:51:17,188 [INFO]   🔍 Google: "Servicios Hoteleros La Gran Via" Cartagena email contacto
2026-06-18 17:51:17,190 [WARNING] Error navegando a Google: Message: invalid session id; For documentation on this error, please visit: https://www.selenium.dev/documentation/webdriver/troubleshooting/errors#invalidsessionidexception
Stacktrace:
0   chromedriver                        0x0000000104e0f1e4 cxxbridge1$str$ptr + 3175992
1   chromedriver                        0x0000000104e072ac cxxbridge1$str$ptr + 3143424
2   chromedriver                        0x00000001048b7178 _RNvCs9NA52FrZ4pF_7___rustc35___rust_no_alloc_shim_is_unstable_v2 + 73572
3   chromedriver                        0x00000001048f46c4 _RNvCs9NA52FrZ4pF_7___rustc35___rust_no_alloc_shim_is_unstable_v2 + 324784
4   chromedriver                        0x000000010491b068 _RNvCs9NA52FrZ4pF_7___rustc35___rust_no_alloc_shim_is_unstable_v2 + 482900
5   chromedriver                        0x000000010491a968 _RNvCs9NA52FrZ4pF_7___rustc35___rust_no_alloc_shim_is_unstable_v2 + 481108
6   chromedriver                        0x0000000104884fd8 chromedriver + 118744
7   chromedriver                        0x0000000104dcd370 cxxbridge1$str$ptr + 2906052
8   chromedriver                        0x0000000104dd0af0 cxxbridge1$str$ptr + 2920260
9   chromedriver                        0x0000000104db42b0 cxxbridge1$str$ptr + 2803460
10  chromedriver                        0x0000000104dd1384 cxxbridge1$str$ptr + 2922456
11  chromedriver                        0x0000000104da57d0 cxxbridge1$str$ptr + 2743332
12  chromedriver                        0x0000000104882d30 chromedriver + 109872
13  dyld                                0x000000018a077e00 start + 6992

2026-06-18 17:51:17,190 [INFO]   🔄 DDG fallback: "Servicios Hoteleros La Gran Via" Cartagena email contacto
2026-06-18 17:51:17,483 [INFO] response: https://www.bing.com/search?q=%22Servicios+Hoteleros+La+Gran+Via%22+Cartagena+email+contacto 200
2026-06-18 17:51:20,859 [INFO]   🔍 DDG→Facebook: "Servicios Hoteleros La Gran Via" Cartagena site:facebook.com
2026-06-18 17:51:21,214 [INFO] response: https://www.bing.com/search?q=%22Servicios+Hoteleros+La+Gran+Via%22+Cartagena+site%3Afacebook.com 200
2026-06-18 17:51:22,177 [INFO] response: https://www.bing.com/search?q=%22Servicios+Hoteleros+La+Gran+Via%22+Cartagena+site%3Afacebook.com&first=11&FORM=PERE 200
2026-06-18 17:51:23,177 [INFO] response: https://www.bing.com/search?q=%22Servicios+Hoteleros+La+Gran+Via%22+Cartagena+site%3Afacebook.com&first=21&FORM=PERE1 200
2026-06-18 17:51:24,188 [INFO] response: https://www.bing.com/search?q=%22Servicios+Hoteleros+La+Gran+Via%22+Cartagena+site%3Afacebook.com&first=31&FORM=PERE2 200
2026-06-18 17:51:25,205 [INFO] response: https://www.bing.com/search?q=%22Servicios+Hoteleros+La+Gran+Via%22+Cartagena+site%3Afacebook.com&first=41&FORM=PERE3 200
2026-06-18 17:51:28,095 [INFO]   ❌ Sin resultado: Servicios Hoteleros La Gran Via S A S
2026-06-18 17:51:34,079 [INFO] 
[80/210] Condominio Mendihuaca Caribbean Resort (Santa Marta)
2026-06-18 17:51:34,079 [INFO]   🔍 Google: "Condominio Mendihuaca Caribbean Resort" Santa Marta email contacto
2026-06-18 17:51:34,081 [WARNING] Error navegando a Google: Message: invalid session id; For documentation on this error, please visit: https://www.selenium.dev/documentation/webdriver/troubleshooting/errors#invalidsessionidexception
Stacktrace:
0   chromedriver                        0x0000000104e0f1e4 cxxbridge1$str$ptr + 3175992
1   chromedriver                        0x0000000104e072ac cxxbridge1$str$ptr + 3143424
2   chromedriver                        0x00000001048b7178 _RNvCs9NA52FrZ4pF_7___rustc35___rust_no_alloc_shim_is_unstable_v2 + 73572
3   chromedriver                        0x00000001048f46c4 _RNvCs9NA52FrZ4pF_7___rustc35___rust_no_alloc_shim_is_unstable_v2 + 324784
4   chromedriver                        0x000000010491b068 _RNvCs9NA52FrZ4pF_7___rustc35___rust_no_alloc_shim_is_unstable_v2 + 482900
5   chromedriver                        0x000000010491a968 _RNvCs9NA52FrZ4pF_7___rustc35___rust_no_alloc_shim_is_unstable_v2 + 481108
6   chromedriver                        0x0000000104884fd8 chromedriver + 118744
7   chromedriver                        0x0000000104dcd370 cxxbridge1$str$ptr + 2906052
8   chromedriver                        0x0000000104dd0af0 cxxbridge1$str$ptr + 2920260
9   chromedriver                        0x0000000104db42b0 cxxbridge1$str$ptr + 2803460
10  chromedriver                        0x0000000104dd1384 cxxbridge1$str$ptr + 2922456
11  chromedriver                        0x0000000104da57d0 cxxbridge1$str$ptr + 2743332
12  chromedriver                        0x0000000104882d30 chromedriver + 109872
13  dyld                                0x000000018a077e00 start + 6992

2026-06-18 17:51:34,082 [INFO]   🔄 DDG fallback: "Condominio Mendihuaca Caribbean Resort" Santa Marta email contacto
2026-06-18 17:51:34,448 [INFO] response: https://www.bing.com/search?q=%22Condominio+Mendihuaca+Caribbean+Resort%22+Santa+Marta+email+contacto 200
2026-06-18 17:51:37,581 [INFO]   🔍 DDG→Facebook: "Condominio Mendihuaca Caribbean Resort" Santa Marta site:facebook.com
2026-06-18 17:51:37,952 [INFO] response: https://www.bing.com/search?q=%22Condominio+Mendihuaca+Caribbean+Resort%22+Santa+Marta+site%3Afacebook.com 200
2026-06-18 17:51:39,055 [INFO] response: https://www.bing.com/search?q=%22Condominio+Mendihuaca+Caribbean+Resort%22+Santa+Marta+site%3Afacebook.com&first=11&FORM=PERE 200
2026-06-18 17:51:40,050 [INFO] response: https://www.bing.com/search?q=%22Condominio+Mendihuaca+Caribbean+Resort%22+Santa+Marta+site%3Afacebook.com&first=21&FORM=PERE1 200
2026-06-18 17:51:41,041 [INFO] response: https://www.bing.com/search?q=%22Condominio+Mendihuaca+Caribbean+Resort%22+Santa+Marta+site%3Afacebook.com&first=31&FORM=PERE2 200
2026-06-18 17:51:42,246 [INFO] response: https://www.bing.com/search?q=%22Condominio+Mendihuaca+Caribbean+Resort%22+Santa+Marta+site%3Afacebook.com&first=41&FORM=PERE3 200
2026-06-18 17:51:45,104 [INFO]   ❌ Sin resultado: Condominio Mendihuaca Caribbean Resort
2026-06-18 17:51:50,456 [INFO] 
[81/210] The Journey Hostel S A S (Santa Marta)
2026-06-18 17:51:50,457 [INFO]   🔍 Google: "The Journey Hostel" Santa Marta email contacto
2026-06-18 17:51:50,459 [WARNING] Error navegando a Google: Message: invalid session id; For documentation on this error, please visit: https://www.selenium.dev/documentation/webdriver/troubleshooting/errors#invalidsessionidexception
Stacktrace:
0   chromedriver                        0x0000000104e0f1e4 cxxbridge1$str$ptr + 3175992
1   chromedriver                        0x0000000104e072ac cxxbridge1$str$ptr + 3143424
2   chromedriver                        0x00000001048b7178 _RNvCs9NA52FrZ4pF_7___rustc35___rust_no_alloc_shim_is_unstable_v2 + 73572
3   chromedriver                        0x00000001048f46c4 _RNvCs9NA52FrZ4pF_7___rustc35___rust_no_alloc_shim_is_unstable_v2 + 324784
4   chromedriver                        0x000000010491b068 _RNvCs9NA52FrZ4pF_7___rustc35___rust_no_alloc_shim_is_unstable_v2 + 482900
5   chromedriver                        0x000000010491a968 _RNvCs9NA52FrZ4pF_7___rustc35___rust_no_alloc_shim_is_unstable_v2 + 481108
6   chromedriver                        0x0000000104884fd8 chromedriver + 118744
7   chromedriver                        0x0000000104dcd370 cxxbridge1$str$ptr + 2906052
8   chromedriver                        0x0000000104dd0af0 cxxbridge1$str$ptr + 2920260
9   chromedriver                        0x0000000104db42b0 cxxbridge1$str$ptr + 2803460
10  chromedriver                        0x0000000104dd1384 cxxbridge1$str$ptr + 2922456
11  chromedriver                        0x0000000104da57d0 cxxbridge1$str$ptr + 2743332
12  chromedriver                        0x0000000104882d30 chromedriver + 109872
13  dyld                                0x000000018a077e00 start + 6992

2026-06-18 17:51:50,459 [INFO]   🔄 DDG fallback: "The Journey Hostel" Santa Marta email contacto
2026-06-18 17:51:50,835 [INFO] response: https://www.bing.com/search?q=%22The+Journey+Hostel%22+Santa+Marta+email+contacto 200
2026-06-18 17:51:54,437 [INFO]   🔍 DDG→Facebook: "The Journey Hostel" Santa Marta site:facebook.com
2026-06-18 17:51:54,768 [INFO] response: https://www.bing.com/search?q=%22The+Journey+Hostel%22+Santa+Marta+site%3Afacebook.com 200
2026-06-18 17:51:55,804 [INFO] response: https://www.bing.com/search?q=%22The+Journey+Hostel%22+Santa+Marta+site%3Afacebook.com&first=11&FORM=PERE 200
2026-06-18 17:51:56,803 [INFO] response: https://www.bing.com/search?q=%22The+Journey+Hostel%22+Santa+Marta+site%3Afacebook.com&first=21&FORM=PERE1 200
2026-06-18 17:51:57,781 [INFO] response: https://www.bing.com/search?q=%22The+Journey+Hostel%22+Santa+Marta+site%3Afacebook.com&first=31&FORM=PERE2 200
2026-06-18 17:51:58,770 [INFO] response: https://www.bing.com/search?q=%22The+Journey+Hostel%22+Santa+Marta+site%3Afacebook.com&first=41&FORM=PERE3 200
2026-06-18 17:52:02,349 [INFO]   ❌ Sin resultado: The Journey Hostel S A S
2026-06-18 17:52:09,635 [INFO] 
[82/210] Operador Hotelero Cali S A S (Bogota)
2026-06-18 17:52:09,636 [INFO]   🔍 Google: "Operador Hotelero Cali" Bogota email contacto
2026-06-18 17:52:09,637 [WARNING] Error navegando a Google: Message: invalid session id; For documentation on this error, please visit: https://www.selenium.dev/documentation/webdriver/troubleshooting/errors#invalidsessionidexception
Stacktrace:
0   chromedriver                        0x0000000104e0f1e4 cxxbridge1$str$ptr + 3175992
1   chromedriver                        0x0000000104e072ac cxxbridge1$str$ptr + 3143424
2   chromedriver                        0x00000001048b7178 _RNvCs9NA52FrZ4pF_7___rustc35___rust_no_alloc_shim_is_unstable_v2 + 73572
3   chromedriver                        0x00000001048f46c4 _RNvCs9NA52FrZ4pF_7___rustc35___rust_no_alloc_shim_is_unstable_v2 + 324784
4   chromedriver                        0x000000010491b068 _RNvCs9NA52FrZ4pF_7___rustc35___rust_no_alloc_shim_is_unstable_v2 + 482900
5   chromedriver                        0x000000010491a968 _RNvCs9NA52FrZ4pF_7___rustc35___rust_no_alloc_shim_is_unstable_v2 + 481108
6   chromedriver                        0x0000000104884fd8 chromedriver + 118744
7   chromedriver                        0x0000000104dcd370 cxxbridge1$str$ptr + 2906052
8   chromedriver                        0x0000000104dd0af0 cxxbridge1$str$ptr + 2920260
9   chromedriver                        0x0000000104db42b0 cxxbridge1$str$ptr + 2803460
10  chromedriver                        0x0000000104dd1384 cxxbridge1$str$ptr + 2922456
11  chromedriver                        0x0000000104da57d0 cxxbridge1$str$ptr + 2743332
12  chromedriver                        0x0000000104882d30 chromedriver + 109872
13  dyld                                0x000000018a077e00 start + 6992

2026-06-18 17:52:09,638 [INFO]   🔄 DDG fallback: "Operador Hotelero Cali" Bogota email contacto
2026-06-18 17:52:09,992 [INFO] response: https://www.bing.com/search?q=%22Operador+Hotelero+Cali%22+Bogota+email+contacto 200
2026-06-18 17:52:13,457 [INFO]   🔍 DDG→Facebook: "Operador Hotelero Cali" Bogota site:facebook.com
2026-06-18 17:52:13,813 [INFO] response: https://www.bing.com/search?q=%22Operador+Hotelero+Cali%22+Bogota+site%3Afacebook.com 200
2026-06-18 17:52:14,909 [INFO] response: https://www.bing.com/search?q=%22Operador+Hotelero+Cali%22+Bogota+site%3Afacebook.com&first=11&FORM=PERE 200
2026-06-18 17:52:16,100 [INFO] response: https://www.bing.com/search?q=%22Operador+Hotelero+Cali%22+Bogota+site%3Afacebook.com&first=21&FORM=PERE1 200
2026-06-18 17:52:17,109 [INFO] response: https://www.bing.com/search?q=%22Operador+Hotelero+Cali%22+Bogota+site%3Afacebook.com&first=31&FORM=PERE2 200
2026-06-18 17:52:18,137 [INFO] response: https://www.bing.com/search?q=%22Operador+Hotelero+Cali%22+Bogota+site%3Afacebook.com&first=41&FORM=PERE3 200
2026-06-18 17:52:20,261 [INFO]   ❌ Sin resultado: Operador Hotelero Cali S A S
2026-06-18 17:52:24,516 [INFO] 
[83/210] Sociedad Hotelera San Pablo S A S (Bogota)
2026-06-18 17:52:24,516 [INFO]   🔍 Google: "Sociedad Hotelera San Pablo" Bogota email contacto
2026-06-18 17:52:24,517 [WARNING] Error navegando a Google: Message: invalid session id; For documentation on this error, please visit: https://www.selenium.dev/documentation/webdriver/troubleshooting/errors#invalidsessionidexception
Stacktrace:
0   chromedriver                        0x0000000104e0f1e4 cxxbridge1$str$ptr + 3175992
1   chromedriver                        0x0000000104e072ac cxxbridge1$str$ptr + 3143424
2   chromedriver                        0x00000001048b7178 _RNvCs9NA52FrZ4pF_7___rustc35___rust_no_alloc_shim_is_unstable_v2 + 73572
3   chromedriver                        0x00000001048f46c4 _RNvCs9NA52FrZ4pF_7___rustc35___rust_no_alloc_shim_is_unstable_v2 + 324784
4   chromedriver                        0x000000010491b068 _RNvCs9NA52FrZ4pF_7___rustc35___rust_no_alloc_shim_is_unstable_v2 + 482900
5   chromedriver                        0x000000010491a968 _RNvCs9NA52FrZ4pF_7___rustc35___rust_no_alloc_shim_is_unstable_v2 + 481108
6   chromedriver                        0x0000000104884fd8 chromedriver + 118744
7   chromedriver                        0x0000000104dcd370 cxxbridge1$str$ptr + 2906052
8   chromedriver                        0x0000000104dd0af0 cxxbridge1$str$ptr + 2920260
9   chromedriver                        0x0000000104db42b0 cxxbridge1$str$ptr + 2803460
10  chromedriver                        0x0000000104dd1384 cxxbridge1$str$ptr + 2922456
11  chromedriver                        0x0000000104da57d0 cxxbridge1$str$ptr + 2743332
12  chromedriver                        0x0000000104882d30 chromedriver + 109872
13  dyld                                0x000000018a077e00 start + 6992

2026-06-18 17:52:24,518 [INFO]   🔄 DDG fallback: "Sociedad Hotelera San Pablo" Bogota email contacto
2026-06-18 17:52:24,803 [INFO] response: https://www.bing.com/search?q=%22Sociedad+Hotelera+San+Pablo%22+Bogota+email+contacto 200
2026-06-18 17:52:28,632 [INFO]   🔍 DDG→Facebook: "Sociedad Hotelera San Pablo" Bogota site:facebook.com
2026-06-18 17:52:28,967 [INFO] response: https://www.bing.com/search?q=%22Sociedad+Hotelera+San+Pablo%22+Bogota+site%3Afacebook.com 200
2026-06-18 17:52:29,989 [INFO] response: https://www.bing.com/search?q=%22Sociedad+Hotelera+San+Pablo%22+Bogota+site%3Afacebook.com&first=11&FORM=PERE 200
2026-06-18 17:52:30,958 [INFO] response: https://www.bing.com/search?q=%22Sociedad+Hotelera+San+Pablo%22+Bogota+site%3Afacebook.com&first=21&FORM=PERE1 200
2026-06-18 17:52:31,967 [INFO] response: https://www.bing.com/search?q=%22Sociedad+Hotelera+San+Pablo%22+Bogota+site%3Afacebook.com&first=31&FORM=PERE2 200
2026-06-18 17:52:32,939 [INFO] response: https://www.bing.com/search?q=%22Sociedad+Hotelera+San+Pablo%22+Bogota+site%3Afacebook.com&first=41&FORM=PERE3 200
2026-06-18 17:52:36,896 [INFO]   ❌ Sin resultado: Sociedad Hotelera San Pablo S A S
2026-06-18 17:52:36,897 [INFO]   📊 Progreso 83/210 | Emails: 12 | Sin resultado: 78
2026-06-18 17:52:41,160 [INFO] 
[84/210] Inversiones Hoteleras Los Sauces S A S (Medellin)
2026-06-18 17:52:41,160 [INFO]   🔍 Google: "Inversiones Hoteleras Los Sauces" Medellin email contacto
2026-06-18 17:52:41,161 [WARNING] Error navegando a Google: Message: invalid session id; For documentation on this error, please visit: https://www.selenium.dev/documentation/webdriver/troubleshooting/errors#invalidsessionidexception
Stacktrace:
0   chromedriver                        0x0000000104e0f1e4 cxxbridge1$str$ptr + 3175992
1   chromedriver                        0x0000000104e072ac cxxbridge1$str$ptr + 3143424
2   chromedriver                        0x00000001048b7178 _RNvCs9NA52FrZ4pF_7___rustc35___rust_no_alloc_shim_is_unstable_v2 + 73572
3   chromedriver                        0x00000001048f46c4 _RNvCs9NA52FrZ4pF_7___rustc35___rust_no_alloc_shim_is_unstable_v2 + 324784
4   chromedriver                        0x000000010491b068 _RNvCs9NA52FrZ4pF_7___rustc35___rust_no_alloc_shim_is_unstable_v2 + 482900
5   chromedriver                        0x000000010491a968 _RNvCs9NA52FrZ4pF_7___rustc35___rust_no_alloc_shim_is_unstable_v2 + 481108
6   chromedriver                        0x0000000104884fd8 chromedriver + 118744
7   chromedriver                        0x0000000104dcd370 cxxbridge1$str$ptr + 2906052
8   chromedriver                        0x0000000104dd0af0 cxxbridge1$str$ptr + 2920260
9   chromedriver                        0x0000000104db42b0 cxxbridge1$str$ptr + 2803460
10  chromedriver                        0x0000000104dd1384 cxxbridge1$str$ptr + 2922456
11  chromedriver                        0x0000000104da57d0 cxxbridge1$str$ptr + 2743332
12  chromedriver                        0x0000000104882d30 chromedriver + 109872
13  dyld                                0x000000018a077e00 start + 6992

2026-06-18 17:52:41,161 [INFO]   🔄 DDG fallback: "Inversiones Hoteleras Los Sauces" Medellin email contacto
2026-06-18 17:52:41,495 [INFO] response: https://www.bing.com/search?q=%22Inversiones+Hoteleras+Los+Sauces%22+Medellin+email+contacto 200
2026-06-18 17:52:43,664 [INFO]   🔍 DDG→Facebook: "Inversiones Hoteleras Los Sauces" Medellin site:facebook.com
2026-06-18 17:52:43,988 [INFO] response: https://www.bing.com/search?q=%22Inversiones+Hoteleras+Los+Sauces%22+Medellin+site%3Afacebook.com 200
2026-06-18 17:52:45,011 [INFO] response: https://www.bing.com/search?q=%22Inversiones+Hoteleras+Los+Sauces%22+Medellin+site%3Afacebook.com&first=11&FORM=PERE 200
2026-06-18 17:52:46,037 [INFO] response: https://www.bing.com/search?q=%22Inversiones+Hoteleras+Los+Sauces%22+Medellin+site%3Afacebook.com&first=21&FORM=PERE1 200
2026-06-18 17:52:47,039 [INFO] response: https://www.bing.com/search?q=%22Inversiones+Hoteleras+Los+Sauces%22+Medellin+site%3Afacebook.com&first=31&FORM=PERE2 200
2026-06-18 17:52:48,209 [INFO] response: https://www.bing.com/search?q=%22Inversiones+Hoteleras+Los+Sauces%22+Medellin+site%3Afacebook.com&first=41&FORM=PERE3 200
2026-06-18 17:52:50,540 [INFO]   ❌ Sin resultado: Inversiones Hoteleras Los Sauces S A S
2026-06-18 17:52:57,219 [INFO] 
[85/210] O M Hoteles Operadores Hoteleros Ltda (Cali)
2026-06-18 17:52:57,220 [INFO]   🔍 Google: "O M Hoteles Operadores Hoteleros" Cali email contacto
2026-06-18 17:52:57,221 [WARNING] Error navegando a Google: Message: invalid session id; For documentation on this error, please visit: https://www.selenium.dev/documentation/webdriver/troubleshooting/errors#invalidsessionidexception
Stacktrace:
0   chromedriver                        0x0000000104e0f1e4 cxxbridge1$str$ptr + 3175992
1   chromedriver                        0x0000000104e072ac cxxbridge1$str$ptr + 3143424
2   chromedriver                        0x00000001048b7178 _RNvCs9NA52FrZ4pF_7___rustc35___rust_no_alloc_shim_is_unstable_v2 + 73572
3   chromedriver                        0x00000001048f46c4 _RNvCs9NA52FrZ4pF_7___rustc35___rust_no_alloc_shim_is_unstable_v2 + 324784
4   chromedriver                        0x000000010491b068 _RNvCs9NA52FrZ4pF_7___rustc35___rust_no_alloc_shim_is_unstable_v2 + 482900
5   chromedriver                        0x000000010491a968 _RNvCs9NA52FrZ4pF_7___rustc35___rust_no_alloc_shim_is_unstable_v2 + 481108
6   chromedriver                        0x0000000104884fd8 chromedriver + 118744
7   chromedriver                        0x0000000104dcd370 cxxbridge1$str$ptr + 2906052
8   chromedriver                        0x0000000104dd0af0 cxxbridge1$str$ptr + 2920260
9   chromedriver                        0x0000000104db42b0 cxxbridge1$str$ptr + 2803460
10  chromedriver                        0x0000000104dd1384 cxxbridge1$str$ptr + 2922456
11  chromedriver                        0x0000000104da57d0 cxxbridge1$str$ptr + 2743332
12  chromedriver                        0x0000000104882d30 chromedriver + 109872
13  dyld                                0x000000018a077e00 start + 6992

2026-06-18 17:52:57,221 [INFO]   🔄 DDG fallback: "O M Hoteles Operadores Hoteleros" Cali email contacto
2026-06-18 17:53:02,558 [INFO] response: https://www.bing.com/search?q=%22O+M+Hoteles+Operadores+Hoteleros%22+Cali+email+contacto 200
2026-06-18 17:53:06,062 [INFO]   🌐 Visitando (ddg): https://www.rae.es/dpd/o
2026-06-18 17:53:14,126 [INFO]   ✅ Email en sitio: biblioteca@rae.es
2026-06-18 17:53:21,574 [INFO] 
[86/210] Holiday Inn Express Barranquilla Buenavista (Barranquilla)
2026-06-18 17:53:21,575 [INFO]   🔍 Google: "Holiday Inn Express Barranquilla Buenavista" Barranquilla email contacto
2026-06-18 17:53:21,577 [WARNING] Error navegando a Google: Message: invalid session id; For documentation on this error, please visit: https://www.selenium.dev/documentation/webdriver/troubleshooting/errors#invalidsessionidexception
Stacktrace:
0   chromedriver                        0x0000000104e0f1e4 cxxbridge1$str$ptr + 3175992
1   chromedriver                        0x0000000104e072ac cxxbridge1$str$ptr + 3143424
2   chromedriver                        0x00000001048b7178 _RNvCs9NA52FrZ4pF_7___rustc35___rust_no_alloc_shim_is_unstable_v2 + 73572
3   chromedriver                        0x00000001048f46c4 _RNvCs9NA52FrZ4pF_7___rustc35___rust_no_alloc_shim_is_unstable_v2 + 324784
4   chromedriver                        0x000000010491b068 _RNvCs9NA52FrZ4pF_7___rustc35___rust_no_alloc_shim_is_unstable_v2 + 482900
5   chromedriver                        0x000000010491a968 _RNvCs9NA52FrZ4pF_7___rustc35___rust_no_alloc_shim_is_unstable_v2 + 481108
6   chromedriver                        0x0000000104884fd8 chromedriver + 118744
7   chromedriver                        0x0000000104dcd370 cxxbridge1$str$ptr + 2906052
8   chromedriver                        0x0000000104dd0af0 cxxbridge1$str$ptr + 2920260
9   chromedriver                        0x0000000104db42b0 cxxbridge1$str$ptr + 2803460
10  chromedriver                        0x0000000104dd1384 cxxbridge1$str$ptr + 2922456
11  chromedriver                        0x0000000104da57d0 cxxbridge1$str$ptr + 2743332
12  chromedriver                        0x0000000104882d30 chromedriver + 109872
13  dyld                                0x000000018a077e00 start + 6992

2026-06-18 17:53:21,577 [INFO]   🔄 DDG fallback: "Holiday Inn Express Barranquilla Buenavista" Barranquilla email contacto
2026-06-18 17:53:21,864 [INFO] response: https://www.bing.com/search?q=%22Holiday+Inn+Express+Barranquilla+Buenavista%22+Barranquilla+email+contacto 200
2026-06-18 17:53:24,354 [INFO]   🔍 DDG→Facebook: "Holiday Inn Express Barranquilla Buenavista" Barranquilla site:facebook.com
2026-06-18 17:53:24,630 [INFO] response: https://www.bing.com/search?q=%22Holiday+Inn+Express+Barranquilla+Buenavista%22+Barranquilla+site%3Afacebook.com 200
2026-06-18 17:53:25,611 [INFO] response: https://www.bing.com/search?q=%22Holiday+Inn+Express+Barranquilla+Buenavista%22+Barranquilla+site%3Afacebook.com&first=11&FORM=PERE 200
2026-06-18 17:53:26,616 [INFO] response: https://www.bing.com/search?q=%22Holiday+Inn+Express+Barranquilla+Buenavista%22+Barranquilla+site%3Afacebook.com&first=21&FORM=PERE1 200
2026-06-18 17:53:27,704 [INFO] response: https://www.bing.com/search?q=%22Holiday+Inn+Express+Barranquilla+Buenavista%22+Barranquilla+site%3Afacebook.com&first=31&FORM=PERE2 200
2026-06-18 17:53:28,770 [INFO] response: https://www.bing.com/search?q=%22Holiday+Inn+Express+Barranquilla+Buenavista%22+Barranquilla+site%3Afacebook.com&first=41&FORM=PERE3 200
2026-06-18 17:53:31,945 [INFO]   ❌ Sin resultado: Holiday Inn Express Barranquilla Buenavista
2026-06-18 17:53:38,404 [INFO] 
[87/210] Faranda Collection Barranquilla, a member of Radisson Individuals (Barranquilla)
2026-06-18 17:53:38,405 [INFO]   🔍 Google: "Faranda Collection Barranquilla, a member of Radisson Individuals" Barranquilla email contacto
2026-06-18 17:53:38,407 [WARNING] Error navegando a Google: Message: invalid session id; For documentation on this error, please visit: https://www.selenium.dev/documentation/webdriver/troubleshooting/errors#invalidsessionidexception
Stacktrace:
0   chromedriver                        0x0000000104e0f1e4 cxxbridge1$str$ptr + 3175992
1   chromedriver                        0x0000000104e072ac cxxbridge1$str$ptr + 3143424
2   chromedriver                        0x00000001048b7178 _RNvCs9NA52FrZ4pF_7___rustc35___rust_no_alloc_shim_is_unstable_v2 + 73572
3   chromedriver                        0x00000001048f46c4 _RNvCs9NA52FrZ4pF_7___rustc35___rust_no_alloc_shim_is_unstable_v2 + 324784
4   chromedriver                        0x000000010491b068 _RNvCs9NA52FrZ4pF_7___rustc35___rust_no_alloc_shim_is_unstable_v2 + 482900
5   chromedriver                        0x000000010491a968 _RNvCs9NA52FrZ4pF_7___rustc35___rust_no_alloc_shim_is_unstable_v2 + 481108
6   chromedriver                        0x0000000104884fd8 chromedriver + 118744
7   chromedriver                        0x0000000104dcd370 cxxbridge1$str$ptr + 2906052
8   chromedriver                        0x0000000104dd0af0 cxxbridge1$str$ptr + 2920260
9   chromedriver                        0x0000000104db42b0 cxxbridge1$str$ptr + 2803460
10  chromedriver                        0x0000000104dd1384 cxxbridge1$str$ptr + 2922456
11  chromedriver                        0x0000000104da57d0 cxxbridge1$str$ptr + 2743332
12  chromedriver                        0x0000000104882d30 chromedriver + 109872
13  dyld                                0x000000018a077e00 start + 6992

2026-06-18 17:53:38,407 [INFO]   🔄 DDG fallback: "Faranda Collection Barranquilla, a member of Radisson Individuals" Barranquilla email contacto
2026-06-18 17:53:38,801 [INFO] response: https://www.bing.com/search?q=%22Faranda+Collection+Barranquilla%2C+a+member+of+Radisson+Individuals%22+Barranquilla+email+contacto 200
2026-06-18 17:53:42,377 [INFO]   🔍 DDG→Facebook: "Faranda Collection Barranquilla, a member of Radisson Individuals" Barranquilla site:facebook.com
2026-06-18 17:53:42,831 [INFO] response: https://www.bing.com/search?q=%22Faranda+Collection+Barranquilla%2C+a+member+of+Radisson+Individuals%22+Barranquilla+site%3Afacebook.com 200
2026-06-18 17:53:43,921 [INFO] response: https://www.bing.com/search?q=%22Faranda+Collection+Barranquilla%2C+a+member+of+Radisson+Individuals%22+Barranquilla+site%3Afacebook.com&first=11&FORM=PERE 200
2026-06-18 17:53:45,081 [INFO] response: https://www.bing.com/search?q=%22Faranda+Collection+Barranquilla%2C+a+member+of+Radisson+Individuals%22+Barranquilla+site%3Afacebook.com&first=21&FORM=PERE1 200
2026-06-18 17:53:46,128 [INFO] response: https://www.bing.com/search?q=%22Faranda+Collection+Barranquilla%2C+a+member+of+Radisson+Individuals%22+Barranquilla+site%3Afacebook.com&first=31&FORM=PERE2 200
2026-06-18 17:53:47,480 [INFO] response: https://www.bing.com/search?q=%22Faranda+Collection+Barranquilla%2C+a+member+of+Radisson+Individuals%22+Barranquilla+site%3Afacebook.com&first=41&FORM=PERE3 200
2026-06-18 17:53:49,598 [INFO]   ❌ Sin resultado: Faranda Collection Barranquilla, a member of Radisson Individuals
2026-06-18 17:53:54,641 [INFO] 
[88/210] Howard Johnson by Wyndham Barranquilla Versalles (Barranquilla)
2026-06-18 17:53:54,642 [INFO]   🔍 Google: "Howard Johnson by Wyndham Barranquilla Versalles" Barranquilla email contacto
2026-06-18 17:53:54,644 [WARNING] Error navegando a Google: Message: invalid session id; For documentation on this error, please visit: https://www.selenium.dev/documentation/webdriver/troubleshooting/errors#invalidsessionidexception
Stacktrace:
0   chromedriver                        0x0000000104e0f1e4 cxxbridge1$str$ptr + 3175992
1   chromedriver                        0x0000000104e072ac cxxbridge1$str$ptr + 3143424
2   chromedriver                        0x00000001048b7178 _RNvCs9NA52FrZ4pF_7___rustc35___rust_no_alloc_shim_is_unstable_v2 + 73572
3   chromedriver                        0x00000001048f46c4 _RNvCs9NA52FrZ4pF_7___rustc35___rust_no_alloc_shim_is_unstable_v2 + 324784
4   chromedriver                        0x000000010491b068 _RNvCs9NA52FrZ4pF_7___rustc35___rust_no_alloc_shim_is_unstable_v2 + 482900
5   chromedriver                        0x000000010491a968 _RNvCs9NA52FrZ4pF_7___rustc35___rust_no_alloc_shim_is_unstable_v2 + 481108
6   chromedriver                        0x0000000104884fd8 chromedriver + 118744
7   chromedriver                        0x0000000104dcd370 cxxbridge1$str$ptr + 2906052
8   chromedriver                        0x0000000104dd0af0 cxxbridge1$str$ptr + 2920260
9   chromedriver                        0x0000000104db42b0 cxxbridge1$str$ptr + 2803460
10  chromedriver                        0x0000000104dd1384 cxxbridge1$str$ptr + 2922456
11  chromedriver                        0x0000000104da57d0 cxxbridge1$str$ptr + 2743332
12  chromedriver                        0x0000000104882d30 chromedriver + 109872
13  dyld                                0x000000018a077e00 start + 6992

2026-06-18 17:53:54,644 [INFO]   🔄 DDG fallback: "Howard Johnson by Wyndham Barranquilla Versalles" Barranquilla email contacto
2026-06-18 17:53:55,062 [INFO] response: https://www.bing.com/search?q=%22Howard+Johnson+by+Wyndham+Barranquilla+Versalles%22+Barranquilla+email+contacto 200
2026-06-18 17:53:57,540 [INFO]   🔍 DDG→Facebook: "Howard Johnson by Wyndham Barranquilla Versalles" Barranquilla site:facebook.com
2026-06-18 17:53:57,942 [INFO] response: https://www.bing.com/search?q=%22Howard+Johnson+by+Wyndham+Barranquilla+Versalles%22+Barranquilla+site%3Afacebook.com 200
2026-06-18 17:53:58,922 [INFO] response: https://www.bing.com/search?q=%22Howard+Johnson+by+Wyndham+Barranquilla+Versalles%22+Barranquilla+site%3Afacebook.com&first=11&FORM=PERE 200
2026-06-18 17:53:59,919 [INFO] response: https://www.bing.com/search?q=%22Howard+Johnson+by+Wyndham+Barranquilla+Versalles%22+Barranquilla+site%3Afacebook.com&first=21&FORM=PERE1 200
2026-06-18 17:54:01,124 [INFO] response: https://www.bing.com/search?q=%22Howard+Johnson+by+Wyndham+Barranquilla+Versalles%22+Barranquilla+site%3Afacebook.com&first=31&FORM=PERE2 200
2026-06-18 17:54:02,097 [INFO] response: https://www.bing.com/search?q=%22Howard+Johnson+by+Wyndham+Barranquilla+Versalles%22+Barranquilla+site%3Afacebook.com&first=41&FORM=PERE3 200
2026-06-18 17:54:04,502 [INFO]   ❌ Sin resultado: Howard Johnson by Wyndham Barranquilla Versalles
2026-06-18 17:54:04,503 [INFO]   📊 Progreso 88/210 | Emails: 13 | Sin resultado: 82
2026-06-18 17:54:11,846 [INFO] 
[89/210] Hilton Garden Inn Barranquilla (Barranquilla)
2026-06-18 17:54:11,846 [INFO]   🔍 Google: "Hilton Garden Inn Barranquilla" Barranquilla email contacto
2026-06-18 17:54:11,847 [WARNING] Error navegando a Google: Message: invalid session id; For documentation on this error, please visit: https://www.selenium.dev/documentation/webdriver/troubleshooting/errors#invalidsessionidexception
Stacktrace:
0   chromedriver                        0x0000000104e0f1e4 cxxbridge1$str$ptr + 3175992
1   chromedriver                        0x0000000104e072ac cxxbridge1$str$ptr + 3143424
2   chromedriver                        0x00000001048b7178 _RNvCs9NA52FrZ4pF_7___rustc35___rust_no_alloc_shim_is_unstable_v2 + 73572
3   chromedriver                        0x00000001048f46c4 _RNvCs9NA52FrZ4pF_7___rustc35___rust_no_alloc_shim_is_unstable_v2 + 324784
4   chromedriver                        0x000000010491b068 _RNvCs9NA52FrZ4pF_7___rustc35___rust_no_alloc_shim_is_unstable_v2 + 482900
5   chromedriver                        0x000000010491a968 _RNvCs9NA52FrZ4pF_7___rustc35___rust_no_alloc_shim_is_unstable_v2 + 481108
6   chromedriver                        0x0000000104884fd8 chromedriver + 118744
7   chromedriver                        0x0000000104dcd370 cxxbridge1$str$ptr + 2906052
8   chromedriver                        0x0000000104dd0af0 cxxbridge1$str$ptr + 2920260
9   chromedriver                        0x0000000104db42b0 cxxbridge1$str$ptr + 2803460
10  chromedriver                        0x0000000104dd1384 cxxbridge1$str$ptr + 2922456
11  chromedriver                        0x0000000104da57d0 cxxbridge1$str$ptr + 2743332
12  chromedriver                        0x0000000104882d30 chromedriver + 109872
13  dyld                                0x000000018a077e00 start + 6992

2026-06-18 17:54:11,848 [INFO]   🔄 DDG fallback: "Hilton Garden Inn Barranquilla" Barranquilla email contacto
2026-06-18 17:54:12,185 [INFO] response: https://www.bing.com/search?q=%22Hilton+Garden+Inn+Barranquilla%22+Barranquilla+email+contacto 200
2026-06-18 17:54:13,322 [INFO] response: https://www.bing.com/search?q=%22Hilton+Garden+Inn+Barranquilla%22+Barranquilla+email+contacto&first=11&FORM=PERE 200
2026-06-18 17:54:14,308 [INFO] response: https://www.bing.com/search?q=%22Hilton+Garden+Inn+Barranquilla%22+Barranquilla+email+contacto&first=21&FORM=PERE1 200
2026-06-18 17:54:15,533 [INFO] response: https://www.bing.com/search?q=%22Hilton+Garden+Inn+Barranquilla%22+Barranquilla+email+contacto&first=31&FORM=PERE2 200
2026-06-18 17:54:16,585 [INFO] response: https://www.bing.com/search?q=%22Hilton+Garden+Inn+Barranquilla%22+Barranquilla+email+contacto&first=41&FORM=PERE3 200
2026-06-18 17:54:20,201 [INFO]   🌐 Visitando (ddg): https://www.hiltonhonors.com/en_US/status-match/landing/
2026-06-18 17:54:30,425 [INFO]   🔍 DDG→Facebook: "Hilton Garden Inn Barranquilla" Barranquilla site:facebook.com
2026-06-18 17:54:35,941 [INFO] response: https://www.bing.com/search?q=%22Hilton+Garden+Inn+Barranquilla%22+Barranquilla+site%3Afacebook.com 200
2026-06-18 17:54:36,923 [INFO] response: https://www.bing.com/search?q=%22Hilton+Garden+Inn+Barranquilla%22+Barranquilla+site%3Afacebook.com&first=11&FORM=PERE 200
2026-06-18 17:54:38,036 [INFO] response: https://www.bing.com/search?q=%22Hilton+Garden+Inn+Barranquilla%22+Barranquilla+site%3Afacebook.com&first=21&FORM=PERE1 200
2026-06-18 17:54:38,982 [INFO] response: https://www.bing.com/search?q=%22Hilton+Garden+Inn+Barranquilla%22+Barranquilla+site%3Afacebook.com&first=31&FORM=PERE2 200
2026-06-18 17:54:40,188 [INFO] response: https://www.bing.com/search?q=%22Hilton+Garden+Inn+Barranquilla%22+Barranquilla+site%3Afacebook.com&first=41&FORM=PERE3 200
2026-06-18 17:54:43,529 [INFO]   ❌ Sin resultado: Hilton Garden Inn Barranquilla
2026-06-18 17:54:49,736 [INFO] 
[90/210] Four Points by Sheraton Barranquilla (Barranquilla)
2026-06-18 17:54:49,737 [INFO]   🔍 Google: "Four Points by Sheraton Barranquilla" Barranquilla email contacto
2026-06-18 17:54:49,740 [WARNING] Error navegando a Google: Message: invalid session id; For documentation on this error, please visit: https://www.selenium.dev/documentation/webdriver/troubleshooting/errors#invalidsessionidexception
Stacktrace:
0   chromedriver                        0x0000000104e0f1e4 cxxbridge1$str$ptr + 3175992
1   chromedriver                        0x0000000104e072ac cxxbridge1$str$ptr + 3143424
2   chromedriver                        0x00000001048b7178 _RNvCs9NA52FrZ4pF_7___rustc35___rust_no_alloc_shim_is_unstable_v2 + 73572
3   chromedriver                        0x00000001048f46c4 _RNvCs9NA52FrZ4pF_7___rustc35___rust_no_alloc_shim_is_unstable_v2 + 324784
4   chromedriver                        0x000000010491b068 _RNvCs9NA52FrZ4pF_7___rustc35___rust_no_alloc_shim_is_unstable_v2 + 482900
5   chromedriver                        0x000000010491a968 _RNvCs9NA52FrZ4pF_7___rustc35___rust_no_alloc_shim_is_unstable_v2 + 481108
6   chromedriver                        0x0000000104884fd8 chromedriver + 118744
7   chromedriver                        0x0000000104dcd370 cxxbridge1$str$ptr + 2906052
8   chromedriver                        0x0000000104dd0af0 cxxbridge1$str$ptr + 2920260
9   chromedriver                        0x0000000104db42b0 cxxbridge1$str$ptr + 2803460
10  chromedriver                        0x0000000104dd1384 cxxbridge1$str$ptr + 2922456
11  chromedriver                        0x0000000104da57d0 cxxbridge1$str$ptr + 2743332
12  chromedriver                        0x0000000104882d30 chromedriver + 109872
13  dyld                                0x000000018a077e00 start + 6992

2026-06-18 17:54:49,740 [INFO]   🔄 DDG fallback: "Four Points by Sheraton Barranquilla" Barranquilla email contacto
2026-06-18 17:54:50,033 [INFO] response: https://www.bing.com/search?q=%22Four+Points+by+Sheraton+Barranquilla%22+Barranquilla+email+contacto 200
2026-06-18 17:54:52,462 [INFO]   🔍 DDG→Facebook: "Four Points by Sheraton Barranquilla" Barranquilla site:facebook.com
2026-06-18 17:54:52,785 [INFO] response: https://www.bing.com/search?q=%22Four+Points+by+Sheraton+Barranquilla%22+Barranquilla+site%3Afacebook.com 200
2026-06-18 17:54:53,766 [INFO] response: https://www.bing.com/search?q=%22Four+Points+by+Sheraton+Barranquilla%22+Barranquilla+site%3Afacebook.com&first=11&FORM=PERE 200
2026-06-18 17:54:54,910 [INFO] response: https://www.bing.com/search?q=%22Four+Points+by+Sheraton+Barranquilla%22+Barranquilla+site%3Afacebook.com&first=21&FORM=PERE1 200
2026-06-18 17:54:56,035 [INFO] response: https://www.bing.com/search?q=%22Four+Points+by+Sheraton+Barranquilla%22+Barranquilla+site%3Afacebook.com&first=31&FORM=PERE2 200
2026-06-18 17:54:57,186 [INFO] response: https://www.bing.com/search?q=%22Four+Points+by+Sheraton+Barranquilla%22+Barranquilla+site%3Afacebook.com&first=41&FORM=PERE3 200
2026-06-18 17:54:59,230 [INFO]   ❌ Sin resultado: Four Points by Sheraton Barranquilla
2026-06-18 17:55:06,320 [INFO] 
[91/210] Crowne Plaza - Barranquilla (Barranquilla)
2026-06-18 17:55:06,320 [INFO]   🔍 Google: "Crowne Plaza - Barranquilla" Barranquilla email contacto
2026-06-18 17:55:06,323 [WARNING] Error navegando a Google: Message: invalid session id; For documentation on this error, please visit: https://www.selenium.dev/documentation/webdriver/troubleshooting/errors#invalidsessionidexception
Stacktrace:
0   chromedriver                        0x0000000104e0f1e4 cxxbridge1$str$ptr + 3175992
1   chromedriver                        0x0000000104e072ac cxxbridge1$str$ptr + 3143424
2   chromedriver                        0x00000001048b7178 _RNvCs9NA52FrZ4pF_7___rustc35___rust_no_alloc_shim_is_unstable_v2 + 73572
3   chromedriver                        0x00000001048f46c4 _RNvCs9NA52FrZ4pF_7___rustc35___rust_no_alloc_shim_is_unstable_v2 + 324784
4   chromedriver                        0x000000010491b068 _RNvCs9NA52FrZ4pF_7___rustc35___rust_no_alloc_shim_is_unstable_v2 + 482900
5   chromedriver                        0x000000010491a968 _RNvCs9NA52FrZ4pF_7___rustc35___rust_no_alloc_shim_is_unstable_v2 + 481108
6   chromedriver                        0x0000000104884fd8 chromedriver + 118744
7   chromedriver                        0x0000000104dcd370 cxxbridge1$str$ptr + 2906052
8   chromedriver                        0x0000000104dd0af0 cxxbridge1$str$ptr + 2920260
9   chromedriver                        0x0000000104db42b0 cxxbridge1$str$ptr + 2803460
10  chromedriver                        0x0000000104dd1384 cxxbridge1$str$ptr + 2922456
11  chromedriver                        0x0000000104da57d0 cxxbridge1$str$ptr + 2743332
12  chromedriver                        0x0000000104882d30 chromedriver + 109872
13  dyld                                0x000000018a077e00 start + 6992

2026-06-18 17:55:06,323 [INFO]   🔄 DDG fallback: "Crowne Plaza - Barranquilla" Barranquilla email contacto
2026-06-18 17:55:06,586 [INFO] response: https://www.bing.com/search?q=%22Crowne+Plaza+-+Barranquilla%22+Barranquilla+email+contacto 200
2026-06-18 17:55:09,884 [INFO]   🔍 DDG→Facebook: "Crowne Plaza - Barranquilla" Barranquilla site:facebook.com
2026-06-18 17:55:10,256 [INFO] response: https://www.bing.com/search?q=%22Crowne+Plaza+-+Barranquilla%22+Barranquilla+site%3Afacebook.com 200
2026-06-18 17:55:11,318 [INFO] response: https://www.bing.com/search?q=%22Crowne+Plaza+-+Barranquilla%22+Barranquilla+site%3Afacebook.com&first=11&FORM=PERE 200
2026-06-18 17:55:12,331 [INFO] response: https://www.bing.com/search?q=%22Crowne+Plaza+-+Barranquilla%22+Barranquilla+site%3Afacebook.com&first=21&FORM=PERE1 200
2026-06-18 17:55:13,323 [INFO] response: https://www.bing.com/search?q=%22Crowne+Plaza+-+Barranquilla%22+Barranquilla+site%3Afacebook.com&first=31&FORM=PERE2 200
2026-06-18 17:55:14,630 [INFO] response: https://www.bing.com/search?q=%22Crowne+Plaza+-+Barranquilla%22+Barranquilla+site%3Afacebook.com&first=41&FORM=PERE3 200
2026-06-18 17:55:16,679 [INFO]   ❌ Sin resultado: Crowne Plaza - Barranquilla
2026-06-18 17:55:23,294 [INFO] 
[92/210] Ayenda 1315 Candiac (Barranquilla)
2026-06-18 17:55:23,295 [INFO]   🔍 Google: "Ayenda 1315 Candiac" Barranquilla email contacto
2026-06-18 17:55:23,297 [WARNING] Error navegando a Google: Message: invalid session id; For documentation on this error, please visit: https://www.selenium.dev/documentation/webdriver/troubleshooting/errors#invalidsessionidexception
Stacktrace:
0   chromedriver                        0x0000000104e0f1e4 cxxbridge1$str$ptr + 3175992
1   chromedriver                        0x0000000104e072ac cxxbridge1$str$ptr + 3143424
2   chromedriver                        0x00000001048b7178 _RNvCs9NA52FrZ4pF_7___rustc35___rust_no_alloc_shim_is_unstable_v2 + 73572
3   chromedriver                        0x00000001048f46c4 _RNvCs9NA52FrZ4pF_7___rustc35___rust_no_alloc_shim_is_unstable_v2 + 324784
4   chromedriver                        0x000000010491b068 _RNvCs9NA52FrZ4pF_7___rustc35___rust_no_alloc_shim_is_unstable_v2 + 482900
5   chromedriver                        0x000000010491a968 _RNvCs9NA52FrZ4pF_7___rustc35___rust_no_alloc_shim_is_unstable_v2 + 481108
6   chromedriver                        0x0000000104884fd8 chromedriver + 118744
7   chromedriver                        0x0000000104dcd370 cxxbridge1$str$ptr + 2906052
8   chromedriver                        0x0000000104dd0af0 cxxbridge1$str$ptr + 2920260
9   chromedriver                        0x0000000104db42b0 cxxbridge1$str$ptr + 2803460
10  chromedriver                        0x0000000104dd1384 cxxbridge1$str$ptr + 2922456
11  chromedriver                        0x0000000104da57d0 cxxbridge1$str$ptr + 2743332
12  chromedriver                        0x0000000104882d30 chromedriver + 109872
13  dyld                                0x000000018a077e00 start + 6992

2026-06-18 17:55:23,297 [INFO]   🔄 DDG fallback: "Ayenda 1315 Candiac" Barranquilla email contacto
2026-06-18 17:55:23,622 [INFO] response: https://www.bing.com/search?q=%22Ayenda+1315+Candiac%22+Barranquilla+email+contacto 200
2026-06-18 17:55:27,430 [INFO]   🌐 Visitando (ddg): https://apps.apple.com/co/app/ayenda-hoteles-económicos/id1492945311
2026-06-18 17:55:43,236 [INFO]   📘 Facebook (SERP ddg): https://www.facebook.com/ayendahoteles/
2026-06-18 17:55:43,601 [INFO]   📘 Selenium → Facebook: https://www.facebook.com/ayendahoteles/
2026-06-18 17:55:53,198 [INFO]   ❌ Sin resultado: Ayenda 1315 Candiac
2026-06-18 17:55:57,396 [INFO] 
[93/210] Ayenda 1313 Barahona 72 (Barranquilla)
2026-06-18 17:55:57,397 [INFO]   🔍 Google: "Ayenda 1313 Barahona 72" Barranquilla email contacto
2026-06-18 17:55:57,399 [WARNING] Error navegando a Google: Message: invalid session id; For documentation on this error, please visit: https://www.selenium.dev/documentation/webdriver/troubleshooting/errors#invalidsessionidexception
Stacktrace:
0   chromedriver                        0x0000000104e0f1e4 cxxbridge1$str$ptr + 3175992
1   chromedriver                        0x0000000104e072ac cxxbridge1$str$ptr + 3143424
2   chromedriver                        0x00000001048b7178 _RNvCs9NA52FrZ4pF_7___rustc35___rust_no_alloc_shim_is_unstable_v2 + 73572
3   chromedriver                        0x00000001048f46c4 _RNvCs9NA52FrZ4pF_7___rustc35___rust_no_alloc_shim_is_unstable_v2 + 324784
4   chromedriver                        0x000000010491b068 _RNvCs9NA52FrZ4pF_7___rustc35___rust_no_alloc_shim_is_unstable_v2 + 482900
5   chromedriver                        0x000000010491a968 _RNvCs9NA52FrZ4pF_7___rustc35___rust_no_alloc_shim_is_unstable_v2 + 481108
6   chromedriver                        0x0000000104884fd8 chromedriver + 118744
7   chromedriver                        0x0000000104dcd370 cxxbridge1$str$ptr + 2906052
8   chromedriver                        0x0000000104dd0af0 cxxbridge1$str$ptr + 2920260
9   chromedriver                        0x0000000104db42b0 cxxbridge1$str$ptr + 2803460
10  chromedriver                        0x0000000104dd1384 cxxbridge1$str$ptr + 2922456
11  chromedriver                        0x0000000104da57d0 cxxbridge1$str$ptr + 2743332
12  chromedriver                        0x0000000104882d30 chromedriver + 109872
13  dyld                                0x000000018a077e00 start + 6992

2026-06-18 17:55:57,399 [INFO]   🔄 DDG fallback: "Ayenda 1313 Barahona 72" Barranquilla email contacto
2026-06-18 17:55:57,691 [INFO] response: https://www.bing.com/search?q=%22Ayenda+1313+Barahona+72%22+Barranquilla+email+contacto 200
2026-06-18 17:56:00,364 [INFO]   🔍 DDG→Facebook: "Ayenda 1313 Barahona 72" Barranquilla site:facebook.com
2026-06-18 17:56:05,675 [INFO] response: https://www.bing.com/search?q=%22Ayenda+1313+Barahona+72%22+Barranquilla+site%3Afacebook.com 200
2026-06-18 17:56:06,882 [INFO] response: https://www.bing.com/search?q=%22Ayenda+1313+Barahona+72%22+Barranquilla+site%3Afacebook.com&first=11&FORM=PERE 200
2026-06-18 17:56:07,868 [INFO] response: https://www.bing.com/search?q=%22Ayenda+1313+Barahona+72%22+Barranquilla+site%3Afacebook.com&first=21&FORM=PERE1 200
2026-06-18 17:56:08,831 [INFO] response: https://www.bing.com/search?q=%22Ayenda+1313+Barahona+72%22+Barranquilla+site%3Afacebook.com&first=31&FORM=PERE2 200
2026-06-18 17:56:09,808 [INFO] response: https://www.bing.com/search?q=%22Ayenda+1313+Barahona+72%22+Barranquilla+site%3Afacebook.com&first=41&FORM=PERE3 200
2026-06-18 17:56:12,995 [INFO]   ❌ Sin resultado: Ayenda 1313 Barahona 72
2026-06-18 17:56:12,996 [INFO]   📊 Progreso 93/210 | Emails: 13 | Sin resultado: 87
2026-06-18 17:56:17,323 [INFO] 
[94/210] Hotel NH Collection Barranquilla Smartsuites Royal (Barranquilla)
2026-06-18 17:56:17,324 [INFO]   🔍 Google: "Hotel NH Collection Barranquilla Smartsuites Royal" Barranquilla email contacto
2026-06-18 17:56:17,326 [WARNING] Error navegando a Google: Message: invalid session id; For documentation on this error, please visit: https://www.selenium.dev/documentation/webdriver/troubleshooting/errors#invalidsessionidexception
Stacktrace:
0   chromedriver                        0x0000000104e0f1e4 cxxbridge1$str$ptr + 3175992
1   chromedriver                        0x0000000104e072ac cxxbridge1$str$ptr + 3143424
2   chromedriver                        0x00000001048b7178 _RNvCs9NA52FrZ4pF_7___rustc35___rust_no_alloc_shim_is_unstable_v2 + 73572
3   chromedriver                        0x00000001048f46c4 _RNvCs9NA52FrZ4pF_7___rustc35___rust_no_alloc_shim_is_unstable_v2 + 324784
4   chromedriver                        0x000000010491b068 _RNvCs9NA52FrZ4pF_7___rustc35___rust_no_alloc_shim_is_unstable_v2 + 482900
5   chromedriver                        0x000000010491a968 _RNvCs9NA52FrZ4pF_7___rustc35___rust_no_alloc_shim_is_unstable_v2 + 481108
6   chromedriver                        0x0000000104884fd8 chromedriver + 118744
7   chromedriver                        0x0000000104dcd370 cxxbridge1$str$ptr + 2906052
8   chromedriver                        0x0000000104dd0af0 cxxbridge1$str$ptr + 2920260
9   chromedriver                        0x0000000104db42b0 cxxbridge1$str$ptr + 2803460
10  chromedriver                        0x0000000104dd1384 cxxbridge1$str$ptr + 2922456
11  chromedriver                        0x0000000104da57d0 cxxbridge1$str$ptr + 2743332
12  chromedriver                        0x0000000104882d30 chromedriver + 109872
13  dyld                                0x000000018a077e00 start + 6992

2026-06-18 17:56:17,326 [INFO]   🔄 DDG fallback: "Hotel NH Collection Barranquilla Smartsuites Royal" Barranquilla email contacto
2026-06-18 17:56:17,639 [INFO] response: https://www.bing.com/search?q=%22Hotel+NH+Collection+Barranquilla+Smartsuites+Royal%22+Barranquilla+email+contacto 200
2026-06-18 17:56:20,618 [INFO]   🔍 DDG→Facebook: "Hotel NH Collection Barranquilla Smartsuites Royal" Barranquilla site:facebook.com
2026-06-18 17:56:20,912 [INFO] response: https://www.bing.com/search?q=%22Hotel+NH+Collection+Barranquilla+Smartsuites+Royal%22+Barranquilla+site%3Afacebook.com 200
2026-06-18 17:56:21,917 [INFO] response: https://www.bing.com/search?q=%22Hotel+NH+Collection+Barranquilla+Smartsuites+Royal%22+Barranquilla+site%3Afacebook.com&first=11&FORM=PERE 200
2026-06-18 17:56:22,941 [INFO] response: https://www.bing.com/search?q=%22Hotel+NH+Collection+Barranquilla+Smartsuites+Royal%22+Barranquilla+site%3Afacebook.com&first=21&FORM=PERE1 200
2026-06-18 17:56:24,946 [INFO] response: https://www.bing.com/search?q=%22Hotel+NH+Collection+Barranquilla+Smartsuites+Royal%22+Barranquilla+site%3Afacebook.com&first=31&FORM=PERE2 200
2026-06-18 17:56:25,873 [INFO] response: https://www.bing.com/search?q=%22Hotel+NH+Collection+Barranquilla+Smartsuites+Royal%22+Barranquilla+site%3Afacebook.com&first=41&FORM=PERE3 200
2026-06-18 17:56:29,543 [INFO]   ❌ Sin resultado: Hotel NH Collection Barranquilla Smartsuites Royal
2026-06-18 17:56:35,110 [INFO] 
[95/210] Grand Hyatt | Bogotá (Bogota)
2026-06-18 17:56:35,110 [INFO]   🔍 Google: "Grand Hyatt | Bogotá" Bogota email contacto
2026-06-18 17:56:35,113 [WARNING] Error navegando a Google: Message: invalid session id; For documentation on this error, please visit: https://www.selenium.dev/documentation/webdriver/troubleshooting/errors#invalidsessionidexception
Stacktrace:
0   chromedriver                        0x0000000104e0f1e4 cxxbridge1$str$ptr + 3175992
1   chromedriver                        0x0000000104e072ac cxxbridge1$str$ptr + 3143424
2   chromedriver                        0x00000001048b7178 _RNvCs9NA52FrZ4pF_7___rustc35___rust_no_alloc_shim_is_unstable_v2 + 73572
3   chromedriver                        0x00000001048f46c4 _RNvCs9NA52FrZ4pF_7___rustc35___rust_no_alloc_shim_is_unstable_v2 + 324784
4   chromedriver                        0x000000010491b068 _RNvCs9NA52FrZ4pF_7___rustc35___rust_no_alloc_shim_is_unstable_v2 + 482900
5   chromedriver                        0x000000010491a968 _RNvCs9NA52FrZ4pF_7___rustc35___rust_no_alloc_shim_is_unstable_v2 + 481108
6   chromedriver                        0x0000000104884fd8 chromedriver + 118744
7   chromedriver                        0x0000000104dcd370 cxxbridge1$str$ptr + 2906052
8   chromedriver                        0x0000000104dd0af0 cxxbridge1$str$ptr + 2920260
9   chromedriver                        0x0000000104db42b0 cxxbridge1$str$ptr + 2803460
10  chromedriver                        0x0000000104dd1384 cxxbridge1$str$ptr + 2922456
11  chromedriver                        0x0000000104da57d0 cxxbridge1$str$ptr + 2743332
12  chromedriver                        0x0000000104882d30 chromedriver + 109872
13  dyld                                0x000000018a077e00 start + 6992

2026-06-18 17:56:35,113 [INFO]   🔄 DDG fallback: "Grand Hyatt | Bogotá" Bogota email contacto
2026-06-18 17:56:35,784 [INFO] response: https://www.bing.com/search?q=%22Grand+Hyatt+%7C+Bogot%C3%A1%22+Bogota+email+contacto 200
2026-06-18 17:56:40,264 [INFO]   🌐 Visitando (ddg): https://grandstorespr.com/
2026-06-18 17:56:47,936 [INFO]   ✅ Email en sitio: info@grandstorespr.com
2026-06-18 17:56:54,096 [INFO] 
[96/210] EXPOSTAY HOTEL CORFERIAS, BOGOTA (Bogota)
2026-06-18 17:56:54,096 [INFO]   🔍 Google: "EXPOSTAY HOTEL CORFERIAS, BOGOTA" Bogota email contacto
2026-06-18 17:56:54,098 [WARNING] Error navegando a Google: Message: invalid session id; For documentation on this error, please visit: https://www.selenium.dev/documentation/webdriver/troubleshooting/errors#invalidsessionidexception
Stacktrace:
0   chromedriver                        0x0000000104e0f1e4 cxxbridge1$str$ptr + 3175992
1   chromedriver                        0x0000000104e072ac cxxbridge1$str$ptr + 3143424
2   chromedriver                        0x00000001048b7178 _RNvCs9NA52FrZ4pF_7___rustc35___rust_no_alloc_shim_is_unstable_v2 + 73572
3   chromedriver                        0x00000001048f46c4 _RNvCs9NA52FrZ4pF_7___rustc35___rust_no_alloc_shim_is_unstable_v2 + 324784
4   chromedriver                        0x000000010491b068 _RNvCs9NA52FrZ4pF_7___rustc35___rust_no_alloc_shim_is_unstable_v2 + 482900
5   chromedriver                        0x000000010491a968 _RNvCs9NA52FrZ4pF_7___rustc35___rust_no_alloc_shim_is_unstable_v2 + 481108
6   chromedriver                        0x0000000104884fd8 chromedriver + 118744
7   chromedriver                        0x0000000104dcd370 cxxbridge1$str$ptr + 2906052
8   chromedriver                        0x0000000104dd0af0 cxxbridge1$str$ptr + 2920260
9   chromedriver                        0x0000000104db42b0 cxxbridge1$str$ptr + 2803460
10  chromedriver                        0x0000000104dd1384 cxxbridge1$str$ptr + 2922456
11  chromedriver                        0x0000000104da57d0 cxxbridge1$str$ptr + 2743332
12  chromedriver                        0x0000000104882d30 chromedriver + 109872
13  dyld                                0x000000018a077e00 start + 6992

2026-06-18 17:56:54,099 [INFO]   🔄 DDG fallback: "EXPOSTAY HOTEL CORFERIAS, BOGOTA" Bogota email contacto
2026-06-18 17:56:54,401 [INFO] response: https://www.bing.com/search?q=%22EXPOSTAY+HOTEL+CORFERIAS%2C+BOGOTA%22+Bogota+email+contacto 200
2026-06-18 17:56:58,058 [INFO]   🔍 DDG→Facebook: "EXPOSTAY HOTEL CORFERIAS, BOGOTA" Bogota site:facebook.com
2026-06-18 17:56:58,369 [INFO] response: https://www.bing.com/search?q=%22EXPOSTAY+HOTEL+CORFERIAS%2C+BOGOTA%22+Bogota+site%3Afacebook.com 200
2026-06-18 17:56:59,614 [INFO] response: https://www.bing.com/search?q=%22EXPOSTAY+HOTEL+CORFERIAS%2C+BOGOTA%22+Bogota+site%3Afacebook.com&first=11&FORM=PERE 200
2026-06-18 17:57:00,621 [INFO] response: https://www.bing.com/search?q=%22EXPOSTAY+HOTEL+CORFERIAS%2C+BOGOTA%22+Bogota+site%3Afacebook.com&first=21&FORM=PERE1 200
2026-06-18 17:57:01,854 [INFO] response: https://www.bing.com/search?q=%22EXPOSTAY+HOTEL+CORFERIAS%2C+BOGOTA%22+Bogota+site%3Afacebook.com&first=31&FORM=PERE2 200
2026-06-18 17:57:02,806 [INFO] response: https://www.bing.com/search?q=%22EXPOSTAY+HOTEL+CORFERIAS%2C+BOGOTA%22+Bogota+site%3Afacebook.com&first=41&FORM=PERE3 200
2026-06-18 17:57:05,713 [INFO]   ❌ Sin resultado: EXPOSTAY HOTEL CORFERIAS, BOGOTA
2026-06-18 17:57:12,349 [INFO] 
[97/210] Hospedaje Sary house (Bogota)
2026-06-18 17:57:12,349 [INFO]   🔍 Google: "Hospedaje Sary house" Bogota email contacto
2026-06-18 17:57:12,350 [WARNING] Error navegando a Google: Message: invalid session id; For documentation on this error, please visit: https://www.selenium.dev/documentation/webdriver/troubleshooting/errors#invalidsessionidexception
Stacktrace:
0   chromedriver                        0x0000000104e0f1e4 cxxbridge1$str$ptr + 3175992
1   chromedriver                        0x0000000104e072ac cxxbridge1$str$ptr + 3143424
2   chromedriver                        0x00000001048b7178 _RNvCs9NA52FrZ4pF_7___rustc35___rust_no_alloc_shim_is_unstable_v2 + 73572
3   chromedriver                        0x00000001048f46c4 _RNvCs9NA52FrZ4pF_7___rustc35___rust_no_alloc_shim_is_unstable_v2 + 324784
4   chromedriver                        0x000000010491b068 _RNvCs9NA52FrZ4pF_7___rustc35___rust_no_alloc_shim_is_unstable_v2 + 482900
5   chromedriver                        0x000000010491a968 _RNvCs9NA52FrZ4pF_7___rustc35___rust_no_alloc_shim_is_unstable_v2 + 481108
6   chromedriver                        0x0000000104884fd8 chromedriver + 118744
7   chromedriver                        0x0000000104dcd370 cxxbridge1$str$ptr + 2906052
8   chromedriver                        0x0000000104dd0af0 cxxbridge1$str$ptr + 2920260
9   chromedriver                        0x0000000104db42b0 cxxbridge1$str$ptr + 2803460
10  chromedriver                        0x0000000104dd1384 cxxbridge1$str$ptr + 2922456
11  chromedriver                        0x0000000104da57d0 cxxbridge1$str$ptr + 2743332
12  chromedriver                        0x0000000104882d30 chromedriver + 109872
13  dyld                                0x000000018a077e00 start + 6992

2026-06-18 17:57:12,350 [INFO]   🔄 DDG fallback: "Hospedaje Sary house" Bogota email contacto
2026-06-18 17:57:12,726 [INFO] response: https://www.bing.com/search?q=%22Hospedaje+Sary+house%22+Bogota+email+contacto 200
2026-06-18 17:57:15,040 [INFO]   🔍 DDG→Facebook: "Hospedaje Sary house" Bogota site:facebook.com
2026-06-18 17:57:15,441 [INFO] response: https://www.bing.com/search?q=%22Hospedaje+Sary+house%22+Bogota+site%3Afacebook.com 200
2026-06-18 17:57:16,901 [INFO] response: https://www.bing.com/search?q=%22Hospedaje+Sary+house%22+Bogota+site%3Afacebook.com&first=11&FORM=PERE 200
2026-06-18 17:57:17,840 [INFO] response: https://www.bing.com/search?q=%22Hospedaje+Sary+house%22+Bogota+site%3Afacebook.com&first=21&FORM=PERE1 200
2026-06-18 17:57:18,840 [INFO] response: https://www.bing.com/search?q=%22Hospedaje+Sary+house%22+Bogota+site%3Afacebook.com&first=31&FORM=PERE2 200
2026-06-18 17:57:19,935 [INFO] response: https://www.bing.com/search?q=%22Hospedaje+Sary+house%22+Bogota+site%3Afacebook.com&first=41&FORM=PERE3 200
2026-06-18 17:57:22,127 [INFO]   ❌ Sin resultado: Hospedaje Sary house
2026-06-18 17:57:26,156 [INFO] 
[98/210] Bogota Marriott Hotel (Bogota)
2026-06-18 17:57:26,156 [INFO]   🔍 Google: "Bogota Marriott Hotel" Bogota email contacto
2026-06-18 17:57:26,159 [WARNING] Error navegando a Google: Message: invalid session id; For documentation on this error, please visit: https://www.selenium.dev/documentation/webdriver/troubleshooting/errors#invalidsessionidexception
Stacktrace:
0   chromedriver                        0x0000000104e0f1e4 cxxbridge1$str$ptr + 3175992
1   chromedriver                        0x0000000104e072ac cxxbridge1$str$ptr + 3143424
2   chromedriver                        0x00000001048b7178 _RNvCs9NA52FrZ4pF_7___rustc35___rust_no_alloc_shim_is_unstable_v2 + 73572
3   chromedriver                        0x00000001048f46c4 _RNvCs9NA52FrZ4pF_7___rustc35___rust_no_alloc_shim_is_unstable_v2 + 324784
4   chromedriver                        0x000000010491b068 _RNvCs9NA52FrZ4pF_7___rustc35___rust_no_alloc_shim_is_unstable_v2 + 482900
5   chromedriver                        0x000000010491a968 _RNvCs9NA52FrZ4pF_7___rustc35___rust_no_alloc_shim_is_unstable_v2 + 481108
6   chromedriver                        0x0000000104884fd8 chromedriver + 118744
7   chromedriver                        0x0000000104dcd370 cxxbridge1$str$ptr + 2906052
8   chromedriver                        0x0000000104dd0af0 cxxbridge1$str$ptr + 2920260
9   chromedriver                        0x0000000104db42b0 cxxbridge1$str$ptr + 2803460
10  chromedriver                        0x0000000104dd1384 cxxbridge1$str$ptr + 2922456
11  chromedriver                        0x0000000104da57d0 cxxbridge1$str$ptr + 2743332
12  chromedriver                        0x0000000104882d30 chromedriver + 109872
13  dyld                                0x000000018a077e00 start + 6992

2026-06-18 17:57:26,159 [INFO]   🔄 DDG fallback: "Bogota Marriott Hotel" Bogota email contacto
2026-06-18 17:57:26,479 [INFO] response: https://www.bing.com/search?q=%22Bogota+Marriott+Hotel%22+Bogota+email+contacto 200
2026-06-18 17:57:29,205 [INFO]   🔍 DDG→Facebook: "Bogota Marriott Hotel" Bogota site:facebook.com
2026-06-18 17:57:29,481 [INFO] response: https://www.bing.com/search?q=%22Bogota+Marriott+Hotel%22+Bogota+site%3Afacebook.com 200
2026-06-18 17:57:30,440 [INFO] response: https://www.bing.com/search?q=%22Bogota+Marriott+Hotel%22+Bogota+site%3Afacebook.com&first=11&FORM=PERE 200
2026-06-18 17:57:31,612 [INFO] response: https://www.bing.com/search?q=%22Bogota+Marriott+Hotel%22+Bogota+site%3Afacebook.com&first=21&FORM=PERE1 200
2026-06-18 17:57:32,519 [INFO] response: https://www.bing.com/search?q=%22Bogota+Marriott+Hotel%22+Bogota+site%3Afacebook.com&first=31&FORM=PERE2 200
2026-06-18 17:57:33,518 [INFO] response: https://www.bing.com/search?q=%22Bogota+Marriott+Hotel%22+Bogota+site%3Afacebook.com&first=41&FORM=PERE3 200
2026-06-18 17:57:35,793 [INFO]   ❌ Sin resultado: Bogota Marriott Hotel
2026-06-18 17:57:35,795 [INFO]   📊 Progreso 98/210 | Emails: 14 | Sin resultado: 91
2026-06-18 17:57:41,579 [INFO] 
[99/210] Yachi Hostel ye Kuyay (Bogota)
2026-06-18 17:57:41,579 [INFO]   🔍 Google: "Yachi Hostel ye Kuyay" Bogota email contacto
2026-06-18 17:57:41,582 [WARNING] Error navegando a Google: Message: invalid session id; For documentation on this error, please visit: https://www.selenium.dev/documentation/webdriver/troubleshooting/errors#invalidsessionidexception
Stacktrace:
0   chromedriver                        0x0000000104e0f1e4 cxxbridge1$str$ptr + 3175992
1   chromedriver                        0x0000000104e072ac cxxbridge1$str$ptr + 3143424
2   chromedriver                        0x00000001048b7178 _RNvCs9NA52FrZ4pF_7___rustc35___rust_no_alloc_shim_is_unstable_v2 + 73572
3   chromedriver                        0x00000001048f46c4 _RNvCs9NA52FrZ4pF_7___rustc35___rust_no_alloc_shim_is_unstable_v2 + 324784
4   chromedriver                        0x000000010491b068 _RNvCs9NA52FrZ4pF_7___rustc35___rust_no_alloc_shim_is_unstable_v2 + 482900
5   chromedriver                        0x000000010491a968 _RNvCs9NA52FrZ4pF_7___rustc35___rust_no_alloc_shim_is_unstable_v2 + 481108
6   chromedriver                        0x0000000104884fd8 chromedriver + 118744
7   chromedriver                        0x0000000104dcd370 cxxbridge1$str$ptr + 2906052
8   chromedriver                        0x0000000104dd0af0 cxxbridge1$str$ptr + 2920260
9   chromedriver                        0x0000000104db42b0 cxxbridge1$str$ptr + 2803460
10  chromedriver                        0x0000000104dd1384 cxxbridge1$str$ptr + 2922456
11  chromedriver                        0x0000000104da57d0 cxxbridge1$str$ptr + 2743332
12  chromedriver                        0x0000000104882d30 chromedriver + 109872
13  dyld                                0x000000018a077e00 start + 6992

2026-06-18 17:57:41,582 [INFO]   🔄 DDG fallback: "Yachi Hostel ye Kuyay" Bogota email contacto
2026-06-18 17:57:41,927 [INFO] response: https://www.bing.com/search?q=%22Yachi+Hostel+ye+Kuyay%22+Bogota+email+contacto 200
2026-06-18 17:57:42,966 [INFO] response: https://www.bing.com/search?q=%22Yachi+Hostel+ye+Kuyay%22+Bogota+email+contacto&first=11&FORM=PERE 200
2026-06-18 17:57:46,867 [INFO]   🌐 Visitando (ddg): https://allthatsinteresting.com/interesting-historical-events
2026-06-18 17:58:06,398 [INFO]   🌐 Visitando (ddg): https://allthatsinteresting.com/interesting-events
2026-06-18 17:58:19,571 [INFO]   🌐 Visitando (ddg): https://allthatsinteresting.com/weird-historical-events
2026-06-18 17:58:31,386 [INFO]   🔍 DDG→Facebook: "Yachi Hostel ye Kuyay" Bogota site:facebook.com
2026-06-18 17:58:31,924 [INFO] response: https://www.bing.com/search?q=%22Yachi+Hostel+ye+Kuyay%22+Bogota+site%3Afacebook.com 200
2026-06-18 17:58:32,927 [INFO] response: https://www.bing.com/search?q=%22Yachi+Hostel+ye+Kuyay%22+Bogota+site%3Afacebook.com&first=11&FORM=PERE 200
2026-06-18 17:58:33,952 [INFO] response: https://www.bing.com/search?q=%22Yachi+Hostel+ye+Kuyay%22+Bogota+site%3Afacebook.com&first=21&FORM=PERE1 200
2026-06-18 17:58:35,100 [INFO] response: https://www.bing.com/search?q=%22Yachi+Hostel+ye+Kuyay%22+Bogota+site%3Afacebook.com&first=31&FORM=PERE2 200
2026-06-18 17:58:36,068 [INFO] response: https://www.bing.com/search?q=%22Yachi+Hostel+ye+Kuyay%22+Bogota+site%3Afacebook.com&first=41&FORM=PERE3 200
2026-06-18 17:58:39,103 [INFO]   ❌ Sin resultado: Yachi Hostel ye Kuyay
2026-06-18 17:58:46,414 [INFO] 
[100/210] Ayenda Hotel Las Palmas (Bogota)
2026-06-18 17:58:46,415 [INFO]   🔍 Google: "Ayenda Hotel Las Palmas" Bogota email contacto
2026-06-18 17:58:46,417 [WARNING] Error navegando a Google: Message: invalid session id; For documentation on this error, please visit: https://www.selenium.dev/documentation/webdriver/troubleshooting/errors#invalidsessionidexception
Stacktrace:
0   chromedriver                        0x0000000104e0f1e4 cxxbridge1$str$ptr + 3175992
1   chromedriver                        0x0000000104e072ac cxxbridge1$str$ptr + 3143424
2   chromedriver                        0x00000001048b7178 _RNvCs9NA52FrZ4pF_7___rustc35___rust_no_alloc_shim_is_unstable_v2 + 73572
3   chromedriver                        0x00000001048f46c4 _RNvCs9NA52FrZ4pF_7___rustc35___rust_no_alloc_shim_is_unstable_v2 + 324784
4   chromedriver                        0x000000010491b068 _RNvCs9NA52FrZ4pF_7___rustc35___rust_no_alloc_shim_is_unstable_v2 + 482900
5   chromedriver                        0x000000010491a968 _RNvCs9NA52FrZ4pF_7___rustc35___rust_no_alloc_shim_is_unstable_v2 + 481108
6   chromedriver                        0x0000000104884fd8 chromedriver + 118744
7   chromedriver                        0x0000000104dcd370 cxxbridge1$str$ptr + 2906052
8   chromedriver                        0x0000000104dd0af0 cxxbridge1$str$ptr + 2920260
9   chromedriver                        0x0000000104db42b0 cxxbridge1$str$ptr + 2803460
10  chromedriver                        0x0000000104dd1384 cxxbridge1$str$ptr + 2922456
11  chromedriver                        0x0000000104da57d0 cxxbridge1$str$ptr + 2743332
12  chromedriver                        0x0000000104882d30 chromedriver + 109872
13  dyld                                0x000000018a077e00 start + 6992

2026-06-18 17:58:46,417 [INFO]   🔄 DDG fallback: "Ayenda Hotel Las Palmas" Bogota email contacto
2026-06-18 17:58:46,888 [INFO] response: https://www.bing.com/search?q=%22Ayenda+Hotel+Las+Palmas%22+Bogota+email+contacto 200
2026-06-18 17:58:49,089 [INFO]   🔍 DDG→Facebook: "Ayenda Hotel Las Palmas" Bogota site:facebook.com
2026-06-18 17:58:49,366 [INFO] response: https://www.bing.com/search?q=%22Ayenda+Hotel+Las+Palmas%22+Bogota+site%3Afacebook.com 200
2026-06-18 17:58:50,382 [INFO] response: https://www.bing.com/search?q=%22Ayenda+Hotel+Las+Palmas%22+Bogota+site%3Afacebook.com&first=11&FORM=PERE 200
2026-06-18 17:58:51,473 [INFO] response: https://www.bing.com/search?q=%22Ayenda+Hotel+Las+Palmas%22+Bogota+site%3Afacebook.com&first=21&FORM=PERE1 200
2026-06-18 17:58:52,815 [INFO] response: https://www.bing.com/search?q=%22Ayenda+Hotel+Las+Palmas%22+Bogota+site%3Afacebook.com&first=31&FORM=PERE2 200
2026-06-18 17:58:53,782 [INFO] response: https://www.bing.com/search?q=%22Ayenda+Hotel+Las+Palmas%22+Bogota+site%3Afacebook.com&first=41&FORM=PERE3 200
2026-06-18 17:58:56,103 [INFO]   ❌ Sin resultado: Ayenda Hotel Las Palmas
2026-06-18 17:59:00,798 [INFO] 
[101/210] Hoteles Bogotá Inn (Bogota)
2026-06-18 17:59:00,798 [INFO]   🔍 Google: "Hoteles Bogotá Inn" Bogota email contacto
2026-06-18 17:59:00,800 [WARNING] Error navegando a Google: Message: invalid session id; For documentation on this error, please visit: https://www.selenium.dev/documentation/webdriver/troubleshooting/errors#invalidsessionidexception
Stacktrace:
0   chromedriver                        0x0000000104e0f1e4 cxxbridge1$str$ptr + 3175992
1   chromedriver                        0x0000000104e072ac cxxbridge1$str$ptr + 3143424
2   chromedriver                        0x00000001048b7178 _RNvCs9NA52FrZ4pF_7___rustc35___rust_no_alloc_shim_is_unstable_v2 + 73572
3   chromedriver                        0x00000001048f46c4 _RNvCs9NA52FrZ4pF_7___rustc35___rust_no_alloc_shim_is_unstable_v2 + 324784
4   chromedriver                        0x000000010491b068 _RNvCs9NA52FrZ4pF_7___rustc35___rust_no_alloc_shim_is_unstable_v2 + 482900
5   chromedriver                        0x000000010491a968 _RNvCs9NA52FrZ4pF_7___rustc35___rust_no_alloc_shim_is_unstable_v2 + 481108
6   chromedriver                        0x0000000104884fd8 chromedriver + 118744
7   chromedriver                        0x0000000104dcd370 cxxbridge1$str$ptr + 2906052
8   chromedriver                        0x0000000104dd0af0 cxxbridge1$str$ptr + 2920260
9   chromedriver                        0x0000000104db42b0 cxxbridge1$str$ptr + 2803460
10  chromedriver                        0x0000000104dd1384 cxxbridge1$str$ptr + 2922456
11  chromedriver                        0x0000000104da57d0 cxxbridge1$str$ptr + 2743332
12  chromedriver                        0x0000000104882d30 chromedriver + 109872
13  dyld                                0x000000018a077e00 start + 6992

2026-06-18 17:59:00,801 [INFO]   🔄 DDG fallback: "Hoteles Bogotá Inn" Bogota email contacto
2026-06-18 17:59:01,195 [INFO] response: https://www.bing.com/search?q=%22Hoteles+Bogot%C3%A1+Inn%22+Bogota+email+contacto 200
2026-06-18 17:59:04,292 [INFO]   🔍 DDG→Facebook: "Hoteles Bogotá Inn" Bogota site:facebook.com
2026-06-18 17:59:04,638 [INFO] response: https://www.bing.com/search?q=%22Hoteles+Bogot%C3%A1+Inn%22+Bogota+site%3Afacebook.com 200
2026-06-18 17:59:05,639 [INFO] response: https://www.bing.com/search?q=%22Hoteles+Bogot%C3%A1+Inn%22+Bogota+site%3Afacebook.com&first=11&FORM=PERE 200
2026-06-18 17:59:06,709 [INFO] response: https://www.bing.com/search?q=%22Hoteles+Bogot%C3%A1+Inn%22+Bogota+site%3Afacebook.com&first=21&FORM=PERE1 200
2026-06-18 17:59:07,760 [INFO] response: https://www.bing.com/search?q=%22Hoteles+Bogot%C3%A1+Inn%22+Bogota+site%3Afacebook.com&first=31&FORM=PERE2 200
2026-06-18 17:59:08,810 [INFO] response: https://www.bing.com/search?q=%22Hoteles+Bogot%C3%A1+Inn%22+Bogota+site%3Afacebook.com&first=41&FORM=PERE3 200
2026-06-18 17:59:11,655 [INFO]   ❌ Sin resultado: Hoteles Bogotá Inn
2026-06-18 17:59:17,611 [INFO] 
[102/210] Estadía El Dorado (Bogota)
2026-06-18 17:59:17,612 [INFO]   🔍 Google: "Estadía El Dorado" Bogota email contacto
2026-06-18 17:59:17,614 [WARNING] Error navegando a Google: Message: invalid session id; For documentation on this error, please visit: https://www.selenium.dev/documentation/webdriver/troubleshooting/errors#invalidsessionidexception
Stacktrace:
0   chromedriver                        0x0000000104e0f1e4 cxxbridge1$str$ptr + 3175992
1   chromedriver                        0x0000000104e072ac cxxbridge1$str$ptr + 3143424
2   chromedriver                        0x00000001048b7178 _RNvCs9NA52FrZ4pF_7___rustc35___rust_no_alloc_shim_is_unstable_v2 + 73572
3   chromedriver                        0x00000001048f46c4 _RNvCs9NA52FrZ4pF_7___rustc35___rust_no_alloc_shim_is_unstable_v2 + 324784
4   chromedriver                        0x000000010491b068 _RNvCs9NA52FrZ4pF_7___rustc35___rust_no_alloc_shim_is_unstable_v2 + 482900
5   chromedriver                        0x000000010491a968 _RNvCs9NA52FrZ4pF_7___rustc35___rust_no_alloc_shim_is_unstable_v2 + 481108
6   chromedriver                        0x0000000104884fd8 chromedriver + 118744
7   chromedriver                        0x0000000104dcd370 cxxbridge1$str$ptr + 2906052
8   chromedriver                        0x0000000104dd0af0 cxxbridge1$str$ptr + 2920260
9   chromedriver                        0x0000000104db42b0 cxxbridge1$str$ptr + 2803460
10  chromedriver                        0x0000000104dd1384 cxxbridge1$str$ptr + 2922456
11  chromedriver                        0x0000000104da57d0 cxxbridge1$str$ptr + 2743332
12  chromedriver                        0x0000000104882d30 chromedriver + 109872
13  dyld                                0x000000018a077e00 start + 6992

2026-06-18 17:59:17,614 [INFO]   🔄 DDG fallback: "Estadía El Dorado" Bogota email contacto
2026-06-18 17:59:17,930 [INFO] response: https://www.bing.com/search?q=%22Estad%C3%ADa+El+Dorado%22+Bogota+email+contacto 200
2026-06-18 17:59:21,930 [INFO]   🔍 DDG→Facebook: "Estadía El Dorado" Bogota site:facebook.com
2026-06-18 17:59:22,509 [INFO] response: https://www.bing.com/search?q=%22Estad%C3%ADa+El+Dorado%22+Bogota+site%3Afacebook.com 200
2026-06-18 17:59:23,553 [INFO] response: https://www.bing.com/search?q=%22Estad%C3%ADa+El+Dorado%22+Bogota+site%3Afacebook.com&first=11&FORM=PERE 200
2026-06-18 17:59:24,715 [INFO] response: https://www.bing.com/search?q=%22Estad%C3%ADa+El+Dorado%22+Bogota+site%3Afacebook.com&first=21&FORM=PERE1 200
2026-06-18 17:59:25,750 [INFO] response: https://www.bing.com/search?q=%22Estad%C3%ADa+El+Dorado%22+Bogota+site%3Afacebook.com&first=31&FORM=PERE2 200
2026-06-18 17:59:26,780 [INFO] response: https://www.bing.com/search?q=%22Estad%C3%ADa+El+Dorado%22+Bogota+site%3Afacebook.com&first=41&FORM=PERE3 200
2026-06-18 17:59:29,754 [INFO]   ❌ Sin resultado: Estadía El Dorado
2026-06-18 17:59:36,204 [INFO] 
[103/210] Hotel Living 55 (Bogota)
2026-06-18 17:59:36,204 [INFO]   🔍 Google: "Hotel Living 55" Bogota email contacto
2026-06-18 17:59:36,207 [WARNING] Error navegando a Google: Message: invalid session id; For documentation on this error, please visit: https://www.selenium.dev/documentation/webdriver/troubleshooting/errors#invalidsessionidexception
Stacktrace:
0   chromedriver                        0x0000000104e0f1e4 cxxbridge1$str$ptr + 3175992
1   chromedriver                        0x0000000104e072ac cxxbridge1$str$ptr + 3143424
2   chromedriver                        0x00000001048b7178 _RNvCs9NA52FrZ4pF_7___rustc35___rust_no_alloc_shim_is_unstable_v2 + 73572
3   chromedriver                        0x00000001048f46c4 _RNvCs9NA52FrZ4pF_7___rustc35___rust_no_alloc_shim_is_unstable_v2 + 324784
4   chromedriver                        0x000000010491b068 _RNvCs9NA52FrZ4pF_7___rustc35___rust_no_alloc_shim_is_unstable_v2 + 482900
5   chromedriver                        0x000000010491a968 _RNvCs9NA52FrZ4pF_7___rustc35___rust_no_alloc_shim_is_unstable_v2 + 481108
6   chromedriver                        0x0000000104884fd8 chromedriver + 118744
7   chromedriver                        0x0000000104dcd370 cxxbridge1$str$ptr + 2906052
8   chromedriver                        0x0000000104dd0af0 cxxbridge1$str$ptr + 2920260
9   chromedriver                        0x0000000104db42b0 cxxbridge1$str$ptr + 2803460
10  chromedriver                        0x0000000104dd1384 cxxbridge1$str$ptr + 2922456
11  chromedriver                        0x0000000104da57d0 cxxbridge1$str$ptr + 2743332
12  chromedriver                        0x0000000104882d30 chromedriver + 109872
13  dyld                                0x000000018a077e00 start + 6992

2026-06-18 17:59:36,207 [INFO]   🔄 DDG fallback: "Hotel Living 55" Bogota email contacto
2026-06-18 17:59:36,522 [INFO] response: https://www.bing.com/search?q=%22Hotel+Living+55%22+Bogota+email+contacto 200
2026-06-18 17:59:40,507 [INFO]   🔍 DDG→Facebook: "Hotel Living 55" Bogota site:facebook.com
2026-06-18 17:59:40,828 [INFO] response: https://www.bing.com/search?q=%22Hotel+Living+55%22+Bogota+site%3Afacebook.com 200
2026-06-18 17:59:41,797 [INFO] response: https://www.bing.com/search?q=%22Hotel+Living+55%22+Bogota+site%3Afacebook.com&first=11&FORM=PERE 200
2026-06-18 17:59:42,778 [INFO] response: https://www.bing.com/search?q=%22Hotel+Living+55%22+Bogota+site%3Afacebook.com&first=21&FORM=PERE1 200
2026-06-18 17:59:43,841 [INFO] response: https://www.bing.com/search?q=%22Hotel+Living+55%22+Bogota+site%3Afacebook.com&first=31&FORM=PERE2 200
2026-06-18 17:59:44,812 [INFO] response: https://www.bing.com/search?q=%22Hotel+Living+55%22+Bogota+site%3Afacebook.com&first=41&FORM=PERE3 200
2026-06-18 17:59:48,604 [INFO]   ❌ Sin resultado: Hotel Living 55
2026-06-18 17:59:48,606 [INFO]   📊 Progreso 103/210 | Emails: 14 | Sin resultado: 96
2026-06-18 17:59:56,139 [INFO] 
[104/210] Ayenda Gold House (Bogota)
2026-06-18 17:59:56,139 [INFO]   🔍 Google: "Ayenda Gold House" Bogota email contacto
2026-06-18 17:59:56,141 [WARNING] Error navegando a Google: Message: invalid session id; For documentation on this error, please visit: https://www.selenium.dev/documentation/webdriver/troubleshooting/errors#invalidsessionidexception
Stacktrace:
0   chromedriver                        0x0000000104e0f1e4 cxxbridge1$str$ptr + 3175992
1   chromedriver                        0x0000000104e072ac cxxbridge1$str$ptr + 3143424
2   chromedriver                        0x00000001048b7178 _RNvCs9NA52FrZ4pF_7___rustc35___rust_no_alloc_shim_is_unstable_v2 + 73572
3   chromedriver                        0x00000001048f46c4 _RNvCs9NA52FrZ4pF_7___rustc35___rust_no_alloc_shim_is_unstable_v2 + 324784
4   chromedriver                        0x000000010491b068 _RNvCs9NA52FrZ4pF_7___rustc35___rust_no_alloc_shim_is_unstable_v2 + 482900
5   chromedriver                        0x000000010491a968 _RNvCs9NA52FrZ4pF_7___rustc35___rust_no_alloc_shim_is_unstable_v2 + 481108
6   chromedriver                        0x0000000104884fd8 chromedriver + 118744
7   chromedriver                        0x0000000104dcd370 cxxbridge1$str$ptr + 2906052
8   chromedriver                        0x0000000104dd0af0 cxxbridge1$str$ptr + 2920260
9   chromedriver                        0x0000000104db42b0 cxxbridge1$str$ptr + 2803460
10  chromedriver                        0x0000000104dd1384 cxxbridge1$str$ptr + 2922456
11  chromedriver                        0x0000000104da57d0 cxxbridge1$str$ptr + 2743332
12  chromedriver                        0x0000000104882d30 chromedriver + 109872
13  dyld                                0x000000018a077e00 start + 6992

2026-06-18 17:59:56,141 [INFO]   🔄 DDG fallback: "Ayenda Gold House" Bogota email contacto
2026-06-18 18:00:01,501 [INFO] response: https://www.bing.com/search?q=%22Ayenda+Gold+House%22+Bogota+email+contacto 200
2026-06-18 18:00:02,520 [INFO] response: https://www.bing.com/search?q=%22Ayenda+Gold+House%22+Bogota+email+contacto&first=11&FORM=PERE 200
2026-06-18 18:00:03,536 [INFO] response: https://www.bing.com/search?q=%22Ayenda+Gold+House%22+Bogota+email+contacto&first=21&FORM=PERE1 200
2026-06-18 18:00:04,701 [INFO] response: https://www.bing.com/search?q=%22Ayenda+Gold+House%22+Bogota+email+contacto&first=31&FORM=PERE2 200
2026-06-18 18:00:05,642 [INFO] response: https://www.bing.com/search?q=%22Ayenda+Gold+House%22+Bogota+email+contacto&first=41&FORM=PERE3 200
2026-06-18 18:00:08,414 [INFO]   🌐 Visitando (ddg): https://apps.apple.com/co/app/ayenda-hoteles-económicos/id1492945311
2026-06-18 18:00:14,951 [INFO]   🔍 DDG→Facebook: "Ayenda Gold House" Bogota site:facebook.com
2026-06-18 18:00:15,292 [INFO] response: https://www.bing.com/search?q=%22Ayenda+Gold+House%22+Bogota+site%3Afacebook.com 200
2026-06-18 18:00:16,277 [INFO] response: https://www.bing.com/search?q=%22Ayenda+Gold+House%22+Bogota+site%3Afacebook.com&first=11&FORM=PERE 200
2026-06-18 18:00:17,395 [INFO] response: https://www.bing.com/search?q=%22Ayenda+Gold+House%22+Bogota+site%3Afacebook.com&first=21&FORM=PERE1 200
2026-06-18 18:00:18,522 [INFO] response: https://www.bing.com/search?q=%22Ayenda+Gold+House%22+Bogota+site%3Afacebook.com&first=31&FORM=PERE2 200
2026-06-18 18:00:19,649 [INFO] response: https://www.bing.com/search?q=%22Ayenda+Gold+House%22+Bogota+site%3Afacebook.com&first=41&FORM=PERE3 200
2026-06-18 18:00:23,647 [INFO]   ❌ Sin resultado: Ayenda Gold House
2026-06-18 18:00:29,654 [INFO] 
[105/210] Lavid hotel palacio real (Bogota)
2026-06-18 18:00:29,654 [INFO]   🔍 Google: "Lavid hotel palacio real" Bogota email contacto
2026-06-18 18:00:29,657 [WARNING] Error navegando a Google: Message: invalid session id; For documentation on this error, please visit: https://www.selenium.dev/documentation/webdriver/troubleshooting/errors#invalidsessionidexception
Stacktrace:
0   chromedriver                        0x0000000104e0f1e4 cxxbridge1$str$ptr + 3175992
1   chromedriver                        0x0000000104e072ac cxxbridge1$str$ptr + 3143424
2   chromedriver                        0x00000001048b7178 _RNvCs9NA52FrZ4pF_7___rustc35___rust_no_alloc_shim_is_unstable_v2 + 73572
3   chromedriver                        0x00000001048f46c4 _RNvCs9NA52FrZ4pF_7___rustc35___rust_no_alloc_shim_is_unstable_v2 + 324784
4   chromedriver                        0x000000010491b068 _RNvCs9NA52FrZ4pF_7___rustc35___rust_no_alloc_shim_is_unstable_v2 + 482900
5   chromedriver                        0x000000010491a968 _RNvCs9NA52FrZ4pF_7___rustc35___rust_no_alloc_shim_is_unstable_v2 + 481108
6   chromedriver                        0x0000000104884fd8 chromedriver + 118744
7   chromedriver                        0x0000000104dcd370 cxxbridge1$str$ptr + 2906052
8   chromedriver                        0x0000000104dd0af0 cxxbridge1$str$ptr + 2920260
9   chromedriver                        0x0000000104db42b0 cxxbridge1$str$ptr + 2803460
10  chromedriver                        0x0000000104dd1384 cxxbridge1$str$ptr + 2922456
11  chromedriver                        0x0000000104da57d0 cxxbridge1$str$ptr + 2743332
12  chromedriver                        0x0000000104882d30 chromedriver + 109872
13  dyld                                0x000000018a077e00 start + 6992

2026-06-18 18:00:29,657 [INFO]   🔄 DDG fallback: "Lavid hotel palacio real" Bogota email contacto
2026-06-18 18:00:30,251 [INFO] response: https://www.bing.com/search?q=%22Lavid+hotel+palacio+real%22+Bogota+email+contacto 200
2026-06-18 18:00:32,383 [INFO]   🔍 DDG→Facebook: "Lavid hotel palacio real" Bogota site:facebook.com
2026-06-18 18:00:32,735 [INFO] response: https://www.bing.com/search?q=%22Lavid+hotel+palacio+real%22+Bogota+site%3Afacebook.com 200
2026-06-18 18:00:34,193 [INFO] response: https://www.bing.com/search?q=%22Lavid+hotel+palacio+real%22+Bogota+site%3Afacebook.com&first=11&FORM=PERE 200
2026-06-18 18:00:35,161 [INFO] response: https://www.bing.com/search?q=%22Lavid+hotel+palacio+real%22+Bogota+site%3Afacebook.com&first=21&FORM=PERE1 200
2026-06-18 18:00:36,157 [INFO] response: https://www.bing.com/search?q=%22Lavid+hotel+palacio+real%22+Bogota+site%3Afacebook.com&first=31&FORM=PERE2 200
2026-06-18 18:00:37,193 [INFO] response: https://www.bing.com/search?q=%22Lavid+hotel+palacio+real%22+Bogota+site%3Afacebook.com&first=41&FORM=PERE3 200
2026-06-18 18:00:40,508 [INFO]   ❌ Sin resultado: Lavid hotel palacio real
2026-06-18 18:00:46,241 [INFO] 
[106/210] Hotel B3 Virrey (Bogota)
2026-06-18 18:00:46,241 [INFO]   🔍 Google: "Hotel B3 Virrey" Bogota email contacto
2026-06-18 18:00:46,243 [WARNING] Error navegando a Google: Message: invalid session id; For documentation on this error, please visit: https://www.selenium.dev/documentation/webdriver/troubleshooting/errors#invalidsessionidexception
Stacktrace:
0   chromedriver                        0x0000000104e0f1e4 cxxbridge1$str$ptr + 3175992
1   chromedriver                        0x0000000104e072ac cxxbridge1$str$ptr + 3143424
2   chromedriver                        0x00000001048b7178 _RNvCs9NA52FrZ4pF_7___rustc35___rust_no_alloc_shim_is_unstable_v2 + 73572
3   chromedriver                        0x00000001048f46c4 _RNvCs9NA52FrZ4pF_7___rustc35___rust_no_alloc_shim_is_unstable_v2 + 324784
4   chromedriver                        0x000000010491b068 _RNvCs9NA52FrZ4pF_7___rustc35___rust_no_alloc_shim_is_unstable_v2 + 482900
5   chromedriver                        0x000000010491a968 _RNvCs9NA52FrZ4pF_7___rustc35___rust_no_alloc_shim_is_unstable_v2 + 481108
6   chromedriver                        0x0000000104884fd8 chromedriver + 118744
7   chromedriver                        0x0000000104dcd370 cxxbridge1$str$ptr + 2906052
8   chromedriver                        0x0000000104dd0af0 cxxbridge1$str$ptr + 2920260
9   chromedriver                        0x0000000104db42b0 cxxbridge1$str$ptr + 2803460
10  chromedriver                        0x0000000104dd1384 cxxbridge1$str$ptr + 2922456
11  chromedriver                        0x0000000104da57d0 cxxbridge1$str$ptr + 2743332
12  chromedriver                        0x0000000104882d30 chromedriver + 109872
13  dyld                                0x000000018a077e00 start + 6992

2026-06-18 18:00:46,244 [INFO]   🔄 DDG fallback: "Hotel B3 Virrey" Bogota email contacto
2026-06-18 18:00:51,537 [INFO] response: https://www.bing.com/search?q=%22Hotel+B3+Virrey%22+Bogota+email+contacto 200
2026-06-18 18:00:53,939 [INFO]   🔍 DDG→Facebook: "Hotel B3 Virrey" Bogota site:facebook.com
2026-06-18 18:00:54,369 [INFO] response: https://www.bing.com/search?q=%22Hotel+B3+Virrey%22+Bogota+site%3Afacebook.com 200
2026-06-18 18:00:55,508 [INFO] response: https://www.bing.com/search?q=%22Hotel+B3+Virrey%22+Bogota+site%3Afacebook.com&first=11&FORM=PERE 200
2026-06-18 18:00:56,568 [INFO] response: https://www.bing.com/search?q=%22Hotel+B3+Virrey%22+Bogota+site%3Afacebook.com&first=21&FORM=PERE1 200
2026-06-18 18:00:57,659 [INFO] response: https://www.bing.com/search?q=%22Hotel+B3+Virrey%22+Bogota+site%3Afacebook.com&first=31&FORM=PERE2 200
2026-06-18 18:00:58,872 [INFO] response: https://www.bing.com/search?q=%22Hotel+B3+Virrey%22+Bogota+site%3Afacebook.com&first=41&FORM=PERE3 200
2026-06-18 18:01:01,584 [INFO]   ❌ Sin resultado: Hotel B3 Virrey
2026-06-18 18:01:07,621 [INFO] 
[107/210] Casa Bella Vista (Bogota)
2026-06-18 18:01:07,622 [INFO]   🔍 Google: "Casa Bella Vista" Bogota email contacto
2026-06-18 18:01:07,624 [WARNING] Error navegando a Google: Message: invalid session id; For documentation on this error, please visit: https://www.selenium.dev/documentation/webdriver/troubleshooting/errors#invalidsessionidexception
Stacktrace:
0   chromedriver                        0x0000000104e0f1e4 cxxbridge1$str$ptr + 3175992
1   chromedriver                        0x0000000104e072ac cxxbridge1$str$ptr + 3143424
2   chromedriver                        0x00000001048b7178 _RNvCs9NA52FrZ4pF_7___rustc35___rust_no_alloc_shim_is_unstable_v2 + 73572
3   chromedriver                        0x00000001048f46c4 _RNvCs9NA52FrZ4pF_7___rustc35___rust_no_alloc_shim_is_unstable_v2 + 324784
4   chromedriver                        0x000000010491b068 _RNvCs9NA52FrZ4pF_7___rustc35___rust_no_alloc_shim_is_unstable_v2 + 482900
5   chromedriver                        0x000000010491a968 _RNvCs9NA52FrZ4pF_7___rustc35___rust_no_alloc_shim_is_unstable_v2 + 481108
6   chromedriver                        0x0000000104884fd8 chromedriver + 118744
7   chromedriver                        0x0000000104dcd370 cxxbridge1$str$ptr + 2906052
8   chromedriver                        0x0000000104dd0af0 cxxbridge1$str$ptr + 2920260
9   chromedriver                        0x0000000104db42b0 cxxbridge1$str$ptr + 2803460
10  chromedriver                        0x0000000104dd1384 cxxbridge1$str$ptr + 2922456
11  chromedriver                        0x0000000104da57d0 cxxbridge1$str$ptr + 2743332
12  chromedriver                        0x0000000104882d30 chromedriver + 109872
13  dyld                                0x000000018a077e00 start + 6992

2026-06-18 18:01:07,624 [INFO]   🔄 DDG fallback: "Casa Bella Vista" Bogota email contacto
2026-06-18 18:01:08,058 [INFO] response: https://www.bing.com/search?q=%22Casa+Bella+Vista%22+Bogota+email+contacto 200
2026-06-18 18:01:10,891 [INFO]   🔍 DDG→Facebook: "Casa Bella Vista" Bogota site:facebook.com
2026-06-18 18:01:11,278 [INFO] response: https://www.bing.com/search?q=%22Casa+Bella+Vista%22+Bogota+site%3Afacebook.com 200
2026-06-18 18:01:12,386 [INFO] response: https://www.bing.com/search?q=%22Casa+Bella+Vista%22+Bogota+site%3Afacebook.com&first=11&FORM=PERE 200
2026-06-18 18:01:13,347 [INFO] response: https://www.bing.com/search?q=%22Casa+Bella+Vista%22+Bogota+site%3Afacebook.com&first=21&FORM=PERE1 200
2026-06-18 18:01:14,365 [INFO] response: https://www.bing.com/search?q=%22Casa+Bella+Vista%22+Bogota+site%3Afacebook.com&first=31&FORM=PERE2 200
2026-06-18 18:01:15,425 [INFO] response: https://www.bing.com/search?q=%22Casa+Bella+Vista%22+Bogota+site%3Afacebook.com&first=41&FORM=PERE3 200
2026-06-18 18:01:18,434 [INFO]   ❌ Sin resultado: Casa Bella Vista
2026-06-18 18:01:22,562 [INFO] 
[108/210] Hilton Bogotá (Bogota)
2026-06-18 18:01:22,563 [INFO]   🔍 Google: "Hilton Bogotá" Bogota email contacto
2026-06-18 18:01:22,565 [WARNING] Error navegando a Google: Message: invalid session id; For documentation on this error, please visit: https://www.selenium.dev/documentation/webdriver/troubleshooting/errors#invalidsessionidexception
Stacktrace:
0   chromedriver                        0x0000000104e0f1e4 cxxbridge1$str$ptr + 3175992
1   chromedriver                        0x0000000104e072ac cxxbridge1$str$ptr + 3143424
2   chromedriver                        0x00000001048b7178 _RNvCs9NA52FrZ4pF_7___rustc35___rust_no_alloc_shim_is_unstable_v2 + 73572
3   chromedriver                        0x00000001048f46c4 _RNvCs9NA52FrZ4pF_7___rustc35___rust_no_alloc_shim_is_unstable_v2 + 324784
4   chromedriver                        0x000000010491b068 _RNvCs9NA52FrZ4pF_7___rustc35___rust_no_alloc_shim_is_unstable_v2 + 482900
5   chromedriver                        0x000000010491a968 _RNvCs9NA52FrZ4pF_7___rustc35___rust_no_alloc_shim_is_unstable_v2 + 481108
6   chromedriver                        0x0000000104884fd8 chromedriver + 118744
7   chromedriver                        0x0000000104dcd370 cxxbridge1$str$ptr + 2906052
8   chromedriver                        0x0000000104dd0af0 cxxbridge1$str$ptr + 2920260
9   chromedriver                        0x0000000104db42b0 cxxbridge1$str$ptr + 2803460
10  chromedriver                        0x0000000104dd1384 cxxbridge1$str$ptr + 2922456
11  chromedriver                        0x0000000104da57d0 cxxbridge1$str$ptr + 2743332
12  chromedriver                        0x0000000104882d30 chromedriver + 109872
13  dyld                                0x000000018a077e00 start + 6992

2026-06-18 18:01:22,565 [INFO]   🔄 DDG fallback: "Hilton Bogotá" Bogota email contacto
2026-06-18 18:01:22,841 [INFO] response: https://www.bing.com/search?q=%22Hilton+Bogot%C3%A1%22+Bogota+email+contacto 200
2026-06-18 18:01:25,542 [INFO]   🔍 DDG→Facebook: "Hilton Bogotá" Bogota site:facebook.com
2026-06-18 18:01:25,906 [INFO] response: https://www.bing.com/search?q=%22Hilton+Bogot%C3%A1%22+Bogota+site%3Afacebook.com 200
2026-06-18 18:01:27,080 [INFO] response: https://www.bing.com/search?q=%22Hilton+Bogot%C3%A1%22+Bogota+site%3Afacebook.com&first=11&FORM=PERE 200
2026-06-18 18:01:28,077 [INFO] response: https://www.bing.com/search?q=%22Hilton+Bogot%C3%A1%22+Bogota+site%3Afacebook.com&first=21&FORM=PERE1 200
2026-06-18 18:01:29,140 [INFO] response: https://www.bing.com/search?q=%22Hilton+Bogot%C3%A1%22+Bogota+site%3Afacebook.com&first=31&FORM=PERE2 200
2026-06-18 18:01:30,189 [INFO] response: https://www.bing.com/search?q=%22Hilton+Bogot%C3%A1%22+Bogota+site%3Afacebook.com&first=41&FORM=PERE3 200
2026-06-18 18:01:32,977 [INFO]   ❌ Sin resultado: Hilton Bogotá
2026-06-18 18:01:32,979 [INFO]   📊 Progreso 108/210 | Emails: 14 | Sin resultado: 101
2026-06-18 18:01:37,123 [INFO] 
[109/210] Hotel bh Usaquen (Bogota)
2026-06-18 18:01:37,123 [INFO]   🔍 Google: "Hotel bh Usaquen" Bogota email contacto
2026-06-18 18:01:37,126 [WARNING] Error navegando a Google: Message: invalid session id; For documentation on this error, please visit: https://www.selenium.dev/documentation/webdriver/troubleshooting/errors#invalidsessionidexception
Stacktrace:
0   chromedriver                        0x0000000104e0f1e4 cxxbridge1$str$ptr + 3175992
1   chromedriver                        0x0000000104e072ac cxxbridge1$str$ptr + 3143424
2   chromedriver                        0x00000001048b7178 _RNvCs9NA52FrZ4pF_7___rustc35___rust_no_alloc_shim_is_unstable_v2 + 73572
3   chromedriver                        0x00000001048f46c4 _RNvCs9NA52FrZ4pF_7___rustc35___rust_no_alloc_shim_is_unstable_v2 + 324784
4   chromedriver                        0x000000010491b068 _RNvCs9NA52FrZ4pF_7___rustc35___rust_no_alloc_shim_is_unstable_v2 + 482900
5   chromedriver                        0x000000010491a968 _RNvCs9NA52FrZ4pF_7___rustc35___rust_no_alloc_shim_is_unstable_v2 + 481108
6   chromedriver                        0x0000000104884fd8 chromedriver + 118744
7   chromedriver                        0x0000000104dcd370 cxxbridge1$str$ptr + 2906052
8   chromedriver                        0x0000000104dd0af0 cxxbridge1$str$ptr + 2920260
9   chromedriver                        0x0000000104db42b0 cxxbridge1$str$ptr + 2803460
10  chromedriver                        0x0000000104dd1384 cxxbridge1$str$ptr + 2922456
11  chromedriver                        0x0000000104da57d0 cxxbridge1$str$ptr + 2743332
12  chromedriver                        0x0000000104882d30 chromedriver + 109872
13  dyld                                0x000000018a077e00 start + 6992

2026-06-18 18:01:37,126 [INFO]   🔄 DDG fallback: "Hotel bh Usaquen" Bogota email contacto
2026-06-18 18:01:37,395 [INFO] response: https://www.bing.com/search?q=%22Hotel+bh+Usaquen%22+Bogota+email+contacto 200
2026-06-18 18:01:40,166 [INFO]   🌐 Visitando (ddg): https://www.biohotelcolombia.com/
2026-06-18 18:01:54,947 [INFO]   🌐 Visitando (ddg): https://www.marriott.com/es/hotels/bogwh-w-bogota/overview/?msockid=12
2026-06-18 18:01:59,124 [INFO]   🌐 Visitando (ddg): https://www.100luxurysuites.com/es
2026-06-18 18:02:14,434 [INFO]   🔍 DDG→Facebook: "Hotel bh Usaquen" Bogota site:facebook.com
2026-06-18 18:02:14,819 [INFO] response: https://www.bing.com/search?q=%22Hotel+bh+Usaquen%22+Bogota+site%3Afacebook.com 200
2026-06-18 18:02:15,804 [INFO] response: https://www.bing.com/search?q=%22Hotel+bh+Usaquen%22+Bogota+site%3Afacebook.com&first=11&FORM=PERE 200
2026-06-18 18:02:16,873 [INFO] response: https://www.bing.com/search?q=%22Hotel+bh+Usaquen%22+Bogota+site%3Afacebook.com&first=21&FORM=PERE1 200
2026-06-18 18:02:17,931 [INFO] response: https://www.bing.com/search?q=%22Hotel+bh+Usaquen%22+Bogota+site%3Afacebook.com&first=31&FORM=PERE2 200
2026-06-18 18:02:18,986 [INFO] response: https://www.bing.com/search?q=%22Hotel+bh+Usaquen%22+Bogota+site%3Afacebook.com&first=41&FORM=PERE3 200
2026-06-18 18:02:21,492 [INFO]   ❌ Sin resultado: Hotel bh Usaquen
2026-06-18 18:02:25,999 [INFO] 
[110/210] Hotel Fénix Real (Bogota)
2026-06-18 18:02:25,999 [INFO]   🔍 Google: "Hotel Fénix Real" Bogota email contacto
2026-06-18 18:02:26,001 [WARNING] Error navegando a Google: Message: invalid session id; For documentation on this error, please visit: https://www.selenium.dev/documentation/webdriver/troubleshooting/errors#invalidsessionidexception
Stacktrace:
0   chromedriver                        0x0000000104e0f1e4 cxxbridge1$str$ptr + 3175992
1   chromedriver                        0x0000000104e072ac cxxbridge1$str$ptr + 3143424
2   chromedriver                        0x00000001048b7178 _RNvCs9NA52FrZ4pF_7___rustc35___rust_no_alloc_shim_is_unstable_v2 + 73572
3   chromedriver                        0x00000001048f46c4 _RNvCs9NA52FrZ4pF_7___rustc35___rust_no_alloc_shim_is_unstable_v2 + 324784
4   chromedriver                        0x000000010491b068 _RNvCs9NA52FrZ4pF_7___rustc35___rust_no_alloc_shim_is_unstable_v2 + 482900
5   chromedriver                        0x000000010491a968 _RNvCs9NA52FrZ4pF_7___rustc35___rust_no_alloc_shim_is_unstable_v2 + 481108
6   chromedriver                        0x0000000104884fd8 chromedriver + 118744
7   chromedriver                        0x0000000104dcd370 cxxbridge1$str$ptr + 2906052
8   chromedriver                        0x0000000104dd0af0 cxxbridge1$str$ptr + 2920260
9   chromedriver                        0x0000000104db42b0 cxxbridge1$str$ptr + 2803460
10  chromedriver                        0x0000000104dd1384 cxxbridge1$str$ptr + 2922456
11  chromedriver                        0x0000000104da57d0 cxxbridge1$str$ptr + 2743332
12  chromedriver                        0x0000000104882d30 chromedriver + 109872
13  dyld                                0x000000018a077e00 start + 6992

2026-06-18 18:02:26,002 [INFO]   🔄 DDG fallback: "Hotel Fénix Real" Bogota email contacto
2026-06-18 18:02:26,482 [INFO] response: https://www.bing.com/search?q=%22Hotel+F%C3%A9nix+Real%22+Bogota+email+contacto 200
2026-06-18 18:02:28,930 [INFO]   🔍 DDG→Facebook: "Hotel Fénix Real" Bogota site:facebook.com
2026-06-18 18:02:29,653 [INFO] response: https://www.bing.com/search?q=%22Hotel+F%C3%A9nix+Real%22+Bogota+site%3Afacebook.com 200
2026-06-18 18:02:30,645 [INFO] response: https://www.bing.com/search?q=%22Hotel+F%C3%A9nix+Real%22+Bogota+site%3Afacebook.com&first=11&FORM=PERE 200
2026-06-18 18:02:31,646 [INFO] response: https://www.bing.com/search?q=%22Hotel+F%C3%A9nix+Real%22+Bogota+site%3Afacebook.com&first=21&FORM=PERE1 200
2026-06-18 18:02:32,649 [INFO] response: https://www.bing.com/search?q=%22Hotel+F%C3%A9nix+Real%22+Bogota+site%3Afacebook.com&first=31&FORM=PERE2 200
2026-06-18 18:02:33,636 [INFO] response: https://www.bing.com/search?q=%22Hotel+F%C3%A9nix+Real%22+Bogota+site%3Afacebook.com&first=41&FORM=PERE3 200
2026-06-18 18:02:36,996 [INFO]   ❌ Sin resultado: Hotel Fénix Real
2026-06-18 18:02:44,459 [INFO] 
[111/210] Hotel Cápsula Bogotá (Bogota)
2026-06-18 18:02:44,459 [INFO]   🔍 Google: "Hotel Cápsula Bogotá" Bogota email contacto
2026-06-18 18:02:44,462 [WARNING] Error navegando a Google: Message: invalid session id; For documentation on this error, please visit: https://www.selenium.dev/documentation/webdriver/troubleshooting/errors#invalidsessionidexception
Stacktrace:
0   chromedriver                        0x0000000104e0f1e4 cxxbridge1$str$ptr + 3175992
1   chromedriver                        0x0000000104e072ac cxxbridge1$str$ptr + 3143424
2   chromedriver                        0x00000001048b7178 _RNvCs9NA52FrZ4pF_7___rustc35___rust_no_alloc_shim_is_unstable_v2 + 73572
3   chromedriver                        0x00000001048f46c4 _RNvCs9NA52FrZ4pF_7___rustc35___rust_no_alloc_shim_is_unstable_v2 + 324784
4   chromedriver                        0x000000010491b068 _RNvCs9NA52FrZ4pF_7___rustc35___rust_no_alloc_shim_is_unstable_v2 + 482900
5   chromedriver                        0x000000010491a968 _RNvCs9NA52FrZ4pF_7___rustc35___rust_no_alloc_shim_is_unstable_v2 + 481108
6   chromedriver                        0x0000000104884fd8 chromedriver + 118744
7   chromedriver                        0x0000000104dcd370 cxxbridge1$str$ptr + 2906052
8   chromedriver                        0x0000000104dd0af0 cxxbridge1$str$ptr + 2920260
9   chromedriver                        0x0000000104db42b0 cxxbridge1$str$ptr + 2803460
10  chromedriver                        0x0000000104dd1384 cxxbridge1$str$ptr + 2922456
11  chromedriver                        0x0000000104da57d0 cxxbridge1$str$ptr + 2743332
12  chromedriver                        0x0000000104882d30 chromedriver + 109872
13  dyld                                0x000000018a077e00 start + 6992

2026-06-18 18:02:44,462 [INFO]   🔄 DDG fallback: "Hotel Cápsula Bogotá" Bogota email contacto
2026-06-18 18:02:44,827 [INFO] response: https://www.bing.com/search?q=%22Hotel+C%C3%A1psula+Bogot%C3%A1%22+Bogota+email+contacto 200
2026-06-18 18:02:48,883 [INFO]   🔍 DDG→Facebook: "Hotel Cápsula Bogotá" Bogota site:facebook.com
2026-06-18 18:02:49,321 [INFO] response: https://www.bing.com/search?q=%22Hotel+C%C3%A1psula+Bogot%C3%A1%22+Bogota+site%3Afacebook.com 200
2026-06-18 18:02:50,330 [INFO] response: https://www.bing.com/search?q=%22Hotel+C%C3%A1psula+Bogot%C3%A1%22+Bogota+site%3Afacebook.com&first=11&FORM=PERE 200
2026-06-18 18:02:51,320 [INFO] response: https://www.bing.com/search?q=%22Hotel+C%C3%A1psula+Bogot%C3%A1%22+Bogota+site%3Afacebook.com&first=21&FORM=PERE1 200
2026-06-18 18:02:52,316 [INFO] response: https://www.bing.com/search?q=%22Hotel+C%C3%A1psula+Bogot%C3%A1%22+Bogota+site%3Afacebook.com&first=31&FORM=PERE2 200
2026-06-18 18:02:53,298 [INFO] response: https://www.bing.com/search?q=%22Hotel+C%C3%A1psula+Bogot%C3%A1%22+Bogota+site%3Afacebook.com&first=41&FORM=PERE3 200
2026-06-18 18:02:56,321 [INFO]   ❌ Sin resultado: Hotel Cápsula Bogotá
2026-06-18 18:03:00,872 [INFO] 
[112/210] Hotel Suites Caribe (Barranquilla)
2026-06-18 18:03:00,872 [INFO]   🔍 Google: "Hotel Suites Caribe" Barranquilla email contacto
2026-06-18 18:03:00,875 [WARNING] Error navegando a Google: Message: invalid session id; For documentation on this error, please visit: https://www.selenium.dev/documentation/webdriver/troubleshooting/errors#invalidsessionidexception
Stacktrace:
0   chromedriver                        0x0000000104e0f1e4 cxxbridge1$str$ptr + 3175992
1   chromedriver                        0x0000000104e072ac cxxbridge1$str$ptr + 3143424
2   chromedriver                        0x00000001048b7178 _RNvCs9NA52FrZ4pF_7___rustc35___rust_no_alloc_shim_is_unstable_v2 + 73572
3   chromedriver                        0x00000001048f46c4 _RNvCs9NA52FrZ4pF_7___rustc35___rust_no_alloc_shim_is_unstable_v2 + 324784
4   chromedriver                        0x000000010491b068 _RNvCs9NA52FrZ4pF_7___rustc35___rust_no_alloc_shim_is_unstable_v2 + 482900
5   chromedriver                        0x000000010491a968 _RNvCs9NA52FrZ4pF_7___rustc35___rust_no_alloc_shim_is_unstable_v2 + 481108
6   chromedriver                        0x0000000104884fd8 chromedriver + 118744
7   chromedriver                        0x0000000104dcd370 cxxbridge1$str$ptr + 2906052
8   chromedriver                        0x0000000104dd0af0 cxxbridge1$str$ptr + 2920260
9   chromedriver                        0x0000000104db42b0 cxxbridge1$str$ptr + 2803460
10  chromedriver                        0x0000000104dd1384 cxxbridge1$str$ptr + 2922456
11  chromedriver                        0x0000000104da57d0 cxxbridge1$str$ptr + 2743332
12  chromedriver                        0x0000000104882d30 chromedriver + 109872
13  dyld                                0x000000018a077e00 start + 6992

2026-06-18 18:03:00,875 [INFO]   🔄 DDG fallback: "Hotel Suites Caribe" Barranquilla email contacto
2026-06-18 18:03:01,186 [INFO] response: https://www.bing.com/search?q=%22Hotel+Suites+Caribe%22+Barranquilla+email+contacto 200
2026-06-18 18:03:04,374 [INFO]   🔍 DDG→Facebook: "Hotel Suites Caribe" Barranquilla site:facebook.com
2026-06-18 18:03:04,700 [INFO] response: https://www.bing.com/search?q=%22Hotel+Suites+Caribe%22+Barranquilla+site%3Afacebook.com 200
2026-06-18 18:03:05,704 [INFO] response: https://www.bing.com/search?q=%22Hotel+Suites+Caribe%22+Barranquilla+site%3Afacebook.com&first=11&FORM=PERE 200
2026-06-18 18:03:06,729 [INFO] response: https://www.bing.com/search?q=%22Hotel+Suites+Caribe%22+Barranquilla+site%3Afacebook.com&first=21&FORM=PERE1 200
2026-06-18 18:03:07,764 [INFO] response: https://www.bing.com/search?q=%22Hotel+Suites+Caribe%22+Barranquilla+site%3Afacebook.com&first=31&FORM=PERE2 200
2026-06-18 18:03:08,794 [INFO] response: https://www.bing.com/search?q=%22Hotel+Suites+Caribe%22+Barranquilla+site%3Afacebook.com&first=41&FORM=PERE3 200
2026-06-18 18:03:12,269 [INFO]   ❌ Sin resultado: Hotel Suites Caribe
2026-06-18 18:03:18,086 [INFO] 
[113/210] HOTEL MANZUR (Barranquilla)
2026-06-18 18:03:18,086 [INFO]   🔍 Google: "HOTEL MANZUR" Barranquilla email contacto
2026-06-18 18:03:18,089 [WARNING] Error navegando a Google: Message: invalid session id; For documentation on this error, please visit: https://www.selenium.dev/documentation/webdriver/troubleshooting/errors#invalidsessionidexception
Stacktrace:
0   chromedriver                        0x0000000104e0f1e4 cxxbridge1$str$ptr + 3175992
1   chromedriver                        0x0000000104e072ac cxxbridge1$str$ptr + 3143424
2   chromedriver                        0x00000001048b7178 _RNvCs9NA52FrZ4pF_7___rustc35___rust_no_alloc_shim_is_unstable_v2 + 73572
3   chromedriver                        0x00000001048f46c4 _RNvCs9NA52FrZ4pF_7___rustc35___rust_no_alloc_shim_is_unstable_v2 + 324784
4   chromedriver                        0x000000010491b068 _RNvCs9NA52FrZ4pF_7___rustc35___rust_no_alloc_shim_is_unstable_v2 + 482900
5   chromedriver                        0x000000010491a968 _RNvCs9NA52FrZ4pF_7___rustc35___rust_no_alloc_shim_is_unstable_v2 + 481108
6   chromedriver                        0x0000000104884fd8 chromedriver + 118744
7   chromedriver                        0x0000000104dcd370 cxxbridge1$str$ptr + 2906052
8   chromedriver                        0x0000000104dd0af0 cxxbridge1$str$ptr + 2920260
9   chromedriver                        0x0000000104db42b0 cxxbridge1$str$ptr + 2803460
10  chromedriver                        0x0000000104dd1384 cxxbridge1$str$ptr + 2922456
11  chromedriver                        0x0000000104da57d0 cxxbridge1$str$ptr + 2743332
12  chromedriver                        0x0000000104882d30 chromedriver + 109872
13  dyld                                0x000000018a077e00 start + 6992

2026-06-18 18:03:18,089 [INFO]   🔄 DDG fallback: "HOTEL MANZUR" Barranquilla email contacto
2026-06-18 18:03:18,402 [INFO] response: https://www.bing.com/search?q=%22HOTEL+MANZUR%22+Barranquilla+email+contacto 200
2026-06-18 18:03:22,000 [INFO]   🔍 DDG→Facebook: "HOTEL MANZUR" Barranquilla site:facebook.com
2026-06-18 18:03:22,805 [INFO] response: https://www.bing.com/search?q=%22HOTEL+MANZUR%22+Barranquilla+site%3Afacebook.com 200
2026-06-18 18:03:24,076 [INFO] response: https://www.bing.com/search?q=%22HOTEL+MANZUR%22+Barranquilla+site%3Afacebook.com&first=11&FORM=PERE 200
2026-06-18 18:03:25,022 [INFO] response: https://www.bing.com/search?q=%22HOTEL+MANZUR%22+Barranquilla+site%3Afacebook.com&first=21&FORM=PERE1 200
2026-06-18 18:03:25,987 [INFO] response: https://www.bing.com/search?q=%22HOTEL+MANZUR%22+Barranquilla+site%3Afacebook.com&first=31&FORM=PERE2 200
2026-06-18 18:03:27,066 [INFO] response: https://www.bing.com/search?q=%22HOTEL+MANZUR%22+Barranquilla+site%3Afacebook.com&first=41&FORM=PERE3 200
2026-06-18 18:03:29,446 [INFO]   ❌ Sin resultado: HOTEL MANZUR
2026-06-18 18:03:29,447 [INFO]   📊 Progreso 113/210 | Emails: 14 | Sin resultado: 106
2026-06-18 18:03:33,550 [INFO] 
[114/210] Hotel Golden House (Barranquilla)
2026-06-18 18:03:33,550 [INFO]   🔍 Google: "Hotel Golden House" Barranquilla email contacto
2026-06-18 18:03:33,552 [WARNING] Error navegando a Google: Message: invalid session id; For documentation on this error, please visit: https://www.selenium.dev/documentation/webdriver/troubleshooting/errors#invalidsessionidexception
Stacktrace:
0   chromedriver                        0x0000000104e0f1e4 cxxbridge1$str$ptr + 3175992
1   chromedriver                        0x0000000104e072ac cxxbridge1$str$ptr + 3143424
2   chromedriver                        0x00000001048b7178 _RNvCs9NA52FrZ4pF_7___rustc35___rust_no_alloc_shim_is_unstable_v2 + 73572
3   chromedriver                        0x00000001048f46c4 _RNvCs9NA52FrZ4pF_7___rustc35___rust_no_alloc_shim_is_unstable_v2 + 324784
4   chromedriver                        0x000000010491b068 _RNvCs9NA52FrZ4pF_7___rustc35___rust_no_alloc_shim_is_unstable_v2 + 482900
5   chromedriver                        0x000000010491a968 _RNvCs9NA52FrZ4pF_7___rustc35___rust_no_alloc_shim_is_unstable_v2 + 481108
6   chromedriver                        0x0000000104884fd8 chromedriver + 118744
7   chromedriver                        0x0000000104dcd370 cxxbridge1$str$ptr + 2906052
8   chromedriver                        0x0000000104dd0af0 cxxbridge1$str$ptr + 2920260
9   chromedriver                        0x0000000104db42b0 cxxbridge1$str$ptr + 2803460
10  chromedriver                        0x0000000104dd1384 cxxbridge1$str$ptr + 2922456
11  chromedriver                        0x0000000104da57d0 cxxbridge1$str$ptr + 2743332
12  chromedriver                        0x0000000104882d30 chromedriver + 109872
13  dyld                                0x000000018a077e00 start + 6992

2026-06-18 18:03:33,553 [INFO]   🔄 DDG fallback: "Hotel Golden House" Barranquilla email contacto
2026-06-18 18:03:33,898 [INFO] response: https://www.bing.com/search?q=%22Hotel+Golden+House%22+Barranquilla+email+contacto 200
2026-06-18 18:03:37,795 [INFO]   🔍 DDG→Facebook: "Hotel Golden House" Barranquilla site:facebook.com
2026-06-18 18:03:38,060 [INFO] response: https://www.bing.com/search?q=%22Hotel+Golden+House%22+Barranquilla+site%3Afacebook.com 200
2026-06-18 18:03:38,994 [INFO] response: https://www.bing.com/search?q=%22Hotel+Golden+House%22+Barranquilla+site%3Afacebook.com&first=11&FORM=PERE 200
2026-06-18 18:03:39,962 [INFO] response: https://www.bing.com/search?q=%22Hotel+Golden+House%22+Barranquilla+site%3Afacebook.com&first=21&FORM=PERE1 200
2026-06-18 18:03:40,915 [INFO] response: https://www.bing.com/search?q=%22Hotel+Golden+House%22+Barranquilla+site%3Afacebook.com&first=31&FORM=PERE2 200
2026-06-18 18:03:41,863 [INFO] response: https://www.bing.com/search?q=%22Hotel+Golden+House%22+Barranquilla+site%3Afacebook.com&first=41&FORM=PERE3 200
2026-06-18 18:03:44,768 [INFO]   ❌ Sin resultado: Hotel Golden House
2026-06-18 18:07:49,240 [INFO] 
[115/210] Hotel Fontamar 72 (Barranquilla)
2026-06-18 18:07:49,240 [INFO]   🔍 Google: "Hotel Fontamar 72" Barranquilla email contacto
2026-06-18 18:07:49,252 [WARNING] Error navegando a Google: Message: invalid session id; For documentation on this error, please visit: https://www.selenium.dev/documentation/webdriver/troubleshooting/errors#invalidsessionidexception
Stacktrace:
0   chromedriver                        0x0000000104e0f1e4 cxxbridge1$str$ptr + 3175992
1   chromedriver                        0x0000000104e072ac cxxbridge1$str$ptr + 3143424
2   chromedriver                        0x00000001048b7178 _RNvCs9NA52FrZ4pF_7___rustc35___rust_no_alloc_shim_is_unstable_v2 + 73572
3   chromedriver                        0x00000001048f46c4 _RNvCs9NA52FrZ4pF_7___rustc35___rust_no_alloc_shim_is_unstable_v2 + 324784
4   chromedriver                        0x000000010491b068 _RNvCs9NA52FrZ4pF_7___rustc35___rust_no_alloc_shim_is_unstable_v2 + 482900
5   chromedriver                        0x000000010491a968 _RNvCs9NA52FrZ4pF_7___rustc35___rust_no_alloc_shim_is_unstable_v2 + 481108
6   chromedriver                        0x0000000104884fd8 chromedriver + 118744
7   chromedriver                        0x0000000104dcd370 cxxbridge1$str$ptr + 2906052
8   chromedriver                        0x0000000104dd0af0 cxxbridge1$str$ptr + 2920260
9   chromedriver                        0x0000000104db42b0 cxxbridge1$str$ptr + 2803460
10  chromedriver                        0x0000000104dd1384 cxxbridge1$str$ptr + 2922456
11  chromedriver                        0x0000000104da57d0 cxxbridge1$str$ptr + 2743332
12  chromedriver                        0x0000000104882d30 chromedriver + 109872
13  dyld                                0x000000018a077e00 start + 6992

2026-06-18 18:07:49,252 [INFO]   🔄 DDG fallback: "Hotel Fontamar 72" Barranquilla email contacto
2026-06-18 18:07:50,427 [INFO] response: https://www.bing.com/search?q=%22Hotel+Fontamar+72%22+Barranquilla+email+contacto 200
2026-06-18 18:07:53,170 [INFO]   🔍 DDG→Facebook: "Hotel Fontamar 72" Barranquilla site:facebook.com
2026-06-18 18:07:53,740 [INFO] response: https://www.bing.com/search?q=%22Hotel+Fontamar+72%22+Barranquilla+site%3Afacebook.com 200
2026-06-18 18:07:54,979 [INFO] response: https://www.bing.com/search?q=%22Hotel+Fontamar+72%22+Barranquilla+site%3Afacebook.com&first=11&FORM=PERE 200
2026-06-18 18:20:11,868 [INFO] Error to search using bing backend: https://www.bing.com/search TimeoutError: error sending request for url (https://www.bing.com/search?q=%22Hotel+Fontamar+72%22+Barranquilla+site%3Afacebook.com&first=21&FORM=PERE1) > operation timed out
2026-06-18 18:20:11,869 [WARNING] DDG error: https://www.bing.com/search TimeoutError: error sending request for url (https://www.bing.com/search?q=%22Hotel+Fontamar+72%22+Barranquilla+site%3Afacebook.com&first=21&FORM=PERE1) > operation timed out
2026-06-18 18:20:11,869 [INFO]   ❌ Sin resultado: Hotel Fontamar 72
2026-06-18 18:20:18,202 [INFO] 
[116/210] Hotel Estefanía Princess 84 (Barranquilla)
2026-06-18 18:20:18,202 [INFO]   🔍 Google: "Hotel Estefanía Princess 84" Barranquilla email contacto
2026-06-18 18:20:18,207 [WARNING] Error navegando a Google: Message: invalid session id; For documentation on this error, please visit: https://www.selenium.dev/documentation/webdriver/troubleshooting/errors#invalidsessionidexception
Stacktrace:
0   chromedriver                        0x0000000104e0f1e4 cxxbridge1$str$ptr + 3175992
1   chromedriver                        0x0000000104e072ac cxxbridge1$str$ptr + 3143424
2   chromedriver                        0x00000001048b7178 _RNvCs9NA52FrZ4pF_7___rustc35___rust_no_alloc_shim_is_unstable_v2 + 73572
3   chromedriver                        0x00000001048f46c4 _RNvCs9NA52FrZ4pF_7___rustc35___rust_no_alloc_shim_is_unstable_v2 + 324784
4   chromedriver                        0x000000010491b068 _RNvCs9NA52FrZ4pF_7___rustc35___rust_no_alloc_shim_is_unstable_v2 + 482900
5   chromedriver                        0x000000010491a968 _RNvCs9NA52FrZ4pF_7___rustc35___rust_no_alloc_shim_is_unstable_v2 + 481108
6   chromedriver                        0x0000000104884fd8 chromedriver + 118744
7   chromedriver                        0x0000000104dcd370 cxxbridge1$str$ptr + 2906052
8   chromedriver                        0x0000000104dd0af0 cxxbridge1$str$ptr + 2920260
9   chromedriver                        0x0000000104db42b0 cxxbridge1$str$ptr + 2803460
10  chromedriver                        0x0000000104dd1384 cxxbridge1$str$ptr + 2922456
11  chromedriver                        0x0000000104da57d0 cxxbridge1$str$ptr + 2743332
12  chromedriver                        0x0000000104882d30 chromedriver + 109872
13  dyld                                0x000000018a077e00 start + 6992

2026-06-18 18:20:18,207 [INFO]   🔄 DDG fallback: "Hotel Estefanía Princess 84" Barranquilla email contacto
2026-06-18 18:20:18,994 [INFO] response: https://www.bing.com/search?q=%22Hotel+Estefan%C3%ADa+Princess+84%22+Barranquilla+email+contacto 200
2026-06-18 18:20:21,911 [INFO]   🌐 Visitando (ddg): https://www.biohotelcolombia.com/
2026-06-18 18:20:45,004 [INFO]   🌐 Visitando (ddg): https://www.marriott.com/es/hotels/bogwh-w-bogota/overview/?msockid=3f
2026-06-18 18:21:11,091 [INFO]   🌐 Visitando (ddg): https://www.100luxurysuites.com/es
2026-06-18 18:21:50,925 [INFO]   🔍 DDG→Facebook: "Hotel Estefanía Princess 84" Barranquilla site:facebook.com
2026-06-18 18:21:51,346 [INFO] response: https://www.bing.com/search?q=%22Hotel+Estefan%C3%ADa+Princess+84%22+Barranquilla+site%3Afacebook.com 200
2026-06-18 18:21:52,412 [INFO] response: https://www.bing.com/search?q=%22Hotel+Estefan%C3%ADa+Princess+84%22+Barranquilla+site%3Afacebook.com&first=11&FORM=PERE 200
2026-06-18 18:21:53,623 [INFO] response: https://www.bing.com/search?q=%22Hotel+Estefan%C3%ADa+Princess+84%22+Barranquilla+site%3Afacebook.com&first=21&FORM=PERE1 200
2026-06-18 18:21:54,585 [INFO] response: https://www.bing.com/search?q=%22Hotel+Estefan%C3%ADa+Princess+84%22+Barranquilla+site%3Afacebook.com&first=31&FORM=PERE2 200
2026-06-18 18:21:55,595 [INFO] response: https://www.bing.com/search?q=%22Hotel+Estefan%C3%ADa+Princess+84%22+Barranquilla+site%3Afacebook.com&first=41&FORM=PERE3 200
2026-06-18 18:21:58,500 [INFO]   ❌ Sin resultado: Hotel Estefanía Princess 84
2026-06-18 18:22:05,726 [INFO] 
[117/210] Hotel San Marcos (Barranquilla)
2026-06-18 18:22:05,726 [INFO]   🔍 Google: "Hotel San Marcos" Barranquilla email contacto
2026-06-18 18:22:05,729 [WARNING] Error navegando a Google: Message: invalid session id; For documentation on this error, please visit: https://www.selenium.dev/documentation/webdriver/troubleshooting/errors#invalidsessionidexception
Stacktrace:
0   chromedriver                        0x0000000104e0f1e4 cxxbridge1$str$ptr + 3175992
1   chromedriver                        0x0000000104e072ac cxxbridge1$str$ptr + 3143424
2   chromedriver                        0x00000001048b7178 _RNvCs9NA52FrZ4pF_7___rustc35___rust_no_alloc_shim_is_unstable_v2 + 73572
3   chromedriver                        0x00000001048f46c4 _RNvCs9NA52FrZ4pF_7___rustc35___rust_no_alloc_shim_is_unstable_v2 + 324784
4   chromedriver                        0x000000010491b068 _RNvCs9NA52FrZ4pF_7___rustc35___rust_no_alloc_shim_is_unstable_v2 + 482900
5   chromedriver                        0x000000010491a968 _RNvCs9NA52FrZ4pF_7___rustc35___rust_no_alloc_shim_is_unstable_v2 + 481108
6   chromedriver                        0x0000000104884fd8 chromedriver + 118744
7   chromedriver                        0x0000000104dcd370 cxxbridge1$str$ptr + 2906052
8   chromedriver                        0x0000000104dd0af0 cxxbridge1$str$ptr + 2920260
9   chromedriver                        0x0000000104db42b0 cxxbridge1$str$ptr + 2803460
10  chromedriver                        0x0000000104dd1384 cxxbridge1$str$ptr + 2922456
11  chromedriver                        0x0000000104da57d0 cxxbridge1$str$ptr + 2743332
12  chromedriver                        0x0000000104882d30 chromedriver + 109872
13  dyld                                0x000000018a077e00 start + 6992

2026-06-18 18:22:05,729 [INFO]   🔄 DDG fallback: "Hotel San Marcos" Barranquilla email contacto
2026-06-18 18:22:11,197 [INFO] response: https://www.bing.com/search?q=%22Hotel+San+Marcos%22+Barranquilla+email+contacto 200
2026-06-18 18:22:12,270 [INFO] response: https://www.bing.com/search?q=%22Hotel+San+Marcos%22+Barranquilla+email+contacto&first=11&FORM=PERE 200
2026-06-18 18:22:13,849 [INFO] response: https://www.bing.com/search?q=%22Hotel+San+Marcos%22+Barranquilla+email+contacto&first=21&FORM=PERE1 200
2026-06-18 18:22:14,851 [INFO] response: https://www.bing.com/search?q=%22Hotel+San+Marcos%22+Barranquilla+email+contacto&first=31&FORM=PERE2 200
2026-06-18 18:22:15,926 [INFO] response: https://www.bing.com/search?q=%22Hotel+San+Marcos%22+Barranquilla+email+contacto&first=41&FORM=PERE3 200
2026-06-18 18:22:18,936 [INFO]   🌐 Visitando (ddg): https://www.biohotelcolombia.com/
2026-06-18 18:22:27,792 [INFO]   🌐 Visitando (ddg): https://www.marriott.com/es/hotels/bogwh-w-bogota/overview/
2026-06-18 18:37:57,393 [INFO]   🌐 Visitando (ddg): https://www.100luxurysuites.com/es
2026-06-18 20:06:05,848 [INFO]   🔍 DDG→Facebook: "Hotel San Marcos" Barranquilla site:facebook.com
2026-06-18 20:06:06,510 [INFO] response: https://www.bing.com/search?q=%22Hotel+San+Marcos%22+Barranquilla+site%3Afacebook.com 200
2026-06-18 20:13:51,602 [INFO] Error to search using bing backend: https://www.bing.com/search TimeoutError: error sending request for url (https://www.bing.com/search?q=%22Hotel+San+Marcos%22+Barranquilla+site%3Afacebook.com&first=11&FORM=PERE) > operation timed out
2026-06-18 20:13:51,603 [WARNING] DDG error: https://www.bing.com/search TimeoutError: error sending request for url (https://www.bing.com/search?q=%22Hotel+San+Marcos%22+Barranquilla+site%3Afacebook.com&first=11&FORM=PERE) > operation timed out
2026-06-18 20:13:51,603 [INFO]   ❌ Sin resultado: Hotel San Marcos
2026-06-18 20:13:58,882 [INFO] 
[118/210] TARENTO Suite HOTEL (Barranquilla)
2026-06-18 20:13:58,882 [INFO]   🔍 Google: "TARENTO Suite HOTEL" Barranquilla email contacto
2026-06-18 20:13:58,886 [WARNING] Error navegando a Google: Message: invalid session id; For documentation on this error, please visit: https://www.selenium.dev/documentation/webdriver/troubleshooting/errors#invalidsessionidexception
Stacktrace:
0   chromedriver                        0x0000000104e0f1e4 cxxbridge1$str$ptr + 3175992
1   chromedriver                        0x0000000104e072ac cxxbridge1$str$ptr + 3143424
2   chromedriver                        0x00000001048b7178 _RNvCs9NA52FrZ4pF_7___rustc35___rust_no_alloc_shim_is_unstable_v2 + 73572
3   chromedriver                        0x00000001048f46c4 _RNvCs9NA52FrZ4pF_7___rustc35___rust_no_alloc_shim_is_unstable_v2 + 324784
4   chromedriver                        0x000000010491b068 _RNvCs9NA52FrZ4pF_7___rustc35___rust_no_alloc_shim_is_unstable_v2 + 482900
5   chromedriver                        0x000000010491a968 _RNvCs9NA52FrZ4pF_7___rustc35___rust_no_alloc_shim_is_unstable_v2 + 481108
6   chromedriver                        0x0000000104884fd8 chromedriver + 118744
7   chromedriver                        0x0000000104dcd370 cxxbridge1$str$ptr + 2906052
8   chromedriver                        0x0000000104dd0af0 cxxbridge1$str$ptr + 2920260
9   chromedriver                        0x0000000104db42b0 cxxbridge1$str$ptr + 2803460
10  chromedriver                        0x0000000104dd1384 cxxbridge1$str$ptr + 2922456
11  chromedriver                        0x0000000104da57d0 cxxbridge1$str$ptr + 2743332
12  chromedriver                        0x0000000104882d30 chromedriver + 109872
13  dyld                                0x000000018a077e00 start + 6992

2026-06-18 20:13:58,886 [INFO]   🔄 DDG fallback: "TARENTO Suite HOTEL" Barranquilla email contacto
2026-06-18 20:13:59,228 [INFO] response: https://www.bing.com/search?q=%22TARENTO+Suite+HOTEL%22+Barranquilla+email+contacto 200
2026-06-18 20:14:02,568 [INFO]   🔍 DDG→Facebook: "TARENTO Suite HOTEL" Barranquilla site:facebook.com
2026-06-18 20:14:03,312 [INFO] response: https://www.bing.com/search?q=%22TARENTO+Suite+HOTEL%22+Barranquilla+site%3Afacebook.com 200
2026-06-18 20:14:04,639 [INFO] response: https://www.bing.com/search?q=%22TARENTO+Suite+HOTEL%22+Barranquilla+site%3Afacebook.com&first=11&FORM=PERE 200
2026-06-18 20:14:05,688 [INFO] response: https://www.bing.com/search?q=%22TARENTO+Suite+HOTEL%22+Barranquilla+site%3Afacebook.com&first=21&FORM=PERE1 200
2026-06-18 20:14:06,851 [INFO] response: https://www.bing.com/search?q=%22TARENTO+Suite+HOTEL%22+Barranquilla+site%3Afacebook.com&first=31&FORM=PERE2 200
2026-06-18 20:14:07,851 [INFO] response: https://www.bing.com/search?q=%22TARENTO+Suite+HOTEL%22+Barranquilla+site%3Afacebook.com&first=41&FORM=PERE3 200
2026-06-18 20:14:11,003 [INFO]   ❌ Sin resultado: TARENTO Suite HOTEL
2026-06-18 20:14:11,005 [INFO]   📊 Progreso 118/210 | Emails: 14 | Sin resultado: 111
2026-06-18 20:14:15,922 [INFO] 
[119/210] Hotel Home Buenavista (Barranquilla)
2026-06-18 20:14:15,922 [INFO]   🔍 Google: "Hotel Home Buenavista" Barranquilla email contacto
2026-06-18 20:14:15,924 [WARNING] Error navegando a Google: Message: invalid session id; For documentation on this error, please visit: https://www.selenium.dev/documentation/webdriver/troubleshooting/errors#invalidsessionidexception
Stacktrace:
0   chromedriver                        0x0000000104e0f1e4 cxxbridge1$str$ptr + 3175992
1   chromedriver                        0x0000000104e072ac cxxbridge1$str$ptr + 3143424
2   chromedriver                        0x00000001048b7178 _RNvCs9NA52FrZ4pF_7___rustc35___rust_no_alloc_shim_is_unstable_v2 + 73572
3   chromedriver                        0x00000001048f46c4 _RNvCs9NA52FrZ4pF_7___rustc35___rust_no_alloc_shim_is_unstable_v2 + 324784
4   chromedriver                        0x000000010491b068 _RNvCs9NA52FrZ4pF_7___rustc35___rust_no_alloc_shim_is_unstable_v2 + 482900
5   chromedriver                        0x000000010491a968 _RNvCs9NA52FrZ4pF_7___rustc35___rust_no_alloc_shim_is_unstable_v2 + 481108
6   chromedriver                        0x0000000104884fd8 chromedriver + 118744
7   chromedriver                        0x0000000104dcd370 cxxbridge1$str$ptr + 2906052
8   chromedriver                        0x0000000104dd0af0 cxxbridge1$str$ptr + 2920260
9   chromedriver                        0x0000000104db42b0 cxxbridge1$str$ptr + 2803460
10  chromedriver                        0x0000000104dd1384 cxxbridge1$str$ptr + 2922456
11  chromedriver                        0x0000000104da57d0 cxxbridge1$str$ptr + 2743332
12  chromedriver                        0x0000000104882d30 chromedriver + 109872
13  dyld                                0x000000018a077e00 start + 6992

2026-06-18 20:14:15,925 [INFO]   🔄 DDG fallback: "Hotel Home Buenavista" Barranquilla email contacto
2026-06-18 20:14:16,763 [INFO] response: https://www.bing.com/search?q=%22Hotel+Home+Buenavista%22+Barranquilla+email+contacto 200
2026-06-18 20:14:20,073 [INFO]   🔍 DDG→Facebook: "Hotel Home Buenavista" Barranquilla site:facebook.com
2026-06-18 20:14:20,463 [INFO] response: https://www.bing.com/search?q=%22Hotel+Home+Buenavista%22+Barranquilla+site%3Afacebook.com 200
2026-06-18 20:14:21,453 [INFO] response: https://www.bing.com/search?q=%22Hotel+Home+Buenavista%22+Barranquilla+site%3Afacebook.com&first=11&FORM=PERE 200
2026-06-18 20:14:22,556 [INFO] response: https://www.bing.com/search?q=%22Hotel+Home+Buenavista%22+Barranquilla+site%3Afacebook.com&first=21&FORM=PERE1 200
2026-06-18 20:14:23,644 [INFO] response: https://www.bing.com/search?q=%22Hotel+Home+Buenavista%22+Barranquilla+site%3Afacebook.com&first=31&FORM=PERE2 200
2026-06-18 20:14:24,696 [INFO] response: https://www.bing.com/search?q=%22Hotel+Home+Buenavista%22+Barranquilla+site%3Afacebook.com&first=41&FORM=PERE3 200
2026-06-18 20:14:27,697 [INFO]   ❌ Sin resultado: Hotel Home Buenavista
2026-06-18 20:14:33,955 [INFO] 
[120/210] HOTEL BARRANQUILLA INN (Barranquilla)
2026-06-18 20:14:33,955 [INFO]   🔍 Google: "HOTEL BARRANQUILLA INN" Barranquilla email contacto
2026-06-18 20:14:33,958 [WARNING] Error navegando a Google: Message: invalid session id; For documentation on this error, please visit: https://www.selenium.dev/documentation/webdriver/troubleshooting/errors#invalidsessionidexception
Stacktrace:
0   chromedriver                        0x0000000104e0f1e4 cxxbridge1$str$ptr + 3175992
1   chromedriver                        0x0000000104e072ac cxxbridge1$str$ptr + 3143424
2   chromedriver                        0x00000001048b7178 _RNvCs9NA52FrZ4pF_7___rustc35___rust_no_alloc_shim_is_unstable_v2 + 73572
3   chromedriver                        0x00000001048f46c4 _RNvCs9NA52FrZ4pF_7___rustc35___rust_no_alloc_shim_is_unstable_v2 + 324784
4   chromedriver                        0x000000010491b068 _RNvCs9NA52FrZ4pF_7___rustc35___rust_no_alloc_shim_is_unstable_v2 + 482900
5   chromedriver                        0x000000010491a968 _RNvCs9NA52FrZ4pF_7___rustc35___rust_no_alloc_shim_is_unstable_v2 + 481108
6   chromedriver                        0x0000000104884fd8 chromedriver + 118744
7   chromedriver                        0x0000000104dcd370 cxxbridge1$str$ptr + 2906052
8   chromedriver                        0x0000000104dd0af0 cxxbridge1$str$ptr + 2920260
9   chromedriver                        0x0000000104db42b0 cxxbridge1$str$ptr + 2803460
10  chromedriver                        0x0000000104dd1384 cxxbridge1$str$ptr + 2922456
11  chromedriver                        0x0000000104da57d0 cxxbridge1$str$ptr + 2743332
12  chromedriver                        0x0000000104882d30 chromedriver + 109872
13  dyld                                0x000000018a077e00 start + 6992

2026-06-18 20:14:33,958 [INFO]   🔄 DDG fallback: "HOTEL BARRANQUILLA INN" Barranquilla email contacto
2026-06-18 20:14:34,288 [INFO] response: https://www.bing.com/search?q=%22HOTEL+BARRANQUILLA+INN%22+Barranquilla+email+contacto 200
2026-06-18 20:14:38,349 [INFO]   🔍 DDG→Facebook: "HOTEL BARRANQUILLA INN" Barranquilla site:facebook.com
2026-06-18 20:14:38,753 [INFO] response: https://www.bing.com/search?q=%22HOTEL+BARRANQUILLA+INN%22+Barranquilla+site%3Afacebook.com 200
2026-06-18 20:14:39,841 [INFO] response: https://www.bing.com/search?q=%22HOTEL+BARRANQUILLA+INN%22+Barranquilla+site%3Afacebook.com&first=11&FORM=PERE 200
2026-06-18 20:14:40,863 [INFO] response: https://www.bing.com/search?q=%22HOTEL+BARRANQUILLA+INN%22+Barranquilla+site%3Afacebook.com&first=21&FORM=PERE1 200
2026-06-18 20:14:41,971 [INFO] response: https://www.bing.com/search?q=%22HOTEL+BARRANQUILLA+INN%22+Barranquilla+site%3Afacebook.com&first=31&FORM=PERE2 200
2026-06-18 20:14:43,035 [INFO] response: https://www.bing.com/search?q=%22HOTEL+BARRANQUILLA+INN%22+Barranquilla+site%3Afacebook.com&first=41&FORM=PERE3 200
2026-06-18 20:14:45,437 [INFO]   ❌ Sin resultado: HOTEL BARRANQUILLA INN
2026-06-18 20:14:52,754 [INFO] 
[121/210] Hotel Altos del Prado (Barranquilla)
2026-06-18 20:14:52,755 [INFO]   🔍 Google: "Hotel Altos del Prado" Barranquilla email contacto
2026-06-18 20:14:52,757 [WARNING] Error navegando a Google: Message: invalid session id; For documentation on this error, please visit: https://www.selenium.dev/documentation/webdriver/troubleshooting/errors#invalidsessionidexception
Stacktrace:
0   chromedriver                        0x0000000104e0f1e4 cxxbridge1$str$ptr + 3175992
1   chromedriver                        0x0000000104e072ac cxxbridge1$str$ptr + 3143424
2   chromedriver                        0x00000001048b7178 _RNvCs9NA52FrZ4pF_7___rustc35___rust_no_alloc_shim_is_unstable_v2 + 73572
3   chromedriver                        0x00000001048f46c4 _RNvCs9NA52FrZ4pF_7___rustc35___rust_no_alloc_shim_is_unstable_v2 + 324784
4   chromedriver                        0x000000010491b068 _RNvCs9NA52FrZ4pF_7___rustc35___rust_no_alloc_shim_is_unstable_v2 + 482900
5   chromedriver                        0x000000010491a968 _RNvCs9NA52FrZ4pF_7___rustc35___rust_no_alloc_shim_is_unstable_v2 + 481108
6   chromedriver                        0x0000000104884fd8 chromedriver + 118744
7   chromedriver                        0x0000000104dcd370 cxxbridge1$str$ptr + 2906052
8   chromedriver                        0x0000000104dd0af0 cxxbridge1$str$ptr + 2920260
9   chromedriver                        0x0000000104db42b0 cxxbridge1$str$ptr + 2803460
10  chromedriver                        0x0000000104dd1384 cxxbridge1$str$ptr + 2922456
11  chromedriver                        0x0000000104da57d0 cxxbridge1$str$ptr + 2743332
12  chromedriver                        0x0000000104882d30 chromedriver + 109872
13  dyld                                0x000000018a077e00 start + 6992

2026-06-18 20:14:52,757 [INFO]   🔄 DDG fallback: "Hotel Altos del Prado" Barranquilla email contacto
2026-06-18 20:14:53,096 [INFO] response: https://www.bing.com/search?q=%22Hotel+Altos+del+Prado%22+Barranquilla+email+contacto 200
2026-06-18 20:14:56,528 [INFO]   🔍 DDG→Facebook: "Hotel Altos del Prado" Barranquilla site:facebook.com
2026-06-18 20:14:56,854 [INFO] response: https://www.bing.com/search?q=%22Hotel+Altos+del+Prado%22+Barranquilla+site%3Afacebook.com 200
2026-06-18 20:14:57,842 [INFO] response: https://www.bing.com/search?q=%22Hotel+Altos+del+Prado%22+Barranquilla+site%3Afacebook.com&first=11&FORM=PERE 200
2026-06-18 20:14:58,895 [INFO] response: https://www.bing.com/search?q=%22Hotel+Altos+del+Prado%22+Barranquilla+site%3Afacebook.com&first=21&FORM=PERE1 200
2026-06-18 20:14:59,934 [INFO] response: https://www.bing.com/search?q=%22Hotel+Altos+del+Prado%22+Barranquilla+site%3Afacebook.com&first=31&FORM=PERE2 200
2026-06-18 20:15:00,999 [INFO] response: https://www.bing.com/search?q=%22Hotel+Altos+del+Prado%22+Barranquilla+site%3Afacebook.com&first=41&FORM=PERE3 200
2026-06-18 20:15:03,146 [INFO]   ❌ Sin resultado: Hotel Altos del Prado
2026-06-18 20:15:08,056 [INFO] 
[122/210] Hotel Georgina (Barranquilla)
2026-06-18 20:15:08,056 [INFO]   🔍 Google: "Hotel Georgina" Barranquilla email contacto
2026-06-18 20:15:08,058 [WARNING] Error navegando a Google: Message: invalid session id; For documentation on this error, please visit: https://www.selenium.dev/documentation/webdriver/troubleshooting/errors#invalidsessionidexception
Stacktrace:
0   chromedriver                        0x0000000104e0f1e4 cxxbridge1$str$ptr + 3175992
1   chromedriver                        0x0000000104e072ac cxxbridge1$str$ptr + 3143424
2   chromedriver                        0x00000001048b7178 _RNvCs9NA52FrZ4pF_7___rustc35___rust_no_alloc_shim_is_unstable_v2 + 73572
3   chromedriver                        0x00000001048f46c4 _RNvCs9NA52FrZ4pF_7___rustc35___rust_no_alloc_shim_is_unstable_v2 + 324784
4   chromedriver                        0x000000010491b068 _RNvCs9NA52FrZ4pF_7___rustc35___rust_no_alloc_shim_is_unstable_v2 + 482900
5   chromedriver                        0x000000010491a968 _RNvCs9NA52FrZ4pF_7___rustc35___rust_no_alloc_shim_is_unstable_v2 + 481108
6   chromedriver                        0x0000000104884fd8 chromedriver + 118744
7   chromedriver                        0x0000000104dcd370 cxxbridge1$str$ptr + 2906052
8   chromedriver                        0x0000000104dd0af0 cxxbridge1$str$ptr + 2920260
9   chromedriver                        0x0000000104db42b0 cxxbridge1$str$ptr + 2803460
10  chromedriver                        0x0000000104dd1384 cxxbridge1$str$ptr + 2922456
11  chromedriver                        0x0000000104da57d0 cxxbridge1$str$ptr + 2743332
12  chromedriver                        0x0000000104882d30 chromedriver + 109872
13  dyld                                0x000000018a077e00 start + 6992

2026-06-18 20:15:08,059 [INFO]   🔄 DDG fallback: "Hotel Georgina" Barranquilla email contacto
2026-06-18 20:15:13,402 [INFO] response: https://www.bing.com/search?q=%22Hotel+Georgina%22+Barranquilla+email+contacto 200
2026-06-18 20:15:17,128 [INFO]   🔍 DDG→Facebook: "Hotel Georgina" Barranquilla site:facebook.com
2026-06-18 20:15:17,485 [INFO] response: https://www.bing.com/search?q=%22Hotel+Georgina%22+Barranquilla+site%3Afacebook.com 200
2026-06-18 20:15:18,505 [INFO] response: https://www.bing.com/search?q=%22Hotel+Georgina%22+Barranquilla+site%3Afacebook.com&first=11&FORM=PERE 200
2026-06-18 20:15:19,530 [INFO] response: https://www.bing.com/search?q=%22Hotel+Georgina%22+Barranquilla+site%3Afacebook.com&first=21&FORM=PERE1 200
2026-06-18 20:15:20,585 [INFO] response: https://www.bing.com/search?q=%22Hotel+Georgina%22+Barranquilla+site%3Afacebook.com&first=31&FORM=PERE2 200
2026-06-18 20:15:21,607 [INFO] response: https://www.bing.com/search?q=%22Hotel+Georgina%22+Barranquilla+site%3Afacebook.com&first=41&FORM=PERE3 200
2026-06-18 20:15:24,818 [INFO]   ❌ Sin resultado: Hotel Georgina
2026-06-18 20:15:30,840 [INFO] 
[123/210] Hotel Boston Superior Barranquilla (Barranquilla)
2026-06-18 20:15:30,840 [INFO]   🔍 Google: "Hotel Boston Superior Barranquilla" Barranquilla email contacto
2026-06-18 20:15:30,843 [WARNING] Error navegando a Google: Message: invalid session id; For documentation on this error, please visit: https://www.selenium.dev/documentation/webdriver/troubleshooting/errors#invalidsessionidexception
Stacktrace:
0   chromedriver                        0x0000000104e0f1e4 cxxbridge1$str$ptr + 3175992
1   chromedriver                        0x0000000104e072ac cxxbridge1$str$ptr + 3143424
2   chromedriver                        0x00000001048b7178 _RNvCs9NA52FrZ4pF_7___rustc35___rust_no_alloc_shim_is_unstable_v2 + 73572
3   chromedriver                        0x00000001048f46c4 _RNvCs9NA52FrZ4pF_7___rustc35___rust_no_alloc_shim_is_unstable_v2 + 324784
4   chromedriver                        0x000000010491b068 _RNvCs9NA52FrZ4pF_7___rustc35___rust_no_alloc_shim_is_unstable_v2 + 482900
5   chromedriver                        0x000000010491a968 _RNvCs9NA52FrZ4pF_7___rustc35___rust_no_alloc_shim_is_unstable_v2 + 481108
6   chromedriver                        0x0000000104884fd8 chromedriver + 118744
7   chromedriver                        0x0000000104dcd370 cxxbridge1$str$ptr + 2906052
8   chromedriver                        0x0000000104dd0af0 cxxbridge1$str$ptr + 2920260
9   chromedriver                        0x0000000104db42b0 cxxbridge1$str$ptr + 2803460
10  chromedriver                        0x0000000104dd1384 cxxbridge1$str$ptr + 2922456
11  chromedriver                        0x0000000104da57d0 cxxbridge1$str$ptr + 2743332
12  chromedriver                        0x0000000104882d30 chromedriver + 109872
13  dyld                                0x000000018a077e00 start + 6992

2026-06-18 20:15:30,843 [INFO]   🔄 DDG fallback: "Hotel Boston Superior Barranquilla" Barranquilla email contacto
2026-06-18 20:15:31,313 [INFO] response: https://www.bing.com/search?q=%22Hotel+Boston+Superior+Barranquilla%22+Barranquilla+email+contacto 200
2026-06-18 20:15:34,946 [INFO]   🔍 DDG→Facebook: "Hotel Boston Superior Barranquilla" Barranquilla site:facebook.com
2026-06-18 20:15:35,368 [INFO] response: https://www.bing.com/search?q=%22Hotel+Boston+Superior+Barranquilla%22+Barranquilla+site%3Afacebook.com 200
2026-06-18 20:15:36,376 [INFO] response: https://www.bing.com/search?q=%22Hotel+Boston+Superior+Barranquilla%22+Barranquilla+site%3Afacebook.com&first=11&FORM=PERE 200
2026-06-18 20:15:37,596 [INFO] response: https://www.bing.com/search?q=%22Hotel+Boston+Superior+Barranquilla%22+Barranquilla+site%3Afacebook.com&first=21&FORM=PERE1 200
2026-06-18 20:15:38,688 [INFO] response: https://www.bing.com/search?q=%22Hotel+Boston+Superior+Barranquilla%22+Barranquilla+site%3Afacebook.com&first=31&FORM=PERE2 200
2026-06-18 20:15:39,712 [INFO] response: https://www.bing.com/search?q=%22Hotel+Boston+Superior+Barranquilla%22+Barranquilla+site%3Afacebook.com&first=41&FORM=PERE3 200
2026-06-18 20:15:43,067 [INFO]   ❌ Sin resultado: Hotel Boston Superior Barranquilla
2026-06-18 20:15:43,072 [INFO]   📊 Progreso 123/210 | Emails: 14 | Sin resultado: 116
2026-06-18 20:15:48,143 [INFO] 
[124/210] Apartahotel Eslait (Barranquilla)
2026-06-18 20:15:48,144 [INFO]   🔍 Google: "Apartahotel Eslait" Barranquilla email contacto
2026-06-18 20:15:48,146 [WARNING] Error navegando a Google: Message: invalid session id; For documentation on this error, please visit: https://www.selenium.dev/documentation/webdriver/troubleshooting/errors#invalidsessionidexception
Stacktrace:
0   chromedriver                        0x0000000104e0f1e4 cxxbridge1$str$ptr + 3175992
1   chromedriver                        0x0000000104e072ac cxxbridge1$str$ptr + 3143424
2   chromedriver                        0x00000001048b7178 _RNvCs9NA52FrZ4pF_7___rustc35___rust_no_alloc_shim_is_unstable_v2 + 73572
3   chromedriver                        0x00000001048f46c4 _RNvCs9NA52FrZ4pF_7___rustc35___rust_no_alloc_shim_is_unstable_v2 + 324784
4   chromedriver                        0x000000010491b068 _RNvCs9NA52FrZ4pF_7___rustc35___rust_no_alloc_shim_is_unstable_v2 + 482900
5   chromedriver                        0x000000010491a968 _RNvCs9NA52FrZ4pF_7___rustc35___rust_no_alloc_shim_is_unstable_v2 + 481108
6   chromedriver                        0x0000000104884fd8 chromedriver + 118744
7   chromedriver                        0x0000000104dcd370 cxxbridge1$str$ptr + 2906052
8   chromedriver                        0x0000000104dd0af0 cxxbridge1$str$ptr + 2920260
9   chromedriver                        0x0000000104db42b0 cxxbridge1$str$ptr + 2803460
10  chromedriver                        0x0000000104dd1384 cxxbridge1$str$ptr + 2922456
11  chromedriver                        0x0000000104da57d0 cxxbridge1$str$ptr + 2743332
12  chromedriver                        0x0000000104882d30 chromedriver + 109872
13  dyld                                0x000000018a077e00 start + 6992

2026-06-18 20:15:48,146 [INFO]   🔄 DDG fallback: "Apartahotel Eslait" Barranquilla email contacto
2026-06-18 20:15:48,484 [INFO] response: https://www.bing.com/search?q=%22Apartahotel+Eslait%22+Barranquilla+email+contacto 200
2026-06-18 20:15:52,460 [INFO]   🌐 Visitando (ddg): https://www.tripadvisor.co/HotelsList-Colombia-Hotels-Motels-Apartment
2026-06-18 20:16:04,106 [INFO]   🌐 Visitando (ddg): https://apartahotellasvioletas.com.co/
2026-06-18 20:16:06,387 [INFO]   ✅ Email en sitio: servicioalcliente@apartahotellasvioletas.com
2026-06-18 20:31:37,213 [INFO] 
[125/210] Hotel Prado 72 (Barranquilla)
2026-06-18 20:31:37,214 [INFO]   🔍 Google: "Hotel Prado 72" Barranquilla email contacto
2026-06-18 20:31:37,216 [WARNING] Error navegando a Google: Message: invalid session id; For documentation on this error, please visit: https://www.selenium.dev/documentation/webdriver/troubleshooting/errors#invalidsessionidexception
Stacktrace:
0   chromedriver                        0x0000000104e0f1e4 cxxbridge1$str$ptr + 3175992
1   chromedriver                        0x0000000104e072ac cxxbridge1$str$ptr + 3143424
2   chromedriver                        0x00000001048b7178 _RNvCs9NA52FrZ4pF_7___rustc35___rust_no_alloc_shim_is_unstable_v2 + 73572
3   chromedriver                        0x00000001048f46c4 _RNvCs9NA52FrZ4pF_7___rustc35___rust_no_alloc_shim_is_unstable_v2 + 324784
4   chromedriver                        0x000000010491b068 _RNvCs9NA52FrZ4pF_7___rustc35___rust_no_alloc_shim_is_unstable_v2 + 482900
5   chromedriver                        0x000000010491a968 _RNvCs9NA52FrZ4pF_7___rustc35___rust_no_alloc_shim_is_unstable_v2 + 481108
6   chromedriver                        0x0000000104884fd8 chromedriver + 118744
7   chromedriver                        0x0000000104dcd370 cxxbridge1$str$ptr + 2906052
8   chromedriver                        0x0000000104dd0af0 cxxbridge1$str$ptr + 2920260
9   chromedriver                        0x0000000104db42b0 cxxbridge1$str$ptr + 2803460
10  chromedriver                        0x0000000104dd1384 cxxbridge1$str$ptr + 2922456
11  chromedriver                        0x0000000104da57d0 cxxbridge1$str$ptr + 2743332
12  chromedriver                        0x0000000104882d30 chromedriver + 109872
13  dyld                                0x000000018a077e00 start + 6992

2026-06-18 20:31:37,217 [INFO]   🔄 DDG fallback: "Hotel Prado 72" Barranquilla email contacto
2026-06-18 20:31:37,961 [INFO] response: https://www.bing.com/search?q=%22Hotel+Prado+72%22+Barranquilla+email+contacto 200
2026-06-18 20:31:41,958 [INFO]   🔍 DDG→Facebook: "Hotel Prado 72" Barranquilla site:facebook.com
2026-06-18 20:31:42,433 [INFO] response: https://www.bing.com/search?q=%22Hotel+Prado+72%22+Barranquilla+site%3Afacebook.com 200
2026-06-18 20:32:18,209 [INFO] Error to search using bing backend: https://www.bing.com/search TimeoutError: error sending request for url (https://www.bing.com/search?q=%22Hotel+Prado+72%22+Barranquilla+site%3Afacebook.com&first=11&FORM=PERE) > operation timed out
2026-06-18 20:32:18,209 [WARNING] DDG error: https://www.bing.com/search TimeoutError: error sending request for url (https://www.bing.com/search?q=%22Hotel+Prado+72%22+Barranquilla+site%3Afacebook.com&first=11&FORM=PERE) > operation timed out
2026-06-18 20:32:18,210 [INFO]   ❌ Sin resultado: Hotel Prado 72
2026-06-18 20:32:22,791 [INFO] 
[126/210] Hostal El Recreo (Barranquilla)
2026-06-18 20:32:22,792 [INFO]   🔍 Google: "Hostal El Recreo" Barranquilla email contacto
2026-06-18 20:32:22,794 [WARNING] Error navegando a Google: Message: invalid session id; For documentation on this error, please visit: https://www.selenium.dev/documentation/webdriver/troubleshooting/errors#invalidsessionidexception
Stacktrace:
0   chromedriver                        0x0000000104e0f1e4 cxxbridge1$str$ptr + 3175992
1   chromedriver                        0x0000000104e072ac cxxbridge1$str$ptr + 3143424
2   chromedriver                        0x00000001048b7178 _RNvCs9NA52FrZ4pF_7___rustc35___rust_no_alloc_shim_is_unstable_v2 + 73572
3   chromedriver                        0x00000001048f46c4 _RNvCs9NA52FrZ4pF_7___rustc35___rust_no_alloc_shim_is_unstable_v2 + 324784
4   chromedriver                        0x000000010491b068 _RNvCs9NA52FrZ4pF_7___rustc35___rust_no_alloc_shim_is_unstable_v2 + 482900
5   chromedriver                        0x000000010491a968 _RNvCs9NA52FrZ4pF_7___rustc35___rust_no_alloc_shim_is_unstable_v2 + 481108
6   chromedriver                        0x0000000104884fd8 chromedriver + 118744
7   chromedriver                        0x0000000104dcd370 cxxbridge1$str$ptr + 2906052
8   chromedriver                        0x0000000104dd0af0 cxxbridge1$str$ptr + 2920260
9   chromedriver                        0x0000000104db42b0 cxxbridge1$str$ptr + 2803460
10  chromedriver                        0x0000000104dd1384 cxxbridge1$str$ptr + 2922456
11  chromedriver                        0x0000000104da57d0 cxxbridge1$str$ptr + 2743332
12  chromedriver                        0x0000000104882d30 chromedriver + 109872
13  dyld                                0x000000018a077e00 start + 6992

2026-06-18 20:32:22,794 [INFO]   🔄 DDG fallback: "Hostal El Recreo" Barranquilla email contacto
2026-06-18 20:32:23,350 [INFO] response: https://www.bing.com/search?q=%22Hostal+El+Recreo%22+Barranquilla+email+contacto 200
2026-06-18 20:32:51,371 [INFO]   🔍 DDG→Facebook: "Hostal El Recreo" Barranquilla site:facebook.com
2026-06-18 20:32:57,036 [INFO] response: https://www.bing.com/search?q=%22Hostal+El+Recreo%22+Barranquilla+site%3Afacebook.com 200
2026-06-18 20:33:23,082 [INFO] response: https://www.bing.com/search?q=%22Hostal+El+Recreo%22+Barranquilla+site%3Afacebook.com&first=11&FORM=PERE 200
2026-06-18 20:33:23,536 [INFO] response: https://www.bing.com/search?q=%22Hostal+El+Recreo%22+Barranquilla+site%3Afacebook.com&first=21&FORM=PERE1 200
2026-06-18 20:33:24,675 [INFO] response: https://www.bing.com/search?q=%22Hostal+El+Recreo%22+Barranquilla+site%3Afacebook.com&first=31&FORM=PERE2 200
2026-06-18 20:33:25,918 [INFO] response: https://www.bing.com/search?q=%22Hostal+El+Recreo%22+Barranquilla+site%3Afacebook.com&first=41&FORM=PERE3 200
2026-06-18 20:33:28,397 [INFO]   ❌ Sin resultado: Hostal El Recreo
2026-06-18 20:33:59,085 [INFO] 
[127/210] THE MENDOZA GRAND HOTEL (Barranquilla)
2026-06-18 20:33:59,085 [INFO]   🔍 Google: "THE MENDOZA GRAND HOTEL" Barranquilla email contacto
2026-06-18 20:33:59,088 [WARNING] Error navegando a Google: Message: invalid session id; For documentation on this error, please visit: https://www.selenium.dev/documentation/webdriver/troubleshooting/errors#invalidsessionidexception
Stacktrace:
0   chromedriver                        0x0000000104e0f1e4 cxxbridge1$str$ptr + 3175992
1   chromedriver                        0x0000000104e072ac cxxbridge1$str$ptr + 3143424
2   chromedriver                        0x00000001048b7178 _RNvCs9NA52FrZ4pF_7___rustc35___rust_no_alloc_shim_is_unstable_v2 + 73572
3   chromedriver                        0x00000001048f46c4 _RNvCs9NA52FrZ4pF_7___rustc35___rust_no_alloc_shim_is_unstable_v2 + 324784
4   chromedriver                        0x000000010491b068 _RNvCs9NA52FrZ4pF_7___rustc35___rust_no_alloc_shim_is_unstable_v2 + 482900
5   chromedriver                        0x000000010491a968 _RNvCs9NA52FrZ4pF_7___rustc35___rust_no_alloc_shim_is_unstable_v2 + 481108
6   chromedriver                        0x0000000104884fd8 chromedriver + 118744
7   chromedriver                        0x0000000104dcd370 cxxbridge1$str$ptr + 2906052
8   chromedriver                        0x0000000104dd0af0 cxxbridge1$str$ptr + 2920260
9   chromedriver                        0x0000000104db42b0 cxxbridge1$str$ptr + 2803460
10  chromedriver                        0x0000000104dd1384 cxxbridge1$str$ptr + 2922456
11  chromedriver                        0x0000000104da57d0 cxxbridge1$str$ptr + 2743332
12  chromedriver                        0x0000000104882d30 chromedriver + 109872
13  dyld                                0x000000018a077e00 start + 6992

2026-06-18 20:33:59,088 [INFO]   🔄 DDG fallback: "THE MENDOZA GRAND HOTEL" Barranquilla email contacto
2026-06-18 20:33:59,675 [INFO] response: https://www.bing.com/search?q=%22THE+MENDOZA+GRAND+HOTEL%22+Barranquilla+email+contacto 200
2026-06-18 20:34:27,011 [INFO]   🔍 DDG→Facebook: "THE MENDOZA GRAND HOTEL" Barranquilla site:facebook.com
2026-06-18 20:34:27,796 [INFO] response: https://www.bing.com/search?q=%22THE+MENDOZA+GRAND+HOTEL%22+Barranquilla+site%3Afacebook.com 200
2026-06-18 20:34:28,824 [INFO] response: https://www.bing.com/search?q=%22THE+MENDOZA+GRAND+HOTEL%22+Barranquilla+site%3Afacebook.com&first=11&FORM=PERE 200
2026-06-18 20:34:30,179 [INFO] response: https://www.bing.com/search?q=%22THE+MENDOZA+GRAND+HOTEL%22+Barranquilla+site%3Afacebook.com&first=21&FORM=PERE1 200
2026-06-18 20:34:31,303 [INFO] response: https://www.bing.com/search?q=%22THE+MENDOZA+GRAND+HOTEL%22+Barranquilla+site%3Afacebook.com&first=31&FORM=PERE2 200
2026-06-18 20:34:32,310 [INFO] response: https://www.bing.com/search?q=%22THE+MENDOZA+GRAND+HOTEL%22+Barranquilla+site%3Afacebook.com&first=41&FORM=PERE3 200
2026-06-18 20:38:04,262 [INFO]   ❌ Sin resultado: THE MENDOZA GRAND HOTEL
2026-06-18 20:38:10,326 [INFO] 
[128/210] Hospedaje Altamira (Barranquilla)
2026-06-18 20:38:10,327 [INFO]   🔍 Google: "Hospedaje Altamira" Barranquilla email contacto
2026-06-18 20:38:10,329 [WARNING] Error navegando a Google: Message: invalid session id; For documentation on this error, please visit: https://www.selenium.dev/documentation/webdriver/troubleshooting/errors#invalidsessionidexception
Stacktrace:
0   chromedriver                        0x0000000104e0f1e4 cxxbridge1$str$ptr + 3175992
1   chromedriver                        0x0000000104e072ac cxxbridge1$str$ptr + 3143424
2   chromedriver                        0x00000001048b7178 _RNvCs9NA52FrZ4pF_7___rustc35___rust_no_alloc_shim_is_unstable_v2 + 73572
3   chromedriver                        0x00000001048f46c4 _RNvCs9NA52FrZ4pF_7___rustc35___rust_no_alloc_shim_is_unstable_v2 + 324784
4   chromedriver                        0x000000010491b068 _RNvCs9NA52FrZ4pF_7___rustc35___rust_no_alloc_shim_is_unstable_v2 + 482900
5   chromedriver                        0x000000010491a968 _RNvCs9NA52FrZ4pF_7___rustc35___rust_no_alloc_shim_is_unstable_v2 + 481108
6   chromedriver                        0x0000000104884fd8 chromedriver + 118744
7   chromedriver                        0x0000000104dcd370 cxxbridge1$str$ptr + 2906052
8   chromedriver                        0x0000000104dd0af0 cxxbridge1$str$ptr + 2920260
9   chromedriver                        0x0000000104db42b0 cxxbridge1$str$ptr + 2803460
10  chromedriver                        0x0000000104dd1384 cxxbridge1$str$ptr + 2922456
11  chromedriver                        0x0000000104da57d0 cxxbridge1$str$ptr + 2743332
12  chromedriver                        0x0000000104882d30 chromedriver + 109872
13  dyld                                0x000000018a077e00 start + 6992

2026-06-18 20:38:10,329 [INFO]   🔄 DDG fallback: "Hospedaje Altamira" Barranquilla email contacto
2026-06-18 20:38:10,932 [INFO] response: https://www.bing.com/search?q=%22Hospedaje+Altamira%22+Barranquilla+email+contacto 200
2026-06-18 20:38:12,130 [INFO] response: https://www.bing.com/search?q=%22Hospedaje+Altamira%22+Barranquilla+email+contacto&first=11&FORM=PERE 200
2026-06-18 20:38:13,175 [INFO] response: https://www.bing.com/search?q=%22Hospedaje+Altamira%22+Barranquilla+email+contacto&first=21&FORM=PERE1 200
2026-06-18 20:38:14,220 [INFO] response: https://www.bing.com/search?q=%22Hospedaje+Altamira%22+Barranquilla+email+contacto&first=31&FORM=PERE2 200
2026-06-18 20:38:15,318 [INFO] response: https://www.bing.com/search?q=%22Hospedaje+Altamira%22+Barranquilla+email+contacto&first=41&FORM=PERE3 200
2026-06-18 20:38:17,463 [INFO]   🌐 Visitando (ddg): https://www.airbnb.es/
2026-06-18 20:38:31,751 [INFO]   🌐 Visitando (ddg): https://www.airbnb.mx/
2026-06-18 20:38:44,916 [INFO]   🔍 DDG→Facebook: "Hospedaje Altamira" Barranquilla site:facebook.com
2026-06-18 20:38:50,251 [INFO] response: https://www.bing.com/search?q=%22Hospedaje+Altamira%22+Barranquilla+site%3Afacebook.com 200
2026-06-18 20:38:51,254 [INFO] response: https://www.bing.com/search?q=%22Hospedaje+Altamira%22+Barranquilla+site%3Afacebook.com&first=11&FORM=PERE 200
2026-06-18 20:38:52,414 [INFO] response: https://www.bing.com/search?q=%22Hospedaje+Altamira%22+Barranquilla+site%3Afacebook.com&first=21&FORM=PERE1 200
2026-06-18 20:38:53,476 [INFO] response: https://www.bing.com/search?q=%22Hospedaje+Altamira%22+Barranquilla+site%3Afacebook.com&first=31&FORM=PERE2 200
2026-06-18 20:38:54,875 [INFO] response: https://www.bing.com/search?q=%22Hospedaje+Altamira%22+Barranquilla+site%3Afacebook.com&first=41&FORM=PERE3 200
2026-06-18 20:38:58,264 [INFO]   ❌ Sin resultado: Hospedaje Altamira
2026-06-18 20:38:58,265 [INFO]   📊 Progreso 128/210 | Emails: 15 | Sin resultado: 120
2026-06-18 20:39:02,466 [INFO] 
[129/210] Hotel Prado Real Barranquilla (Barranquilla)
2026-06-18 20:39:02,466 [INFO]   🔍 Google: "Hotel Prado Real Barranquilla" Barranquilla email contacto
2026-06-18 20:39:02,469 [WARNING] Error navegando a Google: Message: invalid session id; For documentation on this error, please visit: https://www.selenium.dev/documentation/webdriver/troubleshooting/errors#invalidsessionidexception
Stacktrace:
0   chromedriver                        0x0000000104e0f1e4 cxxbridge1$str$ptr + 3175992
1   chromedriver                        0x0000000104e072ac cxxbridge1$str$ptr + 3143424
2   chromedriver                        0x00000001048b7178 _RNvCs9NA52FrZ4pF_7___rustc35___rust_no_alloc_shim_is_unstable_v2 + 73572
3   chromedriver                        0x00000001048f46c4 _RNvCs9NA52FrZ4pF_7___rustc35___rust_no_alloc_shim_is_unstable_v2 + 324784
4   chromedriver                        0x000000010491b068 _RNvCs9NA52FrZ4pF_7___rustc35___rust_no_alloc_shim_is_unstable_v2 + 482900
5   chromedriver                        0x000000010491a968 _RNvCs9NA52FrZ4pF_7___rustc35___rust_no_alloc_shim_is_unstable_v2 + 481108
6   chromedriver                        0x0000000104884fd8 chromedriver + 118744
7   chromedriver                        0x0000000104dcd370 cxxbridge1$str$ptr + 2906052
8   chromedriver                        0x0000000104dd0af0 cxxbridge1$str$ptr + 2920260
9   chromedriver                        0x0000000104db42b0 cxxbridge1$str$ptr + 2803460
10  chromedriver                        0x0000000104dd1384 cxxbridge1$str$ptr + 2922456
11  chromedriver                        0x0000000104da57d0 cxxbridge1$str$ptr + 2743332
12  chromedriver                        0x0000000104882d30 chromedriver + 109872
13  dyld                                0x000000018a077e00 start + 6992

2026-06-18 20:39:02,469 [INFO]   🔄 DDG fallback: "Hotel Prado Real Barranquilla" Barranquilla email contacto
2026-06-18 20:39:02,817 [INFO] response: https://www.bing.com/search?q=%22Hotel+Prado+Real+Barranquilla%22+Barranquilla+email+contacto 200
2026-06-18 20:39:06,748 [INFO]   🔍 DDG→Facebook: "Hotel Prado Real Barranquilla" Barranquilla site:facebook.com
2026-06-18 20:39:12,408 [INFO] response: https://www.bing.com/search?q=%22Hotel+Prado+Real+Barranquilla%22+Barranquilla+site%3Afacebook.com 200
2026-06-18 20:39:13,478 [INFO] response: https://www.bing.com/search?q=%22Hotel+Prado+Real+Barranquilla%22+Barranquilla+site%3Afacebook.com&first=11&FORM=PERE 200
2026-06-18 20:39:14,514 [INFO] response: https://www.bing.com/search?q=%22Hotel+Prado+Real+Barranquilla%22+Barranquilla+site%3Afacebook.com&first=21&FORM=PERE1 200
2026-06-18 20:39:15,659 [INFO] response: https://www.bing.com/search?q=%22Hotel+Prado+Real+Barranquilla%22+Barranquilla+site%3Afacebook.com&first=31&FORM=PERE2 200
2026-06-18 20:39:16,728 [INFO] response: https://www.bing.com/search?q=%22Hotel+Prado+Real+Barranquilla%22+Barranquilla+site%3Afacebook.com&first=41&FORM=PERE3 200
2026-06-18 20:39:18,783 [INFO]   ❌ Sin resultado: Hotel Prado Real Barranquilla
2026-06-18 20:39:23,504 [INFO] 
[130/210] Apartahotel BAQ suite 44 (Barranquilla)
2026-06-18 20:39:23,504 [INFO]   🔍 Google: "Apartahotel BAQ suite 44" Barranquilla email contacto
2026-06-18 20:39:23,507 [WARNING] Error navegando a Google: Message: invalid session id; For documentation on this error, please visit: https://www.selenium.dev/documentation/webdriver/troubleshooting/errors#invalidsessionidexception
Stacktrace:
0   chromedriver                        0x0000000104e0f1e4 cxxbridge1$str$ptr + 3175992
1   chromedriver                        0x0000000104e072ac cxxbridge1$str$ptr + 3143424
2   chromedriver                        0x00000001048b7178 _RNvCs9NA52FrZ4pF_7___rustc35___rust_no_alloc_shim_is_unstable_v2 + 73572
3   chromedriver                        0x00000001048f46c4 _RNvCs9NA52FrZ4pF_7___rustc35___rust_no_alloc_shim_is_unstable_v2 + 324784
4   chromedriver                        0x000000010491b068 _RNvCs9NA52FrZ4pF_7___rustc35___rust_no_alloc_shim_is_unstable_v2 + 482900
5   chromedriver                        0x000000010491a968 _RNvCs9NA52FrZ4pF_7___rustc35___rust_no_alloc_shim_is_unstable_v2 + 481108
6   chromedriver                        0x0000000104884fd8 chromedriver + 118744
7   chromedriver                        0x0000000104dcd370 cxxbridge1$str$ptr + 2906052
8   chromedriver                        0x0000000104dd0af0 cxxbridge1$str$ptr + 2920260
9   chromedriver                        0x0000000104db42b0 cxxbridge1$str$ptr + 2803460
10  chromedriver                        0x0000000104dd1384 cxxbridge1$str$ptr + 2922456
11  chromedriver                        0x0000000104da57d0 cxxbridge1$str$ptr + 2743332
12  chromedriver                        0x0000000104882d30 chromedriver + 109872
13  dyld                                0x000000018a077e00 start + 6992

2026-06-18 20:39:23,507 [INFO]   🔄 DDG fallback: "Apartahotel BAQ suite 44" Barranquilla email contacto
2026-06-18 20:39:23,841 [INFO] response: https://www.bing.com/search?q=%22Apartahotel+BAQ+suite+44%22+Barranquilla+email+contacto 200
2026-06-18 20:39:26,125 [INFO]   🔍 DDG→Facebook: "Apartahotel BAQ suite 44" Barranquilla site:facebook.com
2026-06-18 20:39:26,650 [INFO] response: https://www.bing.com/search?q=%22Apartahotel+BAQ+suite+44%22+Barranquilla+site%3Afacebook.com 200
2026-06-18 20:39:27,753 [INFO] response: https://www.bing.com/search?q=%22Apartahotel+BAQ+suite+44%22+Barranquilla+site%3Afacebook.com&first=11&FORM=PERE 200
2026-06-18 20:39:28,723 [INFO] response: https://www.bing.com/search?q=%22Apartahotel+BAQ+suite+44%22+Barranquilla+site%3Afacebook.com&first=21&FORM=PERE1 200
2026-06-18 20:39:29,754 [INFO] response: https://www.bing.com/search?q=%22Apartahotel+BAQ+suite+44%22+Barranquilla+site%3Afacebook.com&first=31&FORM=PERE2 200
2026-06-18 20:39:30,725 [INFO] response: https://www.bing.com/search?q=%22Apartahotel+BAQ+suite+44%22+Barranquilla+site%3Afacebook.com&first=41&FORM=PERE3 200
2026-06-18 20:39:34,155 [INFO]   ❌ Sin resultado: Apartahotel BAQ suite 44
2026-06-18 20:39:38,650 [INFO] 
[131/210] italia boutique bq (Barranquilla)
2026-06-18 20:39:38,651 [INFO]   🔍 Google: "italia boutique bq" Barranquilla email contacto
2026-06-18 20:39:38,653 [WARNING] Error navegando a Google: Message: invalid session id; For documentation on this error, please visit: https://www.selenium.dev/documentation/webdriver/troubleshooting/errors#invalidsessionidexception
Stacktrace:
0   chromedriver                        0x0000000104e0f1e4 cxxbridge1$str$ptr + 3175992
1   chromedriver                        0x0000000104e072ac cxxbridge1$str$ptr + 3143424
2   chromedriver                        0x00000001048b7178 _RNvCs9NA52FrZ4pF_7___rustc35___rust_no_alloc_shim_is_unstable_v2 + 73572
3   chromedriver                        0x00000001048f46c4 _RNvCs9NA52FrZ4pF_7___rustc35___rust_no_alloc_shim_is_unstable_v2 + 324784
4   chromedriver                        0x000000010491b068 _RNvCs9NA52FrZ4pF_7___rustc35___rust_no_alloc_shim_is_unstable_v2 + 482900
5   chromedriver                        0x000000010491a968 _RNvCs9NA52FrZ4pF_7___rustc35___rust_no_alloc_shim_is_unstable_v2 + 481108
6   chromedriver                        0x0000000104884fd8 chromedriver + 118744
7   chromedriver                        0x0000000104dcd370 cxxbridge1$str$ptr + 2906052
8   chromedriver                        0x0000000104dd0af0 cxxbridge1$str$ptr + 2920260
9   chromedriver                        0x0000000104db42b0 cxxbridge1$str$ptr + 2803460
10  chromedriver                        0x0000000104dd1384 cxxbridge1$str$ptr + 2922456
11  chromedriver                        0x0000000104da57d0 cxxbridge1$str$ptr + 2743332
12  chromedriver                        0x0000000104882d30 chromedriver + 109872
13  dyld                                0x000000018a077e00 start + 6992

2026-06-18 20:39:38,653 [INFO]   🔄 DDG fallback: "italia boutique bq" Barranquilla email contacto
2026-06-18 20:39:38,944 [INFO] response: https://www.bing.com/search?q=%22italia+boutique+bq%22+Barranquilla+email+contacto 200
2026-06-18 20:39:41,065 [INFO]   🔍 DDG→Facebook: "italia boutique bq" Barranquilla site:facebook.com
2026-06-18 20:39:41,514 [INFO] response: https://www.bing.com/search?q=%22italia+boutique+bq%22+Barranquilla+site%3Afacebook.com 200
2026-06-18 20:39:42,629 [INFO] response: https://www.bing.com/search?q=%22italia+boutique+bq%22+Barranquilla+site%3Afacebook.com&first=11&FORM=PERE 200
2026-06-18 20:39:43,607 [INFO] response: https://www.bing.com/search?q=%22italia+boutique+bq%22+Barranquilla+site%3Afacebook.com&first=21&FORM=PERE1 200
2026-06-18 20:39:44,632 [INFO] response: https://www.bing.com/search?q=%22italia+boutique+bq%22+Barranquilla+site%3Afacebook.com&first=31&FORM=PERE2 200
2026-06-18 20:39:45,860 [INFO] response: https://www.bing.com/search?q=%22italia+boutique+bq%22+Barranquilla+site%3Afacebook.com&first=41&FORM=PERE3 200
2026-06-18 20:39:49,412 [INFO]   ❌ Sin resultado: italia boutique bq
2026-06-18 20:39:56,699 [INFO] 
[132/210] Hostal La Quinta Bacana (Barranquilla)
2026-06-18 20:39:56,700 [INFO]   🔍 Google: "Hostal La Quinta Bacana" Barranquilla email contacto
2026-06-18 20:39:56,702 [WARNING] Error navegando a Google: Message: invalid session id; For documentation on this error, please visit: https://www.selenium.dev/documentation/webdriver/troubleshooting/errors#invalidsessionidexception
Stacktrace:
0   chromedriver                        0x0000000104e0f1e4 cxxbridge1$str$ptr + 3175992
1   chromedriver                        0x0000000104e072ac cxxbridge1$str$ptr + 3143424
2   chromedriver                        0x00000001048b7178 _RNvCs9NA52FrZ4pF_7___rustc35___rust_no_alloc_shim_is_unstable_v2 + 73572
3   chromedriver                        0x00000001048f46c4 _RNvCs9NA52FrZ4pF_7___rustc35___rust_no_alloc_shim_is_unstable_v2 + 324784
4   chromedriver                        0x000000010491b068 _RNvCs9NA52FrZ4pF_7___rustc35___rust_no_alloc_shim_is_unstable_v2 + 482900
5   chromedriver                        0x000000010491a968 _RNvCs9NA52FrZ4pF_7___rustc35___rust_no_alloc_shim_is_unstable_v2 + 481108
6   chromedriver                        0x0000000104884fd8 chromedriver + 118744
7   chromedriver                        0x0000000104dcd370 cxxbridge1$str$ptr + 2906052
8   chromedriver                        0x0000000104dd0af0 cxxbridge1$str$ptr + 2920260
9   chromedriver                        0x0000000104db42b0 cxxbridge1$str$ptr + 2803460
10  chromedriver                        0x0000000104dd1384 cxxbridge1$str$ptr + 2922456
11  chromedriver                        0x0000000104da57d0 cxxbridge1$str$ptr + 2743332
12  chromedriver                        0x0000000104882d30 chromedriver + 109872
13  dyld                                0x000000018a077e00 start + 6992

2026-06-18 20:39:56,702 [INFO]   🔄 DDG fallback: "Hostal La Quinta Bacana" Barranquilla email contacto
2026-06-18 20:39:57,562 [INFO] response: https://www.bing.com/search?q=%22Hostal+La+Quinta+Bacana%22+Barranquilla+email+contacto 200
2026-06-18 20:39:59,877 [INFO]   🔍 DDG→Facebook: "Hostal La Quinta Bacana" Barranquilla site:facebook.com
2026-06-18 20:40:00,262 [INFO] response: https://www.bing.com/search?q=%22Hostal+La+Quinta+Bacana%22+Barranquilla+site%3Afacebook.com 200
2026-06-18 20:40:01,366 [INFO] response: https://www.bing.com/search?q=%22Hostal+La+Quinta+Bacana%22+Barranquilla+site%3Afacebook.com&first=11&FORM=PERE 200
2026-06-18 20:40:02,359 [INFO] response: https://www.bing.com/search?q=%22Hostal+La+Quinta+Bacana%22+Barranquilla+site%3Afacebook.com&first=21&FORM=PERE1 200
2026-06-18 20:40:03,429 [INFO] response: https://www.bing.com/search?q=%22Hostal+La+Quinta+Bacana%22+Barranquilla+site%3Afacebook.com&first=31&FORM=PERE2 200
2026-06-18 20:40:04,460 [INFO] response: https://www.bing.com/search?q=%22Hostal+La+Quinta+Bacana%22+Barranquilla+site%3Afacebook.com&first=41&FORM=PERE3 200
2026-06-18 20:40:07,658 [INFO]   ❌ Sin resultado: Hostal La Quinta Bacana
2026-06-18 20:40:12,224 [INFO] 
[133/210] Bababuy Hostel (Bogota)
2026-06-18 20:40:12,224 [INFO]   🔍 Google: "Bababuy Hostel" Bogota email contacto
2026-06-18 20:40:12,227 [WARNING] Error navegando a Google: Message: invalid session id; For documentation on this error, please visit: https://www.selenium.dev/documentation/webdriver/troubleshooting/errors#invalidsessionidexception
Stacktrace:
0   chromedriver                        0x0000000104e0f1e4 cxxbridge1$str$ptr + 3175992
1   chromedriver                        0x0000000104e072ac cxxbridge1$str$ptr + 3143424
2   chromedriver                        0x00000001048b7178 _RNvCs9NA52FrZ4pF_7___rustc35___rust_no_alloc_shim_is_unstable_v2 + 73572
3   chromedriver                        0x00000001048f46c4 _RNvCs9NA52FrZ4pF_7___rustc35___rust_no_alloc_shim_is_unstable_v2 + 324784
4   chromedriver                        0x000000010491b068 _RNvCs9NA52FrZ4pF_7___rustc35___rust_no_alloc_shim_is_unstable_v2 + 482900
5   chromedriver                        0x000000010491a968 _RNvCs9NA52FrZ4pF_7___rustc35___rust_no_alloc_shim_is_unstable_v2 + 481108
6   chromedriver                        0x0000000104884fd8 chromedriver + 118744
7   chromedriver                        0x0000000104dcd370 cxxbridge1$str$ptr + 2906052
8   chromedriver                        0x0000000104dd0af0 cxxbridge1$str$ptr + 2920260
9   chromedriver                        0x0000000104db42b0 cxxbridge1$str$ptr + 2803460
10  chromedriver                        0x0000000104dd1384 cxxbridge1$str$ptr + 2922456
11  chromedriver                        0x0000000104da57d0 cxxbridge1$str$ptr + 2743332
12  chromedriver                        0x0000000104882d30 chromedriver + 109872
13  dyld                                0x000000018a077e00 start + 6992

2026-06-18 20:40:12,227 [INFO]   🔄 DDG fallback: "Bababuy Hostel" Bogota email contacto
2026-06-18 20:40:12,787 [INFO] response: https://www.bing.com/search?q=%22Bababuy+Hostel%22+Bogota+email+contacto 200
2026-06-18 20:40:15,983 [INFO]   🔍 DDG→Facebook: "Bababuy Hostel" Bogota site:facebook.com
2026-06-18 20:40:16,607 [INFO] response: https://www.bing.com/search?q=%22Bababuy+Hostel%22+Bogota+site%3Afacebook.com 200
2026-06-18 20:40:17,777 [INFO] response: https://www.bing.com/search?q=%22Bababuy+Hostel%22+Bogota+site%3Afacebook.com&first=11&FORM=PERE 200
2026-06-18 20:40:18,780 [INFO] response: https://www.bing.com/search?q=%22Bababuy+Hostel%22+Bogota+site%3Afacebook.com&first=21&FORM=PERE1 200
2026-06-18 20:40:19,812 [INFO] response: https://www.bing.com/search?q=%22Bababuy+Hostel%22+Bogota+site%3Afacebook.com&first=31&FORM=PERE2 200
2026-06-18 20:40:20,830 [INFO] response: https://www.bing.com/search?q=%22Bababuy+Hostel%22+Bogota+site%3Afacebook.com&first=41&FORM=PERE3 200
2026-06-18 20:40:23,459 [INFO]   ❌ Sin resultado: Bababuy Hostel
2026-06-18 20:40:23,462 [INFO]   📊 Progreso 133/210 | Emails: 15 | Sin resultado: 125
2026-06-18 20:40:29,357 [INFO] 
[134/210] Apartahotel Victoria In (Bogota)
2026-06-18 20:40:29,358 [INFO]   🔍 Google: "Apartahotel Victoria In" Bogota email contacto
2026-06-18 20:40:29,361 [WARNING] Error navegando a Google: Message: invalid session id; For documentation on this error, please visit: https://www.selenium.dev/documentation/webdriver/troubleshooting/errors#invalidsessionidexception
Stacktrace:
0   chromedriver                        0x0000000104e0f1e4 cxxbridge1$str$ptr + 3175992
1   chromedriver                        0x0000000104e072ac cxxbridge1$str$ptr + 3143424
2   chromedriver                        0x00000001048b7178 _RNvCs9NA52FrZ4pF_7___rustc35___rust_no_alloc_shim_is_unstable_v2 + 73572
3   chromedriver                        0x00000001048f46c4 _RNvCs9NA52FrZ4pF_7___rustc35___rust_no_alloc_shim_is_unstable_v2 + 324784
4   chromedriver                        0x000000010491b068 _RNvCs9NA52FrZ4pF_7___rustc35___rust_no_alloc_shim_is_unstable_v2 + 482900
5   chromedriver                        0x000000010491a968 _RNvCs9NA52FrZ4pF_7___rustc35___rust_no_alloc_shim_is_unstable_v2 + 481108
6   chromedriver                        0x0000000104884fd8 chromedriver + 118744
7   chromedriver                        0x0000000104dcd370 cxxbridge1$str$ptr + 2906052
8   chromedriver                        0x0000000104dd0af0 cxxbridge1$str$ptr + 2920260
9   chromedriver                        0x0000000104db42b0 cxxbridge1$str$ptr + 2803460
10  chromedriver                        0x0000000104dd1384 cxxbridge1$str$ptr + 2922456
11  chromedriver                        0x0000000104da57d0 cxxbridge1$str$ptr + 2743332
12  chromedriver                        0x0000000104882d30 chromedriver + 109872
13  dyld                                0x000000018a077e00 start + 6992

2026-06-18 20:40:29,361 [INFO]   🔄 DDG fallback: "Apartahotel Victoria In" Bogota email contacto
2026-06-18 20:40:29,797 [INFO] response: https://www.bing.com/search?q=%22Apartahotel+Victoria+In%22+Bogota+email+contacto 200
2026-06-18 20:40:40,407 [INFO]   🔍 DDG→Facebook: "Apartahotel Victoria In" Bogota site:facebook.com
2026-06-18 20:40:41,185 [INFO] response: https://www.bing.com/search?q=%22Apartahotel+Victoria+In%22+Bogota+site%3Afacebook.com 200
2026-06-18 20:40:42,435 [INFO] response: https://www.bing.com/search?q=%22Apartahotel+Victoria+In%22+Bogota+site%3Afacebook.com&first=11&FORM=PERE 200
2026-06-18 20:40:43,453 [INFO] response: https://www.bing.com/search?q=%22Apartahotel+Victoria+In%22+Bogota+site%3Afacebook.com&first=21&FORM=PERE1 200
2026-06-18 20:40:44,487 [INFO] response: https://www.bing.com/search?q=%22Apartahotel+Victoria+In%22+Bogota+site%3Afacebook.com&first=31&FORM=PERE2 200
2026-06-18 20:56:46,197 [INFO] Error to search using bing backend: https://www.bing.com/search TimeoutError: error sending request for url (https://www.bing.com/search?q=%22Apartahotel+Victoria+In%22+Bogota+site%3Afacebook.com&first=41&FORM=PERE3) > operation timed out
2026-06-18 20:56:46,197 [WARNING] DDG error: https://www.bing.com/search TimeoutError: error sending request for url (https://www.bing.com/search?q=%22Apartahotel+Victoria+In%22+Bogota+site%3Afacebook.com&first=41&FORM=PERE3) > operation timed out
2026-06-18 20:56:46,197 [INFO]   ❌ Sin resultado: Apartahotel Victoria In
2026-06-18 20:56:51,938 [INFO] 
[135/210] 61Prado Hotel (Medellin)
2026-06-18 20:56:51,938 [INFO]   🔍 Google: "61Prado Hotel" Medellin email contacto
2026-06-18 20:56:51,942 [WARNING] Error navegando a Google: Message: invalid session id; For documentation on this error, please visit: https://www.selenium.dev/documentation/webdriver/troubleshooting/errors#invalidsessionidexception
Stacktrace:
0   chromedriver                        0x0000000104e0f1e4 cxxbridge1$str$ptr + 3175992
1   chromedriver                        0x0000000104e072ac cxxbridge1$str$ptr + 3143424
2   chromedriver                        0x00000001048b7178 _RNvCs9NA52FrZ4pF_7___rustc35___rust_no_alloc_shim_is_unstable_v2 + 73572
3   chromedriver                        0x00000001048f46c4 _RNvCs9NA52FrZ4pF_7___rustc35___rust_no_alloc_shim_is_unstable_v2 + 324784
4   chromedriver                        0x000000010491b068 _RNvCs9NA52FrZ4pF_7___rustc35___rust_no_alloc_shim_is_unstable_v2 + 482900
5   chromedriver                        0x000000010491a968 _RNvCs9NA52FrZ4pF_7___rustc35___rust_no_alloc_shim_is_unstable_v2 + 481108
6   chromedriver                        0x0000000104884fd8 chromedriver + 118744
7   chromedriver                        0x0000000104dcd370 cxxbridge1$str$ptr + 2906052
8   chromedriver                        0x0000000104dd0af0 cxxbridge1$str$ptr + 2920260
9   chromedriver                        0x0000000104db42b0 cxxbridge1$str$ptr + 2803460
10  chromedriver                        0x0000000104dd1384 cxxbridge1$str$ptr + 2922456
11  chromedriver                        0x0000000104da57d0 cxxbridge1$str$ptr + 2743332
12  chromedriver                        0x0000000104882d30 chromedriver + 109872
13  dyld                                0x000000018a077e00 start + 6992

2026-06-18 20:56:51,942 [INFO]   🔄 DDG fallback: "61Prado Hotel" Medellin email contacto
2026-06-18 20:56:57,651 [INFO] response: https://www.bing.com/search?q=%2261Prado+Hotel%22+Medellin+email+contacto 200
2026-06-18 20:57:26,712 [INFO]   🔍 DDG→Facebook: "61Prado Hotel" Medellin site:facebook.com
2026-06-18 20:57:27,899 [INFO] response: https://www.bing.com/search?q=%2261Prado+Hotel%22+Medellin+site%3Afacebook.com 200
2026-06-18 20:57:29,319 [INFO] response: https://www.bing.com/search?q=%2261Prado+Hotel%22+Medellin+site%3Afacebook.com&first=11&FORM=PERE 200
2026-06-18 20:57:30,327 [INFO] response: https://www.bing.com/search?q=%2261Prado+Hotel%22+Medellin+site%3Afacebook.com&first=21&FORM=PERE1 200
2026-06-18 20:57:56,464 [INFO] response: https://www.bing.com/search?q=%2261Prado+Hotel%22+Medellin+site%3Afacebook.com&first=31&FORM=PERE2 200
2026-06-18 20:57:56,778 [INFO] response: https://www.bing.com/search?q=%2261Prado+Hotel%22+Medellin+site%3Afacebook.com&first=41&FORM=PERE3 200
2026-06-18 20:57:59,605 [INFO]   ❌ Sin resultado: 61Prado Hotel
2026-06-18 20:58:32,425 [INFO] 
[136/210] Hotel 79 Poblado (Medellin)
2026-06-18 20:58:32,426 [INFO]   🔍 Google: "Hotel 79 Poblado" Medellin email contacto
2026-06-18 20:58:32,428 [WARNING] Error navegando a Google: Message: invalid session id; For documentation on this error, please visit: https://www.selenium.dev/documentation/webdriver/troubleshooting/errors#invalidsessionidexception
Stacktrace:
0   chromedriver                        0x0000000104e0f1e4 cxxbridge1$str$ptr + 3175992
1   chromedriver                        0x0000000104e072ac cxxbridge1$str$ptr + 3143424
2   chromedriver                        0x00000001048b7178 _RNvCs9NA52FrZ4pF_7___rustc35___rust_no_alloc_shim_is_unstable_v2 + 73572
3   chromedriver                        0x00000001048f46c4 _RNvCs9NA52FrZ4pF_7___rustc35___rust_no_alloc_shim_is_unstable_v2 + 324784
4   chromedriver                        0x000000010491b068 _RNvCs9NA52FrZ4pF_7___rustc35___rust_no_alloc_shim_is_unstable_v2 + 482900
5   chromedriver                        0x000000010491a968 _RNvCs9NA52FrZ4pF_7___rustc35___rust_no_alloc_shim_is_unstable_v2 + 481108
6   chromedriver                        0x0000000104884fd8 chromedriver + 118744
7   chromedriver                        0x0000000104dcd370 cxxbridge1$str$ptr + 2906052
8   chromedriver                        0x0000000104dd0af0 cxxbridge1$str$ptr + 2920260
9   chromedriver                        0x0000000104db42b0 cxxbridge1$str$ptr + 2803460
10  chromedriver                        0x0000000104dd1384 cxxbridge1$str$ptr + 2922456
11  chromedriver                        0x0000000104da57d0 cxxbridge1$str$ptr + 2743332
12  chromedriver                        0x0000000104882d30 chromedriver + 109872
13  dyld                                0x000000018a077e00 start + 6992

2026-06-18 20:58:32,428 [INFO]   🔄 DDG fallback: "Hotel 79 Poblado" Medellin email contacto
2026-06-18 20:58:38,094 [INFO] response: https://www.bing.com/search?q=%22Hotel+79+Poblado%22+Medellin+email+contacto 200
2026-06-18 20:59:05,423 [INFO]   🔍 DDG→Facebook: "Hotel 79 Poblado" Medellin site:facebook.com
2026-06-18 20:59:06,074 [INFO] response: https://www.bing.com/search?q=%22Hotel+79+Poblado%22+Medellin+site%3Afacebook.com 200
2026-06-18 20:59:07,313 [INFO] response: https://www.bing.com/search?q=%22Hotel+79+Poblado%22+Medellin+site%3Afacebook.com&first=11&FORM=PERE 200
2026-06-18 20:59:08,394 [INFO] response: https://www.bing.com/search?q=%22Hotel+79+Poblado%22+Medellin+site%3Afacebook.com&first=21&FORM=PERE1 200
2026-06-18 20:59:09,557 [INFO] response: https://www.bing.com/search?q=%22Hotel+79+Poblado%22+Medellin+site%3Afacebook.com&first=31&FORM=PERE2 200
2026-06-18 20:59:10,593 [INFO] response: https://www.bing.com/search?q=%22Hotel+79+Poblado%22+Medellin+site%3Afacebook.com&first=41&FORM=PERE3 200
2026-06-18 21:26:24,749 [INFO]   ❌ Sin resultado: Hotel 79 Poblado
2026-06-18 21:26:30,376 [INFO] 
[137/210] Noah boutique hostels Medellin (Medellin)
2026-06-18 21:26:30,377 [INFO]   🔍 Google: "Noah boutique hostels Medellin" Medellin email contacto
2026-06-18 21:26:30,379 [WARNING] Error navegando a Google: Message: invalid session id; For documentation on this error, please visit: https://www.selenium.dev/documentation/webdriver/troubleshooting/errors#invalidsessionidexception
Stacktrace:
0   chromedriver                        0x0000000104e0f1e4 cxxbridge1$str$ptr + 3175992
1   chromedriver                        0x0000000104e072ac cxxbridge1$str$ptr + 3143424
2   chromedriver                        0x00000001048b7178 _RNvCs9NA52FrZ4pF_7___rustc35___rust_no_alloc_shim_is_unstable_v2 + 73572
3   chromedriver                        0x00000001048f46c4 _RNvCs9NA52FrZ4pF_7___rustc35___rust_no_alloc_shim_is_unstable_v2 + 324784
4   chromedriver                        0x000000010491b068 _RNvCs9NA52FrZ4pF_7___rustc35___rust_no_alloc_shim_is_unstable_v2 + 482900
5   chromedriver                        0x000000010491a968 _RNvCs9NA52FrZ4pF_7___rustc35___rust_no_alloc_shim_is_unstable_v2 + 481108
6   chromedriver                        0x0000000104884fd8 chromedriver + 118744
7   chromedriver                        0x0000000104dcd370 cxxbridge1$str$ptr + 2906052
8   chromedriver                        0x0000000104dd0af0 cxxbridge1$str$ptr + 2920260
9   chromedriver                        0x0000000104db42b0 cxxbridge1$str$ptr + 2803460
10  chromedriver                        0x0000000104dd1384 cxxbridge1$str$ptr + 2922456
11  chromedriver                        0x0000000104da57d0 cxxbridge1$str$ptr + 2743332
12  chromedriver                        0x0000000104882d30 chromedriver + 109872
13  dyld                                0x000000018a077e00 start + 6992

2026-06-18 21:26:30,380 [INFO]   🔄 DDG fallback: "Noah boutique hostels Medellin" Medellin email contacto
2026-06-18 21:26:30,721 [INFO] response: https://www.bing.com/search?q=%22Noah+boutique+hostels+Medellin%22+Medellin+email+contacto 200
2026-06-18 21:26:34,635 [INFO]   🌐 Visitando (ddg): https://noah-boutique-hostels.hotelsmedellin.com/es/
2026-06-18 21:26:49,622 [INFO]   🌐 Visitando (ddg): https://medellin-hotels.org/noah-boutique-hostels-medellin/
2026-06-18 21:27:10,300 [INFO]   🌐 Visitando (ddg): https://noahboutiquehostels.medellinehotel.com/es/
2026-06-18 21:27:23,690 [INFO]   🔍 DDG→Facebook: "Noah boutique hostels Medellin" Medellin site:facebook.com
2026-06-18 21:27:24,042 [INFO] response: https://www.bing.com/search?q=%22Noah+boutique+hostels+Medellin%22+Medellin+site%3Afacebook.com 200
2026-06-18 21:27:24,985 [INFO] response: https://www.bing.com/search?q=%22Noah+boutique+hostels+Medellin%22+Medellin+site%3Afacebook.com&first=11&FORM=PERE 200
2026-06-18 21:27:25,971 [INFO] response: https://www.bing.com/search?q=%22Noah+boutique+hostels+Medellin%22+Medellin+site%3Afacebook.com&first=21&FORM=PERE1 200
2026-06-18 21:27:27,013 [INFO] response: https://www.bing.com/search?q=%22Noah+boutique+hostels+Medellin%22+Medellin+site%3Afacebook.com&first=31&FORM=PERE2 200
2026-06-18 21:27:28,034 [INFO] response: https://www.bing.com/search?q=%22Noah+boutique+hostels+Medellin%22+Medellin+site%3Afacebook.com&first=41&FORM=PERE3 200
2026-06-18 21:27:31,827 [INFO]   ❌ Sin resultado: Noah boutique hostels Medellin
2026-06-18 21:27:35,892 [INFO] 
[138/210] hostal lleras calle 8 (Medellin)
2026-06-18 21:27:35,892 [INFO]   🔍 Google: "hostal lleras calle 8" Medellin email contacto
2026-06-18 21:27:35,894 [WARNING] Error navegando a Google: Message: invalid session id; For documentation on this error, please visit: https://www.selenium.dev/documentation/webdriver/troubleshooting/errors#invalidsessionidexception
Stacktrace:
0   chromedriver                        0x0000000104e0f1e4 cxxbridge1$str$ptr + 3175992
1   chromedriver                        0x0000000104e072ac cxxbridge1$str$ptr + 3143424
2   chromedriver                        0x00000001048b7178 _RNvCs9NA52FrZ4pF_7___rustc35___rust_no_alloc_shim_is_unstable_v2 + 73572
3   chromedriver                        0x00000001048f46c4 _RNvCs9NA52FrZ4pF_7___rustc35___rust_no_alloc_shim_is_unstable_v2 + 324784
4   chromedriver                        0x000000010491b068 _RNvCs9NA52FrZ4pF_7___rustc35___rust_no_alloc_shim_is_unstable_v2 + 482900
5   chromedriver                        0x000000010491a968 _RNvCs9NA52FrZ4pF_7___rustc35___rust_no_alloc_shim_is_unstable_v2 + 481108
6   chromedriver                        0x0000000104884fd8 chromedriver + 118744
7   chromedriver                        0x0000000104dcd370 cxxbridge1$str$ptr + 2906052
8   chromedriver                        0x0000000104dd0af0 cxxbridge1$str$ptr + 2920260
9   chromedriver                        0x0000000104db42b0 cxxbridge1$str$ptr + 2803460
10  chromedriver                        0x0000000104dd1384 cxxbridge1$str$ptr + 2922456
11  chromedriver                        0x0000000104da57d0 cxxbridge1$str$ptr + 2743332
12  chromedriver                        0x0000000104882d30 chromedriver + 109872
13  dyld                                0x000000018a077e00 start + 6992

2026-06-18 21:27:35,895 [INFO]   🔄 DDG fallback: "hostal lleras calle 8" Medellin email contacto
2026-06-18 21:27:36,233 [INFO] response: https://www.bing.com/search?q=%22hostal+lleras+calle+8%22+Medellin+email+contacto 200
2026-06-18 21:27:38,898 [INFO]   🔍 DDG→Facebook: "hostal lleras calle 8" Medellin site:facebook.com
2026-06-18 21:27:39,197 [INFO] response: https://www.bing.com/search?q=%22hostal+lleras+calle+8%22+Medellin+site%3Afacebook.com 200
2026-06-18 21:27:40,227 [INFO] response: https://www.bing.com/search?q=%22hostal+lleras+calle+8%22+Medellin+site%3Afacebook.com&first=11&FORM=PERE 200
2026-06-18 21:27:41,215 [INFO] response: https://www.bing.com/search?q=%22hostal+lleras+calle+8%22+Medellin+site%3Afacebook.com&first=21&FORM=PERE1 200
2026-06-18 21:27:42,315 [INFO] response: https://www.bing.com/search?q=%22hostal+lleras+calle+8%22+Medellin+site%3Afacebook.com&first=31&FORM=PERE2 200
2026-06-18 21:27:43,361 [INFO] response: https://www.bing.com/search?q=%22hostal+lleras+calle+8%22+Medellin+site%3Afacebook.com&first=41&FORM=PERE3 200
2026-06-18 21:27:47,381 [INFO]   ❌ Sin resultado: hostal lleras calle 8
2026-06-18 21:27:47,383 [INFO]   📊 Progreso 138/210 | Emails: 15 | Sin resultado: 130
2026-06-18 21:27:53,549 [INFO] 
[139/210] Brána Hotel (Medellin)
2026-06-18 21:27:53,549 [INFO]   🔍 Google: "Brána Hotel" Medellin email contacto
2026-06-18 21:27:53,552 [WARNING] Error navegando a Google: Message: invalid session id; For documentation on this error, please visit: https://www.selenium.dev/documentation/webdriver/troubleshooting/errors#invalidsessionidexception
Stacktrace:
0   chromedriver                        0x0000000104e0f1e4 cxxbridge1$str$ptr + 3175992
1   chromedriver                        0x0000000104e072ac cxxbridge1$str$ptr + 3143424
2   chromedriver                        0x00000001048b7178 _RNvCs9NA52FrZ4pF_7___rustc35___rust_no_alloc_shim_is_unstable_v2 + 73572
3   chromedriver                        0x00000001048f46c4 _RNvCs9NA52FrZ4pF_7___rustc35___rust_no_alloc_shim_is_unstable_v2 + 324784
4   chromedriver                        0x000000010491b068 _RNvCs9NA52FrZ4pF_7___rustc35___rust_no_alloc_shim_is_unstable_v2 + 482900
5   chromedriver                        0x000000010491a968 _RNvCs9NA52FrZ4pF_7___rustc35___rust_no_alloc_shim_is_unstable_v2 + 481108
6   chromedriver                        0x0000000104884fd8 chromedriver + 118744
7   chromedriver                        0x0000000104dcd370 cxxbridge1$str$ptr + 2906052
8   chromedriver                        0x0000000104dd0af0 cxxbridge1$str$ptr + 2920260
9   chromedriver                        0x0000000104db42b0 cxxbridge1$str$ptr + 2803460
10  chromedriver                        0x0000000104dd1384 cxxbridge1$str$ptr + 2922456
11  chromedriver                        0x0000000104da57d0 cxxbridge1$str$ptr + 2743332
12  chromedriver                        0x0000000104882d30 chromedriver + 109872
13  dyld                                0x000000018a077e00 start + 6992

2026-06-18 21:27:53,552 [INFO]   🔄 DDG fallback: "Brána Hotel" Medellin email contacto
2026-06-18 21:27:53,967 [INFO] response: https://www.bing.com/search?q=%22Br%C3%A1na+Hotel%22+Medellin+email+contacto 200
2026-06-18 21:27:56,244 [INFO]   🔍 DDG→Facebook: "Brána Hotel" Medellin site:facebook.com
2026-06-18 21:27:56,563 [INFO] response: https://www.bing.com/search?q=%22Br%C3%A1na+Hotel%22+Medellin+site%3Afacebook.com 200
2026-06-18 21:27:57,546 [INFO] response: https://www.bing.com/search?q=%22Br%C3%A1na+Hotel%22+Medellin+site%3Afacebook.com&first=11&FORM=PERE 200
2026-06-18 21:27:58,559 [INFO] response: https://www.bing.com/search?q=%22Br%C3%A1na+Hotel%22+Medellin+site%3Afacebook.com&first=21&FORM=PERE1 200
2026-06-18 21:27:59,556 [INFO] response: https://www.bing.com/search?q=%22Br%C3%A1na+Hotel%22+Medellin+site%3Afacebook.com&first=31&FORM=PERE2 200
2026-06-18 21:28:00,515 [INFO] response: https://www.bing.com/search?q=%22Br%C3%A1na+Hotel%22+Medellin+site%3Afacebook.com&first=41&FORM=PERE3 200
2026-06-18 21:28:04,276 [INFO]   ❌ Sin resultado: Brána Hotel
2026-06-18 21:28:12,087 [INFO] 
[140/210] Hotel San Jose (Medellin)
2026-06-18 21:28:12,087 [INFO]   🔍 Google: "Hotel San Jose" Medellin email contacto
2026-06-18 21:28:12,090 [WARNING] Error navegando a Google: Message: invalid session id; For documentation on this error, please visit: https://www.selenium.dev/documentation/webdriver/troubleshooting/errors#invalidsessionidexception
Stacktrace:
0   chromedriver                        0x0000000104e0f1e4 cxxbridge1$str$ptr + 3175992
1   chromedriver                        0x0000000104e072ac cxxbridge1$str$ptr + 3143424
2   chromedriver                        0x00000001048b7178 _RNvCs9NA52FrZ4pF_7___rustc35___rust_no_alloc_shim_is_unstable_v2 + 73572
3   chromedriver                        0x00000001048f46c4 _RNvCs9NA52FrZ4pF_7___rustc35___rust_no_alloc_shim_is_unstable_v2 + 324784
4   chromedriver                        0x000000010491b068 _RNvCs9NA52FrZ4pF_7___rustc35___rust_no_alloc_shim_is_unstable_v2 + 482900
5   chromedriver                        0x000000010491a968 _RNvCs9NA52FrZ4pF_7___rustc35___rust_no_alloc_shim_is_unstable_v2 + 481108
6   chromedriver                        0x0000000104884fd8 chromedriver + 118744
7   chromedriver                        0x0000000104dcd370 cxxbridge1$str$ptr + 2906052
8   chromedriver                        0x0000000104dd0af0 cxxbridge1$str$ptr + 2920260
9   chromedriver                        0x0000000104db42b0 cxxbridge1$str$ptr + 2803460
10  chromedriver                        0x0000000104dd1384 cxxbridge1$str$ptr + 2922456
11  chromedriver                        0x0000000104da57d0 cxxbridge1$str$ptr + 2743332
12  chromedriver                        0x0000000104882d30 chromedriver + 109872
13  dyld                                0x000000018a077e00 start + 6992

2026-06-18 21:28:12,090 [INFO]   🔄 DDG fallback: "Hotel San Jose" Medellin email contacto
2026-06-18 21:28:12,399 [INFO] response: https://www.bing.com/search?q=%22Hotel+San+Jose%22+Medellin+email+contacto 200
2026-06-18 21:28:15,482 [INFO]   🔍 DDG→Facebook: "Hotel San Jose" Medellin site:facebook.com
2026-06-18 21:28:15,867 [INFO] response: https://www.bing.com/search?q=%22Hotel+San+Jose%22+Medellin+site%3Afacebook.com 200
2026-06-18 21:28:16,894 [INFO] response: https://www.bing.com/search?q=%22Hotel+San+Jose%22+Medellin+site%3Afacebook.com&first=11&FORM=PERE 200
2026-06-18 21:28:18,139 [INFO] response: https://www.bing.com/search?q=%22Hotel+San+Jose%22+Medellin+site%3Afacebook.com&first=21&FORM=PERE1 200
2026-06-18 21:28:19,110 [INFO] response: https://www.bing.com/search?q=%22Hotel+San+Jose%22+Medellin+site%3Afacebook.com&first=31&FORM=PERE2 200
2026-06-18 21:28:20,110 [INFO] response: https://www.bing.com/search?q=%22Hotel+San+Jose%22+Medellin+site%3Afacebook.com&first=41&FORM=PERE3 200
2026-06-18 21:28:22,700 [INFO]   ❌ Sin resultado: Hotel San Jose
2026-06-18 21:28:27,848 [INFO] 
[141/210] Hotel Stanza Medellin (Medellin)
2026-06-18 21:28:27,848 [INFO]   🔍 Google: "Hotel Stanza Medellin" Medellin email contacto
2026-06-18 21:28:27,850 [WARNING] Error navegando a Google: Message: invalid session id; For documentation on this error, please visit: https://www.selenium.dev/documentation/webdriver/troubleshooting/errors#invalidsessionidexception
Stacktrace:
0   chromedriver                        0x0000000104e0f1e4 cxxbridge1$str$ptr + 3175992
1   chromedriver                        0x0000000104e072ac cxxbridge1$str$ptr + 3143424
2   chromedriver                        0x00000001048b7178 _RNvCs9NA52FrZ4pF_7___rustc35___rust_no_alloc_shim_is_unstable_v2 + 73572
3   chromedriver                        0x00000001048f46c4 _RNvCs9NA52FrZ4pF_7___rustc35___rust_no_alloc_shim_is_unstable_v2 + 324784
4   chromedriver                        0x000000010491b068 _RNvCs9NA52FrZ4pF_7___rustc35___rust_no_alloc_shim_is_unstable_v2 + 482900
5   chromedriver                        0x000000010491a968 _RNvCs9NA52FrZ4pF_7___rustc35___rust_no_alloc_shim_is_unstable_v2 + 481108
6   chromedriver                        0x0000000104884fd8 chromedriver + 118744
7   chromedriver                        0x0000000104dcd370 cxxbridge1$str$ptr + 2906052
8   chromedriver                        0x0000000104dd0af0 cxxbridge1$str$ptr + 2920260
9   chromedriver                        0x0000000104db42b0 cxxbridge1$str$ptr + 2803460
10  chromedriver                        0x0000000104dd1384 cxxbridge1$str$ptr + 2922456
11  chromedriver                        0x0000000104da57d0 cxxbridge1$str$ptr + 2743332
12  chromedriver                        0x0000000104882d30 chromedriver + 109872
13  dyld                                0x000000018a077e00 start + 6992

2026-06-18 21:28:27,850 [INFO]   🔄 DDG fallback: "Hotel Stanza Medellin" Medellin email contacto
2026-06-18 21:28:28,217 [INFO] response: https://www.bing.com/search?q=%22Hotel+Stanza+Medellin%22+Medellin+email+contacto 200
2026-06-18 21:28:31,131 [INFO]   🌐 Visitando (ddg): https://www.elsanjuanhotel.com/
2026-06-18 21:45:32,537 [INFO]   🔍 DDG→Facebook: "Hotel Stanza Medellin" Medellin site:facebook.com
2026-06-18 21:45:33,155 [INFO] response: https://www.bing.com/search?q=%22Hotel+Stanza+Medellin%22+Medellin+site%3Afacebook.com 200
2026-06-18 21:45:34,256 [INFO] response: https://www.bing.com/search?q=%22Hotel+Stanza+Medellin%22+Medellin+site%3Afacebook.com&first=11&FORM=PERE 200
2026-06-18 21:45:35,352 [INFO] response: https://www.bing.com/search?q=%22Hotel+Stanza+Medellin%22+Medellin+site%3Afacebook.com&first=21&FORM=PERE1 200
2026-06-18 21:45:36,365 [INFO] response: https://www.bing.com/search?q=%22Hotel+Stanza+Medellin%22+Medellin+site%3Afacebook.com&first=31&FORM=PERE2 200
2026-06-18 21:45:37,338 [INFO] response: https://www.bing.com/search?q=%22Hotel+Stanza+Medellin%22+Medellin+site%3Afacebook.com&first=41&FORM=PERE3 200
2026-06-18 21:46:05,853 [INFO]   ❌ Sin resultado: Hotel Stanza Medellin
2026-06-18 21:46:10,141 [INFO] 
[142/210] HOTEL Country (Medellin)
2026-06-18 21:46:10,142 [INFO]   🔍 Google: "HOTEL Country" Medellin email contacto
2026-06-18 21:46:10,144 [WARNING] Error navegando a Google: Message: invalid session id; For documentation on this error, please visit: https://www.selenium.dev/documentation/webdriver/troubleshooting/errors#invalidsessionidexception
Stacktrace:
0   chromedriver                        0x0000000104e0f1e4 cxxbridge1$str$ptr + 3175992
1   chromedriver                        0x0000000104e072ac cxxbridge1$str$ptr + 3143424
2   chromedriver                        0x00000001048b7178 _RNvCs9NA52FrZ4pF_7___rustc35___rust_no_alloc_shim_is_unstable_v2 + 73572
3   chromedriver                        0x00000001048f46c4 _RNvCs9NA52FrZ4pF_7___rustc35___rust_no_alloc_shim_is_unstable_v2 + 324784
4   chromedriver                        0x000000010491b068 _RNvCs9NA52FrZ4pF_7___rustc35___rust_no_alloc_shim_is_unstable_v2 + 482900
5   chromedriver                        0x000000010491a968 _RNvCs9NA52FrZ4pF_7___rustc35___rust_no_alloc_shim_is_unstable_v2 + 481108
6   chromedriver                        0x0000000104884fd8 chromedriver + 118744
7   chromedriver                        0x0000000104dcd370 cxxbridge1$str$ptr + 2906052
8   chromedriver                        0x0000000104dd0af0 cxxbridge1$str$ptr + 2920260
9   chromedriver                        0x0000000104db42b0 cxxbridge1$str$ptr + 2803460
10  chromedriver                        0x0000000104dd1384 cxxbridge1$str$ptr + 2922456
11  chromedriver                        0x0000000104da57d0 cxxbridge1$str$ptr + 2743332
12  chromedriver                        0x0000000104882d30 chromedriver + 109872
13  dyld                                0x000000018a077e00 start + 6992

2026-06-18 21:46:10,144 [INFO]   🔄 DDG fallback: "HOTEL Country" Medellin email contacto
2026-06-18 21:46:10,514 [INFO] response: https://www.bing.com/search?q=%22HOTEL+Country%22+Medellin+email+contacto 200
2026-06-18 21:46:39,229 [INFO]   🔍 DDG→Facebook: "HOTEL Country" Medellin site:facebook.com
2026-06-18 21:47:09,440 [INFO] response: https://www.bing.com/search?q=%22HOTEL+Country%22+Medellin+site%3Afacebook.com 200
2026-06-18 21:47:09,841 [INFO] response: https://www.bing.com/search?q=%22HOTEL+Country%22+Medellin+site%3Afacebook.com&first=11&FORM=PERE 200
2026-06-18 21:47:10,828 [INFO] response: https://www.bing.com/search?q=%22HOTEL+Country%22+Medellin+site%3Afacebook.com&first=21&FORM=PERE1 200
2026-06-18 21:47:11,763 [INFO] response: https://www.bing.com/search?q=%22HOTEL+Country%22+Medellin+site%3Afacebook.com&first=31&FORM=PERE2 200
2026-06-18 21:47:12,855 [INFO] response: https://www.bing.com/search?q=%22HOTEL+Country%22+Medellin+site%3Afacebook.com&first=41&FORM=PERE3 200
2026-06-18 21:47:15,174 [INFO]   ❌ Sin resultado: HOTEL Country
2026-06-18 22:20:06,837 [INFO] 
[143/210] Tour Vacation Hoteles Azul S A S Bic (Bogota D C)
2026-06-18 22:20:06,838 [INFO]   🔍 Google: "Tour Vacation Hoteles Azul" Bogota D C email contacto
2026-06-18 22:20:06,840 [WARNING] Error navegando a Google: Message: invalid session id; For documentation on this error, please visit: https://www.selenium.dev/documentation/webdriver/troubleshooting/errors#invalidsessionidexception
Stacktrace:
0   chromedriver                        0x0000000104e0f1e4 cxxbridge1$str$ptr + 3175992
1   chromedriver                        0x0000000104e072ac cxxbridge1$str$ptr + 3143424
2   chromedriver                        0x00000001048b7178 _RNvCs9NA52FrZ4pF_7___rustc35___rust_no_alloc_shim_is_unstable_v2 + 73572
3   chromedriver                        0x00000001048f46c4 _RNvCs9NA52FrZ4pF_7___rustc35___rust_no_alloc_shim_is_unstable_v2 + 324784
4   chromedriver                        0x000000010491b068 _RNvCs9NA52FrZ4pF_7___rustc35___rust_no_alloc_shim_is_unstable_v2 + 482900
5   chromedriver                        0x000000010491a968 _RNvCs9NA52FrZ4pF_7___rustc35___rust_no_alloc_shim_is_unstable_v2 + 481108
6   chromedriver                        0x0000000104884fd8 chromedriver + 118744
7   chromedriver                        0x0000000104dcd370 cxxbridge1$str$ptr + 2906052
8   chromedriver                        0x0000000104dd0af0 cxxbridge1$str$ptr + 2920260
9   chromedriver                        0x0000000104db42b0 cxxbridge1$str$ptr + 2803460
10  chromedriver                        0x0000000104dd1384 cxxbridge1$str$ptr + 2922456
11  chromedriver                        0x0000000104da57d0 cxxbridge1$str$ptr + 2743332
12  chromedriver                        0x0000000104882d30 chromedriver + 109872
13  dyld                                0x000000018a077e00 start + 6992

2026-06-18 22:20:06,841 [INFO]   🔄 DDG fallback: "Tour Vacation Hoteles Azul" Bogota D C email contacto
2026-06-18 22:20:12,312 [INFO] response: https://www.bing.com/search?q=%22Tour+Vacation+Hoteles+Azul%22+Bogota+D+C+email+contacto 200
2026-06-18 22:20:16,104 [INFO]   🌐 Visitando (ddg): https://www.letour.fr/es/
2026-06-18 22:20:26,549 [INFO]   🌐 Visitando (ddg): https://www.letour.fr/en/
2026-06-18 22:20:37,075 [INFO]   🌐 Visitando (ddg): https://www.deportesrcn.com/ciclismo/tour-de-suiza-2026-los-tres-colom
2026-06-18 22:20:45,544 [INFO]   🔍 DDG→Facebook: "Tour Vacation Hoteles Azul" Bogota D C site:facebook.com
2026-06-18 22:20:45,850 [INFO] response: https://www.bing.com/search?q=%22Tour+Vacation+Hoteles+Azul%22+Bogota+D+C+site%3Afacebook.com 200
2026-06-18 22:20:46,803 [INFO] response: https://www.bing.com/search?q=%22Tour+Vacation+Hoteles+Azul%22+Bogota+D+C+site%3Afacebook.com&first=11&FORM=PERE 200
2026-06-18 22:20:47,778 [INFO] response: https://www.bing.com/search?q=%22Tour+Vacation+Hoteles+Azul%22+Bogota+D+C+site%3Afacebook.com&first=21&FORM=PERE1 200
2026-06-18 22:20:48,796 [INFO] response: https://www.bing.com/search?q=%22Tour+Vacation+Hoteles+Azul%22+Bogota+D+C+site%3Afacebook.com&first=31&FORM=PERE2 200
2026-06-18 22:20:49,802 [INFO] response: https://www.bing.com/search?q=%22Tour+Vacation+Hoteles+Azul%22+Bogota+D+C+site%3Afacebook.com&first=41&FORM=PERE3 200
2026-06-18 22:20:52,864 [INFO]   ❌ Sin resultado: Tour Vacation Hoteles Azul S A S Bic
2026-06-18 22:20:52,867 [INFO]   📊 Progreso 143/210 | Emails: 15 | Sin resultado: 135
2026-06-18 22:20:59,005 [INFO] 
[144/210] Hoteles Royal S A (Bogota)
2026-06-18 22:20:59,005 [INFO]   🔍 Google: "Hoteles Royal" Bogota email contacto
2026-06-18 22:20:59,008 [WARNING] Error navegando a Google: Message: invalid session id; For documentation on this error, please visit: https://www.selenium.dev/documentation/webdriver/troubleshooting/errors#invalidsessionidexception
Stacktrace:
0   chromedriver                        0x0000000104e0f1e4 cxxbridge1$str$ptr + 3175992
1   chromedriver                        0x0000000104e072ac cxxbridge1$str$ptr + 3143424
2   chromedriver                        0x00000001048b7178 _RNvCs9NA52FrZ4pF_7___rustc35___rust_no_alloc_shim_is_unstable_v2 + 73572
3   chromedriver                        0x00000001048f46c4 _RNvCs9NA52FrZ4pF_7___rustc35___rust_no_alloc_shim_is_unstable_v2 + 324784
4   chromedriver                        0x000000010491b068 _RNvCs9NA52FrZ4pF_7___rustc35___rust_no_alloc_shim_is_unstable_v2 + 482900
5   chromedriver                        0x000000010491a968 _RNvCs9NA52FrZ4pF_7___rustc35___rust_no_alloc_shim_is_unstable_v2 + 481108
6   chromedriver                        0x0000000104884fd8 chromedriver + 118744
7   chromedriver                        0x0000000104dcd370 cxxbridge1$str$ptr + 2906052
8   chromedriver                        0x0000000104dd0af0 cxxbridge1$str$ptr + 2920260
9   chromedriver                        0x0000000104db42b0 cxxbridge1$str$ptr + 2803460
10  chromedriver                        0x0000000104dd1384 cxxbridge1$str$ptr + 2922456
11  chromedriver                        0x0000000104da57d0 cxxbridge1$str$ptr + 2743332
12  chromedriver                        0x0000000104882d30 chromedriver + 109872
13  dyld                                0x000000018a077e00 start + 6992

2026-06-18 22:20:59,008 [INFO]   🔄 DDG fallback: "Hoteles Royal" Bogota email contacto
2026-06-18 22:20:59,339 [INFO] response: https://www.bing.com/search?q=%22Hoteles+Royal%22+Bogota+email+contacto 200
2026-06-18 22:21:02,451 [INFO]   🔍 DDG→Facebook: "Hoteles Royal" Bogota site:facebook.com
2026-06-18 22:21:02,805 [INFO] response: https://www.bing.com/search?q=%22Hoteles+Royal%22+Bogota+site%3Afacebook.com 200
2026-06-18 22:21:03,769 [INFO] response: https://www.bing.com/search?q=%22Hoteles+Royal%22+Bogota+site%3Afacebook.com&first=11&FORM=PERE 200
2026-06-18 22:21:04,729 [INFO] response: https://www.bing.com/search?q=%22Hoteles+Royal%22+Bogota+site%3Afacebook.com&first=21&FORM=PERE1 200
2026-06-18 22:21:05,706 [INFO] response: https://www.bing.com/search?q=%22Hoteles+Royal%22+Bogota+site%3Afacebook.com&first=31&FORM=PERE2 200
2026-06-18 22:21:06,691 [INFO] response: https://www.bing.com/search?q=%22Hoteles+Royal%22+Bogota+site%3Afacebook.com&first=41&FORM=PERE3 200
2026-06-18 22:21:09,628 [INFO]   ❌ Sin resultado: Hoteles Royal S A
2026-06-18 22:21:15,856 [INFO] 
[145/210] C B Hoteles Y Resorts S A (Santa Marta)
2026-06-18 22:21:15,856 [INFO]   🔍 Google: "C B Hoteles Y Resorts" Santa Marta email contacto
2026-06-18 22:21:15,859 [WARNING] Error navegando a Google: Message: invalid session id; For documentation on this error, please visit: https://www.selenium.dev/documentation/webdriver/troubleshooting/errors#invalidsessionidexception
Stacktrace:
0   chromedriver                        0x0000000104e0f1e4 cxxbridge1$str$ptr + 3175992
1   chromedriver                        0x0000000104e072ac cxxbridge1$str$ptr + 3143424
2   chromedriver                        0x00000001048b7178 _RNvCs9NA52FrZ4pF_7___rustc35___rust_no_alloc_shim_is_unstable_v2 + 73572
3   chromedriver                        0x00000001048f46c4 _RNvCs9NA52FrZ4pF_7___rustc35___rust_no_alloc_shim_is_unstable_v2 + 324784
4   chromedriver                        0x000000010491b068 _RNvCs9NA52FrZ4pF_7___rustc35___rust_no_alloc_shim_is_unstable_v2 + 482900
5   chromedriver                        0x000000010491a968 _RNvCs9NA52FrZ4pF_7___rustc35___rust_no_alloc_shim_is_unstable_v2 + 481108
6   chromedriver                        0x0000000104884fd8 chromedriver + 118744
7   chromedriver                        0x0000000104dcd370 cxxbridge1$str$ptr + 2906052
8   chromedriver                        0x0000000104dd0af0 cxxbridge1$str$ptr + 2920260
9   chromedriver                        0x0000000104db42b0 cxxbridge1$str$ptr + 2803460
10  chromedriver                        0x0000000104dd1384 cxxbridge1$str$ptr + 2922456
11  chromedriver                        0x0000000104da57d0 cxxbridge1$str$ptr + 2743332
12  chromedriver                        0x0000000104882d30 chromedriver + 109872
13  dyld                                0x000000018a077e00 start + 6992

2026-06-18 22:21:15,859 [INFO]   🔄 DDG fallback: "C B Hoteles Y Resorts" Santa Marta email contacto
2026-06-18 22:21:16,120 [INFO] response: https://www.bing.com/search?q=%22C+B+Hoteles+Y+Resorts%22+Santa+Marta+email+contacto 200
2026-06-18 22:21:18,253 [INFO]   🔍 DDG→Facebook: "C B Hoteles Y Resorts" Santa Marta site:facebook.com
2026-06-18 22:21:18,538 [INFO] response: https://www.bing.com/search?q=%22C+B+Hoteles+Y+Resorts%22+Santa+Marta+site%3Afacebook.com 200
2026-06-18 22:21:19,495 [INFO] response: https://www.bing.com/search?q=%22C+B+Hoteles+Y+Resorts%22+Santa+Marta+site%3Afacebook.com&first=11&FORM=PERE 200
2026-06-18 22:21:20,764 [INFO] response: https://www.bing.com/search?q=%22C+B+Hoteles+Y+Resorts%22+Santa+Marta+site%3Afacebook.com&first=21&FORM=PERE1 200
2026-06-18 22:21:21,767 [INFO] response: https://www.bing.com/search?q=%22C+B+Hoteles+Y+Resorts%22+Santa+Marta+site%3Afacebook.com&first=31&FORM=PERE2 200
2026-06-18 22:21:22,766 [INFO] response: https://www.bing.com/search?q=%22C+B+Hoteles+Y+Resorts%22+Santa+Marta+site%3Afacebook.com&first=41&FORM=PERE3 200
2026-06-18 22:21:26,080 [INFO]   ❌ Sin resultado: C B Hoteles Y Resorts S A
2026-06-18 22:21:33,449 [INFO] 
[146/210] Gestora Hotelera Bahia La Rada S A S (Monteria)
2026-06-18 22:21:33,449 [INFO]   🔍 Google: "Gestora Hotelera Bahia La Rada" Monteria email contacto
2026-06-18 22:21:33,451 [WARNING] Error navegando a Google: Message: invalid session id; For documentation on this error, please visit: https://www.selenium.dev/documentation/webdriver/troubleshooting/errors#invalidsessionidexception
Stacktrace:
0   chromedriver                        0x0000000104e0f1e4 cxxbridge1$str$ptr + 3175992
1   chromedriver                        0x0000000104e072ac cxxbridge1$str$ptr + 3143424
2   chromedriver                        0x00000001048b7178 _RNvCs9NA52FrZ4pF_7___rustc35___rust_no_alloc_shim_is_unstable_v2 + 73572
3   chromedriver                        0x00000001048f46c4 _RNvCs9NA52FrZ4pF_7___rustc35___rust_no_alloc_shim_is_unstable_v2 + 324784
4   chromedriver                        0x000000010491b068 _RNvCs9NA52FrZ4pF_7___rustc35___rust_no_alloc_shim_is_unstable_v2 + 482900
5   chromedriver                        0x000000010491a968 _RNvCs9NA52FrZ4pF_7___rustc35___rust_no_alloc_shim_is_unstable_v2 + 481108
6   chromedriver                        0x0000000104884fd8 chromedriver + 118744
7   chromedriver                        0x0000000104dcd370 cxxbridge1$str$ptr + 2906052
8   chromedriver                        0x0000000104dd0af0 cxxbridge1$str$ptr + 2920260
9   chromedriver                        0x0000000104db42b0 cxxbridge1$str$ptr + 2803460
10  chromedriver                        0x0000000104dd1384 cxxbridge1$str$ptr + 2922456
11  chromedriver                        0x0000000104da57d0 cxxbridge1$str$ptr + 2743332
12  chromedriver                        0x0000000104882d30 chromedriver + 109872
13  dyld                                0x000000018a077e00 start + 6992

2026-06-18 22:21:33,452 [INFO]   🔄 DDG fallback: "Gestora Hotelera Bahia La Rada" Monteria email contacto
2026-06-18 22:21:33,943 [INFO] response: https://www.bing.com/search?q=%22Gestora+Hotelera+Bahia+La+Rada%22+Monteria+email+contacto 200
2026-06-18 22:21:36,589 [INFO]   🔍 DDG→Facebook: "Gestora Hotelera Bahia La Rada" Monteria site:facebook.com
2026-06-18 22:21:41,911 [INFO] response: https://www.bing.com/search?q=%22Gestora+Hotelera+Bahia+La+Rada%22+Monteria+site%3Afacebook.com 200
2026-06-18 22:21:42,891 [INFO] response: https://www.bing.com/search?q=%22Gestora+Hotelera+Bahia+La+Rada%22+Monteria+site%3Afacebook.com&first=11&FORM=PERE 200
2026-06-18 22:21:43,848 [INFO] response: https://www.bing.com/search?q=%22Gestora+Hotelera+Bahia+La+Rada%22+Monteria+site%3Afacebook.com&first=21&FORM=PERE1 200
2026-06-18 22:21:44,820 [INFO] response: https://www.bing.com/search?q=%22Gestora+Hotelera+Bahia+La+Rada%22+Monteria+site%3Afacebook.com&first=31&FORM=PERE2 200
2026-06-18 22:21:45,820 [INFO] response: https://www.bing.com/search?q=%22Gestora+Hotelera+Bahia+La+Rada%22+Monteria+site%3Afacebook.com&first=41&FORM=PERE3 200
2026-06-18 22:21:49,366 [INFO]   ❌ Sin resultado: Gestora Hotelera Bahia La Rada S A S
2026-06-18 22:21:55,893 [INFO] 
[147/210] Hoteles Cacique Internacional S A S (Bucaramanga)
2026-06-18 22:21:55,893 [INFO]   🔍 Google: "Hoteles Cacique Internacional" Bucaramanga email contacto
2026-06-18 22:21:55,895 [WARNING] Error navegando a Google: Message: invalid session id; For documentation on this error, please visit: https://www.selenium.dev/documentation/webdriver/troubleshooting/errors#invalidsessionidexception
Stacktrace:
0   chromedriver                        0x0000000104e0f1e4 cxxbridge1$str$ptr + 3175992
1   chromedriver                        0x0000000104e072ac cxxbridge1$str$ptr + 3143424
2   chromedriver                        0x00000001048b7178 _RNvCs9NA52FrZ4pF_7___rustc35___rust_no_alloc_shim_is_unstable_v2 + 73572
3   chromedriver                        0x00000001048f46c4 _RNvCs9NA52FrZ4pF_7___rustc35___rust_no_alloc_shim_is_unstable_v2 + 324784
4   chromedriver                        0x000000010491b068 _RNvCs9NA52FrZ4pF_7___rustc35___rust_no_alloc_shim_is_unstable_v2 + 482900
5   chromedriver                        0x000000010491a968 _RNvCs9NA52FrZ4pF_7___rustc35___rust_no_alloc_shim_is_unstable_v2 + 481108
6   chromedriver                        0x0000000104884fd8 chromedriver + 118744
7   chromedriver                        0x0000000104dcd370 cxxbridge1$str$ptr + 2906052
8   chromedriver                        0x0000000104dd0af0 cxxbridge1$str$ptr + 2920260
9   chromedriver                        0x0000000104db42b0 cxxbridge1$str$ptr + 2803460
10  chromedriver                        0x0000000104dd1384 cxxbridge1$str$ptr + 2922456
11  chromedriver                        0x0000000104da57d0 cxxbridge1$str$ptr + 2743332
12  chromedriver                        0x0000000104882d30 chromedriver + 109872
13  dyld                                0x000000018a077e00 start + 6992

2026-06-18 22:21:55,895 [INFO]   🔄 DDG fallback: "Hoteles Cacique Internacional" Bucaramanga email contacto
2026-06-18 22:21:56,184 [INFO] response: https://www.bing.com/search?q=%22Hoteles+Cacique+Internacional%22+Bucaramanga+email+contacto 200
2026-06-18 22:21:59,794 [INFO]   🌐 Visitando (ddg): https://www.trivago.es/?msockid=3cb51c8dcf0f666e1d7f0bf0ce906702
2026-06-18 22:22:01,562 [INFO]   ✅ Email en sitio: info@trivago.es
2026-06-18 22:22:07,637 [INFO] 
[148/210] Hotel Casablanca San Andres S A S (San Andres)
2026-06-18 22:22:07,638 [INFO]   🔍 Google: "Hotel Casablanca San Andres" San Andres email contacto
2026-06-18 22:22:07,640 [WARNING] Error navegando a Google: Message: invalid session id; For documentation on this error, please visit: https://www.selenium.dev/documentation/webdriver/troubleshooting/errors#invalidsessionidexception
Stacktrace:
0   chromedriver                        0x0000000104e0f1e4 cxxbridge1$str$ptr + 3175992
1   chromedriver                        0x0000000104e072ac cxxbridge1$str$ptr + 3143424
2   chromedriver                        0x00000001048b7178 _RNvCs9NA52FrZ4pF_7___rustc35___rust_no_alloc_shim_is_unstable_v2 + 73572
3   chromedriver                        0x00000001048f46c4 _RNvCs9NA52FrZ4pF_7___rustc35___rust_no_alloc_shim_is_unstable_v2 + 324784
4   chromedriver                        0x000000010491b068 _RNvCs9NA52FrZ4pF_7___rustc35___rust_no_alloc_shim_is_unstable_v2 + 482900
5   chromedriver                        0x000000010491a968 _RNvCs9NA52FrZ4pF_7___rustc35___rust_no_alloc_shim_is_unstable_v2 + 481108
6   chromedriver                        0x0000000104884fd8 chromedriver + 118744
7   chromedriver                        0x0000000104dcd370 cxxbridge1$str$ptr + 2906052
8   chromedriver                        0x0000000104dd0af0 cxxbridge1$str$ptr + 2920260
9   chromedriver                        0x0000000104db42b0 cxxbridge1$str$ptr + 2803460
10  chromedriver                        0x0000000104dd1384 cxxbridge1$str$ptr + 2922456
11  chromedriver                        0x0000000104da57d0 cxxbridge1$str$ptr + 2743332
12  chromedriver                        0x0000000104882d30 chromedriver + 109872
13  dyld                                0x000000018a077e00 start + 6992

2026-06-18 22:22:07,640 [INFO]   🔄 DDG fallback: "Hotel Casablanca San Andres" San Andres email contacto
2026-06-18 22:22:07,956 [INFO] response: https://www.bing.com/search?q=%22Hotel+Casablanca+San+Andres%22+San+Andres+email+contacto 200
2026-06-18 22:22:11,448 [INFO]   🔍 DDG→Facebook: "Hotel Casablanca San Andres" San Andres site:facebook.com
2026-06-18 22:22:11,839 [INFO] response: https://www.bing.com/search?q=%22Hotel+Casablanca+San+Andres%22+San+Andres+site%3Afacebook.com 200
2026-06-18 22:22:12,804 [INFO] response: https://www.bing.com/search?q=%22Hotel+Casablanca+San+Andres%22+San+Andres+site%3Afacebook.com&first=11&FORM=PERE 200
2026-06-18 22:22:13,774 [INFO] response: https://www.bing.com/search?q=%22Hotel+Casablanca+San+Andres%22+San+Andres+site%3Afacebook.com&first=21&FORM=PERE1 200
2026-06-18 22:22:14,725 [INFO] response: https://www.bing.com/search?q=%22Hotel+Casablanca+San+Andres%22+San+Andres+site%3Afacebook.com&first=31&FORM=PERE2 200
2026-06-18 22:22:15,710 [INFO] response: https://www.bing.com/search?q=%22Hotel+Casablanca+San+Andres%22+San+Andres+site%3Afacebook.com&first=41&FORM=PERE3 200
2026-06-18 22:22:18,997 [INFO]   ❌ Sin resultado: Hotel Casablanca San Andres S A S
2026-06-18 22:22:18,998 [INFO]   📊 Progreso 148/210 | Emails: 16 | Sin resultado: 139
2026-06-18 22:22:25,312 [INFO] 
[149/210] Hoteles Ms S A S (Cali)
2026-06-18 22:22:25,312 [INFO]   🔍 Google: "Hoteles Ms" Cali email contacto
2026-06-18 22:22:25,315 [WARNING] Error navegando a Google: Message: invalid session id; For documentation on this error, please visit: https://www.selenium.dev/documentation/webdriver/troubleshooting/errors#invalidsessionidexception
Stacktrace:
0   chromedriver                        0x0000000104e0f1e4 cxxbridge1$str$ptr + 3175992
1   chromedriver                        0x0000000104e072ac cxxbridge1$str$ptr + 3143424
2   chromedriver                        0x00000001048b7178 _RNvCs9NA52FrZ4pF_7___rustc35___rust_no_alloc_shim_is_unstable_v2 + 73572
3   chromedriver                        0x00000001048f46c4 _RNvCs9NA52FrZ4pF_7___rustc35___rust_no_alloc_shim_is_unstable_v2 + 324784
4   chromedriver                        0x000000010491b068 _RNvCs9NA52FrZ4pF_7___rustc35___rust_no_alloc_shim_is_unstable_v2 + 482900
5   chromedriver                        0x000000010491a968 _RNvCs9NA52FrZ4pF_7___rustc35___rust_no_alloc_shim_is_unstable_v2 + 481108
6   chromedriver                        0x0000000104884fd8 chromedriver + 118744
7   chromedriver                        0x0000000104dcd370 cxxbridge1$str$ptr + 2906052
8   chromedriver                        0x0000000104dd0af0 cxxbridge1$str$ptr + 2920260
9   chromedriver                        0x0000000104db42b0 cxxbridge1$str$ptr + 2803460
10  chromedriver                        0x0000000104dd1384 cxxbridge1$str$ptr + 2922456
11  chromedriver                        0x0000000104da57d0 cxxbridge1$str$ptr + 2743332
12  chromedriver                        0x0000000104882d30 chromedriver + 109872
13  dyld                                0x000000018a077e00 start + 6992

2026-06-18 22:22:25,315 [INFO]   🔄 DDG fallback: "Hoteles Ms" Cali email contacto
2026-06-18 22:22:30,595 [INFO] response: https://www.bing.com/search?q=%22Hoteles+Ms%22+Cali+email+contacto 200
2026-06-18 22:22:33,656 [INFO]   🔍 DDG→Facebook: "Hoteles Ms" Cali site:facebook.com
2026-06-18 22:22:34,019 [INFO] response: https://www.bing.com/search?q=%22Hoteles+Ms%22+Cali+site%3Afacebook.com 200
2026-06-18 22:22:34,992 [INFO] response: https://www.bing.com/search?q=%22Hoteles+Ms%22+Cali+site%3Afacebook.com&first=11&FORM=PERE 200
2026-06-18 22:22:35,973 [INFO] response: https://www.bing.com/search?q=%22Hoteles+Ms%22+Cali+site%3Afacebook.com&first=21&FORM=PERE1 200
2026-06-18 22:22:36,992 [INFO] response: https://www.bing.com/search?q=%22Hoteles+Ms%22+Cali+site%3Afacebook.com&first=31&FORM=PERE2 200
2026-06-18 22:22:37,984 [INFO] response: https://www.bing.com/search?q=%22Hoteles+Ms%22+Cali+site%3Afacebook.com&first=41&FORM=PERE3 200
2026-06-18 22:22:40,556 [INFO]   ❌ Sin resultado: Hoteles Ms S A S
2026-06-18 22:22:45,739 [INFO] 
[150/210] Hotel Calle 90 S A S (Bogota)
2026-06-18 22:22:45,739 [INFO]   🔍 Google: "Hotel Calle 90" Bogota email contacto
2026-06-18 22:22:45,741 [WARNING] Error navegando a Google: Message: invalid session id; For documentation on this error, please visit: https://www.selenium.dev/documentation/webdriver/troubleshooting/errors#invalidsessionidexception
Stacktrace:
0   chromedriver                        0x0000000104e0f1e4 cxxbridge1$str$ptr + 3175992
1   chromedriver                        0x0000000104e072ac cxxbridge1$str$ptr + 3143424
2   chromedriver                        0x00000001048b7178 _RNvCs9NA52FrZ4pF_7___rustc35___rust_no_alloc_shim_is_unstable_v2 + 73572
3   chromedriver                        0x00000001048f46c4 _RNvCs9NA52FrZ4pF_7___rustc35___rust_no_alloc_shim_is_unstable_v2 + 324784
4   chromedriver                        0x000000010491b068 _RNvCs9NA52FrZ4pF_7___rustc35___rust_no_alloc_shim_is_unstable_v2 + 482900
5   chromedriver                        0x000000010491a968 _RNvCs9NA52FrZ4pF_7___rustc35___rust_no_alloc_shim_is_unstable_v2 + 481108
6   chromedriver                        0x0000000104884fd8 chromedriver + 118744
7   chromedriver                        0x0000000104dcd370 cxxbridge1$str$ptr + 2906052
8   chromedriver                        0x0000000104dd0af0 cxxbridge1$str$ptr + 2920260
9   chromedriver                        0x0000000104db42b0 cxxbridge1$str$ptr + 2803460
10  chromedriver                        0x0000000104dd1384 cxxbridge1$str$ptr + 2922456
11  chromedriver                        0x0000000104da57d0 cxxbridge1$str$ptr + 2743332
12  chromedriver                        0x0000000104882d30 chromedriver + 109872
13  dyld                                0x000000018a077e00 start + 6992

2026-06-18 22:22:45,742 [INFO]   🔄 DDG fallback: "Hotel Calle 90" Bogota email contacto
2026-06-18 22:22:51,079 [INFO] response: https://www.bing.com/search?q=%22Hotel+Calle+90%22+Bogota+email+contacto 200
2026-06-18 22:22:54,638 [INFO]   🌐 Visitando (ddg): https://www.elsanjuanhotel.com/
2026-06-18 22:23:21,678 [INFO]   🔍 DDG→Facebook: "Hotel Calle 90" Bogota site:facebook.com
2026-06-18 22:23:27,225 [INFO] response: https://www.bing.com/search?q=%22Hotel+Calle+90%22+Bogota+site%3Afacebook.com 200
2026-06-18 22:23:28,358 [INFO] response: https://www.bing.com/search?q=%22Hotel+Calle+90%22+Bogota+site%3Afacebook.com&first=11&FORM=PERE 200
2026-06-18 22:23:29,346 [INFO] response: https://www.bing.com/search?q=%22Hotel+Calle+90%22+Bogota+site%3Afacebook.com&first=21&FORM=PERE1 200
2026-06-18 22:23:30,440 [INFO] response: https://www.bing.com/search?q=%22Hotel+Calle+90%22+Bogota+site%3Afacebook.com&first=31&FORM=PERE2 200
2026-06-18 22:23:31,461 [INFO] response: https://www.bing.com/search?q=%22Hotel+Calle+90%22+Bogota+site%3Afacebook.com&first=41&FORM=PERE3 200
2026-06-18 22:23:34,724 [INFO]   ❌ Sin resultado: Hotel Calle 90 S A S
2026-06-18 22:23:42,023 [INFO] 
[151/210] Oxohotel Waya Wuajira Sas (Albania)
2026-06-18 22:23:42,023 [INFO]   🔍 Google: "Oxohotel Waya Wuajira" Albania email contacto
2026-06-18 22:23:42,026 [WARNING] Error navegando a Google: Message: invalid session id; For documentation on this error, please visit: https://www.selenium.dev/documentation/webdriver/troubleshooting/errors#invalidsessionidexception
Stacktrace:
0   chromedriver                        0x0000000104e0f1e4 cxxbridge1$str$ptr + 3175992
1   chromedriver                        0x0000000104e072ac cxxbridge1$str$ptr + 3143424
2   chromedriver                        0x00000001048b7178 _RNvCs9NA52FrZ4pF_7___rustc35___rust_no_alloc_shim_is_unstable_v2 + 73572
3   chromedriver                        0x00000001048f46c4 _RNvCs9NA52FrZ4pF_7___rustc35___rust_no_alloc_shim_is_unstable_v2 + 324784
4   chromedriver                        0x000000010491b068 _RNvCs9NA52FrZ4pF_7___rustc35___rust_no_alloc_shim_is_unstable_v2 + 482900
5   chromedriver                        0x000000010491a968 _RNvCs9NA52FrZ4pF_7___rustc35___rust_no_alloc_shim_is_unstable_v2 + 481108
6   chromedriver                        0x0000000104884fd8 chromedriver + 118744
7   chromedriver                        0x0000000104dcd370 cxxbridge1$str$ptr + 2906052
8   chromedriver                        0x0000000104dd0af0 cxxbridge1$str$ptr + 2920260
9   chromedriver                        0x0000000104db42b0 cxxbridge1$str$ptr + 2803460
10  chromedriver                        0x0000000104dd1384 cxxbridge1$str$ptr + 2922456
11  chromedriver                        0x0000000104da57d0 cxxbridge1$str$ptr + 2743332
12  chromedriver                        0x0000000104882d30 chromedriver + 109872
13  dyld                                0x000000018a077e00 start + 6992

2026-06-18 22:23:42,026 [INFO]   🔄 DDG fallback: "Oxohotel Waya Wuajira" Albania email contacto
2026-06-18 22:23:42,512 [INFO] response: https://www.bing.com/search?q=%22Oxohotel+Waya+Wuajira%22+Albania+email+contacto 200
2026-06-18 22:23:43,518 [INFO] response: https://www.bing.com/search?q=%22Oxohotel+Waya+Wuajira%22+Albania+email+contacto&first=11&FORM=PERE 200
2026-06-18 22:23:47,380 [INFO]   🌐 Visitando (ddg): https://mail.aol.com/
2026-06-18 22:24:21,795 [INFO]   🌐 Visitando (ddg): https://mail.aol.com/42953/aim/en-us/mail/get-attachment.aspx?uid=1.25
2026-06-18 22:24:53,869 [INFO]   🌐 Visitando (ddg): https://mail.aol.com/getmydata?result=0
2026-06-18 22:25:30,472 [INFO]   🔍 DDG→Facebook: "Oxohotel Waya Wuajira" Albania site:facebook.com
2026-06-18 22:25:30,863 [INFO] response: https://www.bing.com/search?q=%22Oxohotel+Waya+Wuajira%22+Albania+site%3Afacebook.com 200
2026-06-18 22:25:32,008 [INFO] response: https://www.bing.com/search?q=%22Oxohotel+Waya+Wuajira%22+Albania+site%3Afacebook.com&first=11&FORM=PERE 200
2026-06-18 22:25:33,258 [INFO] response: https://www.bing.com/search?q=%22Oxohotel+Waya+Wuajira%22+Albania+site%3Afacebook.com&first=21&FORM=PERE1 200
2026-06-18 22:25:34,239 [INFO] response: https://www.bing.com/search?q=%22Oxohotel+Waya+Wuajira%22+Albania+site%3Afacebook.com&first=31&FORM=PERE2 200
2026-06-18 22:25:35,491 [INFO] response: https://www.bing.com/search?q=%22Oxohotel+Waya+Wuajira%22+Albania+site%3Afacebook.com&first=41&FORM=PERE3 200
2026-06-18 22:25:39,374 [INFO]   ❌ Sin resultado: Oxohotel Waya Wuajira Sas
2026-06-18 22:25:47,090 [INFO] 
[152/210] Hotel Gran Marina S A S (Santa Marta)
2026-06-18 22:25:47,090 [INFO]   🔍 Google: "Hotel Gran Marina" Santa Marta email contacto
2026-06-18 22:25:47,093 [WARNING] Error navegando a Google: Message: invalid session id; For documentation on this error, please visit: https://www.selenium.dev/documentation/webdriver/troubleshooting/errors#invalidsessionidexception
Stacktrace:
0   chromedriver                        0x0000000104e0f1e4 cxxbridge1$str$ptr + 3175992
1   chromedriver                        0x0000000104e072ac cxxbridge1$str$ptr + 3143424
2   chromedriver                        0x00000001048b7178 _RNvCs9NA52FrZ4pF_7___rustc35___rust_no_alloc_shim_is_unstable_v2 + 73572
3   chromedriver                        0x00000001048f46c4 _RNvCs9NA52FrZ4pF_7___rustc35___rust_no_alloc_shim_is_unstable_v2 + 324784
4   chromedriver                        0x000000010491b068 _RNvCs9NA52FrZ4pF_7___rustc35___rust_no_alloc_shim_is_unstable_v2 + 482900
5   chromedriver                        0x000000010491a968 _RNvCs9NA52FrZ4pF_7___rustc35___rust_no_alloc_shim_is_unstable_v2 + 481108
6   chromedriver                        0x0000000104884fd8 chromedriver + 118744
7   chromedriver                        0x0000000104dcd370 cxxbridge1$str$ptr + 2906052
8   chromedriver                        0x0000000104dd0af0 cxxbridge1$str$ptr + 2920260
9   chromedriver                        0x0000000104db42b0 cxxbridge1$str$ptr + 2803460
10  chromedriver                        0x0000000104dd1384 cxxbridge1$str$ptr + 2922456
11  chromedriver                        0x0000000104da57d0 cxxbridge1$str$ptr + 2743332
12  chromedriver                        0x0000000104882d30 chromedriver + 109872
13  dyld                                0x000000018a077e00 start + 6992

2026-06-18 22:25:47,093 [INFO]   🔄 DDG fallback: "Hotel Gran Marina" Santa Marta email contacto
2026-06-18 22:25:47,520 [INFO] response: https://www.bing.com/search?q=%22Hotel+Gran+Marina%22+Santa+Marta+email+contacto 200
2026-06-18 22:25:50,277 [INFO]   🔍 DDG→Facebook: "Hotel Gran Marina" Santa Marta site:facebook.com
2026-06-18 22:25:50,738 [INFO] response: https://www.bing.com/search?q=%22Hotel+Gran+Marina%22+Santa+Marta+site%3Afacebook.com 200
2026-06-18 22:25:51,932 [INFO] response: https://www.bing.com/search?q=%22Hotel+Gran+Marina%22+Santa+Marta+site%3Afacebook.com&first=11&FORM=PERE 200
2026-06-18 22:25:53,097 [INFO] response: https://www.bing.com/search?q=%22Hotel+Gran+Marina%22+Santa+Marta+site%3Afacebook.com&first=21&FORM=PERE1 200
2026-06-18 22:25:54,109 [INFO] response: https://www.bing.com/search?q=%22Hotel+Gran+Marina%22+Santa+Marta+site%3Afacebook.com&first=31&FORM=PERE2 200
2026-06-18 22:25:55,145 [INFO] response: https://www.bing.com/search?q=%22Hotel+Gran+Marina%22+Santa+Marta+site%3Afacebook.com&first=41&FORM=PERE3 200
2026-06-18 22:25:58,189 [INFO]   ❌ Sin resultado: Hotel Gran Marina S A S
2026-06-18 22:26:05,314 [INFO] 
[153/210] Poblado Hoteles S A (Medellin)
2026-06-18 22:26:05,315 [INFO]   🔍 Google: "Poblado Hoteles" Medellin email contacto
2026-06-18 22:26:05,317 [WARNING] Error navegando a Google: Message: invalid session id; For documentation on this error, please visit: https://www.selenium.dev/documentation/webdriver/troubleshooting/errors#invalidsessionidexception
Stacktrace:
0   chromedriver                        0x0000000104e0f1e4 cxxbridge1$str$ptr + 3175992
1   chromedriver                        0x0000000104e072ac cxxbridge1$str$ptr + 3143424
2   chromedriver                        0x00000001048b7178 _RNvCs9NA52FrZ4pF_7___rustc35___rust_no_alloc_shim_is_unstable_v2 + 73572
3   chromedriver                        0x00000001048f46c4 _RNvCs9NA52FrZ4pF_7___rustc35___rust_no_alloc_shim_is_unstable_v2 + 324784
4   chromedriver                        0x000000010491b068 _RNvCs9NA52FrZ4pF_7___rustc35___rust_no_alloc_shim_is_unstable_v2 + 482900
5   chromedriver                        0x000000010491a968 _RNvCs9NA52FrZ4pF_7___rustc35___rust_no_alloc_shim_is_unstable_v2 + 481108
6   chromedriver                        0x0000000104884fd8 chromedriver + 118744
7   chromedriver                        0x0000000104dcd370 cxxbridge1$str$ptr + 2906052
8   chromedriver                        0x0000000104dd0af0 cxxbridge1$str$ptr + 2920260
9   chromedriver                        0x0000000104db42b0 cxxbridge1$str$ptr + 2803460
10  chromedriver                        0x0000000104dd1384 cxxbridge1$str$ptr + 2922456
11  chromedriver                        0x0000000104da57d0 cxxbridge1$str$ptr + 2743332
12  chromedriver                        0x0000000104882d30 chromedriver + 109872
13  dyld                                0x000000018a077e00 start + 6992

2026-06-18 22:26:05,317 [INFO]   🔄 DDG fallback: "Poblado Hoteles" Medellin email contacto
2026-06-18 22:26:10,712 [INFO] response: https://www.bing.com/search?q=%22Poblado+Hoteles%22+Medellin+email+contacto 200
2026-06-18 22:26:12,926 [INFO]   🔍 DDG→Facebook: "Poblado Hoteles" Medellin site:facebook.com
2026-06-18 22:26:13,342 [INFO] response: https://www.bing.com/search?q=%22Poblado+Hoteles%22+Medellin+site%3Afacebook.com 200
2026-06-18 22:26:14,315 [INFO] response: https://www.bing.com/search?q=%22Poblado+Hoteles%22+Medellin+site%3Afacebook.com&first=11&FORM=PERE 200
2026-06-18 22:26:15,449 [INFO] response: https://www.bing.com/search?q=%22Poblado+Hoteles%22+Medellin+site%3Afacebook.com&first=21&FORM=PERE1 200
2026-06-18 22:26:16,671 [INFO] response: https://www.bing.com/search?q=%22Poblado+Hoteles%22+Medellin+site%3Afacebook.com&first=31&FORM=PERE2 200
2026-06-18 22:26:17,605 [INFO] response: https://www.bing.com/search?q=%22Poblado+Hoteles%22+Medellin+site%3Afacebook.com&first=41&FORM=PERE3 200
2026-06-18 22:26:20,113 [INFO]   ❌ Sin resultado: Poblado Hoteles S A
2026-06-18 22:26:20,114 [INFO]   📊 Progreso 153/210 | Emails: 16 | Sin resultado: 144
2026-06-18 22:26:25,610 [INFO] 
[154/210] Hotel Lagoon S A S (Rionegro)
2026-06-18 22:26:25,611 [INFO]   🔍 Google: "Hotel Lagoon" Rionegro email contacto
2026-06-18 22:26:25,613 [WARNING] Error navegando a Google: Message: invalid session id; For documentation on this error, please visit: https://www.selenium.dev/documentation/webdriver/troubleshooting/errors#invalidsessionidexception
Stacktrace:
0   chromedriver                        0x0000000104e0f1e4 cxxbridge1$str$ptr + 3175992
1   chromedriver                        0x0000000104e072ac cxxbridge1$str$ptr + 3143424
2   chromedriver                        0x00000001048b7178 _RNvCs9NA52FrZ4pF_7___rustc35___rust_no_alloc_shim_is_unstable_v2 + 73572
3   chromedriver                        0x00000001048f46c4 _RNvCs9NA52FrZ4pF_7___rustc35___rust_no_alloc_shim_is_unstable_v2 + 324784
4   chromedriver                        0x000000010491b068 _RNvCs9NA52FrZ4pF_7___rustc35___rust_no_alloc_shim_is_unstable_v2 + 482900
5   chromedriver                        0x000000010491a968 _RNvCs9NA52FrZ4pF_7___rustc35___rust_no_alloc_shim_is_unstable_v2 + 481108
6   chromedriver                        0x0000000104884fd8 chromedriver + 118744
7   chromedriver                        0x0000000104dcd370 cxxbridge1$str$ptr + 2906052
8   chromedriver                        0x0000000104dd0af0 cxxbridge1$str$ptr + 2920260
9   chromedriver                        0x0000000104db42b0 cxxbridge1$str$ptr + 2803460
10  chromedriver                        0x0000000104dd1384 cxxbridge1$str$ptr + 2922456
11  chromedriver                        0x0000000104da57d0 cxxbridge1$str$ptr + 2743332
12  chromedriver                        0x0000000104882d30 chromedriver + 109872
13  dyld                                0x000000018a077e00 start + 6992

2026-06-18 22:26:25,613 [INFO]   🔄 DDG fallback: "Hotel Lagoon" Rionegro email contacto
2026-06-18 22:26:26,145 [INFO] response: https://www.bing.com/search?q=%22Hotel+Lagoon%22+Rionegro+email+contacto 200
2026-06-18 22:26:29,158 [INFO]   🔍 DDG→Facebook: "Hotel Lagoon" Rionegro site:facebook.com
2026-06-18 22:26:29,538 [INFO] response: https://www.bing.com/search?q=%22Hotel+Lagoon%22+Rionegro+site%3Afacebook.com 200
2026-06-18 22:26:30,585 [INFO] response: https://www.bing.com/search?q=%22Hotel+Lagoon%22+Rionegro+site%3Afacebook.com&first=11&FORM=PERE 200
2026-06-18 22:26:31,660 [INFO] response: https://www.bing.com/search?q=%22Hotel+Lagoon%22+Rionegro+site%3Afacebook.com&first=21&FORM=PERE1 200
2026-06-18 22:26:32,778 [INFO] response: https://www.bing.com/search?q=%22Hotel+Lagoon%22+Rionegro+site%3Afacebook.com&first=31&FORM=PERE2 200
2026-06-18 22:26:33,781 [INFO] response: https://www.bing.com/search?q=%22Hotel+Lagoon%22+Rionegro+site%3Afacebook.com&first=41&FORM=PERE3 200
2026-06-18 22:26:35,858 [INFO]   ❌ Sin resultado: Hotel Lagoon S A S
2026-06-18 22:26:40,365 [INFO] 
[155/210] Inversiones Hoteleras Y Servicios Logisticos Ihl S A S (Sitionuevo)
2026-06-18 22:26:40,366 [INFO]   🔍 Google: "Inversiones Hoteleras Y Servicios Logisticos Ihl" Sitionuevo email contacto
2026-06-18 22:26:40,368 [WARNING] Error navegando a Google: Message: invalid session id; For documentation on this error, please visit: https://www.selenium.dev/documentation/webdriver/troubleshooting/errors#invalidsessionidexception
Stacktrace:
0   chromedriver                        0x0000000104e0f1e4 cxxbridge1$str$ptr + 3175992
1   chromedriver                        0x0000000104e072ac cxxbridge1$str$ptr + 3143424
2   chromedriver                        0x00000001048b7178 _RNvCs9NA52FrZ4pF_7___rustc35___rust_no_alloc_shim_is_unstable_v2 + 73572
3   chromedriver                        0x00000001048f46c4 _RNvCs9NA52FrZ4pF_7___rustc35___rust_no_alloc_shim_is_unstable_v2 + 324784
4   chromedriver                        0x000000010491b068 _RNvCs9NA52FrZ4pF_7___rustc35___rust_no_alloc_shim_is_unstable_v2 + 482900
5   chromedriver                        0x000000010491a968 _RNvCs9NA52FrZ4pF_7___rustc35___rust_no_alloc_shim_is_unstable_v2 + 481108
6   chromedriver                        0x0000000104884fd8 chromedriver + 118744
7   chromedriver                        0x0000000104dcd370 cxxbridge1$str$ptr + 2906052
8   chromedriver                        0x0000000104dd0af0 cxxbridge1$str$ptr + 2920260
9   chromedriver                        0x0000000104db42b0 cxxbridge1$str$ptr + 2803460
10  chromedriver                        0x0000000104dd1384 cxxbridge1$str$ptr + 2922456
11  chromedriver                        0x0000000104da57d0 cxxbridge1$str$ptr + 2743332
12  chromedriver                        0x0000000104882d30 chromedriver + 109872
13  dyld                                0x000000018a077e00 start + 6992

2026-06-18 22:26:40,368 [INFO]   🔄 DDG fallback: "Inversiones Hoteleras Y Servicios Logisticos Ihl" Sitionuevo email contacto
2026-06-18 22:26:45,822 [INFO] response: https://www.bing.com/search?q=%22Inversiones+Hoteleras+Y+Servicios+Logisticos+Ihl%22+Sitionuevo+email+contacto 200
2026-06-18 22:26:48,185 [INFO]   🔍 DDG→Facebook: "Inversiones Hoteleras Y Servicios Logisticos Ihl" Sitionuevo site:facebook.com
2026-06-18 22:26:48,613 [INFO] response: https://www.bing.com/search?q=%22Inversiones+Hoteleras+Y+Servicios+Logisticos+Ihl%22+Sitionuevo+site%3Afacebook.com 200
2026-06-18 22:26:49,705 [INFO] response: https://www.bing.com/search?q=%22Inversiones+Hoteleras+Y+Servicios+Logisticos+Ihl%22+Sitionuevo+site%3Afacebook.com&first=11&FORM=PERE 200
2026-06-18 22:26:50,792 [INFO] response: https://www.bing.com/search?q=%22Inversiones+Hoteleras+Y+Servicios+Logisticos+Ihl%22+Sitionuevo+site%3Afacebook.com&first=21&FORM=PERE1 200
2026-06-18 22:26:51,947 [INFO] response: https://www.bing.com/search?q=%22Inversiones+Hoteleras+Y+Servicios+Logisticos+Ihl%22+Sitionuevo+site%3Afacebook.com&first=31&FORM=PERE2 200
2026-06-18 22:26:53,021 [INFO] response: https://www.bing.com/search?q=%22Inversiones+Hoteleras+Y+Servicios+Logisticos+Ihl%22+Sitionuevo+site%3Afacebook.com&first=41&FORM=PERE3 200
2026-06-18 22:26:56,993 [INFO]   ❌ Sin resultado: Inversiones Hoteleras Y Servicios Logisticos Ihl S A S
2026-06-18 22:27:04,039 [INFO] 
[156/210] Hotel Casa Lola S A S (Cartagena)
2026-06-18 22:27:04,040 [INFO]   🔍 Google: "Hotel Casa Lola" Cartagena email contacto
2026-06-18 22:27:04,042 [WARNING] Error navegando a Google: Message: invalid session id; For documentation on this error, please visit: https://www.selenium.dev/documentation/webdriver/troubleshooting/errors#invalidsessionidexception
Stacktrace:
0   chromedriver                        0x0000000104e0f1e4 cxxbridge1$str$ptr + 3175992
1   chromedriver                        0x0000000104e072ac cxxbridge1$str$ptr + 3143424
2   chromedriver                        0x00000001048b7178 _RNvCs9NA52FrZ4pF_7___rustc35___rust_no_alloc_shim_is_unstable_v2 + 73572
3   chromedriver                        0x00000001048f46c4 _RNvCs9NA52FrZ4pF_7___rustc35___rust_no_alloc_shim_is_unstable_v2 + 324784
4   chromedriver                        0x000000010491b068 _RNvCs9NA52FrZ4pF_7___rustc35___rust_no_alloc_shim_is_unstable_v2 + 482900
5   chromedriver                        0x000000010491a968 _RNvCs9NA52FrZ4pF_7___rustc35___rust_no_alloc_shim_is_unstable_v2 + 481108
6   chromedriver                        0x0000000104884fd8 chromedriver + 118744
7   chromedriver                        0x0000000104dcd370 cxxbridge1$str$ptr + 2906052
8   chromedriver                        0x0000000104dd0af0 cxxbridge1$str$ptr + 2920260
9   chromedriver                        0x0000000104db42b0 cxxbridge1$str$ptr + 2803460
10  chromedriver                        0x0000000104dd1384 cxxbridge1$str$ptr + 2922456
11  chromedriver                        0x0000000104da57d0 cxxbridge1$str$ptr + 2743332
12  chromedriver                        0x0000000104882d30 chromedriver + 109872
13  dyld                                0x000000018a077e00 start + 6992

2026-06-18 22:27:04,042 [INFO]   🔄 DDG fallback: "Hotel Casa Lola" Cartagena email contacto
2026-06-18 22:27:09,410 [INFO] response: https://www.bing.com/search?q=%22Hotel+Casa+Lola%22+Cartagena+email+contacto 200
2026-06-18 22:27:11,796 [INFO]   🔍 DDG→Facebook: "Hotel Casa Lola" Cartagena site:facebook.com
2026-06-18 22:27:17,189 [INFO] response: https://www.bing.com/search?q=%22Hotel+Casa+Lola%22+Cartagena+site%3Afacebook.com 200
2026-06-18 22:27:18,197 [INFO] response: https://www.bing.com/search?q=%22Hotel+Casa+Lola%22+Cartagena+site%3Afacebook.com&first=11&FORM=PERE 200
2026-06-18 22:27:19,582 [INFO] response: https://www.bing.com/search?q=%22Hotel+Casa+Lola%22+Cartagena+site%3Afacebook.com&first=21&FORM=PERE1 200
2026-06-18 22:27:20,533 [INFO] response: https://www.bing.com/search?q=%22Hotel+Casa+Lola%22+Cartagena+site%3Afacebook.com&first=31&FORM=PERE2 200
2026-06-18 22:27:21,514 [INFO] response: https://www.bing.com/search?q=%22Hotel+Casa+Lola%22+Cartagena+site%3Afacebook.com&first=41&FORM=PERE3 200
2026-06-18 22:27:24,671 [INFO]   ❌ Sin resultado: Hotel Casa Lola S A S
2026-06-18 22:27:30,956 [INFO] 
[157/210] Hotel Maguipi S A S (Buenaventura)
2026-06-18 22:27:30,957 [INFO]   🔍 Google: "Hotel Maguipi" Buenaventura email contacto
2026-06-18 22:27:30,959 [WARNING] Error navegando a Google: Message: invalid session id; For documentation on this error, please visit: https://www.selenium.dev/documentation/webdriver/troubleshooting/errors#invalidsessionidexception
Stacktrace:
0   chromedriver                        0x0000000104e0f1e4 cxxbridge1$str$ptr + 3175992
1   chromedriver                        0x0000000104e072ac cxxbridge1$str$ptr + 3143424
2   chromedriver                        0x00000001048b7178 _RNvCs9NA52FrZ4pF_7___rustc35___rust_no_alloc_shim_is_unstable_v2 + 73572
3   chromedriver                        0x00000001048f46c4 _RNvCs9NA52FrZ4pF_7___rustc35___rust_no_alloc_shim_is_unstable_v2 + 324784
4   chromedriver                        0x000000010491b068 _RNvCs9NA52FrZ4pF_7___rustc35___rust_no_alloc_shim_is_unstable_v2 + 482900
5   chromedriver                        0x000000010491a968 _RNvCs9NA52FrZ4pF_7___rustc35___rust_no_alloc_shim_is_unstable_v2 + 481108
6   chromedriver                        0x0000000104884fd8 chromedriver + 118744
7   chromedriver                        0x0000000104dcd370 cxxbridge1$str$ptr + 2906052
8   chromedriver                        0x0000000104dd0af0 cxxbridge1$str$ptr + 2920260
9   chromedriver                        0x0000000104db42b0 cxxbridge1$str$ptr + 2803460
10  chromedriver                        0x0000000104dd1384 cxxbridge1$str$ptr + 2922456
11  chromedriver                        0x0000000104da57d0 cxxbridge1$str$ptr + 2743332
12  chromedriver                        0x0000000104882d30 chromedriver + 109872
13  dyld                                0x000000018a077e00 start + 6992

2026-06-18 22:27:30,959 [INFO]   🔄 DDG fallback: "Hotel Maguipi" Buenaventura email contacto
2026-06-18 22:27:31,340 [INFO] response: https://www.bing.com/search?q=%22Hotel+Maguipi%22+Buenaventura+email+contacto 200
2026-06-18 22:27:32,379 [INFO] response: https://www.bing.com/search?q=%22Hotel+Maguipi%22+Buenaventura+email+contacto&first=11&FORM=PERE 200
2026-06-18 22:27:33,370 [INFO] response: https://www.bing.com/search?q=%22Hotel+Maguipi%22+Buenaventura+email+contacto&first=21&FORM=PERE1 200
2026-06-18 22:27:34,410 [INFO] response: https://www.bing.com/search?q=%22Hotel+Maguipi%22+Buenaventura+email+contacto&first=31&FORM=PERE2 200
2026-06-18 22:27:35,438 [INFO] response: https://www.bing.com/search?q=%22Hotel+Maguipi%22+Buenaventura+email+contacto&first=41&FORM=PERE3 200
2026-06-18 22:27:38,628 [INFO]   🔍 DDG→Facebook: "Hotel Maguipi" Buenaventura site:facebook.com
2026-06-18 22:27:39,149 [INFO] response: https://www.bing.com/search?q=%22Hotel+Maguipi%22+Buenaventura+site%3Afacebook.com 200
2026-06-18 22:27:40,150 [INFO] response: https://www.bing.com/search?q=%22Hotel+Maguipi%22+Buenaventura+site%3Afacebook.com&first=11&FORM=PERE 200
2026-06-18 22:27:41,359 [INFO] response: https://www.bing.com/search?q=%22Hotel+Maguipi%22+Buenaventura+site%3Afacebook.com&first=21&FORM=PERE1 200
2026-06-18 22:27:42,388 [INFO] response: https://www.bing.com/search?q=%22Hotel+Maguipi%22+Buenaventura+site%3Afacebook.com&first=31&FORM=PERE2 200
2026-06-18 22:27:43,475 [INFO] response: https://www.bing.com/search?q=%22Hotel+Maguipi%22+Buenaventura+site%3Afacebook.com&first=41&FORM=PERE3 200
2026-06-18 22:27:45,880 [INFO]   ❌ Sin resultado: Hotel Maguipi S A S
2026-06-18 22:27:51,613 [INFO] 
[158/210] Hoteles B3 Corp Colombia (Bogota)
2026-06-18 22:27:51,613 [INFO]   🔍 Google: "Hoteles B3 Corp Colombia" Bogota email contacto
2026-06-18 22:27:51,616 [WARNING] Error navegando a Google: Message: invalid session id; For documentation on this error, please visit: https://www.selenium.dev/documentation/webdriver/troubleshooting/errors#invalidsessionidexception
Stacktrace:
0   chromedriver                        0x0000000104e0f1e4 cxxbridge1$str$ptr + 3175992
1   chromedriver                        0x0000000104e072ac cxxbridge1$str$ptr + 3143424
2   chromedriver                        0x00000001048b7178 _RNvCs9NA52FrZ4pF_7___rustc35___rust_no_alloc_shim_is_unstable_v2 + 73572
3   chromedriver                        0x00000001048f46c4 _RNvCs9NA52FrZ4pF_7___rustc35___rust_no_alloc_shim_is_unstable_v2 + 324784
4   chromedriver                        0x000000010491b068 _RNvCs9NA52FrZ4pF_7___rustc35___rust_no_alloc_shim_is_unstable_v2 + 482900
5   chromedriver                        0x000000010491a968 _RNvCs9NA52FrZ4pF_7___rustc35___rust_no_alloc_shim_is_unstable_v2 + 481108
6   chromedriver                        0x0000000104884fd8 chromedriver + 118744
7   chromedriver                        0x0000000104dcd370 cxxbridge1$str$ptr + 2906052
8   chromedriver                        0x0000000104dd0af0 cxxbridge1$str$ptr + 2920260
9   chromedriver                        0x0000000104db42b0 cxxbridge1$str$ptr + 2803460
10  chromedriver                        0x0000000104dd1384 cxxbridge1$str$ptr + 2922456
11  chromedriver                        0x0000000104da57d0 cxxbridge1$str$ptr + 2743332
12  chromedriver                        0x0000000104882d30 chromedriver + 109872
13  dyld                                0x000000018a077e00 start + 6992

2026-06-18 22:27:51,616 [INFO]   🔄 DDG fallback: "Hoteles B3 Corp Colombia" Bogota email contacto
2026-06-18 22:27:51,921 [INFO] response: https://www.bing.com/search?q=%22Hoteles+B3+Corp+Colombia%22+Bogota+email+contacto 200
2026-06-18 22:27:55,440 [INFO]   🔍 DDG→Facebook: "Hoteles B3 Corp Colombia" Bogota site:facebook.com
2026-06-18 22:27:55,981 [INFO] response: https://www.bing.com/search?q=%22Hoteles+B3+Corp+Colombia%22+Bogota+site%3Afacebook.com 200
2026-06-18 22:27:56,988 [INFO] response: https://www.bing.com/search?q=%22Hoteles+B3+Corp+Colombia%22+Bogota+site%3Afacebook.com&first=11&FORM=PERE 200
2026-06-18 22:27:58,123 [INFO] response: https://www.bing.com/search?q=%22Hoteles+B3+Corp+Colombia%22+Bogota+site%3Afacebook.com&first=21&FORM=PERE1 200
2026-06-18 22:27:59,157 [INFO] response: https://www.bing.com/search?q=%22Hoteles+B3+Corp+Colombia%22+Bogota+site%3Afacebook.com&first=31&FORM=PERE2 200
2026-06-18 22:28:00,211 [INFO] response: https://www.bing.com/search?q=%22Hoteles+B3+Corp+Colombia%22+Bogota+site%3Afacebook.com&first=41&FORM=PERE3 200
2026-06-18 22:28:03,820 [INFO]   ❌ Sin resultado: Hoteles B3 Corp Colombia
2026-06-18 22:28:03,822 [INFO]   📊 Progreso 158/210 | Emails: 16 | Sin resultado: 149
2026-06-18 22:28:07,918 [INFO] 
[159/210] Hotel Sabaneta Medellin S A S (Sabaneta)
2026-06-18 22:28:07,918 [INFO]   🔍 Google: "Hotel Sabaneta Medellin" Sabaneta email contacto
2026-06-18 22:28:07,921 [WARNING] Error navegando a Google: Message: invalid session id; For documentation on this error, please visit: https://www.selenium.dev/documentation/webdriver/troubleshooting/errors#invalidsessionidexception
Stacktrace:
0   chromedriver                        0x0000000104e0f1e4 cxxbridge1$str$ptr + 3175992
1   chromedriver                        0x0000000104e072ac cxxbridge1$str$ptr + 3143424
2   chromedriver                        0x00000001048b7178 _RNvCs9NA52FrZ4pF_7___rustc35___rust_no_alloc_shim_is_unstable_v2 + 73572
3   chromedriver                        0x00000001048f46c4 _RNvCs9NA52FrZ4pF_7___rustc35___rust_no_alloc_shim_is_unstable_v2 + 324784
4   chromedriver                        0x000000010491b068 _RNvCs9NA52FrZ4pF_7___rustc35___rust_no_alloc_shim_is_unstable_v2 + 482900
5   chromedriver                        0x000000010491a968 _RNvCs9NA52FrZ4pF_7___rustc35___rust_no_alloc_shim_is_unstable_v2 + 481108
6   chromedriver                        0x0000000104884fd8 chromedriver + 118744
7   chromedriver                        0x0000000104dcd370 cxxbridge1$str$ptr + 2906052
8   chromedriver                        0x0000000104dd0af0 cxxbridge1$str$ptr + 2920260
9   chromedriver                        0x0000000104db42b0 cxxbridge1$str$ptr + 2803460
10  chromedriver                        0x0000000104dd1384 cxxbridge1$str$ptr + 2922456
11  chromedriver                        0x0000000104da57d0 cxxbridge1$str$ptr + 2743332
12  chromedriver                        0x0000000104882d30 chromedriver + 109872
13  dyld                                0x000000018a077e00 start + 6992

2026-06-18 22:28:07,921 [INFO]   🔄 DDG fallback: "Hotel Sabaneta Medellin" Sabaneta email contacto
2026-06-18 22:28:08,352 [INFO] response: https://www.bing.com/search?q=%22Hotel+Sabaneta+Medellin%22+Sabaneta+email+contacto 200
2026-06-18 22:28:10,463 [INFO]   🌐 Visitando (ddg): https://www.elsanjuanhotel.com/
2026-06-18 22:28:19,982 [INFO]   🔍 DDG→Facebook: "Hotel Sabaneta Medellin" Sabaneta site:facebook.com
2026-06-18 22:28:20,379 [INFO] response: https://www.bing.com/search?q=%22Hotel+Sabaneta+Medellin%22+Sabaneta+site%3Afacebook.com 200
2026-06-18 22:28:21,436 [INFO] response: https://www.bing.com/search?q=%22Hotel+Sabaneta+Medellin%22+Sabaneta+site%3Afacebook.com&first=11&FORM=PERE 200
2026-06-18 22:28:22,436 [INFO] response: https://www.bing.com/search?q=%22Hotel+Sabaneta+Medellin%22+Sabaneta+site%3Afacebook.com&first=21&FORM=PERE1 200
2026-06-18 22:28:23,455 [INFO] response: https://www.bing.com/search?q=%22Hotel+Sabaneta+Medellin%22+Sabaneta+site%3Afacebook.com&first=31&FORM=PERE2 200
2026-06-18 22:28:24,839 [INFO] response: https://www.bing.com/search?q=%22Hotel+Sabaneta+Medellin%22+Sabaneta+site%3Afacebook.com&first=41&FORM=PERE3 200
2026-06-18 22:28:27,304 [INFO]   ❌ Sin resultado: Hotel Sabaneta Medellin S A S
2026-06-18 22:28:33,874 [INFO] 
[160/210] Samarii Resort Hotel Sas (Villagarzon)
2026-06-18 22:28:33,874 [INFO]   🔍 Google: "Samarii Resort Hotel" Villagarzon email contacto
2026-06-18 22:28:33,876 [WARNING] Error navegando a Google: Message: invalid session id; For documentation on this error, please visit: https://www.selenium.dev/documentation/webdriver/troubleshooting/errors#invalidsessionidexception
Stacktrace:
0   chromedriver                        0x0000000104e0f1e4 cxxbridge1$str$ptr + 3175992
1   chromedriver                        0x0000000104e072ac cxxbridge1$str$ptr + 3143424
2   chromedriver                        0x00000001048b7178 _RNvCs9NA52FrZ4pF_7___rustc35___rust_no_alloc_shim_is_unstable_v2 + 73572
3   chromedriver                        0x00000001048f46c4 _RNvCs9NA52FrZ4pF_7___rustc35___rust_no_alloc_shim_is_unstable_v2 + 324784
4   chromedriver                        0x000000010491b068 _RNvCs9NA52FrZ4pF_7___rustc35___rust_no_alloc_shim_is_unstable_v2 + 482900
5   chromedriver                        0x000000010491a968 _RNvCs9NA52FrZ4pF_7___rustc35___rust_no_alloc_shim_is_unstable_v2 + 481108
6   chromedriver                        0x0000000104884fd8 chromedriver + 118744
7   chromedriver                        0x0000000104dcd370 cxxbridge1$str$ptr + 2906052
8   chromedriver                        0x0000000104dd0af0 cxxbridge1$str$ptr + 2920260
9   chromedriver                        0x0000000104db42b0 cxxbridge1$str$ptr + 2803460
10  chromedriver                        0x0000000104dd1384 cxxbridge1$str$ptr + 2922456
11  chromedriver                        0x0000000104da57d0 cxxbridge1$str$ptr + 2743332
12  chromedriver                        0x0000000104882d30 chromedriver + 109872
13  dyld                                0x000000018a077e00 start + 6992

2026-06-18 22:28:33,876 [INFO]   🔄 DDG fallback: "Samarii Resort Hotel" Villagarzon email contacto
2026-06-18 22:28:34,260 [INFO] response: https://www.bing.com/search?q=%22Samarii+Resort+Hotel%22+Villagarzon+email+contacto 200
2026-06-18 22:28:38,358 [INFO]   🔍 DDG→Facebook: "Samarii Resort Hotel" Villagarzon site:facebook.com
2026-06-18 22:28:38,792 [INFO] response: https://www.bing.com/search?q=%22Samarii+Resort+Hotel%22+Villagarzon+site%3Afacebook.com 200
2026-06-18 22:28:39,886 [INFO] response: https://www.bing.com/search?q=%22Samarii+Resort+Hotel%22+Villagarzon+site%3Afacebook.com&first=11&FORM=PERE 200
2026-06-18 22:28:40,932 [INFO] response: https://www.bing.com/search?q=%22Samarii+Resort+Hotel%22+Villagarzon+site%3Afacebook.com&first=21&FORM=PERE1 200
2026-06-18 22:28:41,901 [INFO] response: https://www.bing.com/search?q=%22Samarii+Resort+Hotel%22+Villagarzon+site%3Afacebook.com&first=31&FORM=PERE2 200
2026-06-18 22:28:43,030 [INFO] response: https://www.bing.com/search?q=%22Samarii+Resort+Hotel%22+Villagarzon+site%3Afacebook.com&first=41&FORM=PERE3 200
2026-06-18 22:28:45,144 [INFO]   ❌ Sin resultado: Samarii Resort Hotel Sas
2026-06-18 22:28:50,330 [INFO] 
[161/210] Hotel Calle 94 S A S (Bogota)
2026-06-18 22:28:50,330 [INFO]   🔍 Google: "Hotel Calle 94" Bogota email contacto
2026-06-18 22:28:50,332 [WARNING] Error navegando a Google: Message: invalid session id; For documentation on this error, please visit: https://www.selenium.dev/documentation/webdriver/troubleshooting/errors#invalidsessionidexception
Stacktrace:
0   chromedriver                        0x0000000104e0f1e4 cxxbridge1$str$ptr + 3175992
1   chromedriver                        0x0000000104e072ac cxxbridge1$str$ptr + 3143424
2   chromedriver                        0x00000001048b7178 _RNvCs9NA52FrZ4pF_7___rustc35___rust_no_alloc_shim_is_unstable_v2 + 73572
3   chromedriver                        0x00000001048f46c4 _RNvCs9NA52FrZ4pF_7___rustc35___rust_no_alloc_shim_is_unstable_v2 + 324784
4   chromedriver                        0x000000010491b068 _RNvCs9NA52FrZ4pF_7___rustc35___rust_no_alloc_shim_is_unstable_v2 + 482900
5   chromedriver                        0x000000010491a968 _RNvCs9NA52FrZ4pF_7___rustc35___rust_no_alloc_shim_is_unstable_v2 + 481108
6   chromedriver                        0x0000000104884fd8 chromedriver + 118744
7   chromedriver                        0x0000000104dcd370 cxxbridge1$str$ptr + 2906052
8   chromedriver                        0x0000000104dd0af0 cxxbridge1$str$ptr + 2920260
9   chromedriver                        0x0000000104db42b0 cxxbridge1$str$ptr + 2803460
10  chromedriver                        0x0000000104dd1384 cxxbridge1$str$ptr + 2922456
11  chromedriver                        0x0000000104da57d0 cxxbridge1$str$ptr + 2743332
12  chromedriver                        0x0000000104882d30 chromedriver + 109872
13  dyld                                0x000000018a077e00 start + 6992

2026-06-18 22:28:50,333 [INFO]   🔄 DDG fallback: "Hotel Calle 94" Bogota email contacto
2026-06-18 22:28:50,793 [INFO] response: https://www.bing.com/search?q=%22Hotel+Calle+94%22+Bogota+email+contacto 200
2026-06-18 22:28:53,732 [INFO]   🔍 DDG→Facebook: "Hotel Calle 94" Bogota site:facebook.com
2026-06-18 22:28:54,146 [INFO] response: https://www.bing.com/search?q=%22Hotel+Calle+94%22+Bogota+site%3Afacebook.com 200
2026-06-18 22:28:55,146 [INFO] response: https://www.bing.com/search?q=%22Hotel+Calle+94%22+Bogota+site%3Afacebook.com&first=11&FORM=PERE 200
2026-06-18 22:28:56,451 [INFO] response: https://www.bing.com/search?q=%22Hotel+Calle+94%22+Bogota+site%3Afacebook.com&first=21&FORM=PERE1 200
2026-06-18 22:28:57,471 [INFO] response: https://www.bing.com/search?q=%22Hotel+Calle+94%22+Bogota+site%3Afacebook.com&first=31&FORM=PERE2 200
2026-06-18 22:28:58,509 [INFO] response: https://www.bing.com/search?q=%22Hotel+Calle+94%22+Bogota+site%3Afacebook.com&first=41&FORM=PERE3 200
2026-06-18 22:29:01,738 [INFO]   ❌ Sin resultado: Hotel Calle 94 S A S
2026-06-18 22:29:07,994 [INFO] 
[162/210] Hotel Poblado Alejandria S A S (Medellin)
2026-06-18 22:29:07,994 [INFO]   🔍 Google: "Hotel Poblado Alejandria" Medellin email contacto
2026-06-18 22:29:07,997 [WARNING] Error navegando a Google: Message: invalid session id; For documentation on this error, please visit: https://www.selenium.dev/documentation/webdriver/troubleshooting/errors#invalidsessionidexception
Stacktrace:
0   chromedriver                        0x0000000104e0f1e4 cxxbridge1$str$ptr + 3175992
1   chromedriver                        0x0000000104e072ac cxxbridge1$str$ptr + 3143424
2   chromedriver                        0x00000001048b7178 _RNvCs9NA52FrZ4pF_7___rustc35___rust_no_alloc_shim_is_unstable_v2 + 73572
3   chromedriver                        0x00000001048f46c4 _RNvCs9NA52FrZ4pF_7___rustc35___rust_no_alloc_shim_is_unstable_v2 + 324784
4   chromedriver                        0x000000010491b068 _RNvCs9NA52FrZ4pF_7___rustc35___rust_no_alloc_shim_is_unstable_v2 + 482900
5   chromedriver                        0x000000010491a968 _RNvCs9NA52FrZ4pF_7___rustc35___rust_no_alloc_shim_is_unstable_v2 + 481108
6   chromedriver                        0x0000000104884fd8 chromedriver + 118744
7   chromedriver                        0x0000000104dcd370 cxxbridge1$str$ptr + 2906052
8   chromedriver                        0x0000000104dd0af0 cxxbridge1$str$ptr + 2920260
9   chromedriver                        0x0000000104db42b0 cxxbridge1$str$ptr + 2803460
10  chromedriver                        0x0000000104dd1384 cxxbridge1$str$ptr + 2922456
11  chromedriver                        0x0000000104da57d0 cxxbridge1$str$ptr + 2743332
12  chromedriver                        0x0000000104882d30 chromedriver + 109872
13  dyld                                0x000000018a077e00 start + 6992

2026-06-18 22:29:07,997 [INFO]   🔄 DDG fallback: "Hotel Poblado Alejandria" Medellin email contacto
2026-06-18 22:29:08,349 [INFO] response: https://www.bing.com/search?q=%22Hotel+Poblado+Alejandria%22+Medellin+email+contacto 200
2026-06-18 22:29:09,294 [INFO] response: https://www.bing.com/search?q=%22Hotel+Poblado+Alejandria%22+Medellin+email+contacto&first=11&FORM=PERE 200
2026-06-18 22:29:10,288 [INFO] response: https://www.bing.com/search?q=%22Hotel+Poblado+Alejandria%22+Medellin+email+contacto&first=21&FORM=PERE1 200
2026-06-18 22:29:13,955 [INFO]   🌐 Visitando (ddg): https://www.elsanjuanhotel.com/
2026-06-18 22:29:25,540 [INFO]   🔍 DDG→Facebook: "Hotel Poblado Alejandria" Medellin site:facebook.com
2026-06-18 22:29:25,870 [INFO] response: https://www.bing.com/search?q=%22Hotel+Poblado+Alejandria%22+Medellin+site%3Afacebook.com 200
2026-06-18 22:29:26,952 [INFO] response: https://www.bing.com/search?q=%22Hotel+Poblado+Alejandria%22+Medellin+site%3Afacebook.com&first=11&FORM=PERE 200
2026-06-18 22:29:27,936 [INFO] response: https://www.bing.com/search?q=%22Hotel+Poblado+Alejandria%22+Medellin+site%3Afacebook.com&first=21&FORM=PERE1 200
2026-06-18 22:29:28,973 [INFO] response: https://www.bing.com/search?q=%22Hotel+Poblado+Alejandria%22+Medellin+site%3Afacebook.com&first=31&FORM=PERE2 200
2026-06-18 22:29:30,014 [INFO] response: https://www.bing.com/search?q=%22Hotel+Poblado+Alejandria%22+Medellin+site%3Afacebook.com&first=41&FORM=PERE3 200
2026-06-18 22:29:33,216 [INFO]   ❌ Sin resultado: Hotel Poblado Alejandria S A S
2026-06-18 22:29:37,938 [INFO] 
[163/210] Buendia Hotel Sas (Barrancabermeja)
2026-06-18 22:29:37,939 [INFO]   🔍 Google: "Buendia Hotel" Barrancabermeja email contacto
2026-06-18 22:29:37,941 [WARNING] Error navegando a Google: Message: invalid session id; For documentation on this error, please visit: https://www.selenium.dev/documentation/webdriver/troubleshooting/errors#invalidsessionidexception
Stacktrace:
0   chromedriver                        0x0000000104e0f1e4 cxxbridge1$str$ptr + 3175992
1   chromedriver                        0x0000000104e072ac cxxbridge1$str$ptr + 3143424
2   chromedriver                        0x00000001048b7178 _RNvCs9NA52FrZ4pF_7___rustc35___rust_no_alloc_shim_is_unstable_v2 + 73572
3   chromedriver                        0x00000001048f46c4 _RNvCs9NA52FrZ4pF_7___rustc35___rust_no_alloc_shim_is_unstable_v2 + 324784
4   chromedriver                        0x000000010491b068 _RNvCs9NA52FrZ4pF_7___rustc35___rust_no_alloc_shim_is_unstable_v2 + 482900
5   chromedriver                        0x000000010491a968 _RNvCs9NA52FrZ4pF_7___rustc35___rust_no_alloc_shim_is_unstable_v2 + 481108
6   chromedriver                        0x0000000104884fd8 chromedriver + 118744
7   chromedriver                        0x0000000104dcd370 cxxbridge1$str$ptr + 2906052
8   chromedriver                        0x0000000104dd0af0 cxxbridge1$str$ptr + 2920260
9   chromedriver                        0x0000000104db42b0 cxxbridge1$str$ptr + 2803460
10  chromedriver                        0x0000000104dd1384 cxxbridge1$str$ptr + 2922456
11  chromedriver                        0x0000000104da57d0 cxxbridge1$str$ptr + 2743332
12  chromedriver                        0x0000000104882d30 chromedriver + 109872
13  dyld                                0x000000018a077e00 start + 6992

2026-06-18 22:29:37,941 [INFO]   🔄 DDG fallback: "Buendia Hotel" Barrancabermeja email contacto
2026-06-18 22:29:38,484 [INFO] response: https://www.bing.com/search?q=%22Buendia+Hotel%22+Barrancabermeja+email+contacto 200
2026-06-18 22:29:39,593 [INFO] response: https://www.bing.com/search?q=%22Buendia+Hotel%22+Barrancabermeja+email+contacto&first=11&FORM=PERE 200
2026-06-18 22:29:43,158 [INFO]   🌐 Visitando (ddg): https://sugoimart.com/blogs/sugoi-mart-blog/exploring-the-world-of-my-
2026-06-18 22:30:17,199 [INFO]   🌐 Visitando (ddg): https://www.makeasong.co/how-do-i-create-a-melody-for-my-song/
2026-06-18 22:30:35,359 [INFO]   🌐 Visitando (ddg): https://www.gameleap.com/articles/hello-kitty-island-adventure-my-melo
2026-06-18 22:30:39,156 [INFO]   ✅ Email en sitio: ivan@gameleap.com
2026-06-18 22:30:39,158 [INFO]   📊 Progreso 163/210 | Emails: 17 | Sin resultado: 153
2026-06-18 22:30:45,484 [INFO] 
[164/210] Hoteles De Los Heroes S A (Cota)
2026-06-18 22:30:45,484 [INFO]   🔍 Google: "Hoteles De Los Heroes" Cota email contacto
2026-06-18 22:30:45,487 [WARNING] Error navegando a Google: Message: invalid session id; For documentation on this error, please visit: https://www.selenium.dev/documentation/webdriver/troubleshooting/errors#invalidsessionidexception
Stacktrace:
0   chromedriver                        0x0000000104e0f1e4 cxxbridge1$str$ptr + 3175992
1   chromedriver                        0x0000000104e072ac cxxbridge1$str$ptr + 3143424
2   chromedriver                        0x00000001048b7178 _RNvCs9NA52FrZ4pF_7___rustc35___rust_no_alloc_shim_is_unstable_v2 + 73572
3   chromedriver                        0x00000001048f46c4 _RNvCs9NA52FrZ4pF_7___rustc35___rust_no_alloc_shim_is_unstable_v2 + 324784
4   chromedriver                        0x000000010491b068 _RNvCs9NA52FrZ4pF_7___rustc35___rust_no_alloc_shim_is_unstable_v2 + 482900
5   chromedriver                        0x000000010491a968 _RNvCs9NA52FrZ4pF_7___rustc35___rust_no_alloc_shim_is_unstable_v2 + 481108
6   chromedriver                        0x0000000104884fd8 chromedriver + 118744
7   chromedriver                        0x0000000104dcd370 cxxbridge1$str$ptr + 2906052
8   chromedriver                        0x0000000104dd0af0 cxxbridge1$str$ptr + 2920260
9   chromedriver                        0x0000000104db42b0 cxxbridge1$str$ptr + 2803460
10  chromedriver                        0x0000000104dd1384 cxxbridge1$str$ptr + 2922456
11  chromedriver                        0x0000000104da57d0 cxxbridge1$str$ptr + 2743332
12  chromedriver                        0x0000000104882d30 chromedriver + 109872
13  dyld                                0x000000018a077e00 start + 6992

2026-06-18 22:30:45,487 [INFO]   🔄 DDG fallback: "Hoteles De Los Heroes" Cota email contacto
2026-06-18 22:30:45,999 [INFO] response: https://www.bing.com/search?q=%22Hoteles+De+Los+Heroes%22+Cota+email+contacto 200
2026-06-18 22:30:49,343 [INFO]   🔍 DDG→Facebook: "Hoteles De Los Heroes" Cota site:facebook.com
2026-06-18 22:30:54,663 [INFO] response: https://www.bing.com/search?q=%22Hoteles+De+Los+Heroes%22+Cota+site%3Afacebook.com 200
2026-06-18 22:30:55,817 [INFO] response: https://www.bing.com/search?q=%22Hoteles+De+Los+Heroes%22+Cota+site%3Afacebook.com&first=11&FORM=PERE 200
2026-06-18 22:30:56,982 [INFO] response: https://www.bing.com/search?q=%22Hoteles+De+Los+Heroes%22+Cota+site%3Afacebook.com&first=21&FORM=PERE1 200
2026-06-18 22:30:58,105 [INFO] response: https://www.bing.com/search?q=%22Hoteles+De+Los+Heroes%22+Cota+site%3Afacebook.com&first=31&FORM=PERE2 200
2026-06-18 22:30:59,333 [INFO] response: https://www.bing.com/search?q=%22Hoteles+De+Los+Heroes%22+Cota+site%3Afacebook.com&first=41&FORM=PERE3 200
2026-06-18 22:31:01,697 [INFO]   ❌ Sin resultado: Hoteles De Los Heroes S A
2026-06-18 22:31:07,868 [INFO] 
[165/210] Hotel Vizcaya Real Sociedad Por Acciones Simplificada (Cali)
2026-06-18 22:31:07,868 [INFO]   🔍 Google: "Hotel Vizcaya Real Sociedad Por Acciones Simplificada" Cali email contacto
2026-06-18 22:31:07,871 [WARNING] Error navegando a Google: Message: invalid session id; For documentation on this error, please visit: https://www.selenium.dev/documentation/webdriver/troubleshooting/errors#invalidsessionidexception
Stacktrace:
0   chromedriver                        0x0000000104e0f1e4 cxxbridge1$str$ptr + 3175992
1   chromedriver                        0x0000000104e072ac cxxbridge1$str$ptr + 3143424
2   chromedriver                        0x00000001048b7178 _RNvCs9NA52FrZ4pF_7___rustc35___rust_no_alloc_shim_is_unstable_v2 + 73572
3   chromedriver                        0x00000001048f46c4 _RNvCs9NA52FrZ4pF_7___rustc35___rust_no_alloc_shim_is_unstable_v2 + 324784
4   chromedriver                        0x000000010491b068 _RNvCs9NA52FrZ4pF_7___rustc35___rust_no_alloc_shim_is_unstable_v2 + 482900
5   chromedriver                        0x000000010491a968 _RNvCs9NA52FrZ4pF_7___rustc35___rust_no_alloc_shim_is_unstable_v2 + 481108
6   chromedriver                        0x0000000104884fd8 chromedriver + 118744
7   chromedriver                        0x0000000104dcd370 cxxbridge1$str$ptr + 2906052
8   chromedriver                        0x0000000104dd0af0 cxxbridge1$str$ptr + 2920260
9   chromedriver                        0x0000000104db42b0 cxxbridge1$str$ptr + 2803460
10  chromedriver                        0x0000000104dd1384 cxxbridge1$str$ptr + 2922456
11  chromedriver                        0x0000000104da57d0 cxxbridge1$str$ptr + 2743332
12  chromedriver                        0x0000000104882d30 chromedriver + 109872
13  dyld                                0x000000018a077e00 start + 6992

2026-06-18 22:31:07,871 [INFO]   🔄 DDG fallback: "Hotel Vizcaya Real Sociedad Por Acciones Simplificada" Cali email contacto
2026-06-18 22:31:13,225 [INFO] response: https://www.bing.com/search?q=%22Hotel+Vizcaya+Real+Sociedad+Por+Acciones+Simplificada%22+Cali+email+contacto 200
2026-06-18 22:31:17,661 [INFO]   🔍 DDG→Facebook: "Hotel Vizcaya Real Sociedad Por Acciones Simplificada" Cali site:facebook.com
2026-06-18 22:31:18,030 [INFO] response: https://www.bing.com/search?q=%22Hotel+Vizcaya+Real+Sociedad+Por+Acciones+Simplificada%22+Cali+site%3Afacebook.com 200
2026-06-18 22:31:19,225 [INFO] response: https://www.bing.com/search?q=%22Hotel+Vizcaya+Real+Sociedad+Por+Acciones+Simplificada%22+Cali+site%3Afacebook.com&first=11&FORM=PERE 200
2026-06-18 22:31:20,309 [INFO] response: https://www.bing.com/search?q=%22Hotel+Vizcaya+Real+Sociedad+Por+Acciones+Simplificada%22+Cali+site%3Afacebook.com&first=21&FORM=PERE1 200
2026-06-18 22:31:21,334 [INFO] response: https://www.bing.com/search?q=%22Hotel+Vizcaya+Real+Sociedad+Por+Acciones+Simplificada%22+Cali+site%3Afacebook.com&first=31&FORM=PERE2 200
2026-06-18 22:31:22,366 [INFO] response: https://www.bing.com/search?q=%22Hotel+Vizcaya+Real+Sociedad+Por+Acciones+Simplificada%22+Cali+site%3Afacebook.com&first=41&FORM=PERE3 200
2026-06-18 22:31:24,763 [INFO]   ❌ Sin resultado: Hotel Vizcaya Real Sociedad Por Acciones Simplificada
2026-06-18 22:31:29,507 [INFO] 
[166/210] Villeta Resort Hotel Ltda (Villeta)
2026-06-18 22:31:29,508 [INFO]   🔍 Google: "Villeta Resort Hotel" Villeta email contacto
2026-06-18 22:31:29,510 [WARNING] Error navegando a Google: Message: invalid session id; For documentation on this error, please visit: https://www.selenium.dev/documentation/webdriver/troubleshooting/errors#invalidsessionidexception
Stacktrace:
0   chromedriver                        0x0000000104e0f1e4 cxxbridge1$str$ptr + 3175992
1   chromedriver                        0x0000000104e072ac cxxbridge1$str$ptr + 3143424
2   chromedriver                        0x00000001048b7178 _RNvCs9NA52FrZ4pF_7___rustc35___rust_no_alloc_shim_is_unstable_v2 + 73572
3   chromedriver                        0x00000001048f46c4 _RNvCs9NA52FrZ4pF_7___rustc35___rust_no_alloc_shim_is_unstable_v2 + 324784
4   chromedriver                        0x000000010491b068 _RNvCs9NA52FrZ4pF_7___rustc35___rust_no_alloc_shim_is_unstable_v2 + 482900
5   chromedriver                        0x000000010491a968 _RNvCs9NA52FrZ4pF_7___rustc35___rust_no_alloc_shim_is_unstable_v2 + 481108
6   chromedriver                        0x0000000104884fd8 chromedriver + 118744
7   chromedriver                        0x0000000104dcd370 cxxbridge1$str$ptr + 2906052
8   chromedriver                        0x0000000104dd0af0 cxxbridge1$str$ptr + 2920260
9   chromedriver                        0x0000000104db42b0 cxxbridge1$str$ptr + 2803460
10  chromedriver                        0x0000000104dd1384 cxxbridge1$str$ptr + 2922456
11  chromedriver                        0x0000000104da57d0 cxxbridge1$str$ptr + 2743332
12  chromedriver                        0x0000000104882d30 chromedriver + 109872
13  dyld                                0x000000018a077e00 start + 6992

2026-06-18 22:31:29,510 [INFO]   🔄 DDG fallback: "Villeta Resort Hotel" Villeta email contacto
2026-06-18 22:31:29,896 [INFO] response: https://www.bing.com/search?q=%22Villeta+Resort+Hotel%22+Villeta+email+contacto 200
2026-06-18 22:31:32,169 [INFO]   🔍 DDG→Facebook: "Villeta Resort Hotel" Villeta site:facebook.com
2026-06-18 22:31:32,609 [INFO] response: https://www.bing.com/search?q=%22Villeta+Resort+Hotel%22+Villeta+site%3Afacebook.com 200
2026-06-18 22:31:33,631 [INFO] response: https://www.bing.com/search?q=%22Villeta+Resort+Hotel%22+Villeta+site%3Afacebook.com&first=11&FORM=PERE 200
2026-06-18 22:31:34,737 [INFO] response: https://www.bing.com/search?q=%22Villeta+Resort+Hotel%22+Villeta+site%3Afacebook.com&first=21&FORM=PERE1 200
2026-06-18 22:31:35,993 [INFO] response: https://www.bing.com/search?q=%22Villeta+Resort+Hotel%22+Villeta+site%3Afacebook.com&first=31&FORM=PERE2 200
2026-06-18 22:31:36,989 [INFO] response: https://www.bing.com/search?q=%22Villeta+Resort+Hotel%22+Villeta+site%3Afacebook.com&first=41&FORM=PERE3 200
2026-06-18 22:31:39,128 [INFO]   ❌ Sin resultado: Villeta Resort Hotel Ltda
2026-06-18 22:31:46,083 [INFO] 
[167/210] Econo Hotel Group S A S (Cartagena)
2026-06-18 22:31:46,084 [INFO]   🔍 Google: "Econo Hotel Group" Cartagena email contacto
2026-06-18 22:31:46,086 [WARNING] Error navegando a Google: Message: invalid session id; For documentation on this error, please visit: https://www.selenium.dev/documentation/webdriver/troubleshooting/errors#invalidsessionidexception
Stacktrace:
0   chromedriver                        0x0000000104e0f1e4 cxxbridge1$str$ptr + 3175992
1   chromedriver                        0x0000000104e072ac cxxbridge1$str$ptr + 3143424
2   chromedriver                        0x00000001048b7178 _RNvCs9NA52FrZ4pF_7___rustc35___rust_no_alloc_shim_is_unstable_v2 + 73572
3   chromedriver                        0x00000001048f46c4 _RNvCs9NA52FrZ4pF_7___rustc35___rust_no_alloc_shim_is_unstable_v2 + 324784
4   chromedriver                        0x000000010491b068 _RNvCs9NA52FrZ4pF_7___rustc35___rust_no_alloc_shim_is_unstable_v2 + 482900
5   chromedriver                        0x000000010491a968 _RNvCs9NA52FrZ4pF_7___rustc35___rust_no_alloc_shim_is_unstable_v2 + 481108
6   chromedriver                        0x0000000104884fd8 chromedriver + 118744
7   chromedriver                        0x0000000104dcd370 cxxbridge1$str$ptr + 2906052
8   chromedriver                        0x0000000104dd0af0 cxxbridge1$str$ptr + 2920260
9   chromedriver                        0x0000000104db42b0 cxxbridge1$str$ptr + 2803460
10  chromedriver                        0x0000000104dd1384 cxxbridge1$str$ptr + 2922456
11  chromedriver                        0x0000000104da57d0 cxxbridge1$str$ptr + 2743332
12  chromedriver                        0x0000000104882d30 chromedriver + 109872
13  dyld                                0x000000018a077e00 start + 6992

2026-06-18 22:31:46,086 [INFO]   🔄 DDG fallback: "Econo Hotel Group" Cartagena email contacto
2026-06-18 22:31:46,454 [INFO] response: https://www.bing.com/search?q=%22Econo+Hotel+Group%22+Cartagena+email+contacto 200
2026-06-18 22:31:50,311 [INFO]   🔍 DDG→Facebook: "Econo Hotel Group" Cartagena site:facebook.com
2026-06-18 22:31:50,705 [INFO] response: https://www.bing.com/search?q=%22Econo+Hotel+Group%22+Cartagena+site%3Afacebook.com 200
2026-06-18 22:31:51,895 [INFO] response: https://www.bing.com/search?q=%22Econo+Hotel+Group%22+Cartagena+site%3Afacebook.com&first=11&FORM=PERE 200
2026-06-18 22:31:52,962 [INFO] response: https://www.bing.com/search?q=%22Econo+Hotel+Group%22+Cartagena+site%3Afacebook.com&first=21&FORM=PERE1 200
2026-06-18 22:31:54,222 [INFO] response: https://www.bing.com/search?q=%22Econo+Hotel+Group%22+Cartagena+site%3Afacebook.com&first=31&FORM=PERE2 200
2026-06-18 22:31:55,552 [INFO] response: https://www.bing.com/search?q=%22Econo+Hotel+Group%22+Cartagena+site%3Afacebook.com&first=41&FORM=PERE3 200
2026-06-18 22:31:58,994 [INFO]   ❌ Sin resultado: Econo Hotel Group S A S
2026-06-18 22:32:03,596 [INFO] 
[168/210] Hoteles Y Turismo S A S (Cartagena)
2026-06-18 22:32:03,596 [INFO]   🔍 Google: "Hoteles Y Turismo" Cartagena email contacto
2026-06-18 22:32:03,598 [WARNING] Error navegando a Google: Message: invalid session id; For documentation on this error, please visit: https://www.selenium.dev/documentation/webdriver/troubleshooting/errors#invalidsessionidexception
Stacktrace:
0   chromedriver                        0x0000000104e0f1e4 cxxbridge1$str$ptr + 3175992
1   chromedriver                        0x0000000104e072ac cxxbridge1$str$ptr + 3143424
2   chromedriver                        0x00000001048b7178 _RNvCs9NA52FrZ4pF_7___rustc35___rust_no_alloc_shim_is_unstable_v2 + 73572
3   chromedriver                        0x00000001048f46c4 _RNvCs9NA52FrZ4pF_7___rustc35___rust_no_alloc_shim_is_unstable_v2 + 324784
4   chromedriver                        0x000000010491b068 _RNvCs9NA52FrZ4pF_7___rustc35___rust_no_alloc_shim_is_unstable_v2 + 482900
5   chromedriver                        0x000000010491a968 _RNvCs9NA52FrZ4pF_7___rustc35___rust_no_alloc_shim_is_unstable_v2 + 481108
6   chromedriver                        0x0000000104884fd8 chromedriver + 118744
7   chromedriver                        0x0000000104dcd370 cxxbridge1$str$ptr + 2906052
8   chromedriver                        0x0000000104dd0af0 cxxbridge1$str$ptr + 2920260
9   chromedriver                        0x0000000104db42b0 cxxbridge1$str$ptr + 2803460
10  chromedriver                        0x0000000104dd1384 cxxbridge1$str$ptr + 2922456
11  chromedriver                        0x0000000104da57d0 cxxbridge1$str$ptr + 2743332
12  chromedriver                        0x0000000104882d30 chromedriver + 109872
13  dyld                                0x000000018a077e00 start + 6992

2026-06-18 22:32:03,599 [INFO]   🔄 DDG fallback: "Hoteles Y Turismo" Cartagena email contacto
2026-06-18 22:32:04,126 [INFO] response: https://www.bing.com/search?q=%22Hoteles+Y+Turismo%22+Cartagena+email+contacto 200
2026-06-18 22:32:06,452 [INFO]   🔍 DDG→Facebook: "Hoteles Y Turismo" Cartagena site:facebook.com
2026-06-18 22:32:06,899 [INFO] response: https://www.bing.com/search?q=%22Hoteles+Y+Turismo%22+Cartagena+site%3Afacebook.com 200
2026-06-18 22:32:07,929 [INFO] response: https://www.bing.com/search?q=%22Hoteles+Y+Turismo%22+Cartagena+site%3Afacebook.com&first=11&FORM=PERE 200
2026-06-18 22:32:09,096 [INFO] response: https://www.bing.com/search?q=%22Hoteles+Y+Turismo%22+Cartagena+site%3Afacebook.com&first=21&FORM=PERE1 200
2026-06-18 22:32:10,402 [INFO] response: https://www.bing.com/search?q=%22Hoteles+Y+Turismo%22+Cartagena+site%3Afacebook.com&first=31&FORM=PERE2 200
2026-06-18 22:32:11,390 [INFO] response: https://www.bing.com/search?q=%22Hoteles+Y+Turismo%22+Cartagena+site%3Afacebook.com&first=41&FORM=PERE3 200
2026-06-18 22:32:13,872 [INFO]   ❌ Sin resultado: Hoteles Y Turismo S A S
2026-06-18 22:32:13,873 [INFO]   📊 Progreso 168/210 | Emails: 17 | Sin resultado: 158
2026-06-18 22:32:18,762 [INFO] 
[169/210] Hoteles Porton S A (Bogota)
2026-06-18 22:32:18,762 [INFO]   🔍 Google: "Hoteles Porton" Bogota email contacto
2026-06-18 22:32:18,765 [WARNING] Error navegando a Google: Message: invalid session id; For documentation on this error, please visit: https://www.selenium.dev/documentation/webdriver/troubleshooting/errors#invalidsessionidexception
Stacktrace:
0   chromedriver                        0x0000000104e0f1e4 cxxbridge1$str$ptr + 3175992
1   chromedriver                        0x0000000104e072ac cxxbridge1$str$ptr + 3143424
2   chromedriver                        0x00000001048b7178 _RNvCs9NA52FrZ4pF_7___rustc35___rust_no_alloc_shim_is_unstable_v2 + 73572
3   chromedriver                        0x00000001048f46c4 _RNvCs9NA52FrZ4pF_7___rustc35___rust_no_alloc_shim_is_unstable_v2 + 324784
4   chromedriver                        0x000000010491b068 _RNvCs9NA52FrZ4pF_7___rustc35___rust_no_alloc_shim_is_unstable_v2 + 482900
5   chromedriver                        0x000000010491a968 _RNvCs9NA52FrZ4pF_7___rustc35___rust_no_alloc_shim_is_unstable_v2 + 481108
6   chromedriver                        0x0000000104884fd8 chromedriver + 118744
7   chromedriver                        0x0000000104dcd370 cxxbridge1$str$ptr + 2906052
8   chromedriver                        0x0000000104dd0af0 cxxbridge1$str$ptr + 2920260
9   chromedriver                        0x0000000104db42b0 cxxbridge1$str$ptr + 2803460
10  chromedriver                        0x0000000104dd1384 cxxbridge1$str$ptr + 2922456
11  chromedriver                        0x0000000104da57d0 cxxbridge1$str$ptr + 2743332
12  chromedriver                        0x0000000104882d30 chromedriver + 109872
13  dyld                                0x000000018a077e00 start + 6992

2026-06-18 22:32:18,765 [INFO]   🔄 DDG fallback: "Hoteles Porton" Bogota email contacto
2026-06-18 22:32:19,216 [INFO] response: https://www.bing.com/search?q=%22Hoteles+Porton%22+Bogota+email+contacto 200
2026-06-18 22:32:21,517 [INFO]   🔍 DDG→Facebook: "Hoteles Porton" Bogota site:facebook.com
2026-06-18 22:32:21,888 [INFO] response: https://www.bing.com/search?q=%22Hoteles+Porton%22+Bogota+site%3Afacebook.com 200
2026-06-18 22:32:23,098 [INFO] response: https://www.bing.com/search?q=%22Hoteles+Porton%22+Bogota+site%3Afacebook.com&first=11&FORM=PERE 200
2026-06-18 22:32:24,134 [INFO] response: https://www.bing.com/search?q=%22Hoteles+Porton%22+Bogota+site%3Afacebook.com&first=21&FORM=PERE1 200
2026-06-18 22:32:25,189 [INFO] response: https://www.bing.com/search?q=%22Hoteles+Porton%22+Bogota+site%3Afacebook.com&first=31&FORM=PERE2 200
2026-06-18 22:32:26,180 [INFO] response: https://www.bing.com/search?q=%22Hoteles+Porton%22+Bogota+site%3Afacebook.com&first=41&FORM=PERE3 200
2026-06-18 22:32:28,421 [INFO]   ❌ Sin resultado: Hoteles Porton S A
2026-06-18 22:32:35,106 [INFO] 
[170/210] Qp Hoteles S A S (Cali)
2026-06-18 22:32:35,108 [INFO]   🔍 Google: "Qp Hoteles" Cali email contacto
2026-06-18 22:32:35,110 [WARNING] Error navegando a Google: Message: invalid session id; For documentation on this error, please visit: https://www.selenium.dev/documentation/webdriver/troubleshooting/errors#invalidsessionidexception
Stacktrace:
0   chromedriver                        0x0000000104e0f1e4 cxxbridge1$str$ptr + 3175992
1   chromedriver                        0x0000000104e072ac cxxbridge1$str$ptr + 3143424
2   chromedriver                        0x00000001048b7178 _RNvCs9NA52FrZ4pF_7___rustc35___rust_no_alloc_shim_is_unstable_v2 + 73572
3   chromedriver                        0x00000001048f46c4 _RNvCs9NA52FrZ4pF_7___rustc35___rust_no_alloc_shim_is_unstable_v2 + 324784
4   chromedriver                        0x000000010491b068 _RNvCs9NA52FrZ4pF_7___rustc35___rust_no_alloc_shim_is_unstable_v2 + 482900
5   chromedriver                        0x000000010491a968 _RNvCs9NA52FrZ4pF_7___rustc35___rust_no_alloc_shim_is_unstable_v2 + 481108
6   chromedriver                        0x0000000104884fd8 chromedriver + 118744
7   chromedriver                        0x0000000104dcd370 cxxbridge1$str$ptr + 2906052
8   chromedriver                        0x0000000104dd0af0 cxxbridge1$str$ptr + 2920260
9   chromedriver                        0x0000000104db42b0 cxxbridge1$str$ptr + 2803460
10  chromedriver                        0x0000000104dd1384 cxxbridge1$str$ptr + 2922456
11  chromedriver                        0x0000000104da57d0 cxxbridge1$str$ptr + 2743332
12  chromedriver                        0x0000000104882d30 chromedriver + 109872
13  dyld                                0x000000018a077e00 start + 6992

2026-06-18 22:32:35,110 [INFO]   🔄 DDG fallback: "Qp Hoteles" Cali email contacto
2026-06-18 22:32:35,487 [INFO] response: https://www.bing.com/search?q=%22Qp+Hoteles%22+Cali+email+contacto 200
2026-06-18 22:32:39,629 [INFO]   🔍 DDG→Facebook: "Qp Hoteles" Cali site:facebook.com
2026-06-18 22:32:45,034 [INFO] response: https://www.bing.com/search?q=%22Qp+Hoteles%22+Cali+site%3Afacebook.com 200
2026-06-18 22:32:46,014 [INFO] response: https://www.bing.com/search?q=%22Qp+Hoteles%22+Cali+site%3Afacebook.com&first=11&FORM=PERE 200
2026-06-18 22:32:47,102 [INFO] response: https://www.bing.com/search?q=%22Qp+Hoteles%22+Cali+site%3Afacebook.com&first=21&FORM=PERE1 200
2026-06-18 22:32:48,215 [INFO] response: https://www.bing.com/search?q=%22Qp+Hoteles%22+Cali+site%3Afacebook.com&first=31&FORM=PERE2 200
2026-06-18 22:32:49,251 [INFO] response: https://www.bing.com/search?q=%22Qp+Hoteles%22+Cali+site%3Afacebook.com&first=41&FORM=PERE3 200
2026-06-18 22:32:52,530 [INFO]   ❌ Sin resultado: Qp Hoteles S A S
2026-06-18 22:32:56,884 [INFO] 
[171/210] Innova Ideas Y Proyectos Sas (Bogota)
2026-06-18 22:32:56,885 [INFO]   🔍 Google: "Innova Ideas Y Proyectos" Bogota email contacto
2026-06-18 22:32:56,888 [WARNING] Error navegando a Google: Message: invalid session id; For documentation on this error, please visit: https://www.selenium.dev/documentation/webdriver/troubleshooting/errors#invalidsessionidexception
Stacktrace:
0   chromedriver                        0x0000000104e0f1e4 cxxbridge1$str$ptr + 3175992
1   chromedriver                        0x0000000104e072ac cxxbridge1$str$ptr + 3143424
2   chromedriver                        0x00000001048b7178 _RNvCs9NA52FrZ4pF_7___rustc35___rust_no_alloc_shim_is_unstable_v2 + 73572
3   chromedriver                        0x00000001048f46c4 _RNvCs9NA52FrZ4pF_7___rustc35___rust_no_alloc_shim_is_unstable_v2 + 324784
4   chromedriver                        0x000000010491b068 _RNvCs9NA52FrZ4pF_7___rustc35___rust_no_alloc_shim_is_unstable_v2 + 482900
5   chromedriver                        0x000000010491a968 _RNvCs9NA52FrZ4pF_7___rustc35___rust_no_alloc_shim_is_unstable_v2 + 481108
6   chromedriver                        0x0000000104884fd8 chromedriver + 118744
7   chromedriver                        0x0000000104dcd370 cxxbridge1$str$ptr + 2906052
8   chromedriver                        0x0000000104dd0af0 cxxbridge1$str$ptr + 2920260
9   chromedriver                        0x0000000104db42b0 cxxbridge1$str$ptr + 2803460
10  chromedriver                        0x0000000104dd1384 cxxbridge1$str$ptr + 2922456
11  chromedriver                        0x0000000104da57d0 cxxbridge1$str$ptr + 2743332
12  chromedriver                        0x0000000104882d30 chromedriver + 109872
13  dyld                                0x000000018a077e00 start + 6992

2026-06-18 22:32:56,888 [INFO]   🔄 DDG fallback: "Innova Ideas Y Proyectos" Bogota email contacto
2026-06-18 22:32:57,404 [INFO] response: https://www.bing.com/search?q=%22Innova+Ideas+Y+Proyectos%22+Bogota+email+contacto 200
2026-06-18 22:33:00,926 [INFO]   🔍 DDG→Facebook: "Innova Ideas Y Proyectos" Bogota site:facebook.com
2026-06-18 22:33:01,473 [INFO] response: https://www.bing.com/search?q=%22Innova+Ideas+Y+Proyectos%22+Bogota+site%3Afacebook.com 200
2026-06-18 22:33:02,581 [INFO] response: https://www.bing.com/search?q=%22Innova+Ideas+Y+Proyectos%22+Bogota+site%3Afacebook.com&first=11&FORM=PERE 200
2026-06-18 22:33:04,004 [INFO] response: https://www.bing.com/search?q=%22Innova+Ideas+Y+Proyectos%22+Bogota+site%3Afacebook.com&first=21&FORM=PERE1 200
2026-06-18 22:33:05,345 [INFO] response: https://www.bing.com/search?q=%22Innova+Ideas+Y+Proyectos%22+Bogota+site%3Afacebook.com&first=31&FORM=PERE2 200
2026-06-18 22:33:06,400 [INFO] response: https://www.bing.com/search?q=%22Innova+Ideas+Y+Proyectos%22+Bogota+site%3Afacebook.com&first=41&FORM=PERE3 200
2026-06-18 22:33:08,585 [INFO]   ❌ Sin resultado: Innova Ideas Y Proyectos Sas
2026-06-18 22:33:13,260 [INFO] 
[172/210] Blue Suites Hotel S A (Bogota)
2026-06-18 22:33:13,260 [INFO]   🔍 Google: "Blue Suites Hotel" Bogota email contacto
2026-06-18 22:33:13,262 [WARNING] Error navegando a Google: Message: invalid session id; For documentation on this error, please visit: https://www.selenium.dev/documentation/webdriver/troubleshooting/errors#invalidsessionidexception
Stacktrace:
0   chromedriver                        0x0000000104e0f1e4 cxxbridge1$str$ptr + 3175992
1   chromedriver                        0x0000000104e072ac cxxbridge1$str$ptr + 3143424
2   chromedriver                        0x00000001048b7178 _RNvCs9NA52FrZ4pF_7___rustc35___rust_no_alloc_shim_is_unstable_v2 + 73572
3   chromedriver                        0x00000001048f46c4 _RNvCs9NA52FrZ4pF_7___rustc35___rust_no_alloc_shim_is_unstable_v2 + 324784
4   chromedriver                        0x000000010491b068 _RNvCs9NA52FrZ4pF_7___rustc35___rust_no_alloc_shim_is_unstable_v2 + 482900
5   chromedriver                        0x000000010491a968 _RNvCs9NA52FrZ4pF_7___rustc35___rust_no_alloc_shim_is_unstable_v2 + 481108
6   chromedriver                        0x0000000104884fd8 chromedriver + 118744
7   chromedriver                        0x0000000104dcd370 cxxbridge1$str$ptr + 2906052
8   chromedriver                        0x0000000104dd0af0 cxxbridge1$str$ptr + 2920260
9   chromedriver                        0x0000000104db42b0 cxxbridge1$str$ptr + 2803460
10  chromedriver                        0x0000000104dd1384 cxxbridge1$str$ptr + 2922456
11  chromedriver                        0x0000000104da57d0 cxxbridge1$str$ptr + 2743332
12  chromedriver                        0x0000000104882d30 chromedriver + 109872
13  dyld                                0x000000018a077e00 start + 6992

2026-06-18 22:33:13,262 [INFO]   🔄 DDG fallback: "Blue Suites Hotel" Bogota email contacto
2026-06-18 22:33:13,645 [INFO] response: https://www.bing.com/search?q=%22Blue+Suites+Hotel%22+Bogota+email+contacto 200
2026-06-18 22:33:17,664 [INFO]   🔍 DDG→Facebook: "Blue Suites Hotel" Bogota site:facebook.com
2026-06-18 22:33:18,199 [INFO] response: https://www.bing.com/search?q=%22Blue+Suites+Hotel%22+Bogota+site%3Afacebook.com 200
2026-06-18 22:33:19,217 [INFO] response: https://www.bing.com/search?q=%22Blue+Suites+Hotel%22+Bogota+site%3Afacebook.com&first=11&FORM=PERE 200
2026-06-18 22:33:20,232 [INFO] response: https://www.bing.com/search?q=%22Blue+Suites+Hotel%22+Bogota+site%3Afacebook.com&first=21&FORM=PERE1 200
2026-06-18 22:33:21,330 [INFO] response: https://www.bing.com/search?q=%22Blue+Suites+Hotel%22+Bogota+site%3Afacebook.com&first=31&FORM=PERE2 200
2026-06-18 22:33:22,353 [INFO] response: https://www.bing.com/search?q=%22Blue+Suites+Hotel%22+Bogota+site%3Afacebook.com&first=41&FORM=PERE3 200
2026-06-18 22:33:25,685 [INFO]   ❌ Sin resultado: Blue Suites Hotel S A
2026-06-18 22:33:32,301 [INFO] 
[173/210] Los Patios Hostal Boutique S A S (Medellin)
2026-06-18 22:33:32,301 [INFO]   🔍 Google: "Los Patios Hostal Boutique" Medellin email contacto
2026-06-18 22:33:32,303 [WARNING] Error navegando a Google: Message: invalid session id; For documentation on this error, please visit: https://www.selenium.dev/documentation/webdriver/troubleshooting/errors#invalidsessionidexception
Stacktrace:
0   chromedriver                        0x0000000104e0f1e4 cxxbridge1$str$ptr + 3175992
1   chromedriver                        0x0000000104e072ac cxxbridge1$str$ptr + 3143424
2   chromedriver                        0x00000001048b7178 _RNvCs9NA52FrZ4pF_7___rustc35___rust_no_alloc_shim_is_unstable_v2 + 73572
3   chromedriver                        0x00000001048f46c4 _RNvCs9NA52FrZ4pF_7___rustc35___rust_no_alloc_shim_is_unstable_v2 + 324784
4   chromedriver                        0x000000010491b068 _RNvCs9NA52FrZ4pF_7___rustc35___rust_no_alloc_shim_is_unstable_v2 + 482900
5   chromedriver                        0x000000010491a968 _RNvCs9NA52FrZ4pF_7___rustc35___rust_no_alloc_shim_is_unstable_v2 + 481108
6   chromedriver                        0x0000000104884fd8 chromedriver + 118744
7   chromedriver                        0x0000000104dcd370 cxxbridge1$str$ptr + 2906052
8   chromedriver                        0x0000000104dd0af0 cxxbridge1$str$ptr + 2920260
9   chromedriver                        0x0000000104db42b0 cxxbridge1$str$ptr + 2803460
10  chromedriver                        0x0000000104dd1384 cxxbridge1$str$ptr + 2922456
11  chromedriver                        0x0000000104da57d0 cxxbridge1$str$ptr + 2743332
12  chromedriver                        0x0000000104882d30 chromedriver + 109872
13  dyld                                0x000000018a077e00 start + 6992

2026-06-18 22:33:32,304 [INFO]   🔄 DDG fallback: "Los Patios Hostal Boutique" Medellin email contacto
2026-06-18 22:33:32,789 [INFO] response: https://www.bing.com/search?q=%22Los+Patios+Hostal+Boutique%22+Medellin+email+contacto 200
2026-06-18 22:33:36,271 [INFO]   🌐 Visitando (ddg): https://es.wiktionary.org/wiki/los
2026-06-18 22:33:51,820 [INFO]   🌐 Visitando (ddg): https://llanosorientales.losolivos.co/
2026-06-18 22:34:45,460 [INFO]   🌐 Visitando (ddg): https://es.thefreedictionary.com/los
2026-06-18 22:34:56,523 [INFO]   🔍 DDG→Facebook: "Los Patios Hostal Boutique" Medellin site:facebook.com
2026-06-18 22:34:56,912 [INFO] response: https://www.bing.com/search?q=%22Los+Patios+Hostal+Boutique%22+Medellin+site%3Afacebook.com 200
2026-06-18 22:34:57,915 [INFO] response: https://www.bing.com/search?q=%22Los+Patios+Hostal+Boutique%22+Medellin+site%3Afacebook.com&first=11&FORM=PERE 200
2026-06-18 22:34:58,932 [INFO] response: https://www.bing.com/search?q=%22Los+Patios+Hostal+Boutique%22+Medellin+site%3Afacebook.com&first=21&FORM=PERE1 200
2026-06-18 22:35:00,005 [INFO] response: https://www.bing.com/search?q=%22Los+Patios+Hostal+Boutique%22+Medellin+site%3Afacebook.com&first=31&FORM=PERE2 200
2026-06-18 22:35:01,309 [INFO] response: https://www.bing.com/search?q=%22Los+Patios+Hostal+Boutique%22+Medellin+site%3Afacebook.com&first=41&FORM=PERE3 200
2026-06-18 22:35:04,927 [INFO]   ❌ Sin resultado: Los Patios Hostal Boutique S A S
2026-06-18 22:35:04,928 [INFO]   📊 Progreso 173/210 | Emails: 17 | Sin resultado: 163
2026-06-18 22:35:10,721 [INFO] 
[174/210] Hotel Puerta Del Sol S A S (Barranquilla)
2026-06-18 22:35:10,721 [INFO]   🔍 Google: "Hotel Puerta Del Sol" Barranquilla email contacto
2026-06-18 22:35:10,725 [WARNING] Error navegando a Google: Message: invalid session id; For documentation on this error, please visit: https://www.selenium.dev/documentation/webdriver/troubleshooting/errors#invalidsessionidexception
Stacktrace:
0   chromedriver                        0x0000000104e0f1e4 cxxbridge1$str$ptr + 3175992
1   chromedriver                        0x0000000104e072ac cxxbridge1$str$ptr + 3143424
2   chromedriver                        0x00000001048b7178 _RNvCs9NA52FrZ4pF_7___rustc35___rust_no_alloc_shim_is_unstable_v2 + 73572
3   chromedriver                        0x00000001048f46c4 _RNvCs9NA52FrZ4pF_7___rustc35___rust_no_alloc_shim_is_unstable_v2 + 324784
4   chromedriver                        0x000000010491b068 _RNvCs9NA52FrZ4pF_7___rustc35___rust_no_alloc_shim_is_unstable_v2 + 482900
5   chromedriver                        0x000000010491a968 _RNvCs9NA52FrZ4pF_7___rustc35___rust_no_alloc_shim_is_unstable_v2 + 481108
6   chromedriver                        0x0000000104884fd8 chromedriver + 118744
7   chromedriver                        0x0000000104dcd370 cxxbridge1$str$ptr + 2906052
8   chromedriver                        0x0000000104dd0af0 cxxbridge1$str$ptr + 2920260
9   chromedriver                        0x0000000104db42b0 cxxbridge1$str$ptr + 2803460
10  chromedriver                        0x0000000104dd1384 cxxbridge1$str$ptr + 2922456
11  chromedriver                        0x0000000104da57d0 cxxbridge1$str$ptr + 2743332
12  chromedriver                        0x0000000104882d30 chromedriver + 109872
13  dyld                                0x000000018a077e00 start + 6992

2026-06-18 22:35:10,725 [INFO]   🔄 DDG fallback: "Hotel Puerta Del Sol" Barranquilla email contacto
2026-06-18 22:35:16,067 [INFO] response: https://www.bing.com/search?q=%22Hotel+Puerta+Del+Sol%22+Barranquilla+email+contacto 200
2026-06-18 22:35:18,990 [INFO]   🔍 DDG→Facebook: "Hotel Puerta Del Sol" Barranquilla site:facebook.com
2026-06-18 22:35:24,383 [INFO] response: https://www.bing.com/search?q=%22Hotel+Puerta+Del+Sol%22+Barranquilla+site%3Afacebook.com 200
2026-06-18 22:35:25,399 [INFO] response: https://www.bing.com/search?q=%22Hotel+Puerta+Del+Sol%22+Barranquilla+site%3Afacebook.com&first=11&FORM=PERE 200
2026-06-18 22:35:26,358 [INFO] response: https://www.bing.com/search?q=%22Hotel+Puerta+Del+Sol%22+Barranquilla+site%3Afacebook.com&first=21&FORM=PERE1 200
2026-06-18 22:35:27,420 [INFO] response: https://www.bing.com/search?q=%22Hotel+Puerta+Del+Sol%22+Barranquilla+site%3Afacebook.com&first=31&FORM=PERE2 200
2026-06-18 22:35:28,404 [INFO] response: https://www.bing.com/search?q=%22Hotel+Puerta+Del+Sol%22+Barranquilla+site%3Afacebook.com&first=41&FORM=PERE3 200
2026-06-18 22:35:30,515 [INFO]   ❌ Sin resultado: Hotel Puerta Del Sol S A S
2026-06-18 22:35:36,161 [INFO] 
[175/210] Hotel Campestre El Campanario Ltda (Villavicencio)
2026-06-18 22:35:36,161 [INFO]   🔍 Google: "Hotel Campestre El Campanario" Villavicencio email contacto
2026-06-18 22:35:36,163 [WARNING] Error navegando a Google: Message: invalid session id; For documentation on this error, please visit: https://www.selenium.dev/documentation/webdriver/troubleshooting/errors#invalidsessionidexception
Stacktrace:
0   chromedriver                        0x0000000104e0f1e4 cxxbridge1$str$ptr + 3175992
1   chromedriver                        0x0000000104e072ac cxxbridge1$str$ptr + 3143424
2   chromedriver                        0x00000001048b7178 _RNvCs9NA52FrZ4pF_7___rustc35___rust_no_alloc_shim_is_unstable_v2 + 73572
3   chromedriver                        0x00000001048f46c4 _RNvCs9NA52FrZ4pF_7___rustc35___rust_no_alloc_shim_is_unstable_v2 + 324784
4   chromedriver                        0x000000010491b068 _RNvCs9NA52FrZ4pF_7___rustc35___rust_no_alloc_shim_is_unstable_v2 + 482900
5   chromedriver                        0x000000010491a968 _RNvCs9NA52FrZ4pF_7___rustc35___rust_no_alloc_shim_is_unstable_v2 + 481108
6   chromedriver                        0x0000000104884fd8 chromedriver + 118744
7   chromedriver                        0x0000000104dcd370 cxxbridge1$str$ptr + 2906052
8   chromedriver                        0x0000000104dd0af0 cxxbridge1$str$ptr + 2920260
9   chromedriver                        0x0000000104db42b0 cxxbridge1$str$ptr + 2803460
10  chromedriver                        0x0000000104dd1384 cxxbridge1$str$ptr + 2922456
11  chromedriver                        0x0000000104da57d0 cxxbridge1$str$ptr + 2743332
12  chromedriver                        0x0000000104882d30 chromedriver + 109872
13  dyld                                0x000000018a077e00 start + 6992

2026-06-18 22:35:36,163 [INFO]   🔄 DDG fallback: "Hotel Campestre El Campanario" Villavicencio email contacto
2026-06-18 22:35:36,566 [INFO] response: https://www.bing.com/search?q=%22Hotel+Campestre+El+Campanario%22+Villavicencio+email+contacto 200
2026-06-18 22:35:38,865 [INFO]   🔍 DDG→Facebook: "Hotel Campestre El Campanario" Villavicencio site:facebook.com
2026-06-18 22:35:44,194 [INFO] response: https://www.bing.com/search?q=%22Hotel+Campestre+El+Campanario%22+Villavicencio+site%3Afacebook.com 200
2026-06-18 22:35:45,282 [INFO] response: https://www.bing.com/search?q=%22Hotel+Campestre+El+Campanario%22+Villavicencio+site%3Afacebook.com&first=11&FORM=PERE 200
2026-06-18 22:35:46,328 [INFO] response: https://www.bing.com/search?q=%22Hotel+Campestre+El+Campanario%22+Villavicencio+site%3Afacebook.com&first=21&FORM=PERE1 200
2026-06-18 22:35:47,355 [INFO] response: https://www.bing.com/search?q=%22Hotel+Campestre+El+Campanario%22+Villavicencio+site%3Afacebook.com&first=31&FORM=PERE2 200
2026-06-18 22:35:48,339 [INFO] response: https://www.bing.com/search?q=%22Hotel+Campestre+El+Campanario%22+Villavicencio+site%3Afacebook.com&first=41&FORM=PERE3 200
2026-06-18 22:35:52,150 [INFO]   ❌ Sin resultado: Hotel Campestre El Campanario Ltda
2026-06-18 22:35:59,262 [INFO] 
[176/210] Hotel Chicala S A S (Bogota)
2026-06-18 22:35:59,262 [INFO]   🔍 Google: "Hotel Chicala" Bogota email contacto
2026-06-18 22:35:59,265 [WARNING] Error navegando a Google: Message: invalid session id; For documentation on this error, please visit: https://www.selenium.dev/documentation/webdriver/troubleshooting/errors#invalidsessionidexception
Stacktrace:
0   chromedriver                        0x0000000104e0f1e4 cxxbridge1$str$ptr + 3175992
1   chromedriver                        0x0000000104e072ac cxxbridge1$str$ptr + 3143424
2   chromedriver                        0x00000001048b7178 _RNvCs9NA52FrZ4pF_7___rustc35___rust_no_alloc_shim_is_unstable_v2 + 73572
3   chromedriver                        0x00000001048f46c4 _RNvCs9NA52FrZ4pF_7___rustc35___rust_no_alloc_shim_is_unstable_v2 + 324784
4   chromedriver                        0x000000010491b068 _RNvCs9NA52FrZ4pF_7___rustc35___rust_no_alloc_shim_is_unstable_v2 + 482900
5   chromedriver                        0x000000010491a968 _RNvCs9NA52FrZ4pF_7___rustc35___rust_no_alloc_shim_is_unstable_v2 + 481108
6   chromedriver                        0x0000000104884fd8 chromedriver + 118744
7   chromedriver                        0x0000000104dcd370 cxxbridge1$str$ptr + 2906052
8   chromedriver                        0x0000000104dd0af0 cxxbridge1$str$ptr + 2920260
9   chromedriver                        0x0000000104db42b0 cxxbridge1$str$ptr + 2803460
10  chromedriver                        0x0000000104dd1384 cxxbridge1$str$ptr + 2922456
11  chromedriver                        0x0000000104da57d0 cxxbridge1$str$ptr + 2743332
12  chromedriver                        0x0000000104882d30 chromedriver + 109872
13  dyld                                0x000000018a077e00 start + 6992

2026-06-18 22:35:59,265 [INFO]   🔄 DDG fallback: "Hotel Chicala" Bogota email contacto
2026-06-18 22:35:59,797 [INFO] response: https://www.bing.com/search?q=%22Hotel+Chicala%22+Bogota+email+contacto 200
2026-06-18 22:36:03,121 [INFO]   🔍 DDG→Facebook: "Hotel Chicala" Bogota site:facebook.com
2026-06-18 22:36:03,503 [INFO] response: https://www.bing.com/search?q=%22Hotel+Chicala%22+Bogota+site%3Afacebook.com 200
2026-06-18 22:36:04,552 [INFO] response: https://www.bing.com/search?q=%22Hotel+Chicala%22+Bogota+site%3Afacebook.com&first=11&FORM=PERE 200
2026-06-18 22:36:05,546 [INFO] response: https://www.bing.com/search?q=%22Hotel+Chicala%22+Bogota+site%3Afacebook.com&first=21&FORM=PERE1 200
2026-06-18 22:36:06,640 [INFO] response: https://www.bing.com/search?q=%22Hotel+Chicala%22+Bogota+site%3Afacebook.com&first=31&FORM=PERE2 200
2026-06-18 22:36:07,672 [INFO] response: https://www.bing.com/search?q=%22Hotel+Chicala%22+Bogota+site%3Afacebook.com&first=41&FORM=PERE3 200
2026-06-18 22:36:11,381 [INFO]   ❌ Sin resultado: Hotel Chicala S A S
2026-06-18 22:36:17,824 [INFO] 
[177/210] Hoteles Gps S A S (Cali)
2026-06-18 22:36:17,824 [INFO]   🔍 Google: "Hoteles Gps" Cali email contacto
2026-06-18 22:36:17,826 [WARNING] Error navegando a Google: Message: invalid session id; For documentation on this error, please visit: https://www.selenium.dev/documentation/webdriver/troubleshooting/errors#invalidsessionidexception
Stacktrace:
0   chromedriver                        0x0000000104e0f1e4 cxxbridge1$str$ptr + 3175992
1   chromedriver                        0x0000000104e072ac cxxbridge1$str$ptr + 3143424
2   chromedriver                        0x00000001048b7178 _RNvCs9NA52FrZ4pF_7___rustc35___rust_no_alloc_shim_is_unstable_v2 + 73572
3   chromedriver                        0x00000001048f46c4 _RNvCs9NA52FrZ4pF_7___rustc35___rust_no_alloc_shim_is_unstable_v2 + 324784
4   chromedriver                        0x000000010491b068 _RNvCs9NA52FrZ4pF_7___rustc35___rust_no_alloc_shim_is_unstable_v2 + 482900
5   chromedriver                        0x000000010491a968 _RNvCs9NA52FrZ4pF_7___rustc35___rust_no_alloc_shim_is_unstable_v2 + 481108
6   chromedriver                        0x0000000104884fd8 chromedriver + 118744
7   chromedriver                        0x0000000104dcd370 cxxbridge1$str$ptr + 2906052
8   chromedriver                        0x0000000104dd0af0 cxxbridge1$str$ptr + 2920260
9   chromedriver                        0x0000000104db42b0 cxxbridge1$str$ptr + 2803460
10  chromedriver                        0x0000000104dd1384 cxxbridge1$str$ptr + 2922456
11  chromedriver                        0x0000000104da57d0 cxxbridge1$str$ptr + 2743332
12  chromedriver                        0x0000000104882d30 chromedriver + 109872
13  dyld                                0x000000018a077e00 start + 6992

2026-06-18 22:36:17,826 [INFO]   🔄 DDG fallback: "Hoteles Gps" Cali email contacto
2026-06-18 22:36:18,357 [INFO] response: https://www.bing.com/search?q=%22Hoteles+Gps%22+Cali+email+contacto 200
2026-06-18 22:36:20,677 [INFO]   🔍 DDG→Facebook: "Hoteles Gps" Cali site:facebook.com
2026-06-18 22:36:21,387 [INFO] response: https://www.bing.com/search?q=%22Hoteles+Gps%22+Cali+site%3Afacebook.com 200
2026-06-18 22:36:22,479 [INFO] response: https://www.bing.com/search?q=%22Hoteles+Gps%22+Cali+site%3Afacebook.com&first=11&FORM=PERE 200
2026-06-18 22:36:23,522 [INFO] response: https://www.bing.com/search?q=%22Hoteles+Gps%22+Cali+site%3Afacebook.com&first=21&FORM=PERE1 200
2026-06-18 22:36:24,641 [INFO] response: https://www.bing.com/search?q=%22Hoteles+Gps%22+Cali+site%3Afacebook.com&first=31&FORM=PERE2 200
2026-06-18 22:36:25,730 [INFO] response: https://www.bing.com/search?q=%22Hoteles+Gps%22+Cali+site%3Afacebook.com&first=41&FORM=PERE3 200
2026-06-18 22:36:28,339 [INFO]   ❌ Sin resultado: Hoteles Gps S A S
2026-06-18 22:36:34,493 [INFO] 
[178/210] Hotel Sicarare S A S (Valledupar)
2026-06-18 22:36:34,494 [INFO]   🔍 Google: "Hotel Sicarare" Valledupar email contacto
2026-06-18 22:36:34,496 [WARNING] Error navegando a Google: Message: invalid session id; For documentation on this error, please visit: https://www.selenium.dev/documentation/webdriver/troubleshooting/errors#invalidsessionidexception
Stacktrace:
0   chromedriver                        0x0000000104e0f1e4 cxxbridge1$str$ptr + 3175992
1   chromedriver                        0x0000000104e072ac cxxbridge1$str$ptr + 3143424
2   chromedriver                        0x00000001048b7178 _RNvCs9NA52FrZ4pF_7___rustc35___rust_no_alloc_shim_is_unstable_v2 + 73572
3   chromedriver                        0x00000001048f46c4 _RNvCs9NA52FrZ4pF_7___rustc35___rust_no_alloc_shim_is_unstable_v2 + 324784
4   chromedriver                        0x000000010491b068 _RNvCs9NA52FrZ4pF_7___rustc35___rust_no_alloc_shim_is_unstable_v2 + 482900
5   chromedriver                        0x000000010491a968 _RNvCs9NA52FrZ4pF_7___rustc35___rust_no_alloc_shim_is_unstable_v2 + 481108
6   chromedriver                        0x0000000104884fd8 chromedriver + 118744
7   chromedriver                        0x0000000104dcd370 cxxbridge1$str$ptr + 2906052
8   chromedriver                        0x0000000104dd0af0 cxxbridge1$str$ptr + 2920260
9   chromedriver                        0x0000000104db42b0 cxxbridge1$str$ptr + 2803460
10  chromedriver                        0x0000000104dd1384 cxxbridge1$str$ptr + 2922456
11  chromedriver                        0x0000000104da57d0 cxxbridge1$str$ptr + 2743332
12  chromedriver                        0x0000000104882d30 chromedriver + 109872
13  dyld                                0x000000018a077e00 start + 6992

2026-06-18 22:36:34,496 [INFO]   🔄 DDG fallback: "Hotel Sicarare" Valledupar email contacto
2026-06-18 22:36:34,946 [INFO] response: https://www.bing.com/search?q=%22Hotel+Sicarare%22+Valledupar+email+contacto 200
2026-06-18 22:36:38,310 [INFO]   🔍 DDG→Facebook: "Hotel Sicarare" Valledupar site:facebook.com
2026-06-18 22:36:38,713 [INFO] response: https://www.bing.com/search?q=%22Hotel+Sicarare%22+Valledupar+site%3Afacebook.com 200
2026-06-18 22:36:39,740 [INFO] response: https://www.bing.com/search?q=%22Hotel+Sicarare%22+Valledupar+site%3Afacebook.com&first=11&FORM=PERE 200
2026-06-18 22:36:40,807 [INFO] response: https://www.bing.com/search?q=%22Hotel+Sicarare%22+Valledupar+site%3Afacebook.com&first=21&FORM=PERE1 200
2026-06-18 22:36:41,885 [INFO] response: https://www.bing.com/search?q=%22Hotel+Sicarare%22+Valledupar+site%3Afacebook.com&first=31&FORM=PERE2 200
2026-06-18 22:36:42,907 [INFO] response: https://www.bing.com/search?q=%22Hotel+Sicarare%22+Valledupar+site%3Afacebook.com&first=41&FORM=PERE3 200
2026-06-18 22:36:45,688 [INFO]   ❌ Sin resultado: Hotel Sicarare S A S
2026-06-18 22:36:45,690 [INFO]   📊 Progreso 178/210 | Emails: 17 | Sin resultado: 168
2026-06-18 22:36:50,403 [INFO] 
[179/210] Administradora De Hoteles G M H S A (Santa Marta)
2026-06-18 22:36:50,403 [INFO]   🔍 Google: "Administradora De Hoteles G M H" Santa Marta email contacto
2026-06-18 22:36:50,405 [WARNING] Error navegando a Google: Message: invalid session id; For documentation on this error, please visit: https://www.selenium.dev/documentation/webdriver/troubleshooting/errors#invalidsessionidexception
Stacktrace:
0   chromedriver                        0x0000000104e0f1e4 cxxbridge1$str$ptr + 3175992
1   chromedriver                        0x0000000104e072ac cxxbridge1$str$ptr + 3143424
2   chromedriver                        0x00000001048b7178 _RNvCs9NA52FrZ4pF_7___rustc35___rust_no_alloc_shim_is_unstable_v2 + 73572
3   chromedriver                        0x00000001048f46c4 _RNvCs9NA52FrZ4pF_7___rustc35___rust_no_alloc_shim_is_unstable_v2 + 324784
4   chromedriver                        0x000000010491b068 _RNvCs9NA52FrZ4pF_7___rustc35___rust_no_alloc_shim_is_unstable_v2 + 482900
5   chromedriver                        0x000000010491a968 _RNvCs9NA52FrZ4pF_7___rustc35___rust_no_alloc_shim_is_unstable_v2 + 481108
6   chromedriver                        0x0000000104884fd8 chromedriver + 118744
7   chromedriver                        0x0000000104dcd370 cxxbridge1$str$ptr + 2906052
8   chromedriver                        0x0000000104dd0af0 cxxbridge1$str$ptr + 2920260
9   chromedriver                        0x0000000104db42b0 cxxbridge1$str$ptr + 2803460
10  chromedriver                        0x0000000104dd1384 cxxbridge1$str$ptr + 2922456
11  chromedriver                        0x0000000104da57d0 cxxbridge1$str$ptr + 2743332
12  chromedriver                        0x0000000104882d30 chromedriver + 109872
13  dyld                                0x000000018a077e00 start + 6992

2026-06-18 22:36:50,405 [INFO]   🔄 DDG fallback: "Administradora De Hoteles G M H" Santa Marta email contacto
2026-06-18 22:36:50,778 [INFO] response: https://www.bing.com/search?q=%22Administradora+De+Hoteles+G+M+H%22+Santa+Marta+email+contacto 200
2026-06-18 22:36:51,763 [INFO] response: https://www.bing.com/search?q=%22Administradora+De+Hoteles+G+M+H%22+Santa+Marta+email+contacto&first=11&FORM=PERE 200
2026-06-18 22:36:54,344 [INFO]   🌐 Visitando (ddg): https://www.coinbase.com/signin
2026-06-18 22:37:06,301 [INFO]   🌐 Visitando (ddg): https://www.coinbase.com/
2026-06-18 22:37:08,876 [INFO]   🌐 Visitando (ddg): https://accounts.coinbase.com/signin
2026-06-18 22:37:18,326 [INFO]   🔍 DDG→Facebook: "Administradora De Hoteles G M H" Santa Marta site:facebook.com
2026-06-18 22:37:18,735 [INFO] response: https://www.bing.com/search?q=%22Administradora+De+Hoteles+G+M+H%22+Santa+Marta+site%3Afacebook.com 200
2026-06-18 22:37:19,820 [INFO] response: https://www.bing.com/search?q=%22Administradora+De+Hoteles+G+M+H%22+Santa+Marta+site%3Afacebook.com&first=11&FORM=PERE 200
2026-06-18 22:37:20,874 [INFO] response: https://www.bing.com/search?q=%22Administradora+De+Hoteles+G+M+H%22+Santa+Marta+site%3Afacebook.com&first=21&FORM=PERE1 200
2026-06-18 22:37:21,887 [INFO] response: https://www.bing.com/search?q=%22Administradora+De+Hoteles+G+M+H%22+Santa+Marta+site%3Afacebook.com&first=31&FORM=PERE2 200
2026-06-18 22:37:22,872 [INFO] response: https://www.bing.com/search?q=%22Administradora+De+Hoteles+G+M+H%22+Santa+Marta+site%3Afacebook.com&first=41&FORM=PERE3 200
2026-06-18 22:37:25,206 [INFO]   ❌ Sin resultado: Administradora De Hoteles G M H S A
2026-06-18 22:37:30,192 [INFO] 
[180/210] Hotel Turismo Sin Fronteras S A S (Cucuta)
2026-06-18 22:37:30,193 [INFO]   🔍 Google: "Hotel Turismo Sin Fronteras" Cucuta email contacto
2026-06-18 22:37:30,195 [WARNING] Error navegando a Google: Message: invalid session id; For documentation on this error, please visit: https://www.selenium.dev/documentation/webdriver/troubleshooting/errors#invalidsessionidexception
Stacktrace:
0   chromedriver                        0x0000000104e0f1e4 cxxbridge1$str$ptr + 3175992
1   chromedriver                        0x0000000104e072ac cxxbridge1$str$ptr + 3143424
2   chromedriver                        0x00000001048b7178 _RNvCs9NA52FrZ4pF_7___rustc35___rust_no_alloc_shim_is_unstable_v2 + 73572
3   chromedriver                        0x00000001048f46c4 _RNvCs9NA52FrZ4pF_7___rustc35___rust_no_alloc_shim_is_unstable_v2 + 324784
4   chromedriver                        0x000000010491b068 _RNvCs9NA52FrZ4pF_7___rustc35___rust_no_alloc_shim_is_unstable_v2 + 482900
5   chromedriver                        0x000000010491a968 _RNvCs9NA52FrZ4pF_7___rustc35___rust_no_alloc_shim_is_unstable_v2 + 481108
6   chromedriver                        0x0000000104884fd8 chromedriver + 118744
7   chromedriver                        0x0000000104dcd370 cxxbridge1$str$ptr + 2906052
8   chromedriver                        0x0000000104dd0af0 cxxbridge1$str$ptr + 2920260
9   chromedriver                        0x0000000104db42b0 cxxbridge1$str$ptr + 2803460
10  chromedriver                        0x0000000104dd1384 cxxbridge1$str$ptr + 2922456
11  chromedriver                        0x0000000104da57d0 cxxbridge1$str$ptr + 2743332
12  chromedriver                        0x0000000104882d30 chromedriver + 109872
13  dyld                                0x000000018a077e00 start + 6992

2026-06-18 22:37:30,195 [INFO]   🔄 DDG fallback: "Hotel Turismo Sin Fronteras" Cucuta email contacto
2026-06-18 22:37:30,463 [INFO] response: https://www.bing.com/search?q=%22Hotel+Turismo+Sin+Fronteras%22+Cucuta+email+contacto 200
2026-06-18 22:37:34,429 [INFO]   🔍 DDG→Facebook: "Hotel Turismo Sin Fronteras" Cucuta site:facebook.com
2026-06-18 22:37:34,746 [INFO] response: https://www.bing.com/search?q=%22Hotel+Turismo+Sin+Fronteras%22+Cucuta+site%3Afacebook.com 200
2026-06-18 22:37:35,751 [INFO] response: https://www.bing.com/search?q=%22Hotel+Turismo+Sin+Fronteras%22+Cucuta+site%3Afacebook.com&first=11&FORM=PERE 200
2026-06-18 22:37:36,723 [INFO] response: https://www.bing.com/search?q=%22Hotel+Turismo+Sin+Fronteras%22+Cucuta+site%3Afacebook.com&first=21&FORM=PERE1 200
2026-06-18 22:37:37,702 [INFO] response: https://www.bing.com/search?q=%22Hotel+Turismo+Sin+Fronteras%22+Cucuta+site%3Afacebook.com&first=31&FORM=PERE2 200
2026-06-18 22:37:38,711 [INFO] response: https://www.bing.com/search?q=%22Hotel+Turismo+Sin+Fronteras%22+Cucuta+site%3Afacebook.com&first=41&FORM=PERE3 200
2026-06-18 22:37:41,411 [INFO]   ❌ Sin resultado: Hotel Turismo Sin Fronteras S A S
2026-06-18 22:37:46,391 [INFO] 
[181/210] Ecolodge El Almejal S A S (Medellin)
2026-06-18 22:37:46,391 [INFO]   🔍 Google: "Ecolodge El Almejal" Medellin email contacto
2026-06-18 22:37:46,394 [WARNING] Error navegando a Google: Message: invalid session id; For documentation on this error, please visit: https://www.selenium.dev/documentation/webdriver/troubleshooting/errors#invalidsessionidexception
Stacktrace:
0   chromedriver                        0x0000000104e0f1e4 cxxbridge1$str$ptr + 3175992
1   chromedriver                        0x0000000104e072ac cxxbridge1$str$ptr + 3143424
2   chromedriver                        0x00000001048b7178 _RNvCs9NA52FrZ4pF_7___rustc35___rust_no_alloc_shim_is_unstable_v2 + 73572
3   chromedriver                        0x00000001048f46c4 _RNvCs9NA52FrZ4pF_7___rustc35___rust_no_alloc_shim_is_unstable_v2 + 324784
4   chromedriver                        0x000000010491b068 _RNvCs9NA52FrZ4pF_7___rustc35___rust_no_alloc_shim_is_unstable_v2 + 482900
5   chromedriver                        0x000000010491a968 _RNvCs9NA52FrZ4pF_7___rustc35___rust_no_alloc_shim_is_unstable_v2 + 481108
6   chromedriver                        0x0000000104884fd8 chromedriver + 118744
7   chromedriver                        0x0000000104dcd370 cxxbridge1$str$ptr + 2906052
8   chromedriver                        0x0000000104dd0af0 cxxbridge1$str$ptr + 2920260
9   chromedriver                        0x0000000104db42b0 cxxbridge1$str$ptr + 2803460
10  chromedriver                        0x0000000104dd1384 cxxbridge1$str$ptr + 2922456
11  chromedriver                        0x0000000104da57d0 cxxbridge1$str$ptr + 2743332
12  chromedriver                        0x0000000104882d30 chromedriver + 109872
13  dyld                                0x000000018a077e00 start + 6992

2026-06-18 22:37:46,394 [INFO]   🔄 DDG fallback: "Ecolodge El Almejal" Medellin email contacto
2026-06-18 22:37:46,684 [INFO] response: https://www.bing.com/search?q=%22Ecolodge+El+Almejal%22+Medellin+email+contacto 200
2026-06-18 22:37:50,728 [INFO]   🔍 DDG→Facebook: "Ecolodge El Almejal" Medellin site:facebook.com
2026-06-18 22:37:51,013 [INFO] response: https://www.bing.com/search?q=%22Ecolodge+El+Almejal%22+Medellin+site%3Afacebook.com 200
2026-06-18 22:37:51,981 [INFO] response: https://www.bing.com/search?q=%22Ecolodge+El+Almejal%22+Medellin+site%3Afacebook.com&first=11&FORM=PERE 200
2026-06-18 22:37:52,958 [INFO] response: https://www.bing.com/search?q=%22Ecolodge+El+Almejal%22+Medellin+site%3Afacebook.com&first=21&FORM=PERE1 200
2026-06-18 22:37:53,937 [INFO] response: https://www.bing.com/search?q=%22Ecolodge+El+Almejal%22+Medellin+site%3Afacebook.com&first=31&FORM=PERE2 200
2026-06-18 22:37:54,954 [INFO] response: https://www.bing.com/search?q=%22Ecolodge+El+Almejal%22+Medellin+site%3Afacebook.com&first=41&FORM=PERE3 200
2026-06-18 22:37:57,648 [INFO]   ❌ Sin resultado: Ecolodge El Almejal S A S
2026-06-18 22:38:04,694 [INFO] 
[182/210] Inversiones Y Proyecciones Posada Hernandez S A S (Medellin)
2026-06-18 22:38:04,694 [INFO]   🔍 Google: "Inversiones Y Proyecciones Posada Hernandez" Medellin email contacto
2026-06-18 22:38:04,697 [WARNING] Error navegando a Google: Message: invalid session id; For documentation on this error, please visit: https://www.selenium.dev/documentation/webdriver/troubleshooting/errors#invalidsessionidexception
Stacktrace:
0   chromedriver                        0x0000000104e0f1e4 cxxbridge1$str$ptr + 3175992
1   chromedriver                        0x0000000104e072ac cxxbridge1$str$ptr + 3143424
2   chromedriver                        0x00000001048b7178 _RNvCs9NA52FrZ4pF_7___rustc35___rust_no_alloc_shim_is_unstable_v2 + 73572
3   chromedriver                        0x00000001048f46c4 _RNvCs9NA52FrZ4pF_7___rustc35___rust_no_alloc_shim_is_unstable_v2 + 324784
4   chromedriver                        0x000000010491b068 _RNvCs9NA52FrZ4pF_7___rustc35___rust_no_alloc_shim_is_unstable_v2 + 482900
5   chromedriver                        0x000000010491a968 _RNvCs9NA52FrZ4pF_7___rustc35___rust_no_alloc_shim_is_unstable_v2 + 481108
6   chromedriver                        0x0000000104884fd8 chromedriver + 118744
7   chromedriver                        0x0000000104dcd370 cxxbridge1$str$ptr + 2906052
8   chromedriver                        0x0000000104dd0af0 cxxbridge1$str$ptr + 2920260
9   chromedriver                        0x0000000104db42b0 cxxbridge1$str$ptr + 2803460
10  chromedriver                        0x0000000104dd1384 cxxbridge1$str$ptr + 2922456
11  chromedriver                        0x0000000104da57d0 cxxbridge1$str$ptr + 2743332
12  chromedriver                        0x0000000104882d30 chromedriver + 109872
13  dyld                                0x000000018a077e00 start + 6992

2026-06-18 22:38:04,697 [INFO]   🔄 DDG fallback: "Inversiones Y Proyecciones Posada Hernandez" Medellin email contacto
2026-06-18 22:38:05,094 [INFO] response: https://www.bing.com/search?q=%22Inversiones+Y+Proyecciones+Posada+Hernandez%22+Medellin+email+contacto 200
2026-06-18 22:38:08,104 [INFO]   🌐 Visitando (ddg): https://www.bbva.com/es/salud-financiera/que-son-las-inversiones-finan
2026-06-18 22:38:13,474 [INFO]   ✅ Email en sitio: hkgeneral@bbva.com
2026-06-18 22:38:18,406 [INFO] 
[183/210] Organizacion Hotelera Arcos Y Compania S A S (Cucuta)
2026-06-18 22:38:18,406 [INFO]   🔍 Google: "Organizacion Hotelera Arcos" Cucuta email contacto
2026-06-18 22:38:18,408 [WARNING] Error navegando a Google: Message: invalid session id; For documentation on this error, please visit: https://www.selenium.dev/documentation/webdriver/troubleshooting/errors#invalidsessionidexception
Stacktrace:
0   chromedriver                        0x0000000104e0f1e4 cxxbridge1$str$ptr + 3175992
1   chromedriver                        0x0000000104e072ac cxxbridge1$str$ptr + 3143424
2   chromedriver                        0x00000001048b7178 _RNvCs9NA52FrZ4pF_7___rustc35___rust_no_alloc_shim_is_unstable_v2 + 73572
3   chromedriver                        0x00000001048f46c4 _RNvCs9NA52FrZ4pF_7___rustc35___rust_no_alloc_shim_is_unstable_v2 + 324784
4   chromedriver                        0x000000010491b068 _RNvCs9NA52FrZ4pF_7___rustc35___rust_no_alloc_shim_is_unstable_v2 + 482900
5   chromedriver                        0x000000010491a968 _RNvCs9NA52FrZ4pF_7___rustc35___rust_no_alloc_shim_is_unstable_v2 + 481108
6   chromedriver                        0x0000000104884fd8 chromedriver + 118744
7   chromedriver                        0x0000000104dcd370 cxxbridge1$str$ptr + 2906052
8   chromedriver                        0x0000000104dd0af0 cxxbridge1$str$ptr + 2920260
9   chromedriver                        0x0000000104db42b0 cxxbridge1$str$ptr + 2803460
10  chromedriver                        0x0000000104dd1384 cxxbridge1$str$ptr + 2922456
11  chromedriver                        0x0000000104da57d0 cxxbridge1$str$ptr + 2743332
12  chromedriver                        0x0000000104882d30 chromedriver + 109872
13  dyld                                0x000000018a077e00 start + 6992

2026-06-18 22:38:18,408 [INFO]   🔄 DDG fallback: "Organizacion Hotelera Arcos" Cucuta email contacto
2026-06-18 22:38:18,873 [INFO] response: https://www.bing.com/search?q=%22Organizacion+Hotelera+Arcos%22+Cucuta+email+contacto 200
2026-06-18 22:38:21,031 [INFO]   🔍 DDG→Facebook: "Organizacion Hotelera Arcos" Cucuta site:facebook.com
2026-06-18 22:38:21,365 [INFO] response: https://www.bing.com/search?q=%22Organizacion+Hotelera+Arcos%22+Cucuta+site%3Afacebook.com 200
2026-06-18 22:38:22,384 [INFO] response: https://www.bing.com/search?q=%22Organizacion+Hotelera+Arcos%22+Cucuta+site%3Afacebook.com&first=11&FORM=PERE 200
2026-06-18 22:38:23,387 [INFO] response: https://www.bing.com/search?q=%22Organizacion+Hotelera+Arcos%22+Cucuta+site%3Afacebook.com&first=21&FORM=PERE1 200
2026-06-18 22:38:24,568 [INFO] response: https://www.bing.com/search?q=%22Organizacion+Hotelera+Arcos%22+Cucuta+site%3Afacebook.com&first=31&FORM=PERE2 200
2026-06-18 22:38:25,563 [INFO] response: https://www.bing.com/search?q=%22Organizacion+Hotelera+Arcos%22+Cucuta+site%3Afacebook.com&first=41&FORM=PERE3 200
2026-06-18 22:38:29,340 [INFO]   ❌ Sin resultado: Organizacion Hotelera Arcos Y Compania S A S
2026-06-18 22:38:29,341 [INFO]   📊 Progreso 183/210 | Emails: 18 | Sin resultado: 172
2026-06-18 22:38:34,234 [INFO] 
[184/210] Compania Turistica Y Hotelera S A S (Girardot)
2026-06-18 22:38:34,234 [INFO]   🔍 Google: "Compania Turistica Y Hotelera" Girardot email contacto
2026-06-18 22:38:34,237 [WARNING] Error navegando a Google: Message: invalid session id; For documentation on this error, please visit: https://www.selenium.dev/documentation/webdriver/troubleshooting/errors#invalidsessionidexception
Stacktrace:
0   chromedriver                        0x0000000104e0f1e4 cxxbridge1$str$ptr + 3175992
1   chromedriver                        0x0000000104e072ac cxxbridge1$str$ptr + 3143424
2   chromedriver                        0x00000001048b7178 _RNvCs9NA52FrZ4pF_7___rustc35___rust_no_alloc_shim_is_unstable_v2 + 73572
3   chromedriver                        0x00000001048f46c4 _RNvCs9NA52FrZ4pF_7___rustc35___rust_no_alloc_shim_is_unstable_v2 + 324784
4   chromedriver                        0x000000010491b068 _RNvCs9NA52FrZ4pF_7___rustc35___rust_no_alloc_shim_is_unstable_v2 + 482900
5   chromedriver                        0x000000010491a968 _RNvCs9NA52FrZ4pF_7___rustc35___rust_no_alloc_shim_is_unstable_v2 + 481108
6   chromedriver                        0x0000000104884fd8 chromedriver + 118744
7   chromedriver                        0x0000000104dcd370 cxxbridge1$str$ptr + 2906052
8   chromedriver                        0x0000000104dd0af0 cxxbridge1$str$ptr + 2920260
9   chromedriver                        0x0000000104db42b0 cxxbridge1$str$ptr + 2803460
10  chromedriver                        0x0000000104dd1384 cxxbridge1$str$ptr + 2922456
11  chromedriver                        0x0000000104da57d0 cxxbridge1$str$ptr + 2743332
12  chromedriver                        0x0000000104882d30 chromedriver + 109872
13  dyld                                0x000000018a077e00 start + 6992

2026-06-18 22:38:34,237 [INFO]   🔄 DDG fallback: "Compania Turistica Y Hotelera" Girardot email contacto
2026-06-18 22:38:35,021 [INFO] response: https://www.bing.com/search?q=%22Compania+Turistica+Y+Hotelera%22+Girardot+email+contacto 200
2026-06-18 22:38:37,924 [INFO]   🔍 DDG→Facebook: "Compania Turistica Y Hotelera" Girardot site:facebook.com
2026-06-18 22:38:38,604 [INFO] response: https://www.bing.com/search?q=%22Compania+Turistica+Y+Hotelera%22+Girardot+site%3Afacebook.com 200
2026-06-18 22:38:39,712 [INFO] response: https://www.bing.com/search?q=%22Compania+Turistica+Y+Hotelera%22+Girardot+site%3Afacebook.com&first=11&FORM=PERE 200
2026-06-18 22:38:40,737 [INFO] response: https://www.bing.com/search?q=%22Compania+Turistica+Y+Hotelera%22+Girardot+site%3Afacebook.com&first=21&FORM=PERE1 200
2026-06-18 22:38:42,007 [INFO] response: https://www.bing.com/search?q=%22Compania+Turistica+Y+Hotelera%22+Girardot+site%3Afacebook.com&first=31&FORM=PERE2 200
2026-06-18 22:38:43,321 [INFO] response: https://www.bing.com/search?q=%22Compania+Turistica+Y+Hotelera%22+Girardot+site%3Afacebook.com&first=41&FORM=PERE3 200
2026-06-18 22:38:46,121 [INFO]   ❌ Sin resultado: Compania Turistica Y Hotelera S A S
2026-06-18 22:38:54,017 [INFO] 
[185/210] Hotel Nido De Loros Sas (Medellin)
2026-06-18 22:38:54,018 [INFO]   🔍 Google: "Hotel Nido De Loros" Medellin email contacto
2026-06-18 22:38:54,020 [WARNING] Error navegando a Google: Message: invalid session id; For documentation on this error, please visit: https://www.selenium.dev/documentation/webdriver/troubleshooting/errors#invalidsessionidexception
Stacktrace:
0   chromedriver                        0x0000000104e0f1e4 cxxbridge1$str$ptr + 3175992
1   chromedriver                        0x0000000104e072ac cxxbridge1$str$ptr + 3143424
2   chromedriver                        0x00000001048b7178 _RNvCs9NA52FrZ4pF_7___rustc35___rust_no_alloc_shim_is_unstable_v2 + 73572
3   chromedriver                        0x00000001048f46c4 _RNvCs9NA52FrZ4pF_7___rustc35___rust_no_alloc_shim_is_unstable_v2 + 324784
4   chromedriver                        0x000000010491b068 _RNvCs9NA52FrZ4pF_7___rustc35___rust_no_alloc_shim_is_unstable_v2 + 482900
5   chromedriver                        0x000000010491a968 _RNvCs9NA52FrZ4pF_7___rustc35___rust_no_alloc_shim_is_unstable_v2 + 481108
6   chromedriver                        0x0000000104884fd8 chromedriver + 118744
7   chromedriver                        0x0000000104dcd370 cxxbridge1$str$ptr + 2906052
8   chromedriver                        0x0000000104dd0af0 cxxbridge1$str$ptr + 2920260
9   chromedriver                        0x0000000104db42b0 cxxbridge1$str$ptr + 2803460
10  chromedriver                        0x0000000104dd1384 cxxbridge1$str$ptr + 2922456
11  chromedriver                        0x0000000104da57d0 cxxbridge1$str$ptr + 2743332
12  chromedriver                        0x0000000104882d30 chromedriver + 109872
13  dyld                                0x000000018a077e00 start + 6992

2026-06-18 22:38:54,020 [INFO]   🔄 DDG fallback: "Hotel Nido De Loros" Medellin email contacto
2026-06-18 22:38:54,407 [INFO] response: https://www.bing.com/search?q=%22Hotel+Nido+De+Loros%22+Medellin+email+contacto 200
2026-06-18 22:38:58,167 [INFO]   🔍 DDG→Facebook: "Hotel Nido De Loros" Medellin site:facebook.com
2026-06-18 22:38:58,530 [INFO] response: https://www.bing.com/search?q=%22Hotel+Nido+De+Loros%22+Medellin+site%3Afacebook.com 200
2026-06-18 22:38:59,516 [INFO] response: https://www.bing.com/search?q=%22Hotel+Nido+De+Loros%22+Medellin+site%3Afacebook.com&first=11&FORM=PERE 200
2026-06-18 22:39:00,506 [INFO] response: https://www.bing.com/search?q=%22Hotel+Nido+De+Loros%22+Medellin+site%3Afacebook.com&first=21&FORM=PERE1 200
2026-06-18 22:39:01,504 [INFO] response: https://www.bing.com/search?q=%22Hotel+Nido+De+Loros%22+Medellin+site%3Afacebook.com&first=31&FORM=PERE2 200
2026-06-18 22:39:02,498 [INFO] response: https://www.bing.com/search?q=%22Hotel+Nido+De+Loros%22+Medellin+site%3Afacebook.com&first=41&FORM=PERE3 200
2026-06-18 22:39:06,481 [INFO]   ❌ Sin resultado: Hotel Nido De Loros Sas
2026-06-18 22:39:12,704 [INFO] 
[186/210] Hotel Laureles Plaza S A S (Medellin)
2026-06-18 22:39:12,704 [INFO]   🔍 Google: "Hotel Laureles Plaza" Medellin email contacto
2026-06-18 22:39:12,706 [WARNING] Error navegando a Google: Message: invalid session id; For documentation on this error, please visit: https://www.selenium.dev/documentation/webdriver/troubleshooting/errors#invalidsessionidexception
Stacktrace:
0   chromedriver                        0x0000000104e0f1e4 cxxbridge1$str$ptr + 3175992
1   chromedriver                        0x0000000104e072ac cxxbridge1$str$ptr + 3143424
2   chromedriver                        0x00000001048b7178 _RNvCs9NA52FrZ4pF_7___rustc35___rust_no_alloc_shim_is_unstable_v2 + 73572
3   chromedriver                        0x00000001048f46c4 _RNvCs9NA52FrZ4pF_7___rustc35___rust_no_alloc_shim_is_unstable_v2 + 324784
4   chromedriver                        0x000000010491b068 _RNvCs9NA52FrZ4pF_7___rustc35___rust_no_alloc_shim_is_unstable_v2 + 482900
5   chromedriver                        0x000000010491a968 _RNvCs9NA52FrZ4pF_7___rustc35___rust_no_alloc_shim_is_unstable_v2 + 481108
6   chromedriver                        0x0000000104884fd8 chromedriver + 118744
7   chromedriver                        0x0000000104dcd370 cxxbridge1$str$ptr + 2906052
8   chromedriver                        0x0000000104dd0af0 cxxbridge1$str$ptr + 2920260
9   chromedriver                        0x0000000104db42b0 cxxbridge1$str$ptr + 2803460
10  chromedriver                        0x0000000104dd1384 cxxbridge1$str$ptr + 2922456
11  chromedriver                        0x0000000104da57d0 cxxbridge1$str$ptr + 2743332
12  chromedriver                        0x0000000104882d30 chromedriver + 109872
13  dyld                                0x000000018a077e00 start + 6992

2026-06-18 22:39:12,706 [INFO]   🔄 DDG fallback: "Hotel Laureles Plaza" Medellin email contacto
2026-06-18 22:39:13,076 [INFO] response: https://www.bing.com/search?q=%22Hotel+Laureles+Plaza%22+Medellin+email+contacto 200
2026-06-18 22:39:16,195 [INFO]   🔍 DDG→Facebook: "Hotel Laureles Plaza" Medellin site:facebook.com
2026-06-18 22:39:16,632 [INFO] response: https://www.bing.com/search?q=%22Hotel+Laureles+Plaza%22+Medellin+site%3Afacebook.com 200
2026-06-18 22:39:17,649 [INFO] response: https://www.bing.com/search?q=%22Hotel+Laureles+Plaza%22+Medellin+site%3Afacebook.com&first=11&FORM=PERE 200
2026-06-18 22:39:18,660 [INFO] response: https://www.bing.com/search?q=%22Hotel+Laureles+Plaza%22+Medellin+site%3Afacebook.com&first=21&FORM=PERE1 200
2026-06-18 22:39:19,627 [INFO] response: https://www.bing.com/search?q=%22Hotel+Laureles+Plaza%22+Medellin+site%3Afacebook.com&first=31&FORM=PERE2 200
2026-06-18 22:39:20,721 [INFO] response: https://www.bing.com/search?q=%22Hotel+Laureles+Plaza%22+Medellin+site%3Afacebook.com&first=41&FORM=PERE3 200
2026-06-18 22:39:24,758 [INFO]   ❌ Sin resultado: Hotel Laureles Plaza S A S
2026-06-18 22:39:29,584 [INFO] 
[187/210] Awia Lodge & Camp Sas (Medellin)
2026-06-18 22:39:29,584 [INFO]   🔍 Google: "Awia Lodge & Camp" Medellin email contacto
2026-06-18 22:39:29,586 [WARNING] Error navegando a Google: Message: invalid session id; For documentation on this error, please visit: https://www.selenium.dev/documentation/webdriver/troubleshooting/errors#invalidsessionidexception
Stacktrace:
0   chromedriver                        0x0000000104e0f1e4 cxxbridge1$str$ptr + 3175992
1   chromedriver                        0x0000000104e072ac cxxbridge1$str$ptr + 3143424
2   chromedriver                        0x00000001048b7178 _RNvCs9NA52FrZ4pF_7___rustc35___rust_no_alloc_shim_is_unstable_v2 + 73572
3   chromedriver                        0x00000001048f46c4 _RNvCs9NA52FrZ4pF_7___rustc35___rust_no_alloc_shim_is_unstable_v2 + 324784
4   chromedriver                        0x000000010491b068 _RNvCs9NA52FrZ4pF_7___rustc35___rust_no_alloc_shim_is_unstable_v2 + 482900
5   chromedriver                        0x000000010491a968 _RNvCs9NA52FrZ4pF_7___rustc35___rust_no_alloc_shim_is_unstable_v2 + 481108
6   chromedriver                        0x0000000104884fd8 chromedriver + 118744
7   chromedriver                        0x0000000104dcd370 cxxbridge1$str$ptr + 2906052
8   chromedriver                        0x0000000104dd0af0 cxxbridge1$str$ptr + 2920260
9   chromedriver                        0x0000000104db42b0 cxxbridge1$str$ptr + 2803460
10  chromedriver                        0x0000000104dd1384 cxxbridge1$str$ptr + 2922456
11  chromedriver                        0x0000000104da57d0 cxxbridge1$str$ptr + 2743332
12  chromedriver                        0x0000000104882d30 chromedriver + 109872
13  dyld                                0x000000018a077e00 start + 6992

2026-06-18 22:39:29,587 [INFO]   🔄 DDG fallback: "Awia Lodge & Camp" Medellin email contacto
2026-06-18 22:39:34,915 [INFO] response: https://www.bing.com/search?q=%22Awia+Lodge+%26+Camp%22+Medellin+email+contacto 200
2026-06-18 22:39:37,087 [INFO]   🔍 DDG→Facebook: "Awia Lodge & Camp" Medellin site:facebook.com
2026-06-18 22:39:37,554 [INFO] response: https://www.bing.com/search?q=%22Awia+Lodge+%26+Camp%22+Medellin+site%3Afacebook.com 200
2026-06-18 22:39:38,675 [INFO] response: https://www.bing.com/search?q=%22Awia+Lodge+%26+Camp%22+Medellin+site%3Afacebook.com&first=11&FORM=PERE 200
2026-06-18 22:39:39,646 [INFO] response: https://www.bing.com/search?q=%22Awia+Lodge+%26+Camp%22+Medellin+site%3Afacebook.com&first=21&FORM=PERE1 200
2026-06-18 22:39:40,713 [INFO] response: https://www.bing.com/search?q=%22Awia+Lodge+%26+Camp%22+Medellin+site%3Afacebook.com&first=31&FORM=PERE2 200
2026-06-18 22:39:41,719 [INFO] response: https://www.bing.com/search?q=%22Awia+Lodge+%26+Camp%22+Medellin+site%3Afacebook.com&first=41&FORM=PERE3 200
2026-06-18 22:39:44,477 [INFO]   ❌ Sin resultado: Awia Lodge & Camp Sas
2026-06-18 22:39:52,455 [INFO] 
[188/210] Operadora Hotelera San Pedro Del Fuerte S A S (Medellin)
2026-06-18 22:39:52,455 [INFO]   🔍 Google: "Operadora Hotelera San Pedro Del Fuerte" Medellin email contacto
2026-06-18 22:39:52,457 [WARNING] Error navegando a Google: Message: invalid session id; For documentation on this error, please visit: https://www.selenium.dev/documentation/webdriver/troubleshooting/errors#invalidsessionidexception
Stacktrace:
0   chromedriver                        0x0000000104e0f1e4 cxxbridge1$str$ptr + 3175992
1   chromedriver                        0x0000000104e072ac cxxbridge1$str$ptr + 3143424
2   chromedriver                        0x00000001048b7178 _RNvCs9NA52FrZ4pF_7___rustc35___rust_no_alloc_shim_is_unstable_v2 + 73572
3   chromedriver                        0x00000001048f46c4 _RNvCs9NA52FrZ4pF_7___rustc35___rust_no_alloc_shim_is_unstable_v2 + 324784
4   chromedriver                        0x000000010491b068 _RNvCs9NA52FrZ4pF_7___rustc35___rust_no_alloc_shim_is_unstable_v2 + 482900
5   chromedriver                        0x000000010491a968 _RNvCs9NA52FrZ4pF_7___rustc35___rust_no_alloc_shim_is_unstable_v2 + 481108
6   chromedriver                        0x0000000104884fd8 chromedriver + 118744
7   chromedriver                        0x0000000104dcd370 cxxbridge1$str$ptr + 2906052
8   chromedriver                        0x0000000104dd0af0 cxxbridge1$str$ptr + 2920260
9   chromedriver                        0x0000000104db42b0 cxxbridge1$str$ptr + 2803460
10  chromedriver                        0x0000000104dd1384 cxxbridge1$str$ptr + 2922456
11  chromedriver                        0x0000000104da57d0 cxxbridge1$str$ptr + 2743332
12  chromedriver                        0x0000000104882d30 chromedriver + 109872
13  dyld                                0x000000018a077e00 start + 6992

2026-06-18 22:39:52,458 [INFO]   🔄 DDG fallback: "Operadora Hotelera San Pedro Del Fuerte" Medellin email contacto
2026-06-18 22:39:52,800 [INFO] response: https://www.bing.com/search?q=%22Operadora+Hotelera+San+Pedro+Del+Fuerte%22+Medellin+email+contacto 200
2026-06-18 22:39:55,826 [INFO]   🔍 DDG→Facebook: "Operadora Hotelera San Pedro Del Fuerte" Medellin site:facebook.com
2026-06-18 22:39:56,200 [INFO] response: https://www.bing.com/search?q=%22Operadora+Hotelera+San+Pedro+Del+Fuerte%22+Medellin+site%3Afacebook.com 200
2026-06-18 22:39:57,303 [INFO] response: https://www.bing.com/search?q=%22Operadora+Hotelera+San+Pedro+Del+Fuerte%22+Medellin+site%3Afacebook.com&first=11&FORM=PERE 200
2026-06-18 22:39:58,333 [INFO] response: https://www.bing.com/search?q=%22Operadora+Hotelera+San+Pedro+Del+Fuerte%22+Medellin+site%3Afacebook.com&first=21&FORM=PERE1 200
2026-06-18 22:39:59,353 [INFO] response: https://www.bing.com/search?q=%22Operadora+Hotelera+San+Pedro+Del+Fuerte%22+Medellin+site%3Afacebook.com&first=31&FORM=PERE2 200
2026-06-18 22:40:00,527 [INFO] response: https://www.bing.com/search?q=%22Operadora+Hotelera+San+Pedro+Del+Fuerte%22+Medellin+site%3Afacebook.com&first=41&FORM=PERE3 200
2026-06-18 22:40:03,981 [INFO]   ❌ Sin resultado: Operadora Hotelera San Pedro Del Fuerte S A S
2026-06-18 22:40:03,983 [INFO]   📊 Progreso 188/210 | Emails: 18 | Sin resultado: 177
2026-06-18 22:40:10,072 [INFO] 
[189/210] Hostal barrio abajo (Barranquilla)
2026-06-18 22:40:10,072 [INFO]   🔍 Google: "Hostal barrio abajo" Barranquilla email contacto
2026-06-18 22:40:10,074 [WARNING] Error navegando a Google: Message: invalid session id; For documentation on this error, please visit: https://www.selenium.dev/documentation/webdriver/troubleshooting/errors#invalidsessionidexception
Stacktrace:
0   chromedriver                        0x0000000104e0f1e4 cxxbridge1$str$ptr + 3175992
1   chromedriver                        0x0000000104e072ac cxxbridge1$str$ptr + 3143424
2   chromedriver                        0x00000001048b7178 _RNvCs9NA52FrZ4pF_7___rustc35___rust_no_alloc_shim_is_unstable_v2 + 73572
3   chromedriver                        0x00000001048f46c4 _RNvCs9NA52FrZ4pF_7___rustc35___rust_no_alloc_shim_is_unstable_v2 + 324784
4   chromedriver                        0x000000010491b068 _RNvCs9NA52FrZ4pF_7___rustc35___rust_no_alloc_shim_is_unstable_v2 + 482900
5   chromedriver                        0x000000010491a968 _RNvCs9NA52FrZ4pF_7___rustc35___rust_no_alloc_shim_is_unstable_v2 + 481108
6   chromedriver                        0x0000000104884fd8 chromedriver + 118744
7   chromedriver                        0x0000000104dcd370 cxxbridge1$str$ptr + 2906052
8   chromedriver                        0x0000000104dd0af0 cxxbridge1$str$ptr + 2920260
9   chromedriver                        0x0000000104db42b0 cxxbridge1$str$ptr + 2803460
10  chromedriver                        0x0000000104dd1384 cxxbridge1$str$ptr + 2922456
11  chromedriver                        0x0000000104da57d0 cxxbridge1$str$ptr + 2743332
12  chromedriver                        0x0000000104882d30 chromedriver + 109872
13  dyld                                0x000000018a077e00 start + 6992

2026-06-18 22:40:10,075 [INFO]   🔄 DDG fallback: "Hostal barrio abajo" Barranquilla email contacto
2026-06-18 22:40:10,417 [INFO] response: https://www.bing.com/search?q=%22Hostal+barrio+abajo%22+Barranquilla+email+contacto 200
2026-06-18 22:40:13,862 [INFO]   🔍 DDG→Facebook: "Hostal barrio abajo" Barranquilla site:facebook.com
2026-06-18 22:40:14,228 [INFO] response: https://www.bing.com/search?q=%22Hostal+barrio+abajo%22+Barranquilla+site%3Afacebook.com 200
2026-06-18 22:40:15,222 [INFO] response: https://www.bing.com/search?q=%22Hostal+barrio+abajo%22+Barranquilla+site%3Afacebook.com&first=11&FORM=PERE 200
2026-06-18 22:40:16,252 [INFO] response: https://www.bing.com/search?q=%22Hostal+barrio+abajo%22+Barranquilla+site%3Afacebook.com&first=21&FORM=PERE1 200
2026-06-18 22:40:17,251 [INFO] response: https://www.bing.com/search?q=%22Hostal+barrio+abajo%22+Barranquilla+site%3Afacebook.com&first=31&FORM=PERE2 200
2026-06-18 22:40:18,275 [INFO] response: https://www.bing.com/search?q=%22Hostal+barrio+abajo%22+Barranquilla+site%3Afacebook.com&first=41&FORM=PERE3 200
2026-06-18 22:40:21,239 [INFO]   ❌ Sin resultado: Hostal barrio abajo
2026-06-18 22:40:26,458 [INFO] 
[190/210] Ayenda Brisas Del Río (Barranquilla)
2026-06-18 22:40:26,458 [INFO]   🔍 Google: "Ayenda Brisas Del Río" Barranquilla email contacto
2026-06-18 22:40:26,461 [WARNING] Error navegando a Google: Message: invalid session id; For documentation on this error, please visit: https://www.selenium.dev/documentation/webdriver/troubleshooting/errors#invalidsessionidexception
Stacktrace:
0   chromedriver                        0x0000000104e0f1e4 cxxbridge1$str$ptr + 3175992
1   chromedriver                        0x0000000104e072ac cxxbridge1$str$ptr + 3143424
2   chromedriver                        0x00000001048b7178 _RNvCs9NA52FrZ4pF_7___rustc35___rust_no_alloc_shim_is_unstable_v2 + 73572
3   chromedriver                        0x00000001048f46c4 _RNvCs9NA52FrZ4pF_7___rustc35___rust_no_alloc_shim_is_unstable_v2 + 324784
4   chromedriver                        0x000000010491b068 _RNvCs9NA52FrZ4pF_7___rustc35___rust_no_alloc_shim_is_unstable_v2 + 482900
5   chromedriver                        0x000000010491a968 _RNvCs9NA52FrZ4pF_7___rustc35___rust_no_alloc_shim_is_unstable_v2 + 481108
6   chromedriver                        0x0000000104884fd8 chromedriver + 118744
7   chromedriver                        0x0000000104dcd370 cxxbridge1$str$ptr + 2906052
8   chromedriver                        0x0000000104dd0af0 cxxbridge1$str$ptr + 2920260
9   chromedriver                        0x0000000104db42b0 cxxbridge1$str$ptr + 2803460
10  chromedriver                        0x0000000104dd1384 cxxbridge1$str$ptr + 2922456
11  chromedriver                        0x0000000104da57d0 cxxbridge1$str$ptr + 2743332
12  chromedriver                        0x0000000104882d30 chromedriver + 109872
13  dyld                                0x000000018a077e00 start + 6992

2026-06-18 22:40:26,461 [INFO]   🔄 DDG fallback: "Ayenda Brisas Del Río" Barranquilla email contacto
2026-06-18 22:40:26,781 [INFO] response: https://www.bing.com/search?q=%22Ayenda+Brisas+Del+R%C3%ADo%22+Barranquilla+email+contacto 200
2026-06-18 22:40:30,325 [INFO]   🔍 DDG→Facebook: "Ayenda Brisas Del Río" Barranquilla site:facebook.com
2026-06-18 22:40:30,616 [INFO] response: https://www.bing.com/search?q=%22Ayenda+Brisas+Del+R%C3%ADo%22+Barranquilla+site%3Afacebook.com 200
2026-06-18 22:40:31,586 [INFO] response: https://www.bing.com/search?q=%22Ayenda+Brisas+Del+R%C3%ADo%22+Barranquilla+site%3Afacebook.com&first=11&FORM=PERE 200
2026-06-18 22:40:32,682 [INFO] response: https://www.bing.com/search?q=%22Ayenda+Brisas+Del+R%C3%ADo%22+Barranquilla+site%3Afacebook.com&first=21&FORM=PERE1 200
2026-06-18 22:40:33,910 [INFO] response: https://www.bing.com/search?q=%22Ayenda+Brisas+Del+R%C3%ADo%22+Barranquilla+site%3Afacebook.com&first=31&FORM=PERE2 200
2026-06-18 22:40:34,919 [INFO] response: https://www.bing.com/search?q=%22Ayenda+Brisas+Del+R%C3%ADo%22+Barranquilla+site%3Afacebook.com&first=41&FORM=PERE3 200
2026-06-18 22:40:39,036 [INFO]   ❌ Sin resultado: Ayenda Brisas Del Río
2026-06-18 22:40:43,277 [INFO] 
[191/210] La Quinta Bacana La Campiña (Barranquilla)
2026-06-18 22:40:43,277 [INFO]   🔍 Google: "La Quinta Bacana La Campiña" Barranquilla email contacto
2026-06-18 22:40:43,280 [WARNING] Error navegando a Google: Message: invalid session id; For documentation on this error, please visit: https://www.selenium.dev/documentation/webdriver/troubleshooting/errors#invalidsessionidexception
Stacktrace:
0   chromedriver                        0x0000000104e0f1e4 cxxbridge1$str$ptr + 3175992
1   chromedriver                        0x0000000104e072ac cxxbridge1$str$ptr + 3143424
2   chromedriver                        0x00000001048b7178 _RNvCs9NA52FrZ4pF_7___rustc35___rust_no_alloc_shim_is_unstable_v2 + 73572
3   chromedriver                        0x00000001048f46c4 _RNvCs9NA52FrZ4pF_7___rustc35___rust_no_alloc_shim_is_unstable_v2 + 324784
4   chromedriver                        0x000000010491b068 _RNvCs9NA52FrZ4pF_7___rustc35___rust_no_alloc_shim_is_unstable_v2 + 482900
5   chromedriver                        0x000000010491a968 _RNvCs9NA52FrZ4pF_7___rustc35___rust_no_alloc_shim_is_unstable_v2 + 481108
6   chromedriver                        0x0000000104884fd8 chromedriver + 118744
7   chromedriver                        0x0000000104dcd370 cxxbridge1$str$ptr + 2906052
8   chromedriver                        0x0000000104dd0af0 cxxbridge1$str$ptr + 2920260
9   chromedriver                        0x0000000104db42b0 cxxbridge1$str$ptr + 2803460
10  chromedriver                        0x0000000104dd1384 cxxbridge1$str$ptr + 2922456
11  chromedriver                        0x0000000104da57d0 cxxbridge1$str$ptr + 2743332
12  chromedriver                        0x0000000104882d30 chromedriver + 109872
13  dyld                                0x000000018a077e00 start + 6992

2026-06-18 22:40:43,280 [INFO]   🔄 DDG fallback: "La Quinta Bacana La Campiña" Barranquilla email contacto
2026-06-18 22:40:43,676 [INFO] response: https://www.bing.com/search?q=%22La+Quinta+Bacana+La+Campi%C3%B1a%22+Barranquilla+email+contacto 200
2026-06-18 22:40:47,336 [INFO]   🔍 DDG→Facebook: "La Quinta Bacana La Campiña" Barranquilla site:facebook.com
2026-06-18 22:40:52,793 [INFO] response: https://www.bing.com/search?q=%22La+Quinta+Bacana+La+Campi%C3%B1a%22+Barranquilla+site%3Afacebook.com 200
2026-06-18 22:40:53,772 [INFO] response: https://www.bing.com/search?q=%22La+Quinta+Bacana+La+Campi%C3%B1a%22+Barranquilla+site%3Afacebook.com&first=11&FORM=PERE 200
2026-06-18 22:40:54,782 [INFO] response: https://www.bing.com/search?q=%22La+Quinta+Bacana+La+Campi%C3%B1a%22+Barranquilla+site%3Afacebook.com&first=21&FORM=PERE1 200
2026-06-18 22:40:55,805 [INFO] response: https://www.bing.com/search?q=%22La+Quinta+Bacana+La+Campi%C3%B1a%22+Barranquilla+site%3Afacebook.com&first=31&FORM=PERE2 200
2026-06-18 22:40:56,800 [INFO] response: https://www.bing.com/search?q=%22La+Quinta+Bacana+La+Campi%C3%B1a%22+Barranquilla+site%3Afacebook.com&first=41&FORM=PERE3 200
2026-06-18 22:40:59,429 [INFO]   ❌ Sin resultado: La Quinta Bacana La Campiña
2026-06-18 22:41:03,466 [INFO] 
[192/210] CASA TROPICALIA HOSTEL (Barranquilla)
2026-06-18 22:41:03,467 [INFO]   🔍 Google: "CASA TROPICALIA HOSTEL" Barranquilla email contacto
2026-06-18 22:41:03,468 [WARNING] Error navegando a Google: Message: invalid session id; For documentation on this error, please visit: https://www.selenium.dev/documentation/webdriver/troubleshooting/errors#invalidsessionidexception
Stacktrace:
0   chromedriver                        0x0000000104e0f1e4 cxxbridge1$str$ptr + 3175992
1   chromedriver                        0x0000000104e072ac cxxbridge1$str$ptr + 3143424
2   chromedriver                        0x00000001048b7178 _RNvCs9NA52FrZ4pF_7___rustc35___rust_no_alloc_shim_is_unstable_v2 + 73572
3   chromedriver                        0x00000001048f46c4 _RNvCs9NA52FrZ4pF_7___rustc35___rust_no_alloc_shim_is_unstable_v2 + 324784
4   chromedriver                        0x000000010491b068 _RNvCs9NA52FrZ4pF_7___rustc35___rust_no_alloc_shim_is_unstable_v2 + 482900
5   chromedriver                        0x000000010491a968 _RNvCs9NA52FrZ4pF_7___rustc35___rust_no_alloc_shim_is_unstable_v2 + 481108
6   chromedriver                        0x0000000104884fd8 chromedriver + 118744
7   chromedriver                        0x0000000104dcd370 cxxbridge1$str$ptr + 2906052
8   chromedriver                        0x0000000104dd0af0 cxxbridge1$str$ptr + 2920260
9   chromedriver                        0x0000000104db42b0 cxxbridge1$str$ptr + 2803460
10  chromedriver                        0x0000000104dd1384 cxxbridge1$str$ptr + 2922456
11  chromedriver                        0x0000000104da57d0 cxxbridge1$str$ptr + 2743332
12  chromedriver                        0x0000000104882d30 chromedriver + 109872
13  dyld                                0x000000018a077e00 start + 6992

2026-06-18 22:41:03,468 [INFO]   🔄 DDG fallback: "CASA TROPICALIA HOSTEL" Barranquilla email contacto
2026-06-18 22:41:08,773 [INFO] response: https://www.bing.com/search?q=%22CASA+TROPICALIA+HOSTEL%22+Barranquilla+email+contacto 200
2026-06-18 22:41:11,402 [INFO]   🌐 Visitando (ddg): https://www.encuentra24.com/el-salvador-es/bienes-raices-venta-de-prop
2026-06-18 22:41:37,567 [INFO]   🌐 Visitando (ddg): https://www.encuentra24.com/el-salvador-es/bienes-raices-venta-de-prop
2026-06-18 22:41:55,948 [INFO]   🌐 Visitando (ddg): https://www.inmuebles.sv/casas-venta
2026-06-18 22:41:58,500 [INFO]   ✅ Email en sitio: info@inmueblessv.com
2026-06-18 22:42:04,844 [INFO] 
[193/210] Sun suite (Barranquilla)
2026-06-18 22:42:04,844 [INFO]   🔍 Google: "Sun suite" Barranquilla email contacto
2026-06-18 22:42:04,845 [WARNING] Error navegando a Google: Message: invalid session id; For documentation on this error, please visit: https://www.selenium.dev/documentation/webdriver/troubleshooting/errors#invalidsessionidexception
Stacktrace:
0   chromedriver                        0x0000000104e0f1e4 cxxbridge1$str$ptr + 3175992
1   chromedriver                        0x0000000104e072ac cxxbridge1$str$ptr + 3143424
2   chromedriver                        0x00000001048b7178 _RNvCs9NA52FrZ4pF_7___rustc35___rust_no_alloc_shim_is_unstable_v2 + 73572
3   chromedriver                        0x00000001048f46c4 _RNvCs9NA52FrZ4pF_7___rustc35___rust_no_alloc_shim_is_unstable_v2 + 324784
4   chromedriver                        0x000000010491b068 _RNvCs9NA52FrZ4pF_7___rustc35___rust_no_alloc_shim_is_unstable_v2 + 482900
5   chromedriver                        0x000000010491a968 _RNvCs9NA52FrZ4pF_7___rustc35___rust_no_alloc_shim_is_unstable_v2 + 481108
6   chromedriver                        0x0000000104884fd8 chromedriver + 118744
7   chromedriver                        0x0000000104dcd370 cxxbridge1$str$ptr + 2906052
8   chromedriver                        0x0000000104dd0af0 cxxbridge1$str$ptr + 2920260
9   chromedriver                        0x0000000104db42b0 cxxbridge1$str$ptr + 2803460
10  chromedriver                        0x0000000104dd1384 cxxbridge1$str$ptr + 2922456
11  chromedriver                        0x0000000104da57d0 cxxbridge1$str$ptr + 2743332
12  chromedriver                        0x0000000104882d30 chromedriver + 109872
13  dyld                                0x000000018a077e00 start + 6992

2026-06-18 22:42:04,845 [INFO]   🔄 DDG fallback: "Sun suite" Barranquilla email contacto
2026-06-18 22:42:10,204 [INFO] response: https://www.bing.com/search?q=%22Sun+suite%22+Barranquilla+email+contacto 200
2026-06-18 22:42:13,130 [INFO]   🌐 Visitando (ddg): https://www.thesun.co.uk/?lang=en
2026-06-18 22:42:21,518 [INFO]   🌐 Visitando (ddg): https://science.nasa.gov/sun/
2026-06-18 22:42:44,997 [INFO]   🌐 Visitando (ddg): https://www.timeanddate.com/sun/el-salvador/san-salvador
2026-06-18 22:42:48,646 [INFO]   🔍 DDG→Facebook: "Sun suite" Barranquilla site:facebook.com
2026-06-18 22:42:49,003 [INFO] response: https://www.bing.com/search?q=%22Sun+suite%22+Barranquilla+site%3Afacebook.com 200
2026-06-18 22:42:50,141 [INFO] response: https://www.bing.com/search?q=%22Sun+suite%22+Barranquilla+site%3Afacebook.com&first=11&FORM=PERE 200
2026-06-18 22:42:51,206 [INFO] response: https://www.bing.com/search?q=%22Sun+suite%22+Barranquilla+site%3Afacebook.com&first=21&FORM=PERE1 200
2026-06-18 22:42:52,191 [INFO] response: https://www.bing.com/search?q=%22Sun+suite%22+Barranquilla+site%3Afacebook.com&first=31&FORM=PERE2 200
2026-06-18 22:42:53,382 [INFO] response: https://www.bing.com/search?q=%22Sun+suite%22+Barranquilla+site%3Afacebook.com&first=41&FORM=PERE3 200
2026-06-18 22:42:57,091 [INFO]   ❌ Sin resultado: Sun suite
2026-06-18 22:42:57,092 [INFO]   📊 Progreso 193/210 | Emails: 19 | Sin resultado: 181
2026-06-18 22:43:03,235 [INFO] 
[194/210] Cecil Aparta Estudios (Barranquilla)
2026-06-18 22:43:03,236 [INFO]   🔍 Google: "Cecil Aparta Estudios" Barranquilla email contacto
2026-06-18 22:43:03,239 [WARNING] Error navegando a Google: Message: invalid session id; For documentation on this error, please visit: https://www.selenium.dev/documentation/webdriver/troubleshooting/errors#invalidsessionidexception
Stacktrace:
0   chromedriver                        0x0000000104e0f1e4 cxxbridge1$str$ptr + 3175992
1   chromedriver                        0x0000000104e072ac cxxbridge1$str$ptr + 3143424
2   chromedriver                        0x00000001048b7178 _RNvCs9NA52FrZ4pF_7___rustc35___rust_no_alloc_shim_is_unstable_v2 + 73572
3   chromedriver                        0x00000001048f46c4 _RNvCs9NA52FrZ4pF_7___rustc35___rust_no_alloc_shim_is_unstable_v2 + 324784
4   chromedriver                        0x000000010491b068 _RNvCs9NA52FrZ4pF_7___rustc35___rust_no_alloc_shim_is_unstable_v2 + 482900
5   chromedriver                        0x000000010491a968 _RNvCs9NA52FrZ4pF_7___rustc35___rust_no_alloc_shim_is_unstable_v2 + 481108
6   chromedriver                        0x0000000104884fd8 chromedriver + 118744
7   chromedriver                        0x0000000104dcd370 cxxbridge1$str$ptr + 2906052
8   chromedriver                        0x0000000104dd0af0 cxxbridge1$str$ptr + 2920260
9   chromedriver                        0x0000000104db42b0 cxxbridge1$str$ptr + 2803460
10  chromedriver                        0x0000000104dd1384 cxxbridge1$str$ptr + 2922456
11  chromedriver                        0x0000000104da57d0 cxxbridge1$str$ptr + 2743332
12  chromedriver                        0x0000000104882d30 chromedriver + 109872
13  dyld                                0x000000018a077e00 start + 6992

2026-06-18 22:43:03,239 [INFO]   🔄 DDG fallback: "Cecil Aparta Estudios" Barranquilla email contacto
2026-06-18 22:43:03,667 [INFO] response: https://www.bing.com/search?q=%22Cecil+Aparta+Estudios%22+Barranquilla+email+contacto 200
2026-06-18 22:43:06,041 [INFO]   🔍 DDG→Facebook: "Cecil Aparta Estudios" Barranquilla site:facebook.com
2026-06-18 22:43:06,408 [INFO] response: https://www.bing.com/search?q=%22Cecil+Aparta+Estudios%22+Barranquilla+site%3Afacebook.com 200
2026-06-18 22:43:07,408 [INFO] response: https://www.bing.com/search?q=%22Cecil+Aparta+Estudios%22+Barranquilla+site%3Afacebook.com&first=11&FORM=PERE 200
2026-06-18 22:43:08,456 [INFO] response: https://www.bing.com/search?q=%22Cecil+Aparta+Estudios%22+Barranquilla+site%3Afacebook.com&first=21&FORM=PERE1 200
2026-06-18 22:43:09,424 [INFO] response: https://www.bing.com/search?q=%22Cecil+Aparta+Estudios%22+Barranquilla+site%3Afacebook.com&first=31&FORM=PERE2 200
2026-06-18 22:43:10,446 [INFO] response: https://www.bing.com/search?q=%22Cecil+Aparta+Estudios%22+Barranquilla+site%3Afacebook.com&first=41&FORM=PERE3 200
2026-06-18 22:43:14,024 [INFO]   ❌ Sin resultado: Cecil Aparta Estudios
2026-06-18 22:43:21,518 [INFO] 
[195/210] Aerosuites Silver (Bogota)
2026-06-18 22:43:21,519 [INFO]   🔍 Google: "Aerosuites Silver" Bogota email contacto
2026-06-18 22:43:21,521 [WARNING] Error navegando a Google: Message: invalid session id; For documentation on this error, please visit: https://www.selenium.dev/documentation/webdriver/troubleshooting/errors#invalidsessionidexception
Stacktrace:
0   chromedriver                        0x0000000104e0f1e4 cxxbridge1$str$ptr + 3175992
1   chromedriver                        0x0000000104e072ac cxxbridge1$str$ptr + 3143424
2   chromedriver                        0x00000001048b7178 _RNvCs9NA52FrZ4pF_7___rustc35___rust_no_alloc_shim_is_unstable_v2 + 73572
3   chromedriver                        0x00000001048f46c4 _RNvCs9NA52FrZ4pF_7___rustc35___rust_no_alloc_shim_is_unstable_v2 + 324784
4   chromedriver                        0x000000010491b068 _RNvCs9NA52FrZ4pF_7___rustc35___rust_no_alloc_shim_is_unstable_v2 + 482900
5   chromedriver                        0x000000010491a968 _RNvCs9NA52FrZ4pF_7___rustc35___rust_no_alloc_shim_is_unstable_v2 + 481108
6   chromedriver                        0x0000000104884fd8 chromedriver + 118744
7   chromedriver                        0x0000000104dcd370 cxxbridge1$str$ptr + 2906052
8   chromedriver                        0x0000000104dd0af0 cxxbridge1$str$ptr + 2920260
9   chromedriver                        0x0000000104db42b0 cxxbridge1$str$ptr + 2803460
10  chromedriver                        0x0000000104dd1384 cxxbridge1$str$ptr + 2922456
11  chromedriver                        0x0000000104da57d0 cxxbridge1$str$ptr + 2743332
12  chromedriver                        0x0000000104882d30 chromedriver + 109872
13  dyld                                0x000000018a077e00 start + 6992

2026-06-18 22:43:21,521 [INFO]   🔄 DDG fallback: "Aerosuites Silver" Bogota email contacto
2026-06-18 22:43:22,068 [INFO] response: https://www.bing.com/search?q=%22Aerosuites+Silver%22+Bogota+email+contacto 200
2026-06-18 22:43:24,599 [INFO]   🌐 Visitando (ddg): https://espanol.yahoo.com/
2026-06-18 22:43:51,542 [INFO]   🌐 Visitando (ddg): https://espanol.yahoo.com/lugares/colombia/
2026-06-18 22:44:08,404 [INFO]   🌐 Visitando (ddg): https://espanol.yahoo.com/lugares/mexico/
2026-06-18 22:44:25,591 [INFO]   🔍 DDG→Facebook: "Aerosuites Silver" Bogota site:facebook.com
2026-06-18 22:44:25,971 [INFO] response: https://www.bing.com/search?q=%22Aerosuites+Silver%22+Bogota+site%3Afacebook.com 200
2026-06-18 22:44:26,990 [INFO] response: https://www.bing.com/search?q=%22Aerosuites+Silver%22+Bogota+site%3Afacebook.com&first=11&FORM=PERE 200
2026-06-18 22:44:27,976 [INFO] response: https://www.bing.com/search?q=%22Aerosuites+Silver%22+Bogota+site%3Afacebook.com&first=21&FORM=PERE1 200
2026-06-18 22:44:28,913 [INFO] response: https://www.bing.com/search?q=%22Aerosuites+Silver%22+Bogota+site%3Afacebook.com&first=31&FORM=PERE2 200
2026-06-18 22:44:29,888 [INFO] response: https://www.bing.com/search?q=%22Aerosuites+Silver%22+Bogota+site%3Afacebook.com&first=41&FORM=PERE3 200
2026-06-18 22:44:33,493 [INFO]   ❌ Sin resultado: Aerosuites Silver
2026-06-18 22:44:38,271 [INFO] 
[196/210] HOTEL EL SOL BOGOTA (Bogota)
2026-06-18 22:44:38,272 [INFO]   🔍 Google: "HOTEL EL SOL BOGOTA" Bogota email contacto
2026-06-18 22:44:38,275 [WARNING] Error navegando a Google: Message: invalid session id; For documentation on this error, please visit: https://www.selenium.dev/documentation/webdriver/troubleshooting/errors#invalidsessionidexception
Stacktrace:
0   chromedriver                        0x0000000104e0f1e4 cxxbridge1$str$ptr + 3175992
1   chromedriver                        0x0000000104e072ac cxxbridge1$str$ptr + 3143424
2   chromedriver                        0x00000001048b7178 _RNvCs9NA52FrZ4pF_7___rustc35___rust_no_alloc_shim_is_unstable_v2 + 73572
3   chromedriver                        0x00000001048f46c4 _RNvCs9NA52FrZ4pF_7___rustc35___rust_no_alloc_shim_is_unstable_v2 + 324784
4   chromedriver                        0x000000010491b068 _RNvCs9NA52FrZ4pF_7___rustc35___rust_no_alloc_shim_is_unstable_v2 + 482900
5   chromedriver                        0x000000010491a968 _RNvCs9NA52FrZ4pF_7___rustc35___rust_no_alloc_shim_is_unstable_v2 + 481108
6   chromedriver                        0x0000000104884fd8 chromedriver + 118744
7   chromedriver                        0x0000000104dcd370 cxxbridge1$str$ptr + 2906052
8   chromedriver                        0x0000000104dd0af0 cxxbridge1$str$ptr + 2920260
9   chromedriver                        0x0000000104db42b0 cxxbridge1$str$ptr + 2803460
10  chromedriver                        0x0000000104dd1384 cxxbridge1$str$ptr + 2922456
11  chromedriver                        0x0000000104da57d0 cxxbridge1$str$ptr + 2743332
12  chromedriver                        0x0000000104882d30 chromedriver + 109872
13  dyld                                0x000000018a077e00 start + 6992

2026-06-18 22:44:38,275 [INFO]   🔄 DDG fallback: "HOTEL EL SOL BOGOTA" Bogota email contacto
2026-06-18 22:44:38,619 [INFO] response: https://www.bing.com/search?q=%22HOTEL+EL+SOL+BOGOTA%22+Bogota+email+contacto 200
2026-06-18 22:44:42,072 [INFO]   🔍 DDG→Facebook: "HOTEL EL SOL BOGOTA" Bogota site:facebook.com
2026-06-18 22:44:42,391 [INFO] response: https://www.bing.com/search?q=%22HOTEL+EL+SOL+BOGOTA%22+Bogota+site%3Afacebook.com 200
2026-06-18 22:44:43,423 [INFO] response: https://www.bing.com/search?q=%22HOTEL+EL+SOL+BOGOTA%22+Bogota+site%3Afacebook.com&first=11&FORM=PERE 200
2026-06-18 22:44:44,444 [INFO] response: https://www.bing.com/search?q=%22HOTEL+EL+SOL+BOGOTA%22+Bogota+site%3Afacebook.com&first=21&FORM=PERE1 200
2026-06-18 22:44:45,434 [INFO] response: https://www.bing.com/search?q=%22HOTEL+EL+SOL+BOGOTA%22+Bogota+site%3Afacebook.com&first=31&FORM=PERE2 200
2026-06-18 22:44:46,509 [INFO] response: https://www.bing.com/search?q=%22HOTEL+EL+SOL+BOGOTA%22+Bogota+site%3Afacebook.com&first=41&FORM=PERE3 200
2026-06-18 22:44:49,044 [INFO]   ❌ Sin resultado: HOTEL EL SOL BOGOTA
2026-06-18 22:44:56,328 [INFO] 
[197/210] Noah Boutique Hostels Bogota (Bogota)
2026-06-18 22:44:56,328 [INFO]   🔍 Google: "Noah Boutique Hostels Bogota" Bogota email contacto
2026-06-18 22:44:56,331 [WARNING] Error navegando a Google: Message: invalid session id; For documentation on this error, please visit: https://www.selenium.dev/documentation/webdriver/troubleshooting/errors#invalidsessionidexception
Stacktrace:
0   chromedriver                        0x0000000104e0f1e4 cxxbridge1$str$ptr + 3175992
1   chromedriver                        0x0000000104e072ac cxxbridge1$str$ptr + 3143424
2   chromedriver                        0x00000001048b7178 _RNvCs9NA52FrZ4pF_7___rustc35___rust_no_alloc_shim_is_unstable_v2 + 73572
3   chromedriver                        0x00000001048f46c4 _RNvCs9NA52FrZ4pF_7___rustc35___rust_no_alloc_shim_is_unstable_v2 + 324784
4   chromedriver                        0x000000010491b068 _RNvCs9NA52FrZ4pF_7___rustc35___rust_no_alloc_shim_is_unstable_v2 + 482900
5   chromedriver                        0x000000010491a968 _RNvCs9NA52FrZ4pF_7___rustc35___rust_no_alloc_shim_is_unstable_v2 + 481108
6   chromedriver                        0x0000000104884fd8 chromedriver + 118744
7   chromedriver                        0x0000000104dcd370 cxxbridge1$str$ptr + 2906052
8   chromedriver                        0x0000000104dd0af0 cxxbridge1$str$ptr + 2920260
9   chromedriver                        0x0000000104db42b0 cxxbridge1$str$ptr + 2803460
10  chromedriver                        0x0000000104dd1384 cxxbridge1$str$ptr + 2922456
11  chromedriver                        0x0000000104da57d0 cxxbridge1$str$ptr + 2743332
12  chromedriver                        0x0000000104882d30 chromedriver + 109872
13  dyld                                0x000000018a077e00 start + 6992

2026-06-18 22:44:56,331 [INFO]   🔄 DDG fallback: "Noah Boutique Hostels Bogota" Bogota email contacto
2026-06-18 22:44:56,877 [INFO] response: https://www.bing.com/search?q=%22Noah+Boutique+Hostels+Bogota%22+Bogota+email+contacto 200
2026-06-18 22:44:59,177 [INFO]   🔍 DDG→Facebook: "Noah Boutique Hostels Bogota" Bogota site:facebook.com
2026-06-18 22:44:59,777 [INFO] response: https://www.bing.com/search?q=%22Noah+Boutique+Hostels+Bogota%22+Bogota+site%3Afacebook.com 200
2026-06-18 22:45:00,804 [INFO] response: https://www.bing.com/search?q=%22Noah+Boutique+Hostels+Bogota%22+Bogota+site%3Afacebook.com&first=11&FORM=PERE 200
2026-06-18 22:45:01,860 [INFO] response: https://www.bing.com/search?q=%22Noah+Boutique+Hostels+Bogota%22+Bogota+site%3Afacebook.com&first=21&FORM=PERE1 200
2026-06-18 22:45:02,852 [INFO] response: https://www.bing.com/search?q=%22Noah+Boutique+Hostels+Bogota%22+Bogota+site%3Afacebook.com&first=31&FORM=PERE2 200
2026-06-18 22:45:04,045 [INFO] response: https://www.bing.com/search?q=%22Noah+Boutique+Hostels+Bogota%22+Bogota+site%3Afacebook.com&first=41&FORM=PERE3 200
2026-06-18 22:45:07,457 [INFO]   ❌ Sin resultado: Noah Boutique Hostels Bogota
2026-06-18 22:45:13,696 [INFO] 
[198/210] Ferias Park Hotel, Bogota (Bogota)
2026-06-18 22:45:13,696 [INFO]   🔍 Google: "Ferias Park Hotel, Bogota" Bogota email contacto
2026-06-18 22:45:13,699 [WARNING] Error navegando a Google: Message: invalid session id; For documentation on this error, please visit: https://www.selenium.dev/documentation/webdriver/troubleshooting/errors#invalidsessionidexception
Stacktrace:
0   chromedriver                        0x0000000104e0f1e4 cxxbridge1$str$ptr + 3175992
1   chromedriver                        0x0000000104e072ac cxxbridge1$str$ptr + 3143424
2   chromedriver                        0x00000001048b7178 _RNvCs9NA52FrZ4pF_7___rustc35___rust_no_alloc_shim_is_unstable_v2 + 73572
3   chromedriver                        0x00000001048f46c4 _RNvCs9NA52FrZ4pF_7___rustc35___rust_no_alloc_shim_is_unstable_v2 + 324784
4   chromedriver                        0x000000010491b068 _RNvCs9NA52FrZ4pF_7___rustc35___rust_no_alloc_shim_is_unstable_v2 + 482900
5   chromedriver                        0x000000010491a968 _RNvCs9NA52FrZ4pF_7___rustc35___rust_no_alloc_shim_is_unstable_v2 + 481108
6   chromedriver                        0x0000000104884fd8 chromedriver + 118744
7   chromedriver                        0x0000000104dcd370 cxxbridge1$str$ptr + 2906052
8   chromedriver                        0x0000000104dd0af0 cxxbridge1$str$ptr + 2920260
9   chromedriver                        0x0000000104db42b0 cxxbridge1$str$ptr + 2803460
10  chromedriver                        0x0000000104dd1384 cxxbridge1$str$ptr + 2922456
11  chromedriver                        0x0000000104da57d0 cxxbridge1$str$ptr + 2743332
12  chromedriver                        0x0000000104882d30 chromedriver + 109872
13  dyld                                0x000000018a077e00 start + 6992

2026-06-18 22:45:13,699 [INFO]   🔄 DDG fallback: "Ferias Park Hotel, Bogota" Bogota email contacto
2026-06-18 22:45:14,134 [INFO] response: https://www.bing.com/search?q=%22Ferias+Park+Hotel%2C+Bogota%22+Bogota+email+contacto 200
2026-06-18 22:45:17,122 [INFO]   🔍 DDG→Facebook: "Ferias Park Hotel, Bogota" Bogota site:facebook.com
2026-06-18 22:45:17,497 [INFO] response: https://www.bing.com/search?q=%22Ferias+Park+Hotel%2C+Bogota%22+Bogota+site%3Afacebook.com 200
2026-06-18 22:45:18,457 [INFO] response: https://www.bing.com/search?q=%22Ferias+Park+Hotel%2C+Bogota%22+Bogota+site%3Afacebook.com&first=11&FORM=PERE 200
2026-06-18 22:45:19,468 [INFO] response: https://www.bing.com/search?q=%22Ferias+Park+Hotel%2C+Bogota%22+Bogota+site%3Afacebook.com&first=21&FORM=PERE1 200
2026-06-18 22:45:20,414 [INFO] response: https://www.bing.com/search?q=%22Ferias+Park+Hotel%2C+Bogota%22+Bogota+site%3Afacebook.com&first=31&FORM=PERE2 200
2026-06-18 22:45:21,364 [INFO] response: https://www.bing.com/search?q=%22Ferias+Park+Hotel%2C+Bogota%22+Bogota+site%3Afacebook.com&first=41&FORM=PERE3 200
2026-06-18 22:45:24,510 [INFO]   ❌ Sin resultado: Ferias Park Hotel, Bogota
2026-06-18 22:45:24,512 [INFO]   📊 Progreso 198/210 | Emails: 19 | Sin resultado: 186
2026-06-18 22:45:31,771 [INFO] 
[199/210] North House Hostel (Bogota)
2026-06-18 22:45:31,771 [INFO]   🔍 Google: "North House Hostel" Bogota email contacto
2026-06-18 22:45:31,774 [WARNING] Error navegando a Google: Message: invalid session id; For documentation on this error, please visit: https://www.selenium.dev/documentation/webdriver/troubleshooting/errors#invalidsessionidexception
Stacktrace:
0   chromedriver                        0x0000000104e0f1e4 cxxbridge1$str$ptr + 3175992
1   chromedriver                        0x0000000104e072ac cxxbridge1$str$ptr + 3143424
2   chromedriver                        0x00000001048b7178 _RNvCs9NA52FrZ4pF_7___rustc35___rust_no_alloc_shim_is_unstable_v2 + 73572
3   chromedriver                        0x00000001048f46c4 _RNvCs9NA52FrZ4pF_7___rustc35___rust_no_alloc_shim_is_unstable_v2 + 324784
4   chromedriver                        0x000000010491b068 _RNvCs9NA52FrZ4pF_7___rustc35___rust_no_alloc_shim_is_unstable_v2 + 482900
5   chromedriver                        0x000000010491a968 _RNvCs9NA52FrZ4pF_7___rustc35___rust_no_alloc_shim_is_unstable_v2 + 481108
6   chromedriver                        0x0000000104884fd8 chromedriver + 118744
7   chromedriver                        0x0000000104dcd370 cxxbridge1$str$ptr + 2906052
8   chromedriver                        0x0000000104dd0af0 cxxbridge1$str$ptr + 2920260
9   chromedriver                        0x0000000104db42b0 cxxbridge1$str$ptr + 2803460
10  chromedriver                        0x0000000104dd1384 cxxbridge1$str$ptr + 2922456
11  chromedriver                        0x0000000104da57d0 cxxbridge1$str$ptr + 2743332
12  chromedriver                        0x0000000104882d30 chromedriver + 109872
13  dyld                                0x000000018a077e00 start + 6992

2026-06-18 22:45:31,774 [INFO]   🔄 DDG fallback: "North House Hostel" Bogota email contacto
2026-06-18 22:45:32,071 [INFO] response: https://www.bing.com/search?q=%22North+House+Hostel%22+Bogota+email+contacto 200
2026-06-18 22:45:34,844 [INFO]   🔍 DDG→Facebook: "North House Hostel" Bogota site:facebook.com
2026-06-18 22:45:35,339 [INFO] response: https://www.bing.com/search?q=%22North+House+Hostel%22+Bogota+site%3Afacebook.com 200
2026-06-18 22:45:36,412 [INFO] response: https://www.bing.com/search?q=%22North+House+Hostel%22+Bogota+site%3Afacebook.com&first=11&FORM=PERE 200
2026-06-18 22:45:37,634 [INFO] response: https://www.bing.com/search?q=%22North+House+Hostel%22+Bogota+site%3Afacebook.com&first=21&FORM=PERE1 200
2026-06-18 22:45:38,615 [INFO] response: https://www.bing.com/search?q=%22North+House+Hostel%22+Bogota+site%3Afacebook.com&first=31&FORM=PERE2 200
2026-06-18 22:45:39,682 [INFO] response: https://www.bing.com/search?q=%22North+House+Hostel%22+Bogota+site%3Afacebook.com&first=41&FORM=PERE3 200
2026-06-18 22:45:42,419 [INFO]   ❌ Sin resultado: North House Hostel
2026-06-18 22:45:48,304 [INFO] 
[200/210] Hotel Bogotá House (Bogota)
2026-06-18 22:45:48,305 [INFO]   🔍 Google: "Hotel Bogotá House" Bogota email contacto
2026-06-18 22:45:48,307 [WARNING] Error navegando a Google: Message: invalid session id; For documentation on this error, please visit: https://www.selenium.dev/documentation/webdriver/troubleshooting/errors#invalidsessionidexception
Stacktrace:
0   chromedriver                        0x0000000104e0f1e4 cxxbridge1$str$ptr + 3175992
1   chromedriver                        0x0000000104e072ac cxxbridge1$str$ptr + 3143424
2   chromedriver                        0x00000001048b7178 _RNvCs9NA52FrZ4pF_7___rustc35___rust_no_alloc_shim_is_unstable_v2 + 73572
3   chromedriver                        0x00000001048f46c4 _RNvCs9NA52FrZ4pF_7___rustc35___rust_no_alloc_shim_is_unstable_v2 + 324784
4   chromedriver                        0x000000010491b068 _RNvCs9NA52FrZ4pF_7___rustc35___rust_no_alloc_shim_is_unstable_v2 + 482900
5   chromedriver                        0x000000010491a968 _RNvCs9NA52FrZ4pF_7___rustc35___rust_no_alloc_shim_is_unstable_v2 + 481108
6   chromedriver                        0x0000000104884fd8 chromedriver + 118744
7   chromedriver                        0x0000000104dcd370 cxxbridge1$str$ptr + 2906052
8   chromedriver                        0x0000000104dd0af0 cxxbridge1$str$ptr + 2920260
9   chromedriver                        0x0000000104db42b0 cxxbridge1$str$ptr + 2803460
10  chromedriver                        0x0000000104dd1384 cxxbridge1$str$ptr + 2922456
11  chromedriver                        0x0000000104da57d0 cxxbridge1$str$ptr + 2743332
12  chromedriver                        0x0000000104882d30 chromedriver + 109872
13  dyld                                0x000000018a077e00 start + 6992

2026-06-18 22:45:48,307 [INFO]   🔄 DDG fallback: "Hotel Bogotá House" Bogota email contacto
2026-06-18 22:45:48,766 [INFO] response: https://www.bing.com/search?q=%22Hotel+Bogot%C3%A1+House%22+Bogota+email+contacto 200
2026-06-18 22:45:51,917 [INFO]   🔍 DDG→Facebook: "Hotel Bogotá House" Bogota site:facebook.com
2026-06-18 22:45:52,276 [INFO] response: https://www.bing.com/search?q=%22Hotel+Bogot%C3%A1+House%22+Bogota+site%3Afacebook.com 200
2026-06-18 22:45:53,249 [INFO] response: https://www.bing.com/search?q=%22Hotel+Bogot%C3%A1+House%22+Bogota+site%3Afacebook.com&first=11&FORM=PERE 200
2026-06-18 22:45:54,481 [INFO] response: https://www.bing.com/search?q=%22Hotel+Bogot%C3%A1+House%22+Bogota+site%3Afacebook.com&first=21&FORM=PERE1 200
2026-06-18 22:45:55,464 [INFO] response: https://www.bing.com/search?q=%22Hotel+Bogot%C3%A1+House%22+Bogota+site%3Afacebook.com&first=31&FORM=PERE2 200
2026-06-18 22:45:56,463 [INFO] response: https://www.bing.com/search?q=%22Hotel+Bogot%C3%A1+House%22+Bogota+site%3Afacebook.com&first=41&FORM=PERE3 200
2026-06-18 22:45:58,917 [INFO]   ❌ Sin resultado: Hotel Bogotá House
2026-06-18 22:46:05,765 [INFO] 
[201/210] Niza Colonial (Bogota)
2026-06-18 22:46:05,765 [INFO]   🔍 Google: "Niza Colonial" Bogota email contacto
2026-06-18 22:46:05,768 [WARNING] Error navegando a Google: Message: invalid session id; For documentation on this error, please visit: https://www.selenium.dev/documentation/webdriver/troubleshooting/errors#invalidsessionidexception
Stacktrace:
0   chromedriver                        0x0000000104e0f1e4 cxxbridge1$str$ptr + 3175992
1   chromedriver                        0x0000000104e072ac cxxbridge1$str$ptr + 3143424
2   chromedriver                        0x00000001048b7178 _RNvCs9NA52FrZ4pF_7___rustc35___rust_no_alloc_shim_is_unstable_v2 + 73572
3   chromedriver                        0x00000001048f46c4 _RNvCs9NA52FrZ4pF_7___rustc35___rust_no_alloc_shim_is_unstable_v2 + 324784
4   chromedriver                        0x000000010491b068 _RNvCs9NA52FrZ4pF_7___rustc35___rust_no_alloc_shim_is_unstable_v2 + 482900
5   chromedriver                        0x000000010491a968 _RNvCs9NA52FrZ4pF_7___rustc35___rust_no_alloc_shim_is_unstable_v2 + 481108
6   chromedriver                        0x0000000104884fd8 chromedriver + 118744
7   chromedriver                        0x0000000104dcd370 cxxbridge1$str$ptr + 2906052
8   chromedriver                        0x0000000104dd0af0 cxxbridge1$str$ptr + 2920260
9   chromedriver                        0x0000000104db42b0 cxxbridge1$str$ptr + 2803460
10  chromedriver                        0x0000000104dd1384 cxxbridge1$str$ptr + 2922456
11  chromedriver                        0x0000000104da57d0 cxxbridge1$str$ptr + 2743332
12  chromedriver                        0x0000000104882d30 chromedriver + 109872
13  dyld                                0x000000018a077e00 start + 6992

2026-06-18 22:46:05,768 [INFO]   🔄 DDG fallback: "Niza Colonial" Bogota email contacto
2026-06-18 22:46:06,079 [INFO] response: https://www.bing.com/search?q=%22Niza+Colonial%22+Bogota+email+contacto 200
2026-06-18 22:46:08,427 [INFO]   🔍 DDG→Facebook: "Niza Colonial" Bogota site:facebook.com
2026-06-18 22:46:08,763 [INFO] response: https://www.bing.com/search?q=%22Niza+Colonial%22+Bogota+site%3Afacebook.com 200
2026-06-18 22:46:09,889 [INFO] response: https://www.bing.com/search?q=%22Niza+Colonial%22+Bogota+site%3Afacebook.com&first=11&FORM=PERE 200
2026-06-18 22:46:10,868 [INFO] response: https://www.bing.com/search?q=%22Niza+Colonial%22+Bogota+site%3Afacebook.com&first=21&FORM=PERE1 200
2026-06-18 22:46:11,967 [INFO] response: https://www.bing.com/search?q=%22Niza+Colonial%22+Bogota+site%3Afacebook.com&first=31&FORM=PERE2 200
2026-06-18 22:46:13,047 [INFO] response: https://www.bing.com/search?q=%22Niza+Colonial%22+Bogota+site%3Afacebook.com&first=41&FORM=PERE3 200
2026-06-18 22:46:16,718 [INFO]   ❌ Sin resultado: Niza Colonial
2026-06-18 22:46:23,466 [INFO] 
[202/210] STAY IN BOGOTÁ (Bogota)
2026-06-18 22:46:23,466 [INFO]   🔍 Google: "STAY IN BOGOTÁ" Bogota email contacto
2026-06-18 22:46:23,468 [WARNING] Error navegando a Google: Message: invalid session id; For documentation on this error, please visit: https://www.selenium.dev/documentation/webdriver/troubleshooting/errors#invalidsessionidexception
Stacktrace:
0   chromedriver                        0x0000000104e0f1e4 cxxbridge1$str$ptr + 3175992
1   chromedriver                        0x0000000104e072ac cxxbridge1$str$ptr + 3143424
2   chromedriver                        0x00000001048b7178 _RNvCs9NA52FrZ4pF_7___rustc35___rust_no_alloc_shim_is_unstable_v2 + 73572
3   chromedriver                        0x00000001048f46c4 _RNvCs9NA52FrZ4pF_7___rustc35___rust_no_alloc_shim_is_unstable_v2 + 324784
4   chromedriver                        0x000000010491b068 _RNvCs9NA52FrZ4pF_7___rustc35___rust_no_alloc_shim_is_unstable_v2 + 482900
5   chromedriver                        0x000000010491a968 _RNvCs9NA52FrZ4pF_7___rustc35___rust_no_alloc_shim_is_unstable_v2 + 481108
6   chromedriver                        0x0000000104884fd8 chromedriver + 118744
7   chromedriver                        0x0000000104dcd370 cxxbridge1$str$ptr + 2906052
8   chromedriver                        0x0000000104dd0af0 cxxbridge1$str$ptr + 2920260
9   chromedriver                        0x0000000104db42b0 cxxbridge1$str$ptr + 2803460
10  chromedriver                        0x0000000104dd1384 cxxbridge1$str$ptr + 2922456
11  chromedriver                        0x0000000104da57d0 cxxbridge1$str$ptr + 2743332
12  chromedriver                        0x0000000104882d30 chromedriver + 109872
13  dyld                                0x000000018a077e00 start + 6992

2026-06-18 22:46:23,468 [INFO]   🔄 DDG fallback: "STAY IN BOGOTÁ" Bogota email contacto
2026-06-18 22:46:23,797 [INFO] response: https://www.bing.com/search?q=%22STAY+IN+BOGOT%C3%81%22+Bogota+email+contacto 200
2026-06-18 22:46:27,692 [INFO]   🔍 DDG→Facebook: "STAY IN BOGOTÁ" Bogota site:facebook.com
2026-06-18 22:46:28,084 [INFO] response: https://www.bing.com/search?q=%22STAY+IN+BOGOT%C3%81%22+Bogota+site%3Afacebook.com 200
2026-06-18 22:46:29,100 [INFO] response: https://www.bing.com/search?q=%22STAY+IN+BOGOT%C3%81%22+Bogota+site%3Afacebook.com&first=11&FORM=PERE 200
2026-06-18 22:46:30,130 [INFO] response: https://www.bing.com/search?q=%22STAY+IN+BOGOT%C3%81%22+Bogota+site%3Afacebook.com&first=21&FORM=PERE1 200
2026-06-18 22:46:31,152 [INFO] response: https://www.bing.com/search?q=%22STAY+IN+BOGOT%C3%81%22+Bogota+site%3Afacebook.com&first=31&FORM=PERE2 200
2026-06-18 22:46:32,115 [INFO] response: https://www.bing.com/search?q=%22STAY+IN+BOGOT%C3%81%22+Bogota+site%3Afacebook.com&first=41&FORM=PERE3 200
2026-06-18 22:46:36,227 [INFO]   ❌ Sin resultado: STAY IN BOGOTÁ
2026-06-18 22:46:42,418 [INFO] 
[203/210] Hotel Casa La Riviera (Bogota)
2026-06-18 22:46:42,419 [INFO]   🔍 Google: "Hotel Casa La Riviera" Bogota email contacto
2026-06-18 22:46:42,421 [WARNING] Error navegando a Google: Message: invalid session id; For documentation on this error, please visit: https://www.selenium.dev/documentation/webdriver/troubleshooting/errors#invalidsessionidexception
Stacktrace:
0   chromedriver                        0x0000000104e0f1e4 cxxbridge1$str$ptr + 3175992
1   chromedriver                        0x0000000104e072ac cxxbridge1$str$ptr + 3143424
2   chromedriver                        0x00000001048b7178 _RNvCs9NA52FrZ4pF_7___rustc35___rust_no_alloc_shim_is_unstable_v2 + 73572
3   chromedriver                        0x00000001048f46c4 _RNvCs9NA52FrZ4pF_7___rustc35___rust_no_alloc_shim_is_unstable_v2 + 324784
4   chromedriver                        0x000000010491b068 _RNvCs9NA52FrZ4pF_7___rustc35___rust_no_alloc_shim_is_unstable_v2 + 482900
5   chromedriver                        0x000000010491a968 _RNvCs9NA52FrZ4pF_7___rustc35___rust_no_alloc_shim_is_unstable_v2 + 481108
6   chromedriver                        0x0000000104884fd8 chromedriver + 118744
7   chromedriver                        0x0000000104dcd370 cxxbridge1$str$ptr + 2906052
8   chromedriver                        0x0000000104dd0af0 cxxbridge1$str$ptr + 2920260
9   chromedriver                        0x0000000104db42b0 cxxbridge1$str$ptr + 2803460
10  chromedriver                        0x0000000104dd1384 cxxbridge1$str$ptr + 2922456
11  chromedriver                        0x0000000104da57d0 cxxbridge1$str$ptr + 2743332
12  chromedriver                        0x0000000104882d30 chromedriver + 109872
13  dyld                                0x000000018a077e00 start + 6992

2026-06-18 22:46:42,421 [INFO]   🔄 DDG fallback: "Hotel Casa La Riviera" Bogota email contacto
2026-06-18 22:46:47,725 [INFO] response: https://www.bing.com/search?q=%22Hotel+Casa+La+Riviera%22+Bogota+email+contacto 200
2026-06-18 22:46:51,155 [INFO]   🔍 DDG→Facebook: "Hotel Casa La Riviera" Bogota site:facebook.com
2026-06-18 22:46:51,504 [INFO] response: https://www.bing.com/search?q=%22Hotel+Casa+La+Riviera%22+Bogota+site%3Afacebook.com 200
2026-06-18 22:46:52,516 [INFO] response: https://www.bing.com/search?q=%22Hotel+Casa+La+Riviera%22+Bogota+site%3Afacebook.com&first=11&FORM=PERE 200
2026-06-18 22:46:53,535 [INFO] response: https://www.bing.com/search?q=%22Hotel+Casa+La+Riviera%22+Bogota+site%3Afacebook.com&first=21&FORM=PERE1 200
2026-06-18 22:46:54,698 [INFO] response: https://www.bing.com/search?q=%22Hotel+Casa+La+Riviera%22+Bogota+site%3Afacebook.com&first=31&FORM=PERE2 200
2026-06-18 22:46:55,750 [INFO] response: https://www.bing.com/search?q=%22Hotel+Casa+La+Riviera%22+Bogota+site%3Afacebook.com&first=41&FORM=PERE3 200
2026-06-18 22:46:58,266 [INFO]   ❌ Sin resultado: Hotel Casa La Riviera
2026-06-18 22:46:58,267 [INFO]   📊 Progreso 203/210 | Emails: 19 | Sin resultado: 191
2026-06-18 22:47:04,477 [INFO] 
[204/210] Hotel Nuevo Siboney (Bogota)
2026-06-18 22:47:04,477 [INFO]   🔍 Google: "Hotel Nuevo Siboney" Bogota email contacto
2026-06-18 22:47:04,480 [WARNING] Error navegando a Google: Message: invalid session id; For documentation on this error, please visit: https://www.selenium.dev/documentation/webdriver/troubleshooting/errors#invalidsessionidexception
Stacktrace:
0   chromedriver                        0x0000000104e0f1e4 cxxbridge1$str$ptr + 3175992
1   chromedriver                        0x0000000104e072ac cxxbridge1$str$ptr + 3143424
2   chromedriver                        0x00000001048b7178 _RNvCs9NA52FrZ4pF_7___rustc35___rust_no_alloc_shim_is_unstable_v2 + 73572
3   chromedriver                        0x00000001048f46c4 _RNvCs9NA52FrZ4pF_7___rustc35___rust_no_alloc_shim_is_unstable_v2 + 324784
4   chromedriver                        0x000000010491b068 _RNvCs9NA52FrZ4pF_7___rustc35___rust_no_alloc_shim_is_unstable_v2 + 482900
5   chromedriver                        0x000000010491a968 _RNvCs9NA52FrZ4pF_7___rustc35___rust_no_alloc_shim_is_unstable_v2 + 481108
6   chromedriver                        0x0000000104884fd8 chromedriver + 118744
7   chromedriver                        0x0000000104dcd370 cxxbridge1$str$ptr + 2906052
8   chromedriver                        0x0000000104dd0af0 cxxbridge1$str$ptr + 2920260
9   chromedriver                        0x0000000104db42b0 cxxbridge1$str$ptr + 2803460
10  chromedriver                        0x0000000104dd1384 cxxbridge1$str$ptr + 2922456
11  chromedriver                        0x0000000104da57d0 cxxbridge1$str$ptr + 2743332
12  chromedriver                        0x0000000104882d30 chromedriver + 109872
13  dyld                                0x000000018a077e00 start + 6992

2026-06-18 22:47:04,480 [INFO]   🔄 DDG fallback: "Hotel Nuevo Siboney" Bogota email contacto
2026-06-18 22:47:04,912 [INFO] response: https://www.bing.com/search?q=%22Hotel+Nuevo+Siboney%22+Bogota+email+contacto 200
2026-06-18 22:47:07,472 [INFO]   🔍 DDG→Facebook: "Hotel Nuevo Siboney" Bogota site:facebook.com
2026-06-18 22:47:07,803 [INFO] response: https://www.bing.com/search?q=%22Hotel+Nuevo+Siboney%22+Bogota+site%3Afacebook.com 200
2026-06-18 22:47:08,820 [INFO] response: https://www.bing.com/search?q=%22Hotel+Nuevo+Siboney%22+Bogota+site%3Afacebook.com&first=11&FORM=PERE 200
2026-06-18 22:47:09,925 [INFO] response: https://www.bing.com/search?q=%22Hotel+Nuevo+Siboney%22+Bogota+site%3Afacebook.com&first=21&FORM=PERE1 200
2026-06-18 22:47:11,044 [INFO] response: https://www.bing.com/search?q=%22Hotel+Nuevo+Siboney%22+Bogota+site%3Afacebook.com&first=31&FORM=PERE2 200
2026-06-18 22:47:12,154 [INFO] response: https://www.bing.com/search?q=%22Hotel+Nuevo+Siboney%22+Bogota+site%3Afacebook.com&first=41&FORM=PERE3 200
2026-06-18 22:47:15,050 [INFO]   ❌ Sin resultado: Hotel Nuevo Siboney
2026-06-18 22:47:19,212 [INFO] 
[205/210] Hotel Ariston Embassy (Bogota)
2026-06-18 22:47:19,214 [INFO]   🔍 Google: "Hotel Ariston Embassy" Bogota email contacto
2026-06-18 22:47:19,216 [WARNING] Error navegando a Google: Message: invalid session id; For documentation on this error, please visit: https://www.selenium.dev/documentation/webdriver/troubleshooting/errors#invalidsessionidexception
Stacktrace:
0   chromedriver                        0x0000000104e0f1e4 cxxbridge1$str$ptr + 3175992
1   chromedriver                        0x0000000104e072ac cxxbridge1$str$ptr + 3143424
2   chromedriver                        0x00000001048b7178 _RNvCs9NA52FrZ4pF_7___rustc35___rust_no_alloc_shim_is_unstable_v2 + 73572
3   chromedriver                        0x00000001048f46c4 _RNvCs9NA52FrZ4pF_7___rustc35___rust_no_alloc_shim_is_unstable_v2 + 324784
4   chromedriver                        0x000000010491b068 _RNvCs9NA52FrZ4pF_7___rustc35___rust_no_alloc_shim_is_unstable_v2 + 482900
5   chromedriver                        0x000000010491a968 _RNvCs9NA52FrZ4pF_7___rustc35___rust_no_alloc_shim_is_unstable_v2 + 481108
6   chromedriver                        0x0000000104884fd8 chromedriver + 118744
7   chromedriver                        0x0000000104dcd370 cxxbridge1$str$ptr + 2906052
8   chromedriver                        0x0000000104dd0af0 cxxbridge1$str$ptr + 2920260
9   chromedriver                        0x0000000104db42b0 cxxbridge1$str$ptr + 2803460
10  chromedriver                        0x0000000104dd1384 cxxbridge1$str$ptr + 2922456
11  chromedriver                        0x0000000104da57d0 cxxbridge1$str$ptr + 2743332
12  chromedriver                        0x0000000104882d30 chromedriver + 109872
13  dyld                                0x000000018a077e00 start + 6992

2026-06-18 22:47:19,216 [INFO]   🔄 DDG fallback: "Hotel Ariston Embassy" Bogota email contacto
2026-06-18 22:47:24,493 [INFO] response: https://www.bing.com/search?q=%22Hotel+Ariston+Embassy%22+Bogota+email+contacto 200
2026-06-18 22:47:27,747 [INFO]   🔍 DDG→Facebook: "Hotel Ariston Embassy" Bogota site:facebook.com
2026-06-18 22:47:28,071 [INFO] response: https://www.bing.com/search?q=%22Hotel+Ariston+Embassy%22+Bogota+site%3Afacebook.com 200
2026-06-18 22:47:29,057 [INFO] response: https://www.bing.com/search?q=%22Hotel+Ariston+Embassy%22+Bogota+site%3Afacebook.com&first=11&FORM=PERE 200
2026-06-18 22:47:30,040 [INFO] response: https://www.bing.com/search?q=%22Hotel+Ariston+Embassy%22+Bogota+site%3Afacebook.com&first=21&FORM=PERE1 200
2026-06-18 22:47:31,025 [INFO] response: https://www.bing.com/search?q=%22Hotel+Ariston+Embassy%22+Bogota+site%3Afacebook.com&first=31&FORM=PERE2 200
2026-06-18 22:47:32,080 [INFO] response: https://www.bing.com/search?q=%22Hotel+Ariston+Embassy%22+Bogota+site%3Afacebook.com&first=41&FORM=PERE3 200
2026-06-18 22:47:34,759 [INFO]   ❌ Sin resultado: Hotel Ariston Embassy
2026-06-18 22:47:41,247 [INFO] 
[206/210] HOTEL RADEL SUPERIOR (Bogota)
2026-06-18 22:47:41,248 [INFO]   🔍 Google: "HOTEL RADEL SUPERIOR" Bogota email contacto
2026-06-18 22:47:41,249 [WARNING] Error navegando a Google: Message: invalid session id; For documentation on this error, please visit: https://www.selenium.dev/documentation/webdriver/troubleshooting/errors#invalidsessionidexception
Stacktrace:
0   chromedriver                        0x0000000104e0f1e4 cxxbridge1$str$ptr + 3175992
1   chromedriver                        0x0000000104e072ac cxxbridge1$str$ptr + 3143424
2   chromedriver                        0x00000001048b7178 _RNvCs9NA52FrZ4pF_7___rustc35___rust_no_alloc_shim_is_unstable_v2 + 73572
3   chromedriver                        0x00000001048f46c4 _RNvCs9NA52FrZ4pF_7___rustc35___rust_no_alloc_shim_is_unstable_v2 + 324784
4   chromedriver                        0x000000010491b068 _RNvCs9NA52FrZ4pF_7___rustc35___rust_no_alloc_shim_is_unstable_v2 + 482900
5   chromedriver                        0x000000010491a968 _RNvCs9NA52FrZ4pF_7___rustc35___rust_no_alloc_shim_is_unstable_v2 + 481108
6   chromedriver                        0x0000000104884fd8 chromedriver + 118744
7   chromedriver                        0x0000000104dcd370 cxxbridge1$str$ptr + 2906052
8   chromedriver                        0x0000000104dd0af0 cxxbridge1$str$ptr + 2920260
9   chromedriver                        0x0000000104db42b0 cxxbridge1$str$ptr + 2803460
10  chromedriver                        0x0000000104dd1384 cxxbridge1$str$ptr + 2922456
11  chromedriver                        0x0000000104da57d0 cxxbridge1$str$ptr + 2743332
12  chromedriver                        0x0000000104882d30 chromedriver + 109872
13  dyld                                0x000000018a077e00 start + 6992

2026-06-18 22:47:41,249 [INFO]   🔄 DDG fallback: "HOTEL RADEL SUPERIOR" Bogota email contacto
2026-06-18 22:47:41,575 [INFO] response: https://www.bing.com/search?q=%22HOTEL+RADEL+SUPERIOR%22+Bogota+email+contacto 200
2026-06-18 22:47:44,282 [INFO]   🔍 DDG→Facebook: "HOTEL RADEL SUPERIOR" Bogota site:facebook.com
2026-06-18 22:47:44,590 [INFO] response: https://www.bing.com/search?q=%22HOTEL+RADEL+SUPERIOR%22+Bogota+site%3Afacebook.com 200
2026-06-18 22:47:45,548 [INFO] response: https://www.bing.com/search?q=%22HOTEL+RADEL+SUPERIOR%22+Bogota+site%3Afacebook.com&first=11&FORM=PERE 200
2026-06-18 22:47:46,507 [INFO] response: https://www.bing.com/search?q=%22HOTEL+RADEL+SUPERIOR%22+Bogota+site%3Afacebook.com&first=21&FORM=PERE1 200
2026-06-18 22:47:47,505 [INFO] response: https://www.bing.com/search?q=%22HOTEL+RADEL+SUPERIOR%22+Bogota+site%3Afacebook.com&first=31&FORM=PERE2 200
2026-06-18 22:47:48,449 [INFO] response: https://www.bing.com/search?q=%22HOTEL+RADEL+SUPERIOR%22+Bogota+site%3Afacebook.com&first=41&FORM=PERE3 200
2026-06-18 22:47:50,767 [INFO]   ❌ Sin resultado: HOTEL RADEL SUPERIOR
2026-06-18 22:47:56,245 [INFO] 
[207/210] Embassy On Holidays (Bogota)
2026-06-18 22:47:56,245 [INFO]   🔍 Google: "Embassy On Holidays" Bogota email contacto
2026-06-18 22:47:56,247 [WARNING] Error navegando a Google: Message: invalid session id; For documentation on this error, please visit: https://www.selenium.dev/documentation/webdriver/troubleshooting/errors#invalidsessionidexception
Stacktrace:
0   chromedriver                        0x0000000104e0f1e4 cxxbridge1$str$ptr + 3175992
1   chromedriver                        0x0000000104e072ac cxxbridge1$str$ptr + 3143424
2   chromedriver                        0x00000001048b7178 _RNvCs9NA52FrZ4pF_7___rustc35___rust_no_alloc_shim_is_unstable_v2 + 73572
3   chromedriver                        0x00000001048f46c4 _RNvCs9NA52FrZ4pF_7___rustc35___rust_no_alloc_shim_is_unstable_v2 + 324784
4   chromedriver                        0x000000010491b068 _RNvCs9NA52FrZ4pF_7___rustc35___rust_no_alloc_shim_is_unstable_v2 + 482900
5   chromedriver                        0x000000010491a968 _RNvCs9NA52FrZ4pF_7___rustc35___rust_no_alloc_shim_is_unstable_v2 + 481108
6   chromedriver                        0x0000000104884fd8 chromedriver + 118744
7   chromedriver                        0x0000000104dcd370 cxxbridge1$str$ptr + 2906052
8   chromedriver                        0x0000000104dd0af0 cxxbridge1$str$ptr + 2920260
9   chromedriver                        0x0000000104db42b0 cxxbridge1$str$ptr + 2803460
10  chromedriver                        0x0000000104dd1384 cxxbridge1$str$ptr + 2922456
11  chromedriver                        0x0000000104da57d0 cxxbridge1$str$ptr + 2743332
12  chromedriver                        0x0000000104882d30 chromedriver + 109872
13  dyld                                0x000000018a077e00 start + 6992

2026-06-18 22:47:56,247 [INFO]   🔄 DDG fallback: "Embassy On Holidays" Bogota email contacto
2026-06-18 22:47:56,616 [INFO] response: https://www.bing.com/search?q=%22Embassy+On+Holidays%22+Bogota+email+contacto 200
2026-06-18 22:47:59,616 [INFO]   🔍 DDG→Facebook: "Embassy On Holidays" Bogota site:facebook.com
2026-06-18 22:48:04,979 [INFO] response: https://www.bing.com/search?q=%22Embassy+On+Holidays%22+Bogota+site%3Afacebook.com 200
2026-06-18 22:48:06,038 [INFO] response: https://www.bing.com/search?q=%22Embassy+On+Holidays%22+Bogota+site%3Afacebook.com&first=11&FORM=PERE 200
2026-06-18 22:48:07,020 [INFO] response: https://www.bing.com/search?q=%22Embassy+On+Holidays%22+Bogota+site%3Afacebook.com&first=21&FORM=PERE1 200
2026-06-18 22:48:07,994 [INFO] response: https://www.bing.com/search?q=%22Embassy+On+Holidays%22+Bogota+site%3Afacebook.com&first=31&FORM=PERE2 200
2026-06-18 22:48:08,979 [INFO] response: https://www.bing.com/search?q=%22Embassy+On+Holidays%22+Bogota+site%3Afacebook.com&first=41&FORM=PERE3 200
2026-06-18 22:48:12,150 [INFO]   ❌ Sin resultado: Embassy On Holidays
2026-06-18 22:48:17,176 [INFO] 
[208/210] Hotel Bogotá Airport Dorado (Bogota)
2026-06-18 22:48:17,177 [INFO]   🔍 Google: "Hotel Bogotá Airport Dorado" Bogota email contacto
2026-06-18 22:48:17,179 [WARNING] Error navegando a Google: Message: invalid session id; For documentation on this error, please visit: https://www.selenium.dev/documentation/webdriver/troubleshooting/errors#invalidsessionidexception
Stacktrace:
0   chromedriver                        0x0000000104e0f1e4 cxxbridge1$str$ptr + 3175992
1   chromedriver                        0x0000000104e072ac cxxbridge1$str$ptr + 3143424
2   chromedriver                        0x00000001048b7178 _RNvCs9NA52FrZ4pF_7___rustc35___rust_no_alloc_shim_is_unstable_v2 + 73572
3   chromedriver                        0x00000001048f46c4 _RNvCs9NA52FrZ4pF_7___rustc35___rust_no_alloc_shim_is_unstable_v2 + 324784
4   chromedriver                        0x000000010491b068 _RNvCs9NA52FrZ4pF_7___rustc35___rust_no_alloc_shim_is_unstable_v2 + 482900
5   chromedriver                        0x000000010491a968 _RNvCs9NA52FrZ4pF_7___rustc35___rust_no_alloc_shim_is_unstable_v2 + 481108
6   chromedriver                        0x0000000104884fd8 chromedriver + 118744
7   chromedriver                        0x0000000104dcd370 cxxbridge1$str$ptr + 2906052
8   chromedriver                        0x0000000104dd0af0 cxxbridge1$str$ptr + 2920260
9   chromedriver                        0x0000000104db42b0 cxxbridge1$str$ptr + 2803460
10  chromedriver                        0x0000000104dd1384 cxxbridge1$str$ptr + 2922456
11  chromedriver                        0x0000000104da57d0 cxxbridge1$str$ptr + 2743332
12  chromedriver                        0x0000000104882d30 chromedriver + 109872
13  dyld                                0x000000018a077e00 start + 6992

2026-06-18 22:48:17,179 [INFO]   🔄 DDG fallback: "Hotel Bogotá Airport Dorado" Bogota email contacto
2026-06-18 22:48:17,457 [INFO] response: https://www.bing.com/search?q=%22Hotel+Bogot%C3%A1+Airport+Dorado%22+Bogota+email+contacto 200
2026-06-18 22:48:20,284 [INFO]   🔍 DDG→Facebook: "Hotel Bogotá Airport Dorado" Bogota site:facebook.com
2026-06-18 22:48:20,722 [INFO] response: https://www.bing.com/search?q=%22Hotel+Bogot%C3%A1+Airport+Dorado%22+Bogota+site%3Afacebook.com 200
2026-06-18 22:48:21,834 [INFO] response: https://www.bing.com/search?q=%22Hotel+Bogot%C3%A1+Airport+Dorado%22+Bogota+site%3Afacebook.com&first=11&FORM=PERE 200
2026-06-18 22:48:22,832 [INFO] response: https://www.bing.com/search?q=%22Hotel+Bogot%C3%A1+Airport+Dorado%22+Bogota+site%3Afacebook.com&first=21&FORM=PERE1 200
2026-06-18 22:48:23,838 [INFO] response: https://www.bing.com/search?q=%22Hotel+Bogot%C3%A1+Airport+Dorado%22+Bogota+site%3Afacebook.com&first=31&FORM=PERE2 200
2026-06-18 22:48:24,854 [INFO] response: https://www.bing.com/search?q=%22Hotel+Bogot%C3%A1+Airport+Dorado%22+Bogota+site%3Afacebook.com&first=41&FORM=PERE3 200
2026-06-18 22:48:26,988 [INFO]   ❌ Sin resultado: Hotel Bogotá Airport Dorado
2026-06-18 22:48:26,990 [INFO]   📊 Progreso 208/210 | Emails: 19 | Sin resultado: 196
2026-06-18 22:48:32,226 [INFO] 
[209/210] Apartahotel Barú - Usaquén (Bogota)
2026-06-18 22:48:32,227 [INFO]   🔍 Google: "Apartahotel Barú - Usaquén" Bogota email contacto
2026-06-18 22:48:32,228 [WARNING] Error navegando a Google: Message: invalid session id; For documentation on this error, please visit: https://www.selenium.dev/documentation/webdriver/troubleshooting/errors#invalidsessionidexception
Stacktrace:
0   chromedriver                        0x0000000104e0f1e4 cxxbridge1$str$ptr + 3175992
1   chromedriver                        0x0000000104e072ac cxxbridge1$str$ptr + 3143424
2   chromedriver                        0x00000001048b7178 _RNvCs9NA52FrZ4pF_7___rustc35___rust_no_alloc_shim_is_unstable_v2 + 73572
3   chromedriver                        0x00000001048f46c4 _RNvCs9NA52FrZ4pF_7___rustc35___rust_no_alloc_shim_is_unstable_v2 + 324784
4   chromedriver                        0x000000010491b068 _RNvCs9NA52FrZ4pF_7___rustc35___rust_no_alloc_shim_is_unstable_v2 + 482900
5   chromedriver                        0x000000010491a968 _RNvCs9NA52FrZ4pF_7___rustc35___rust_no_alloc_shim_is_unstable_v2 + 481108
6   chromedriver                        0x0000000104884fd8 chromedriver + 118744
7   chromedriver                        0x0000000104dcd370 cxxbridge1$str$ptr + 2906052
8   chromedriver                        0x0000000104dd0af0 cxxbridge1$str$ptr + 2920260
9   chromedriver                        0x0000000104db42b0 cxxbridge1$str$ptr + 2803460
10  chromedriver                        0x0000000104dd1384 cxxbridge1$str$ptr + 2922456
11  chromedriver                        0x0000000104da57d0 cxxbridge1$str$ptr + 2743332
12  chromedriver                        0x0000000104882d30 chromedriver + 109872
13  dyld                                0x000000018a077e00 start + 6992

2026-06-18 22:48:32,229 [INFO]   🔄 DDG fallback: "Apartahotel Barú - Usaquén" Bogota email contacto
2026-06-18 22:48:32,614 [INFO] response: https://www.bing.com/search?q=%22Apartahotel+Bar%C3%BA+-+Usaqu%C3%A9n%22+Bogota+email+contacto 200
2026-06-18 22:48:35,246 [INFO]   🔍 DDG→Facebook: "Apartahotel Barú - Usaquén" Bogota site:facebook.com
2026-06-18 22:48:35,752 [INFO] response: https://www.bing.com/search?q=%22Apartahotel+Bar%C3%BA+-+Usaqu%C3%A9n%22+Bogota+site%3Afacebook.com 200
2026-06-18 22:48:36,834 [INFO] response: https://www.bing.com/search?q=%22Apartahotel+Bar%C3%BA+-+Usaqu%C3%A9n%22+Bogota+site%3Afacebook.com&first=11&FORM=PERE 200
2026-06-18 22:48:37,819 [INFO] response: https://www.bing.com/search?q=%22Apartahotel+Bar%C3%BA+-+Usaqu%C3%A9n%22+Bogota+site%3Afacebook.com&first=21&FORM=PERE1 200
2026-06-18 22:48:38,852 [INFO] response: https://www.bing.com/search?q=%22Apartahotel+Bar%C3%BA+-+Usaqu%C3%A9n%22+Bogota+site%3Afacebook.com&first=31&FORM=PERE2 200
2026-06-18 22:48:39,842 [INFO] response: https://www.bing.com/search?q=%22Apartahotel+Bar%C3%BA+-+Usaqu%C3%A9n%22+Bogota+site%3Afacebook.com&first=41&FORM=PERE3 200
2026-06-18 22:48:43,095 [INFO]   ❌ Sin resultado: Apartahotel Barú - Usaquén
2026-06-18 22:48:49,776 [INFO] 
[210/210] Casa Quinta Hotel Embajada (Bogota)
2026-06-18 22:48:49,777 [INFO]   🔍 Google: "Casa Quinta Hotel Embajada" Bogota email contacto
2026-06-18 22:48:49,779 [WARNING] Error navegando a Google: Message: invalid session id; For documentation on this error, please visit: https://www.selenium.dev/documentation/webdriver/troubleshooting/errors#invalidsessionidexception
Stacktrace:
0   chromedriver                        0x0000000104e0f1e4 cxxbridge1$str$ptr + 3175992
1   chromedriver                        0x0000000104e072ac cxxbridge1$str$ptr + 3143424
2   chromedriver                        0x00000001048b7178 _RNvCs9NA52FrZ4pF_7___rustc35___rust_no_alloc_shim_is_unstable_v2 + 73572
3   chromedriver                        0x00000001048f46c4 _RNvCs9NA52FrZ4pF_7___rustc35___rust_no_alloc_shim_is_unstable_v2 + 324784
4   chromedriver                        0x000000010491b068 _RNvCs9NA52FrZ4pF_7___rustc35___rust_no_alloc_shim_is_unstable_v2 + 482900
5   chromedriver                        0x000000010491a968 _RNvCs9NA52FrZ4pF_7___rustc35___rust_no_alloc_shim_is_unstable_v2 + 481108
6   chromedriver                        0x0000000104884fd8 chromedriver + 118744
7   chromedriver                        0x0000000104dcd370 cxxbridge1$str$ptr + 2906052
8   chromedriver                        0x0000000104dd0af0 cxxbridge1$str$ptr + 2920260
9   chromedriver                        0x0000000104db42b0 cxxbridge1$str$ptr + 2803460
10  chromedriver                        0x0000000104dd1384 cxxbridge1$str$ptr + 2922456
11  chromedriver                        0x0000000104da57d0 cxxbridge1$str$ptr + 2743332
12  chromedriver                        0x0000000104882d30 chromedriver + 109872
13  dyld                                0x000000018a077e00 start + 6992

2026-06-18 22:48:49,779 [INFO]   🔄 DDG fallback: "Casa Quinta Hotel Embajada" Bogota email contacto
2026-06-18 22:48:50,244 [INFO] response: https://www.bing.com/search?q=%22Casa+Quinta+Hotel+Embajada%22+Bogota+email+contacto 200
2026-06-18 22:48:52,810 [INFO]   🔍 DDG→Facebook: "Casa Quinta Hotel Embajada" Bogota site:facebook.com
2026-06-18 22:48:53,243 [INFO] response: https://www.bing.com/search?q=%22Casa+Quinta+Hotel+Embajada%22+Bogota+site%3Afacebook.com 200
2026-06-18 22:48:54,221 [INFO] response: https://www.bing.com/search?q=%22Casa+Quinta+Hotel+Embajada%22+Bogota+site%3Afacebook.com&first=11&FORM=PERE 200
2026-06-18 22:48:55,198 [INFO] response: https://www.bing.com/search?q=%22Casa+Quinta+Hotel+Embajada%22+Bogota+site%3Afacebook.com&first=21&FORM=PERE1 200
2026-06-18 22:48:56,160 [INFO] response: https://www.bing.com/search?q=%22Casa+Quinta+Hotel+Embajada%22+Bogota+site%3Afacebook.com&first=31&FORM=PERE2 200
2026-06-18 22:48:57,152 [INFO] response: https://www.bing.com/search?q=%22Casa+Quinta+Hotel+Embajada%22+Bogota+site%3Afacebook.com&first=41&FORM=PERE3 200
2026-06-18 22:49:00,128 [INFO]   ❌ Sin resultado: Casa Quinta Hotel Embajada
2026-06-18 22:49:04,264 [INFO] 
============================================================
RESUMEN FINAL - GOOGLE + FACEBOOK
============================================================
Total procesados   : 210
Emails encontrados : 19
Sin resultado      : 198
============================================================

