2026-06-17 11:46:27,521 [INFO] Total sin email   : 330
2026-06-17 11:46:27,521 [INFO] Ya procesados     : 0
2026-06-17 11:46:27,521 [INFO] Pendientes        : 330
2026-06-17 11:46:27,521 [INFO] 
[1/330] Servincluido ltda - Hoteles Decameron (sin ciudad)
2026-06-17 11:46:27,521 [INFO]   🌐 Scraping web conocida: https://www.ctallergy.net/
2026-06-17 11:46:38,372 [INFO]   🔍 DDG: "Servincluido" Colombia email contacto
2026-06-17 11:46:43,904 [INFO] response: https://www.bing.com/search?q=%22Servincluido%22+Colombia+email+contacto 200
2026-06-17 11:46:46,630 [INFO]   🔍 DDG: "Servincluido" Colombia correo reservas
2026-06-17 11:46:46,888 [INFO] response: https://www.bing.com/search?q=%22Servincluido%22+Colombia+correo+reservas 200
2026-06-17 11:46:50,684 [INFO]   🔍 DDG: "Servincluido" colombia hotel "@"
2026-06-17 11:46:56,002 [INFO] response: https://www.bing.com/search?q=%22Servincluido%22+colombia+hotel+%22%40%22 200
2026-06-17 11:46:58,189 [INFO]   🔗 LinkedIn DDG: "Servincluido" Colombia site:linkedin.com/company
2026-06-17 11:46:58,584 [INFO] response: https://www.bing.com/search?q=%22Servincluido%22+Colombia+site%3Alinkedin.com%2Fcompany 200
2026-06-17 11:46:59,563 [INFO] response: https://www.bing.com/search?q=%22Servincluido%22+Colombia+site%3Alinkedin.com%2Fcompany&first=11&FORM=PERE 200
2026-06-17 11:47:00,558 [INFO] response: https://www.bing.com/search?q=%22Servincluido%22+Colombia+site%3Alinkedin.com%2Fcompany&first=21&FORM=PERE1 200
2026-06-17 11:47:01,674 [INFO] response: https://www.bing.com/search?q=%22Servincluido%22+Colombia+site%3Alinkedin.com%2Fcompany&first=31&FORM=PERE2 200
2026-06-17 11:47:02,692 [INFO] response: https://www.bing.com/search?q=%22Servincluido%22+Colombia+site%3Alinkedin.com%2Fcompany&first=41&FORM=PERE3 200
2026-06-17 11:47:05,759 [INFO]   ❌ Sin resultado: Servincluido ltda - Hoteles Decameron
2026-06-17 11:47:13,296 [INFO] 
[2/330] Hotel Suites Caribe (Barranquilla)
2026-06-17 11:47:13,298 [INFO]   🔍 DDG: "Hotel Suites Caribe" Barranquilla email contacto
2026-06-17 11:47:13,681 [INFO] response: https://www.bing.com/search?q=%22Hotel+Suites+Caribe%22+Barranquilla+email+contacto 200
2026-06-17 11:47:15,987 [INFO]   🔍 DDG: "Hotel Suites Caribe" Barranquilla correo reservas
2026-06-17 11:47:21,287 [INFO] response: https://www.bing.com/search?q=%22Hotel+Suites+Caribe%22+Barranquilla+correo+reservas 200
2026-06-17 11:47:23,657 [INFO]   🔍 DDG: "Hotel Suites Caribe" colombia hotel "@"
2026-06-17 11:47:24,028 [INFO] response: https://www.bing.com/search?q=%22Hotel+Suites+Caribe%22+colombia+hotel+%22%40%22 200
2026-06-17 11:47:28,232 [INFO]   🌐 Visitando (DDG): https://www.hoteles.com/de1634154/hoteles-bogota-colombia/
2026-06-17 11:47:37,407 [INFO]   🌐 Visitando (DDG): https://co.hoteles.com/de1634154/hoteles-bogota-colombia/
2026-06-17 11:47:40,262 [INFO]   🌐 Visitando (DDG): https://www.tripadvisor.co/Hotels-g294074-Bogota-Hotels.html
2026-06-17 11:47:43,288 [INFO]   🔗 LinkedIn DDG: "Hotel Suites Caribe" Barranquilla site:linkedin.com/company
2026-06-17 11:47:43,882 [INFO] response: https://www.bing.com/search?q=%22Hotel+Suites+Caribe%22+Barranquilla+site%3Alinkedin.com%2Fcompany 200
2026-06-17 11:47:44,973 [INFO] response: https://www.bing.com/search?q=%22Hotel+Suites+Caribe%22+Barranquilla+site%3Alinkedin.com%2Fcompany&first=11&FORM=PERE 200
2026-06-17 11:47:45,947 [INFO] response: https://www.bing.com/search?q=%22Hotel+Suites+Caribe%22+Barranquilla+site%3Alinkedin.com%2Fcompany&first=21&FORM=PERE1 200
2026-06-17 11:47:47,074 [INFO] response: https://www.bing.com/search?q=%22Hotel+Suites+Caribe%22+Barranquilla+site%3Alinkedin.com%2Fcompany&first=31&FORM=PERE2 200
2026-06-17 11:47:48,208 [INFO] response: https://www.bing.com/search?q=%22Hotel+Suites+Caribe%22+Barranquilla+site%3Alinkedin.com%2Fcompany&first=41&FORM=PERE3 200
2026-06-17 11:47:52,759 [INFO]   ❌ Sin resultado: Hotel Suites Caribe
2026-06-17 11:48:00,485 [INFO] 
[3/330] Hotel Movich Buró 51 (Barranquilla)
2026-06-17 11:48:00,485 [INFO]   🔍 DDG: "Hotel Movich Buró 51" Barranquilla email contacto
2026-06-17 11:48:00,782 [INFO] response: https://www.bing.com/search?q=%22Hotel+Movich+Bur%C3%B3+51%22+Barranquilla+email+contacto 200
2026-06-17 11:48:04,992 [INFO]   🔍 DDG: "Hotel Movich Buró 51" Barranquilla correo reservas
2026-06-17 11:48:05,757 [INFO] response: https://www.bing.com/search?q=%22Hotel+Movich+Bur%C3%B3+51%22+Barranquilla+correo+reservas 200
2026-06-17 11:48:08,709 [INFO]   🔍 DDG: "Hotel Movich Buró 51" colombia hotel "@"
2026-06-17 11:48:14,090 [INFO] response: https://www.bing.com/search?q=%22Hotel+Movich+Bur%C3%B3+51%22+colombia+hotel+%22%40%22 200
2026-06-17 11:48:18,734 [INFO]   🔗 LinkedIn DDG: "Hotel Movich Buró 51" Barranquilla site:linkedin.com/company
2026-06-17 11:48:19,118 [INFO] response: https://www.bing.com/search?q=%22Hotel+Movich+Bur%C3%B3+51%22+Barranquilla+site%3Alinkedin.com%2Fcompany 200
2026-06-17 11:48:20,095 [INFO] response: https://www.bing.com/search?q=%22Hotel+Movich+Bur%C3%B3+51%22+Barranquilla+site%3Alinkedin.com%2Fcompany&first=11&FORM=PERE 200
2026-06-17 11:48:21,090 [INFO] response: https://www.bing.com/search?q=%22Hotel+Movich+Bur%C3%B3+51%22+Barranquilla+site%3Alinkedin.com%2Fcompany&first=21&FORM=PERE1 200
2026-06-17 11:48:22,171 [INFO] response: https://www.bing.com/search?q=%22Hotel+Movich+Bur%C3%B3+51%22+Barranquilla+site%3Alinkedin.com%2Fcompany&first=31&FORM=PERE2 200
2026-06-17 11:48:23,262 [INFO] response: https://www.bing.com/search?q=%22Hotel+Movich+Bur%C3%B3+51%22+Barranquilla+site%3Alinkedin.com%2Fcompany&first=41&FORM=PERE3 200
2026-06-17 11:48:26,829 [INFO]   ❌ Sin resultado: Hotel Movich Buró 51
2026-06-17 11:48:33,851 [INFO] 
[4/330] Hotel BH Barranquilla (Barranquilla)
2026-06-17 11:48:33,852 [INFO]   🌐 Scraping web conocida: https://www.bhhoteles.com/bh-barranquilla
2026-06-17 11:48:59,165 [INFO]   🔍 DDG: "Hotel BH Barranquilla" Barranquilla email contacto
2026-06-17 11:48:59,558 [INFO] response: https://www.bing.com/search?q=%22Hotel+BH+Barranquilla%22+Barranquilla+email+contacto 200
2026-06-17 11:49:02,966 [INFO]   🔍 DDG: "Hotel BH Barranquilla" Barranquilla correo reservas
2026-06-17 11:49:08,291 [INFO] response: https://www.bing.com/search?q=%22Hotel+BH+Barranquilla%22+Barranquilla+correo+reservas 200
2026-06-17 11:49:12,305 [INFO]   🔍 DDG: "Hotel BH Barranquilla" colombia hotel "@"
2026-06-17 11:49:12,772 [INFO] response: https://www.bing.com/search?q=%22Hotel+BH+Barranquilla%22+colombia+hotel+%22%40%22 200
2026-06-17 11:49:15,934 [INFO]   🌐 Visitando (DDG): https://www.hoteles.com/de1634154/hoteles-bogota-colombia/
2026-06-17 11:49:18,817 [INFO]   🌐 Visitando (DDG): https://co.hoteles.com/de1634154/hoteles-bogota-colombia/
2026-06-17 11:49:21,779 [INFO]   🌐 Visitando (DDG): https://www.tripadvisor.co/Hotels-g294074-Bogota-Hotels.html
2026-06-17 11:49:24,335 [INFO]   🔗 LinkedIn DDG: "Hotel BH Barranquilla" Barranquilla site:linkedin.com/company
2026-06-17 11:49:24,641 [INFO] response: https://www.bing.com/search?q=%22Hotel+BH+Barranquilla%22+Barranquilla+site%3Alinkedin.com%2Fcompany 200
2026-06-17 11:49:25,668 [INFO] response: https://www.bing.com/search?q=%22Hotel+BH+Barranquilla%22+Barranquilla+site%3Alinkedin.com%2Fcompany&first=11&FORM=PERE 200
2026-06-17 11:49:26,825 [INFO] response: https://www.bing.com/search?q=%22Hotel+BH+Barranquilla%22+Barranquilla+site%3Alinkedin.com%2Fcompany&first=21&FORM=PERE1 200
2026-06-17 11:49:27,844 [INFO] response: https://www.bing.com/search?q=%22Hotel+BH+Barranquilla%22+Barranquilla+site%3Alinkedin.com%2Fcompany&first=31&FORM=PERE2 200
2026-06-17 11:49:28,814 [INFO] response: https://www.bing.com/search?q=%22Hotel+BH+Barranquilla%22+Barranquilla+site%3Alinkedin.com%2Fcompany&first=41&FORM=PERE3 200
2026-06-17 11:49:31,504 [INFO]   ❌ Sin resultado: Hotel BH Barranquilla
2026-06-17 11:49:39,010 [INFO] 
[5/330] Hotel Fontamar 72 (Barranquilla)
2026-06-17 11:49:39,011 [INFO]   🔍 DDG: "Hotel Fontamar 72" Barranquilla email contacto
2026-06-17 11:49:44,380 [INFO] response: https://www.bing.com/search?q=%22Hotel+Fontamar+72%22+Barranquilla+email+contacto 200
2026-06-17 11:49:48,995 [INFO]   🔍 DDG: "Hotel Fontamar 72" Barranquilla correo reservas
2026-06-17 11:49:49,318 [INFO] response: https://www.bing.com/search?q=%22Hotel+Fontamar+72%22+Barranquilla+correo+reservas 200
2026-06-17 11:49:52,460 [INFO]   🔍 DDG: "Hotel Fontamar 72" colombia hotel "@"
2026-06-17 11:49:52,728 [INFO] response: https://www.bing.com/search?q=%22Hotel+Fontamar+72%22+colombia+hotel+%22%40%22 200
2026-06-17 11:49:57,249 [INFO]   🌐 Visitando (DDG): https://www.hoteles.com/de1634154/hoteles-bogota-colombia/
2026-06-17 11:50:00,044 [INFO]   🌐 Visitando (DDG): https://co.hoteles.com/de1634154/hoteles-bogota-colombia/
2026-06-17 11:50:02,445 [INFO]   🌐 Visitando (DDG): https://www.tripadvisor.co/Hotels-g294074-Bogota-Hotels.html
2026-06-17 11:50:04,274 [INFO]   🔗 LinkedIn DDG: "Hotel Fontamar 72" Barranquilla site:linkedin.com/company
2026-06-17 11:50:04,775 [INFO] response: https://www.bing.com/search?q=%22Hotel+Fontamar+72%22+Barranquilla+site%3Alinkedin.com%2Fcompany 200
2026-06-17 11:50:05,752 [INFO] response: https://www.bing.com/search?q=%22Hotel+Fontamar+72%22+Barranquilla+site%3Alinkedin.com%2Fcompany&first=11&FORM=PERE 200
2026-06-17 11:50:06,866 [INFO] response: https://www.bing.com/search?q=%22Hotel+Fontamar+72%22+Barranquilla+site%3Alinkedin.com%2Fcompany&first=21&FORM=PERE1 200
2026-06-17 11:50:07,864 [INFO] response: https://www.bing.com/search?q=%22Hotel+Fontamar+72%22+Barranquilla+site%3Alinkedin.com%2Fcompany&first=31&FORM=PERE2 200
2026-06-17 11:50:08,850 [INFO] response: https://www.bing.com/search?q=%22Hotel+Fontamar+72%22+Barranquilla+site%3Alinkedin.com%2Fcompany&first=41&FORM=PERE3 200
2026-06-17 11:50:11,740 [INFO]   ❌ Sin resultado: Hotel Fontamar 72
2026-06-17 11:50:18,342 [INFO] 
[6/330] Hotel San Marcos (Barranquilla)
2026-06-17 11:50:18,343 [INFO]   🔍 DDG: "Hotel San Marcos" Barranquilla email contacto
2026-06-17 11:50:18,811 [INFO] response: https://www.bing.com/search?q=%22Hotel+San+Marcos%22+Barranquilla+email+contacto 200
2026-06-17 11:50:23,325 [INFO]   🔍 DDG: "Hotel San Marcos" Barranquilla correo reservas
2026-06-17 11:50:23,660 [INFO] response: https://www.bing.com/search?q=%22Hotel+San+Marcos%22+Barranquilla+correo+reservas 200
2026-06-17 11:50:28,133 [INFO]   🔍 DDG: "Hotel San Marcos" colombia hotel "@"
2026-06-17 11:50:28,494 [INFO] response: https://www.bing.com/search?q=%22Hotel+San+Marcos%22+colombia+hotel+%22%40%22 200
2026-06-17 11:50:31,198 [INFO]   🔗 LinkedIn DDG: "Hotel San Marcos" Barranquilla site:linkedin.com/company
2026-06-17 11:50:31,515 [INFO] response: https://www.bing.com/search?q=%22Hotel+San+Marcos%22+Barranquilla+site%3Alinkedin.com%2Fcompany 200
2026-06-17 11:50:32,545 [INFO] response: https://www.bing.com/search?q=%22Hotel+San+Marcos%22+Barranquilla+site%3Alinkedin.com%2Fcompany&first=11&FORM=PERE 200
2026-06-17 11:50:33,502 [INFO] response: https://www.bing.com/search?q=%22Hotel+San+Marcos%22+Barranquilla+site%3Alinkedin.com%2Fcompany&first=21&FORM=PERE1 200
2026-06-17 11:50:34,682 [INFO] response: https://www.bing.com/search?q=%22Hotel+San+Marcos%22+Barranquilla+site%3Alinkedin.com%2Fcompany&first=31&FORM=PERE2 200
2026-06-17 11:50:35,683 [INFO] response: https://www.bing.com/search?q=%22Hotel+San+Marcos%22+Barranquilla+site%3Alinkedin.com%2Fcompany&first=41&FORM=PERE3 200
2026-06-17 11:50:38,589 [INFO]   ❌ Sin resultado: Hotel San Marcos
2026-06-17 11:50:44,035 [INFO] 
[7/330] Hotel Ayenda Skall 1319 (Barranquilla)
2026-06-17 11:50:44,035 [INFO]   🔍 DDG: "Hotel Ayenda Skall 1319" Barranquilla email contacto
2026-06-17 11:50:44,431 [INFO] response: https://www.bing.com/search?q=%22Hotel+Ayenda+Skall+1319%22+Barranquilla+email+contacto 200
2026-06-17 11:50:48,850 [INFO]   🔍 DDG: "Hotel Ayenda Skall 1319" Barranquilla correo reservas
2026-06-17 11:50:54,219 [INFO] response: https://www.bing.com/search?q=%22Hotel+Ayenda+Skall+1319%22+Barranquilla+correo+reservas 200
2026-06-17 11:50:56,393 [INFO]   🔍 DDG: "Hotel Ayenda Skall 1319" colombia hotel "@"
2026-06-17 11:51:01,712 [INFO] response: https://www.bing.com/search?q=%22Hotel+Ayenda+Skall+1319%22+colombia+hotel+%22%40%22 200
2026-06-17 11:51:02,758 [INFO] response: https://www.bing.com/search?q=%22Hotel+Ayenda+Skall+1319%22+colombia+hotel+%22%40%22&first=11&FORM=PERE 200
2026-06-17 11:51:03,784 [INFO] response: https://www.bing.com/search?q=%22Hotel+Ayenda+Skall+1319%22+colombia+hotel+%22%40%22&first=21&FORM=PERE1 200
2026-06-17 11:51:04,768 [INFO] response: https://www.bing.com/search?q=%22Hotel+Ayenda+Skall+1319%22+colombia+hotel+%22%40%22&first=31&FORM=PERE2 200
2026-06-17 11:51:05,766 [INFO] response: https://www.bing.com/search?q=%22Hotel+Ayenda+Skall+1319%22+colombia+hotel+%22%40%22&first=41&FORM=PERE3 200
2026-06-17 11:51:10,154 [INFO]   🌐 Visitando (DDG): https://www.hoteles.com/de1634154/hoteles-bogota-colombia/
2026-06-17 11:51:13,204 [INFO]   🌐 Visitando (DDG): https://co.hoteles.com/de1634154/hoteles-bogota-colombia/
2026-06-17 11:51:15,531 [INFO]   🌐 Visitando (DDG): https://www.tripadvisor.co/Hotels-g294074-Bogota-Hotels.html
2026-06-17 11:51:17,951 [INFO]   🔗 LinkedIn DDG: "Hotel Ayenda Skall 1319" Barranquilla site:linkedin.com/company
2026-06-17 11:51:23,260 [INFO] response: https://www.bing.com/search?q=%22Hotel+Ayenda+Skall+1319%22+Barranquilla+site%3Alinkedin.com%2Fcompany 200
2026-06-17 11:51:24,733 [INFO] response: https://www.bing.com/search?q=%22Hotel+Ayenda+Skall+1319%22+Barranquilla+site%3Alinkedin.com%2Fcompany&first=11&FORM=PERE 200
2026-06-17 11:51:25,770 [INFO] response: https://www.bing.com/search?q=%22Hotel+Ayenda+Skall+1319%22+Barranquilla+site%3Alinkedin.com%2Fcompany&first=21&FORM=PERE1 200
2026-06-17 11:51:26,729 [INFO] response: https://www.bing.com/search?q=%22Hotel+Ayenda+Skall+1319%22+Barranquilla+site%3Alinkedin.com%2Fcompany&first=31&FORM=PERE2 200
2026-06-17 11:51:27,743 [INFO] response: https://www.bing.com/search?q=%22Hotel+Ayenda+Skall+1319%22+Barranquilla+site%3Alinkedin.com%2Fcompany&first=41&FORM=PERE3 200
2026-06-17 11:51:30,925 [INFO]   ❌ Sin resultado: Hotel Ayenda Skall 1319
2026-06-17 11:51:35,289 [INFO] 
[8/330] Hotel Yivinaca (Barranquilla)
2026-06-17 11:51:35,290 [INFO]   🌐 Scraping web conocida: http://www.hotelyivinaca.com/
2026-06-17 11:52:00,215 [INFO]   🔍 DDG: "Hotel Yivinaca" Barranquilla email contacto
2026-06-17 11:52:00,587 [INFO] response: https://www.bing.com/search?q=%22Hotel+Yivinaca%22+Barranquilla+email+contacto 200
2026-06-17 11:52:04,349 [INFO]   🔍 DDG: "Hotel Yivinaca" Barranquilla correo reservas
2026-06-17 11:52:04,675 [INFO] response: https://www.bing.com/search?q=%22Hotel+Yivinaca%22+Barranquilla+correo+reservas 200
2026-06-17 11:52:06,789 [INFO]   🔍 DDG: "Hotel Yivinaca" colombia hotel "@"
2026-06-17 11:52:07,098 [INFO] response: https://www.bing.com/search?q=%22Hotel+Yivinaca%22+colombia+hotel+%22%40%22 200
2026-06-17 11:52:11,509 [INFO]   🔗 LinkedIn DDG: "Hotel Yivinaca" Barranquilla site:linkedin.com/company
2026-06-17 11:52:11,796 [INFO] response: https://www.bing.com/search?q=%22Hotel+Yivinaca%22+Barranquilla+site%3Alinkedin.com%2Fcompany 200
2026-06-17 11:52:12,851 [INFO] response: https://www.bing.com/search?q=%22Hotel+Yivinaca%22+Barranquilla+site%3Alinkedin.com%2Fcompany&first=11&FORM=PERE 200
2026-06-17 11:52:13,989 [INFO] response: https://www.bing.com/search?q=%22Hotel+Yivinaca%22+Barranquilla+site%3Alinkedin.com%2Fcompany&first=21&FORM=PERE1 200
2026-06-17 11:52:14,970 [INFO] response: https://www.bing.com/search?q=%22Hotel+Yivinaca%22+Barranquilla+site%3Alinkedin.com%2Fcompany&first=31&FORM=PERE2 200
2026-06-17 11:52:15,937 [INFO] response: https://www.bing.com/search?q=%22Hotel+Yivinaca%22+Barranquilla+site%3Alinkedin.com%2Fcompany&first=41&FORM=PERE3 200
2026-06-17 11:52:17,997 [INFO]   ❌ Sin resultado: Hotel Yivinaca
2026-06-17 11:52:25,822 [INFO] 
[9/330] Hostal Mamy Dorme (Barranquilla)
2026-06-17 11:52:25,823 [INFO]   🔍 DDG: "Hostal Mamy Dorme" Barranquilla email contacto
2026-06-17 11:52:26,143 [INFO] response: https://www.bing.com/search?q=%22Hostal+Mamy+Dorme%22+Barranquilla+email+contacto 200
2026-06-17 11:52:29,025 [INFO]   🔍 DDG: "Hostal Mamy Dorme" Barranquilla correo reservas
2026-06-17 11:52:29,465 [INFO] response: https://www.bing.com/search?q=%22Hostal+Mamy+Dorme%22+Barranquilla+correo+reservas 200
2026-06-17 11:52:31,733 [INFO]   🔍 DDG: "Hostal Mamy Dorme" colombia hotel "@"
2026-06-17 11:52:32,040 [INFO] response: https://www.bing.com/search?q=%22Hostal+Mamy+Dorme%22+colombia+hotel+%22%40%22 200
2026-06-17 11:52:36,302 [INFO]   🔗 LinkedIn DDG: "Hostal Mamy Dorme" Barranquilla site:linkedin.com/company
2026-06-17 11:52:36,603 [INFO] response: https://www.bing.com/search?q=%22Hostal+Mamy+Dorme%22+Barranquilla+site%3Alinkedin.com%2Fcompany 200
2026-06-17 11:52:37,576 [INFO] response: https://www.bing.com/search?q=%22Hostal+Mamy+Dorme%22+Barranquilla+site%3Alinkedin.com%2Fcompany&first=11&FORM=PERE 200
2026-06-17 11:52:38,582 [INFO] response: https://www.bing.com/search?q=%22Hostal+Mamy+Dorme%22+Barranquilla+site%3Alinkedin.com%2Fcompany&first=21&FORM=PERE1 200
2026-06-17 11:52:39,576 [INFO] response: https://www.bing.com/search?q=%22Hostal+Mamy+Dorme%22+Barranquilla+site%3Alinkedin.com%2Fcompany&first=31&FORM=PERE2 200
2026-06-17 11:52:40,526 [INFO] response: https://www.bing.com/search?q=%22Hostal+Mamy+Dorme%22+Barranquilla+site%3Alinkedin.com%2Fcompany&first=41&FORM=PERE3 200
2026-06-17 11:52:43,115 [INFO]   ❌ Sin resultado: Hostal Mamy Dorme
2026-06-17 11:52:47,238 [INFO] 
[10/330] Hotel Aquarius (Barranquilla)
2026-06-17 11:52:47,238 [INFO]   🔍 DDG: "Hotel Aquarius" Barranquilla email contacto
2026-06-17 11:52:47,543 [INFO] response: https://www.bing.com/search?q=%22Hotel+Aquarius%22+Barranquilla+email+contacto 200
2026-06-17 11:52:50,400 [INFO]   🔍 DDG: "Hotel Aquarius" Barranquilla correo reservas
2026-06-17 11:52:50,696 [INFO] response: https://www.bing.com/search?q=%22Hotel+Aquarius%22+Barranquilla+correo+reservas 200
2026-06-17 11:52:51,731 [INFO] response: https://www.bing.com/search?q=%22Hotel+Aquarius%22+Barranquilla+correo+reservas&first=11&FORM=PERE 200
2026-06-17 11:52:52,909 [INFO] response: https://www.bing.com/search?q=%22Hotel+Aquarius%22+Barranquilla+correo+reservas&first=21&FORM=PERE1 200
2026-06-17 11:52:53,964 [INFO] response: https://www.bing.com/search?q=%22Hotel+Aquarius%22+Barranquilla+correo+reservas&first=31&FORM=PERE2 200
2026-06-17 11:52:54,912 [INFO] response: https://www.bing.com/search?q=%22Hotel+Aquarius%22+Barranquilla+correo+reservas&first=41&FORM=PERE3 200
2026-06-17 11:52:59,039 [INFO]   🔍 DDG: "Hotel Aquarius" colombia hotel "@"
2026-06-17 11:53:04,305 [INFO] response: https://www.bing.com/search?q=%22Hotel+Aquarius%22+colombia+hotel+%22%40%22 200
2026-06-17 11:53:05,322 [INFO] response: https://www.bing.com/search?q=%22Hotel+Aquarius%22+colombia+hotel+%22%40%22&first=11&FORM=PERE 200
2026-06-17 11:53:06,285 [INFO] response: https://www.bing.com/search?q=%22Hotel+Aquarius%22+colombia+hotel+%22%40%22&first=21&FORM=PERE1 200
2026-06-17 11:53:07,268 [INFO] response: https://www.bing.com/search?q=%22Hotel+Aquarius%22+colombia+hotel+%22%40%22&first=31&FORM=PERE2 200
2026-06-17 11:53:08,252 [INFO] response: https://www.bing.com/search?q=%22Hotel+Aquarius%22+colombia+hotel+%22%40%22&first=41&FORM=PERE3 200
2026-06-17 11:53:11,377 [INFO]   🌐 Visitando (DDG): https://www.hoteles.com/de1634154/hoteles-bogota-colombia/
2026-06-17 11:53:13,772 [INFO]   🌐 Visitando (DDG): https://co.hoteles.com/de1634154/hoteles-bogota-colombia/
2026-06-17 11:53:16,738 [INFO]   🌐 Visitando (DDG): https://www.tripadvisor.co/Hotels-g294074-Bogota-Hotels.html
2026-06-17 11:53:19,423 [INFO]   🔗 LinkedIn DDG: "Hotel Aquarius" Barranquilla site:linkedin.com/company
2026-06-17 11:53:19,747 [INFO] response: https://www.bing.com/search?q=%22Hotel+Aquarius%22+Barranquilla+site%3Alinkedin.com%2Fcompany 200
2026-06-17 11:53:20,778 [INFO] response: https://www.bing.com/search?q=%22Hotel+Aquarius%22+Barranquilla+site%3Alinkedin.com%2Fcompany&first=11&FORM=PERE 200
2026-06-17 11:53:21,768 [INFO] response: https://www.bing.com/search?q=%22Hotel+Aquarius%22+Barranquilla+site%3Alinkedin.com%2Fcompany&first=21&FORM=PERE1 200
2026-06-17 11:53:22,746 [INFO] response: https://www.bing.com/search?q=%22Hotel+Aquarius%22+Barranquilla+site%3Alinkedin.com%2Fcompany&first=31&FORM=PERE2 200
2026-06-17 11:53:23,745 [INFO] response: https://www.bing.com/search?q=%22Hotel+Aquarius%22+Barranquilla+site%3Alinkedin.com%2Fcompany&first=41&FORM=PERE3 200
2026-06-17 11:53:27,494 [INFO]   ❌ Sin resultado: Hotel Aquarius
2026-06-17 11:53:27,495 [INFO]   📊 Progreso 10/330 | Emails: 0 | Webs: 0 | Sin resultado: 10
2026-06-17 11:53:34,310 [INFO] 
[11/330] Ayenda Hotel 1309 Villa Dilia (Barranquilla)
2026-06-17 11:53:34,310 [INFO]   🔍 DDG: "Ayenda Hotel 1309 Villa Dilia" Barranquilla email contacto
2026-06-17 11:53:34,745 [INFO] response: https://www.bing.com/search?q=%22Ayenda+Hotel+1309+Villa+Dilia%22+Barranquilla+email+contacto 200
2026-06-17 11:53:39,222 [INFO]   🔍 DDG: "Ayenda Hotel 1309 Villa Dilia" Barranquilla correo reservas
2026-06-17 11:53:44,509 [INFO] response: https://www.bing.com/search?q=%22Ayenda+Hotel+1309+Villa+Dilia%22+Barranquilla+correo+reservas 200
2026-06-17 11:53:47,466 [INFO]   🔍 DDG: "Ayenda Hotel 1309 Villa Dilia" colombia hotel "@"
2026-06-17 11:53:47,771 [INFO] response: https://www.bing.com/search?q=%22Ayenda+Hotel+1309+Villa+Dilia%22+colombia+hotel+%22%40%22 200
2026-06-17 11:53:51,640 [INFO]   🔗 LinkedIn DDG: "Ayenda Hotel 1309 Villa Dilia" Barranquilla site:linkedin.com/company
2026-06-17 11:53:56,925 [INFO] response: https://www.bing.com/search?q=%22Ayenda+Hotel+1309+Villa+Dilia%22+Barranquilla+site%3Alinkedin.com%2Fcompany 200
2026-06-17 11:53:57,926 [INFO] response: https://www.bing.com/search?q=%22Ayenda+Hotel+1309+Villa+Dilia%22+Barranquilla+site%3Alinkedin.com%2Fcompany&first=11&FORM=PERE 200
2026-06-17 11:53:58,942 [INFO] response: https://www.bing.com/search?q=%22Ayenda+Hotel+1309+Villa+Dilia%22+Barranquilla+site%3Alinkedin.com%2Fcompany&first=21&FORM=PERE1 200
2026-06-17 11:53:59,990 [INFO] response: https://www.bing.com/search?q=%22Ayenda+Hotel+1309+Villa+Dilia%22+Barranquilla+site%3Alinkedin.com%2Fcompany&first=31&FORM=PERE2 200
2026-06-17 11:54:00,989 [INFO] response: https://www.bing.com/search?q=%22Ayenda+Hotel+1309+Villa+Dilia%22+Barranquilla+site%3Alinkedin.com%2Fcompany&first=41&FORM=PERE3 200
2026-06-17 11:54:03,473 [INFO]   ❌ Sin resultado: Ayenda Hotel 1309 Villa Dilia
2026-06-17 11:54:09,431 [INFO] 
[12/330] Hotel Genova (Barranquilla)
2026-06-17 11:54:09,431 [INFO]   🌐 Scraping web conocida: http://hotelgenova.com.co/
2026-06-17 11:54:14,568 [INFO]   ✅ Email en web conocida: eventos@hotelgenova.com.co
2026-06-17 11:54:19,462 [INFO] 
[13/330] Hotel Georgina (Barranquilla)
2026-06-17 11:54:19,463 [INFO]   🔍 DDG: "Hotel Georgina" Barranquilla email contacto
2026-06-17 11:54:19,790 [INFO] response: https://www.bing.com/search?q=%22Hotel+Georgina%22+Barranquilla+email+contacto 200
2026-06-17 11:54:23,360 [INFO]   🔍 DDG: "Hotel Georgina" Barranquilla correo reservas
2026-06-17 11:54:28,738 [INFO] response: https://www.bing.com/search?q=%22Hotel+Georgina%22+Barranquilla+correo+reservas 200
2026-06-17 11:54:32,231 [INFO]   🔍 DDG: "Hotel Georgina" colombia hotel "@"
2026-06-17 11:54:32,528 [INFO] response: https://www.bing.com/search?q=%22Hotel+Georgina%22+colombia+hotel+%22%40%22 200
2026-06-17 11:54:33,597 [INFO] response: https://www.bing.com/search?q=%22Hotel+Georgina%22+colombia+hotel+%22%40%22&first=11&FORM=PERE 200
2026-06-17 11:54:34,863 [INFO] response: https://www.bing.com/search?q=%22Hotel+Georgina%22+colombia+hotel+%22%40%22&first=21&FORM=PERE1 200
2026-06-17 11:54:35,837 [INFO] response: https://www.bing.com/search?q=%22Hotel+Georgina%22+colombia+hotel+%22%40%22&first=31&FORM=PERE2 200
2026-06-17 11:54:36,877 [INFO] response: https://www.bing.com/search?q=%22Hotel+Georgina%22+colombia+hotel+%22%40%22&first=41&FORM=PERE3 200
2026-06-17 11:54:39,559 [INFO]   🌐 Visitando (DDG): https://www.hoteles.com/de1634154/hoteles-bogota-colombia/
2026-06-17 11:54:42,571 [INFO]   🌐 Visitando (DDG): https://co.hoteles.com/de1634154/hoteles-bogota-colombia/
2026-06-17 11:54:45,677 [INFO]   🌐 Visitando (DDG): https://www.tripadvisor.co/Hotels-g294074-Bogota-Hotels.html
2026-06-17 11:54:47,831 [INFO]   🔗 LinkedIn DDG: "Hotel Georgina" Barranquilla site:linkedin.com/company
2026-06-17 11:54:48,159 [INFO] response: https://www.bing.com/search?q=%22Hotel+Georgina%22+Barranquilla+site%3Alinkedin.com%2Fcompany 200
2026-06-17 11:54:49,253 [INFO] response: https://www.bing.com/search?q=%22Hotel+Georgina%22+Barranquilla+site%3Alinkedin.com%2Fcompany&first=11&FORM=PERE 200
2026-06-17 11:54:50,231 [INFO] response: https://www.bing.com/search?q=%22Hotel+Georgina%22+Barranquilla+site%3Alinkedin.com%2Fcompany&first=21&FORM=PERE1 200
2026-06-17 11:54:51,181 [INFO] response: https://www.bing.com/search?q=%22Hotel+Georgina%22+Barranquilla+site%3Alinkedin.com%2Fcompany&first=31&FORM=PERE2 200
2026-06-17 11:54:52,264 [INFO] response: https://www.bing.com/search?q=%22Hotel+Georgina%22+Barranquilla+site%3Alinkedin.com%2Fcompany&first=41&FORM=PERE3 200
2026-06-17 11:54:55,137 [INFO]   ❌ Sin resultado: Hotel Georgina
2026-06-17 11:55:03,097 [INFO] 
[14/330] Hotel Don Fermin (Barranquilla)
2026-06-17 11:55:03,098 [INFO]   🔍 DDG: "Hotel Don Fermin" Barranquilla email contacto
2026-06-17 11:55:03,446 [INFO] response: https://www.bing.com/search?q=%22Hotel+Don+Fermin%22+Barranquilla+email+contacto 200
2026-06-17 11:55:06,124 [INFO]   🔍 DDG: "Hotel Don Fermin" Barranquilla correo reservas
2026-06-17 11:55:06,540 [INFO] response: https://www.bing.com/search?q=%22Hotel+Don+Fermin%22+Barranquilla+correo+reservas 200
2026-06-17 11:55:10,760 [INFO]   🔍 DDG: "Hotel Don Fermin" colombia hotel "@"
2026-06-17 11:55:11,086 [INFO] response: https://www.bing.com/search?q=%22Hotel+Don+Fermin%22+colombia+hotel+%22%40%22 200
2026-06-17 11:55:13,854 [INFO]   🌐 Visitando (DDG): https://www.hoteles.com/de1634154/hoteles-bogota-colombia/
2026-06-17 11:55:16,856 [INFO]   🌐 Visitando (DDG): https://co.hoteles.com/de1634154/hoteles-bogota-colombia/
2026-06-17 11:55:19,227 [INFO]   🌐 Visitando (DDG): https://www.tripadvisor.co/Hotels-g294074-Bogota-Hotels.html
2026-06-17 11:55:21,429 [INFO]   🔗 LinkedIn DDG: "Hotel Don Fermin" Barranquilla site:linkedin.com/company
2026-06-17 11:55:21,863 [INFO] response: https://www.bing.com/search?q=%22Hotel+Don+Fermin%22+Barranquilla+site%3Alinkedin.com%2Fcompany 200
2026-06-17 11:55:22,877 [INFO] response: https://www.bing.com/search?q=%22Hotel+Don+Fermin%22+Barranquilla+site%3Alinkedin.com%2Fcompany&first=11&FORM=PERE 200
2026-06-17 11:55:23,836 [INFO] response: https://www.bing.com/search?q=%22Hotel+Don+Fermin%22+Barranquilla+site%3Alinkedin.com%2Fcompany&first=21&FORM=PERE1 200
2026-06-17 11:55:24,950 [INFO] response: https://www.bing.com/search?q=%22Hotel+Don+Fermin%22+Barranquilla+site%3Alinkedin.com%2Fcompany&first=31&FORM=PERE2 200
2026-06-17 11:55:26,079 [INFO] response: https://www.bing.com/search?q=%22Hotel+Don+Fermin%22+Barranquilla+site%3Alinkedin.com%2Fcompany&first=41&FORM=PERE3 200
2026-06-17 11:55:29,457 [INFO]   ❌ Sin resultado: Hotel Don Fermin
2026-06-17 11:55:34,154 [INFO] 
[15/330] Hotel Continental Express (Barranquilla)
2026-06-17 11:55:34,154 [INFO]   🌐 Scraping web conocida: http://www.hotelescontinental.co/
2026-06-17 11:55:48,675 [INFO]   🔍 DDG: "Hotel Continental Express" Barranquilla email contacto
2026-06-17 11:55:48,963 [INFO] response: https://www.bing.com/search?q=%22Hotel+Continental+Express%22+Barranquilla+email+contacto 200
2026-06-17 11:55:51,311 [INFO]   🔍 DDG: "Hotel Continental Express" Barranquilla correo reservas
2026-06-17 11:55:56,728 [INFO] response: https://www.bing.com/search?q=%22Hotel+Continental+Express%22+Barranquilla+correo+reservas 200
2026-06-17 11:55:59,461 [INFO]   🔍 DDG: "Hotel Continental Express" colombia hotel "@"
2026-06-17 11:55:59,848 [INFO] response: https://www.bing.com/search?q=%22Hotel+Continental+Express%22+colombia+hotel+%22%40%22 200
2026-06-17 11:56:02,709 [INFO]   🌐 Visitando (DDG): https://www.hoteles.com/de1634154/hoteles-bogota-colombia/
2026-06-17 11:56:05,875 [INFO]   🌐 Visitando (DDG): https://co.hoteles.com/de1634154/hoteles-bogota-colombia/
2026-06-17 11:56:08,656 [INFO]   🌐 Visitando (DDG): https://www.tripadvisor.co/Hotels-g294074-Bogota-Hotels.html
2026-06-17 11:56:11,027 [INFO]   🔗 LinkedIn DDG: "Hotel Continental Express" Barranquilla site:linkedin.com/company
2026-06-17 11:56:11,331 [INFO] response: https://www.bing.com/search?q=%22Hotel+Continental+Express%22+Barranquilla+site%3Alinkedin.com%2Fcompany 200
2026-06-17 11:56:12,499 [INFO] response: https://www.bing.com/search?q=%22Hotel+Continental+Express%22+Barranquilla+site%3Alinkedin.com%2Fcompany&first=11&FORM=PERE 200
2026-06-17 11:56:13,539 [INFO] response: https://www.bing.com/search?q=%22Hotel+Continental+Express%22+Barranquilla+site%3Alinkedin.com%2Fcompany&first=21&FORM=PERE1 200
2026-06-17 11:56:14,535 [INFO] response: https://www.bing.com/search?q=%22Hotel+Continental+Express%22+Barranquilla+site%3Alinkedin.com%2Fcompany&first=31&FORM=PERE2 200
2026-06-17 11:56:15,509 [INFO] response: https://www.bing.com/search?q=%22Hotel+Continental+Express%22+Barranquilla+site%3Alinkedin.com%2Fcompany&first=41&FORM=PERE3 200
2026-06-17 11:56:18,045 [INFO]   ❌ Sin resultado: Hotel Continental Express
2026-06-17 11:56:22,688 [INFO] 
[16/330] Aparta Hotel Mediterraneo (Barranquilla)
2026-06-17 11:56:22,689 [INFO]   🔍 DDG: "Aparta Hotel Mediterraneo" Barranquilla email contacto
2026-06-17 11:56:27,991 [INFO] response: https://www.bing.com/search?q=%22Aparta+Hotel+Mediterraneo%22+Barranquilla+email+contacto 200
2026-06-17 11:56:30,464 [INFO]   🔍 DDG: "Aparta Hotel Mediterraneo" Barranquilla correo reservas
2026-06-17 11:56:30,849 [INFO] response: https://www.bing.com/search?q=%22Aparta+Hotel+Mediterraneo%22+Barranquilla+correo+reservas 200
2026-06-17 11:56:33,057 [INFO]   🔍 DDG: "Aparta Hotel Mediterraneo" colombia hotel "@"
2026-06-17 11:56:33,403 [INFO] response: https://www.bing.com/search?q=%22Aparta+Hotel+Mediterraneo%22+colombia+hotel+%22%40%22 200
2026-06-17 11:56:37,225 [INFO]   🌐 Visitando (DDG): https://temp.apparta.co/
2026-06-17 11:56:51,909 [INFO]   🌐 Visitando (DDG): https://www.metrocuadrado.com/apartaestudios/arriendo/
2026-06-17 11:56:52,736 [INFO]   ✅ Email en web DDG: tratamientodedatos_pdl@avaldigitallabs.com
2026-06-17 11:57:00,595 [INFO] 
[17/330] Hotel Catedral Inn B SAS (Barranquilla)
2026-06-17 11:57:00,595 [INFO]   🌐 Scraping web conocida: http://www.catedralinn.com/
2026-06-17 11:58:42,288 [INFO]   🔍 DDG: "Hotel Catedral Inn B" Barranquilla email contacto
2026-06-17 11:58:42,580 [INFO] response: https://www.bing.com/search?q=%22Hotel+Catedral+Inn+B%22+Barranquilla+email+contacto 200
2026-06-17 11:58:43,749 [INFO] response: https://www.bing.com/search?q=%22Hotel+Catedral+Inn+B%22+Barranquilla+email+contacto&first=11&FORM=PERE 200
2026-06-17 11:58:44,780 [INFO] response: https://www.bing.com/search?q=%22Hotel+Catedral+Inn+B%22+Barranquilla+email+contacto&first=21&FORM=PERE1 200
2026-06-17 11:58:45,796 [INFO] response: https://www.bing.com/search?q=%22Hotel+Catedral+Inn+B%22+Barranquilla+email+contacto&first=31&FORM=PERE2 200
2026-06-17 11:58:46,785 [INFO] response: https://www.bing.com/search?q=%22Hotel+Catedral+Inn+B%22+Barranquilla+email+contacto&first=41&FORM=PERE3 200
2026-06-17 11:58:50,224 [INFO]   🔍 DDG: "Hotel Catedral Inn B" Barranquilla correo reservas
2026-06-17 11:58:50,690 [INFO] response: https://www.bing.com/search?q=%22Hotel+Catedral+Inn+B%22+Barranquilla+correo+reservas 200
2026-06-17 11:58:53,408 [INFO]   🔍 DDG: "Hotel Catedral Inn B" colombia hotel "@"
2026-06-17 11:58:58,733 [INFO] response: https://www.bing.com/search?q=%22Hotel+Catedral+Inn+B%22+colombia+hotel+%22%40%22 200
2026-06-17 11:59:03,219 [INFO]   🌐 Visitando (DDG): https://www.hoteles.com/de1634154/hoteles-bogota-colombia/
2026-06-17 11:59:06,037 [INFO]   🌐 Visitando (DDG): https://co.hoteles.com/de1634154/hoteles-bogota-colombia/
2026-06-17 11:59:09,196 [INFO]   🌐 Visitando (DDG): https://www.tripadvisor.co/Hotels-g294074-Bogota-Hotels.html
2026-06-17 11:59:11,849 [INFO]   🔗 LinkedIn DDG: "Hotel Catedral Inn B" Barranquilla site:linkedin.com/company
2026-06-17 11:59:12,165 [INFO] response: https://www.bing.com/search?q=%22Hotel+Catedral+Inn+B%22+Barranquilla+site%3Alinkedin.com%2Fcompany 200
2026-06-17 11:59:13,168 [INFO] response: https://www.bing.com/search?q=%22Hotel+Catedral+Inn+B%22+Barranquilla+site%3Alinkedin.com%2Fcompany&first=11&FORM=PERE 200
2026-06-17 11:59:14,195 [INFO] response: https://www.bing.com/search?q=%22Hotel+Catedral+Inn+B%22+Barranquilla+site%3Alinkedin.com%2Fcompany&first=21&FORM=PERE1 200
2026-06-17 11:59:15,217 [INFO] response: https://www.bing.com/search?q=%22Hotel+Catedral+Inn+B%22+Barranquilla+site%3Alinkedin.com%2Fcompany&first=31&FORM=PERE2 200
2026-06-17 11:59:16,207 [INFO] response: https://www.bing.com/search?q=%22Hotel+Catedral+Inn+B%22+Barranquilla+site%3Alinkedin.com%2Fcompany&first=41&FORM=PERE3 200
2026-06-17 11:59:19,340 [INFO]   ❌ Sin resultado: Hotel Catedral Inn B SAS
2026-06-17 11:59:26,507 [INFO] 
[18/330] Hotel Majestic (Barranquilla)
2026-06-17 11:59:26,508 [INFO]   🔍 DDG: "Hotel Majestic" Barranquilla email contacto
2026-06-17 11:59:26,802 [INFO] response: https://www.bing.com/search?q=%22Hotel+Majestic%22+Barranquilla+email+contacto 200
2026-06-17 11:59:27,829 [INFO] response: https://www.bing.com/search?q=%22Hotel+Majestic%22+Barranquilla+email+contacto&first=11&FORM=PERE 200
2026-06-17 11:59:28,845 [INFO] response: https://www.bing.com/search?q=%22Hotel+Majestic%22+Barranquilla+email+contacto&first=21&FORM=PERE1 200
2026-06-17 11:59:29,843 [INFO] response: https://www.bing.com/search?q=%22Hotel+Majestic%22+Barranquilla+email+contacto&first=31&FORM=PERE2 200
2026-06-17 11:59:30,875 [INFO] response: https://www.bing.com/search?q=%22Hotel+Majestic%22+Barranquilla+email+contacto&first=41&FORM=PERE3 200
2026-06-17 11:59:35,025 [INFO]   🔍 DDG: "Hotel Majestic" Barranquilla correo reservas
2026-06-17 11:59:35,377 [INFO] response: https://www.bing.com/search?q=%22Hotel+Majestic%22+Barranquilla+correo+reservas 200
2026-06-17 11:59:36,375 [INFO] response: https://www.bing.com/search?q=%22Hotel+Majestic%22+Barranquilla+correo+reservas&first=11&FORM=PERE 200
2026-06-17 11:59:38,789 [INFO]   🔍 DDG: "Hotel Majestic" colombia hotel "@"
2026-06-17 11:59:39,057 [INFO] response: https://www.bing.com/search?q=%22Hotel+Majestic%22+colombia+hotel+%22%40%22 200
2026-06-17 11:59:40,024 [INFO] response: https://www.bing.com/search?q=%22Hotel+Majestic%22+colombia+hotel+%22%40%22&first=11&FORM=PERE 200
2026-06-17 11:59:40,990 [INFO] response: https://www.bing.com/search?q=%22Hotel+Majestic%22+colombia+hotel+%22%40%22&first=21&FORM=PERE1 200
2026-06-17 11:59:42,032 [INFO] response: https://www.bing.com/search?q=%22Hotel+Majestic%22+colombia+hotel+%22%40%22&first=31&FORM=PERE2 200
2026-06-17 11:59:43,009 [INFO] response: https://www.bing.com/search?q=%22Hotel+Majestic%22+colombia+hotel+%22%40%22&first=41&FORM=PERE3 200
2026-06-17 11:59:45,166 [INFO]   🌐 Visitando (DDG): https://www.hoteles.com/de1634154/hoteles-bogota-colombia/
2026-06-17 11:59:48,262 [INFO]   🌐 Visitando (DDG): https://co.hoteles.com/de1634154/hoteles-bogota-colombia/
2026-06-17 11:59:50,786 [INFO]   🌐 Visitando (DDG): https://www.tripadvisor.co/Hotels-g294074-Bogota-Hotels.html
2026-06-17 11:59:53,276 [INFO]   🔗 LinkedIn DDG: "Hotel Majestic" Barranquilla site:linkedin.com/company
2026-06-17 11:59:58,578 [INFO] response: https://www.bing.com/search?q=%22Hotel+Majestic%22+Barranquilla+site%3Alinkedin.com%2Fcompany 200
2026-06-17 11:59:59,530 [INFO] response: https://www.bing.com/search?q=%22Hotel+Majestic%22+Barranquilla+site%3Alinkedin.com%2Fcompany&first=11&FORM=PERE 200
2026-06-17 12:00:00,563 [INFO] response: https://www.bing.com/search?q=%22Hotel+Majestic%22+Barranquilla+site%3Alinkedin.com%2Fcompany&first=21&FORM=PERE1 200
2026-06-17 12:00:01,787 [INFO] response: https://www.bing.com/search?q=%22Hotel+Majestic%22+Barranquilla+site%3Alinkedin.com%2Fcompany&first=31&FORM=PERE2 200
2026-06-17 12:00:02,815 [INFO] response: https://www.bing.com/search?q=%22Hotel+Majestic%22+Barranquilla+site%3Alinkedin.com%2Fcompany&first=41&FORM=PERE3 200
2026-06-17 12:00:05,119 [INFO]   ❌ Sin resultado: Hotel Majestic
2026-06-17 12:00:10,286 [INFO] 
[19/330] Hotel Dasanto (Barranquilla)
2026-06-17 12:00:10,286 [INFO]   🌐 Scraping web conocida: https://hoteldasanto.com/
2026-06-17 12:00:30,593 [INFO]   🔍 DDG: "Hotel Dasanto" Barranquilla email contacto
2026-06-17 12:00:30,861 [INFO] response: https://www.bing.com/search?q=%22Hotel+Dasanto%22+Barranquilla+email+contacto 200
2026-06-17 12:00:34,493 [INFO]   🔍 DDG: "Hotel Dasanto" Barranquilla correo reservas
2026-06-17 12:00:34,854 [INFO] response: https://www.bing.com/search?q=%22Hotel+Dasanto%22+Barranquilla+correo+reservas 200
2026-06-17 12:00:39,173 [INFO]   🔍 DDG: "Hotel Dasanto" colombia hotel "@"
2026-06-17 12:00:39,454 [INFO] response: https://www.bing.com/search?q=%22Hotel+Dasanto%22+colombia+hotel+%22%40%22 200
2026-06-17 12:00:42,724 [INFO]   🔗 LinkedIn DDG: "Hotel Dasanto" Barranquilla site:linkedin.com/company
2026-06-17 12:00:43,039 [INFO] response: https://www.bing.com/search?q=%22Hotel+Dasanto%22+Barranquilla+site%3Alinkedin.com%2Fcompany 200
2026-06-17 12:00:44,029 [INFO] response: https://www.bing.com/search?q=%22Hotel+Dasanto%22+Barranquilla+site%3Alinkedin.com%2Fcompany&first=11&FORM=PERE 200
2026-06-17 12:00:45,019 [INFO] response: https://www.bing.com/search?q=%22Hotel+Dasanto%22+Barranquilla+site%3Alinkedin.com%2Fcompany&first=21&FORM=PERE1 200
2026-06-17 12:00:46,047 [INFO] response: https://www.bing.com/search?q=%22Hotel+Dasanto%22+Barranquilla+site%3Alinkedin.com%2Fcompany&first=31&FORM=PERE2 200
2026-06-17 12:00:47,106 [INFO] response: https://www.bing.com/search?q=%22Hotel+Dasanto%22+Barranquilla+site%3Alinkedin.com%2Fcompany&first=41&FORM=PERE3 200
2026-06-17 12:00:51,456 [INFO]   ❌ Sin resultado: Hotel Dasanto
2026-06-17 12:00:57,249 [INFO] 
[20/330] Garden Home Hostal (Barranquilla)
2026-06-17 12:00:57,249 [INFO]   🔍 DDG: "Garden Home Hostal" Barranquilla email contacto
2026-06-17 12:00:57,525 [INFO] response: https://www.bing.com/search?q=%22Garden+Home+Hostal%22+Barranquilla+email+contacto 200
2026-06-17 12:01:00,014 [INFO]   🔍 DDG: "Garden Home Hostal" Barranquilla correo reservas
2026-06-17 12:01:00,384 [INFO] response: https://www.bing.com/search?q=%22Garden+Home+Hostal%22+Barranquilla+correo+reservas 200
2026-06-17 12:01:04,496 [INFO]   🔍 DDG: "Garden Home Hostal" colombia hotel "@"
2026-06-17 12:01:09,792 [INFO] response: https://www.bing.com/search?q=%22Garden+Home+Hostal%22+colombia+hotel+%22%40%22 200
2026-06-17 12:01:11,946 [INFO]   🌐 Visitando (DDG): https://www.garden.com.py/
2026-06-17 12:01:17,319 [INFO]   ✅ Email en web DDG: seleccion@garden.com.py
2026-06-17 12:01:17,321 [INFO]   📊 Progreso 20/330 | Emails: 3 | Webs: 0 | Sin resultado: 17
2026-06-17 12:01:24,305 [INFO] 
[21/330] HOTEL INTERSUITES (Barranquilla)
2026-06-17 12:01:24,306 [INFO]   🌐 Scraping web conocida: http://www.intersuiteshotel.com/
2026-06-17 12:01:35,119 [INFO]   🔍 DDG: "HOTEL INTERSUITES" Barranquilla email contacto
2026-06-17 12:01:35,618 [INFO] response: https://www.bing.com/search?q=%22HOTEL+INTERSUITES%22+Barranquilla+email+contacto 200
2026-06-17 12:01:39,017 [INFO]   🔍 DDG: "HOTEL INTERSUITES" Barranquilla correo reservas
2026-06-17 12:01:39,299 [INFO] response: https://www.bing.com/search?q=%22HOTEL+INTERSUITES%22+Barranquilla+correo+reservas 200
2026-06-17 12:01:43,482 [INFO]   🔍 DDG: "HOTEL INTERSUITES" colombia hotel "@"
2026-06-17 12:01:43,790 [INFO] response: https://www.bing.com/search?q=%22HOTEL+INTERSUITES%22+colombia+hotel+%22%40%22 200
2026-06-17 12:01:47,562 [INFO]   🔗 LinkedIn DDG: "HOTEL INTERSUITES" Barranquilla site:linkedin.com/company
2026-06-17 12:01:47,892 [INFO] response: https://www.bing.com/search?q=%22HOTEL+INTERSUITES%22+Barranquilla+site%3Alinkedin.com%2Fcompany 200
2026-06-17 12:01:48,896 [INFO] response: https://www.bing.com/search?q=%22HOTEL+INTERSUITES%22+Barranquilla+site%3Alinkedin.com%2Fcompany&first=11&FORM=PERE 200
2026-06-17 12:01:50,288 [INFO] response: https://www.bing.com/search?q=%22HOTEL+INTERSUITES%22+Barranquilla+site%3Alinkedin.com%2Fcompany&first=21&FORM=PERE1 200
2026-06-17 12:01:51,338 [INFO] response: https://www.bing.com/search?q=%22HOTEL+INTERSUITES%22+Barranquilla+site%3Alinkedin.com%2Fcompany&first=31&FORM=PERE2 200
2026-06-17 12:01:52,612 [INFO] response: https://www.bing.com/search?q=%22HOTEL+INTERSUITES%22+Barranquilla+site%3Alinkedin.com%2Fcompany&first=41&FORM=PERE3 200
2026-06-17 12:01:55,206 [INFO]   ❌ Sin resultado: HOTEL INTERSUITES
2026-06-17 12:02:01,457 [INFO] 
[22/330] Hotel Casa Boston Inn by Finerh (Barranquilla)
2026-06-17 12:02:01,457 [INFO]   🌐 Scraping web conocida: https://www.hotelesboston58.com/
2026-06-17 12:02:19,372 [INFO]   🔍 DDG: "Hotel Casa Boston Inn by Finerh" Barranquilla email contacto
2026-06-17 12:02:20,187 [INFO] response: https://www.bing.com/search?q=%22Hotel+Casa+Boston+Inn+by+Finerh%22+Barranquilla+email+contacto 200
2026-06-17 12:02:23,061 [INFO]   🔍 DDG: "Hotel Casa Boston Inn by Finerh" Barranquilla correo reservas
2026-06-17 12:02:23,669 [INFO] response: https://www.bing.com/search?q=%22Hotel+Casa+Boston+Inn+by+Finerh%22+Barranquilla+correo+reservas 200
2026-06-17 12:02:25,959 [INFO]   🔍 DDG: "Hotel Casa Boston Inn by Finerh" colombia hotel "@"
2026-06-17 12:02:31,369 [INFO] response: https://www.bing.com/search?q=%22Hotel+Casa+Boston+Inn+by+Finerh%22+colombia+hotel+%22%40%22 200
2026-06-17 12:02:34,073 [INFO]   🌐 Visitando (DDG): https://www.hoteles.com/de1634154/hoteles-bogota-colombia/
2026-06-17 12:02:43,573 [INFO]   🌐 Visitando (DDG): https://co.hoteles.com/de1634154/hoteles-bogota-colombia/
2026-06-17 12:02:46,684 [INFO]   🌐 Visitando (DDG): https://www.tripadvisor.co/Hotels-g294074-Bogota-Hotels.html
2026-06-17 12:02:49,014 [INFO]   🔗 LinkedIn DDG: "Hotel Casa Boston Inn by Finerh" Barranquilla site:linkedin.com/company
2026-06-17 12:02:49,290 [INFO] response: https://www.bing.com/search?q=%22Hotel+Casa+Boston+Inn+by+Finerh%22+Barranquilla+site%3Alinkedin.com%2Fcompany 200
2026-06-17 12:02:50,395 [INFO] response: https://www.bing.com/search?q=%22Hotel+Casa+Boston+Inn+by+Finerh%22+Barranquilla+site%3Alinkedin.com%2Fcompany&first=11&FORM=PERE 200
2026-06-17 12:02:51,728 [INFO] response: https://www.bing.com/search?q=%22Hotel+Casa+Boston+Inn+by+Finerh%22+Barranquilla+site%3Alinkedin.com%2Fcompany&first=21&FORM=PERE1 200
2026-06-17 12:02:52,739 [INFO] response: https://www.bing.com/search?q=%22Hotel+Casa+Boston+Inn+by+Finerh%22+Barranquilla+site%3Alinkedin.com%2Fcompany&first=31&FORM=PERE2 200
2026-06-17 12:02:53,759 [INFO] response: https://www.bing.com/search?q=%22Hotel+Casa+Boston+Inn+by+Finerh%22+Barranquilla+site%3Alinkedin.com%2Fcompany&first=41&FORM=PERE3 200
2026-06-17 12:02:58,417 [INFO]   ❌ Sin resultado: Hotel Casa Boston Inn by Finerh
2026-06-17 12:03:02,473 [INFO] 
[23/330] Radisson Hotel Diamond Barranquilla (Barranquilla)
2026-06-17 12:03:02,474 [INFO]   🔍 DDG: "Radisson Hotel Diamond Barranquilla" Barranquilla email contacto
2026-06-17 12:03:02,911 [INFO] response: https://www.bing.com/search?q=%22Radisson+Hotel+Diamond+Barranquilla%22+Barranquilla+email+contacto 200
2026-06-17 12:03:06,409 [INFO]   🔍 DDG: "Radisson Hotel Diamond Barranquilla" Barranquilla correo reservas
2026-06-17 12:03:06,713 [INFO] response: https://www.bing.com/search?q=%22Radisson+Hotel+Diamond+Barranquilla%22+Barranquilla+correo+reservas 200
2026-06-17 12:03:11,220 [INFO]   🔍 DDG: "Radisson Hotel Diamond Barranquilla" colombia hotel "@"
2026-06-17 12:03:11,535 [INFO] response: https://www.bing.com/search?q=%22Radisson+Hotel+Diamond+Barranquilla%22+colombia+hotel+%22%40%22 200
2026-06-17 12:03:12,525 [INFO] response: https://www.bing.com/search?q=%22Radisson+Hotel+Diamond+Barranquilla%22+colombia+hotel+%22%40%22&first=11&FORM=PERE 200
2026-06-17 12:03:13,546 [INFO] response: https://www.bing.com/search?q=%22Radisson+Hotel+Diamond+Barranquilla%22+colombia+hotel+%22%40%22&first=21&FORM=PERE1 200
2026-06-17 12:03:14,564 [INFO] response: https://www.bing.com/search?q=%22Radisson+Hotel+Diamond+Barranquilla%22+colombia+hotel+%22%40%22&first=31&FORM=PERE2 200
2026-06-17 12:03:18,034 [INFO]   🌐 Visitando (DDG): https://radisson-san-jose-costa-rica.san-jose-hotels-cr.net/es/
2026-06-17 12:03:31,885 [INFO]   🔗 LinkedIn DDG: "Radisson Hotel Diamond Barranquilla" Barranquilla site:linkedin.com/company
2026-06-17 12:03:32,183 [INFO] response: https://www.bing.com/search?q=%22Radisson+Hotel+Diamond+Barranquilla%22+Barranquilla+site%3Alinkedin.com%2Fcompany 200
2026-06-17 12:03:33,241 [INFO] response: https://www.bing.com/search?q=%22Radisson+Hotel+Diamond+Barranquilla%22+Barranquilla+site%3Alinkedin.com%2Fcompany&first=11&FORM=PERE 200
2026-06-17 12:03:34,274 [INFO] response: https://www.bing.com/search?q=%22Radisson+Hotel+Diamond+Barranquilla%22+Barranquilla+site%3Alinkedin.com%2Fcompany&first=21&FORM=PERE1 200
2026-06-17 12:03:35,255 [INFO] response: https://www.bing.com/search?q=%22Radisson+Hotel+Diamond+Barranquilla%22+Barranquilla+site%3Alinkedin.com%2Fcompany&first=31&FORM=PERE2 200
2026-06-17 12:03:36,260 [INFO] response: https://www.bing.com/search?q=%22Radisson+Hotel+Diamond+Barranquilla%22+Barranquilla+site%3Alinkedin.com%2Fcompany&first=41&FORM=PERE3 200
2026-06-17 12:03:40,051 [INFO]   ❌ Sin resultado: Radisson Hotel Diamond Barranquilla
2026-06-17 12:03:47,742 [INFO] 
[24/330] Hotel Costa Mar (Barranquilla)
2026-06-17 12:03:47,742 [INFO]   🌐 Scraping web conocida: http://hotelcostamar.co/
2026-06-17 12:04:14,670 [INFO]   🔍 DDG: "Hotel Costa Mar" Barranquilla email contacto
2026-06-17 12:04:15,081 [INFO] response: https://www.bing.com/search?q=%22Hotel+Costa+Mar%22+Barranquilla+email+contacto 200
2026-06-17 12:04:18,917 [INFO]   🔍 DDG: "Hotel Costa Mar" Barranquilla correo reservas
2026-06-17 12:04:19,289 [INFO] response: https://www.bing.com/search?q=%22Hotel+Costa+Mar%22+Barranquilla+correo+reservas 200
2026-06-17 12:04:22,020 [INFO]   🔍 DDG: "Hotel Costa Mar" colombia hotel "@"
2026-06-17 12:04:22,419 [INFO] response: https://www.bing.com/search?q=%22Hotel+Costa+Mar%22+colombia+hotel+%22%40%22 200
2026-06-17 12:04:25,750 [INFO]   🌐 Visitando (DDG): https://www.hoteles.com/de1634154/hoteles-bogota-colombia/
2026-06-17 12:04:29,284 [INFO]   🌐 Visitando (DDG): https://co.hoteles.com/de1634154/hoteles-bogota-colombia/
2026-06-17 12:04:32,741 [INFO]   🌐 Visitando (DDG): https://www.tripadvisor.co/Hotels-g294074-Bogota-Hotels.html
2026-06-17 12:04:36,172 [INFO]   🔗 LinkedIn DDG: "Hotel Costa Mar" Barranquilla site:linkedin.com/company
2026-06-17 12:04:36,498 [INFO] response: https://www.bing.com/search?q=%22Hotel+Costa+Mar%22+Barranquilla+site%3Alinkedin.com%2Fcompany 200
2026-06-17 12:04:37,452 [INFO] response: https://www.bing.com/search?q=%22Hotel+Costa+Mar%22+Barranquilla+site%3Alinkedin.com%2Fcompany&first=11&FORM=PERE 200
2026-06-17 12:04:38,443 [INFO] response: https://www.bing.com/search?q=%22Hotel+Costa+Mar%22+Barranquilla+site%3Alinkedin.com%2Fcompany&first=21&FORM=PERE1 200
2026-06-17 12:04:39,441 [INFO] response: https://www.bing.com/search?q=%22Hotel+Costa+Mar%22+Barranquilla+site%3Alinkedin.com%2Fcompany&first=31&FORM=PERE2 200
2026-06-17 12:04:40,442 [INFO] response: https://www.bing.com/search?q=%22Hotel+Costa+Mar%22+Barranquilla+site%3Alinkedin.com%2Fcompany&first=41&FORM=PERE3 200
2026-06-17 12:04:42,709 [INFO]   ❌ Sin resultado: Hotel Costa Mar
2026-06-17 12:04:47,233 [INFO] 
[25/330] Hotel malecon del río (Barranquilla)
2026-06-17 12:04:47,234 [INFO]   🌐 Scraping web conocida: https://engine.ayenda.co/hotel-malecon-del-rio
2026-06-17 12:04:58,613 [INFO]   🔍 DDG: "Hotel malecon del río" Barranquilla email contacto
2026-06-17 12:04:58,943 [INFO] response: https://www.bing.com/search?q=%22Hotel+malecon+del+r%C3%ADo%22+Barranquilla+email+contacto 200
2026-06-17 12:05:02,742 [INFO]   🔍 DDG: "Hotel malecon del río" Barranquilla correo reservas
2026-06-17 12:05:03,109 [INFO] response: https://www.bing.com/search?q=%22Hotel+malecon+del+r%C3%ADo%22+Barranquilla+correo+reservas 200
2026-06-17 12:05:05,389 [INFO]   🔍 DDG: "Hotel malecon del río" colombia hotel "@"
2026-06-17 12:05:05,744 [INFO] response: https://www.bing.com/search?q=%22Hotel+malecon+del+r%C3%ADo%22+colombia+hotel+%22%40%22 200
2026-06-17 12:05:09,171 [INFO]   🌐 Visitando (DDG): https://www.hoteles.com/de1634154/hoteles-bogota-colombia/
2026-06-17 12:05:12,175 [INFO]   🌐 Visitando (DDG): https://co.hoteles.com/de1634154/hoteles-bogota-colombia/
2026-06-17 12:05:15,112 [INFO]   🌐 Visitando (DDG): https://www.tripadvisor.co/Hotels-g294074-Bogota-Hotels.html
2026-06-17 12:05:17,339 [INFO]   🔗 LinkedIn DDG: "Hotel malecon del río" Barranquilla site:linkedin.com/company
2026-06-17 12:05:17,645 [INFO] response: https://www.bing.com/search?q=%22Hotel+malecon+del+r%C3%ADo%22+Barranquilla+site%3Alinkedin.com%2Fcompany 200
2026-06-17 12:05:18,633 [INFO] response: https://www.bing.com/search?q=%22Hotel+malecon+del+r%C3%ADo%22+Barranquilla+site%3Alinkedin.com%2Fcompany&first=11&FORM=PERE 200
2026-06-17 12:05:19,625 [INFO] response: https://www.bing.com/search?q=%22Hotel+malecon+del+r%C3%ADo%22+Barranquilla+site%3Alinkedin.com%2Fcompany&first=21&FORM=PERE1 200
2026-06-17 12:05:20,596 [INFO] response: https://www.bing.com/search?q=%22Hotel+malecon+del+r%C3%ADo%22+Barranquilla+site%3Alinkedin.com%2Fcompany&first=31&FORM=PERE2 200
2026-06-17 12:05:21,631 [INFO] response: https://www.bing.com/search?q=%22Hotel+malecon+del+r%C3%ADo%22+Barranquilla+site%3Alinkedin.com%2Fcompany&first=41&FORM=PERE3 200
2026-06-17 12:05:25,887 [INFO]   ❌ Sin resultado: Hotel malecon del río
2026-06-17 12:05:32,341 [INFO] 
[26/330] Hotel Casa Rueda (Barranquilla)
2026-06-17 12:05:32,341 [INFO]   🌐 Scraping web conocida: https://hotelcasarueda.com/
2026-06-17 12:06:20,600 [INFO]   🔍 DDG: "Hotel Casa Rueda" Barranquilla email contacto
2026-06-17 12:06:25,933 [INFO] response: https://www.bing.com/search?q=%22Hotel+Casa+Rueda%22+Barranquilla+email+contacto 200
2026-06-17 12:06:28,802 [INFO]   🔍 DDG: "Hotel Casa Rueda" Barranquilla correo reservas
2026-06-17 12:06:29,296 [INFO] response: https://www.bing.com/search?q=%22Hotel+Casa+Rueda%22+Barranquilla+correo+reservas 200
2026-06-17 12:06:30,292 [INFO] response: https://www.bing.com/search?q=%22Hotel+Casa+Rueda%22+Barranquilla+correo+reservas&first=11&FORM=PERE 200
2026-06-17 12:06:31,281 [INFO] response: https://www.bing.com/search?q=%22Hotel+Casa+Rueda%22+Barranquilla+correo+reservas&first=21&FORM=PERE1 200
2026-06-17 12:06:32,258 [INFO] response: https://www.bing.com/search?q=%22Hotel+Casa+Rueda%22+Barranquilla+correo+reservas&first=31&FORM=PERE2 200
2026-06-17 12:06:33,272 [INFO] response: https://www.bing.com/search?q=%22Hotel+Casa+Rueda%22+Barranquilla+correo+reservas&first=41&FORM=PERE3 200
2026-06-17 12:06:37,666 [INFO]   🔍 DDG: "Hotel Casa Rueda" colombia hotel "@"
2026-06-17 12:06:38,020 [INFO] response: https://www.bing.com/search?q=%22Hotel+Casa+Rueda%22+colombia+hotel+%22%40%22 200
2026-06-17 12:06:41,764 [INFO]   🌐 Visitando (DDG): https://www.hoteles.com/de1634154/hoteles-bogota-colombia/
2026-06-17 12:06:44,790 [INFO]   🌐 Visitando (DDG): https://co.hoteles.com/de1634154/hoteles-bogota-colombia/
2026-06-17 12:06:47,592 [INFO]   🌐 Visitando (DDG): https://www.tripadvisor.co/Hotels-g294074-Bogota-Hotels.html
2026-06-17 12:06:49,499 [INFO]   🔗 LinkedIn DDG: "Hotel Casa Rueda" Barranquilla site:linkedin.com/company
2026-06-17 12:06:49,870 [INFO] response: https://www.bing.com/search?q=%22Hotel+Casa+Rueda%22+Barranquilla+site%3Alinkedin.com%2Fcompany 200
2026-06-17 12:06:50,882 [INFO] response: https://www.bing.com/search?q=%22Hotel+Casa+Rueda%22+Barranquilla+site%3Alinkedin.com%2Fcompany&first=11&FORM=PERE 200
2026-06-17 12:06:51,915 [INFO] response: https://www.bing.com/search?q=%22Hotel+Casa+Rueda%22+Barranquilla+site%3Alinkedin.com%2Fcompany&first=21&FORM=PERE1 200
2026-06-17 12:06:52,905 [INFO] response: https://www.bing.com/search?q=%22Hotel+Casa+Rueda%22+Barranquilla+site%3Alinkedin.com%2Fcompany&first=31&FORM=PERE2 200
2026-06-17 12:06:53,915 [INFO] response: https://www.bing.com/search?q=%22Hotel+Casa+Rueda%22+Barranquilla+site%3Alinkedin.com%2Fcompany&first=41&FORM=PERE3 200
2026-06-17 12:06:57,159 [INFO]   ❌ Sin resultado: Hotel Casa Rueda
2026-06-17 12:07:02,797 [INFO] 
[27/330] Ribai Hotels Barranquilla (Barranquilla)
2026-06-17 12:07:02,798 [INFO]   🔍 DDG: "Ribai Hotels Barranquilla" Barranquilla email contacto
2026-06-17 12:07:03,130 [INFO] response: https://www.bing.com/search?q=%22Ribai+Hotels+Barranquilla%22+Barranquilla+email+contacto 200
2026-06-17 12:07:06,804 [INFO]   🔍 DDG: "Ribai Hotels Barranquilla" Barranquilla correo reservas
2026-06-17 12:07:07,163 [INFO] response: https://www.bing.com/search?q=%22Ribai+Hotels+Barranquilla%22+Barranquilla+correo+reservas 200
2026-06-17 12:07:10,749 [INFO]   🔍 DDG: "Ribai Hotels Barranquilla" colombia hotel "@"
2026-06-17 12:07:11,092 [INFO] response: https://www.bing.com/search?q=%22Ribai+Hotels+Barranquilla%22+colombia+hotel+%22%40%22 200
2026-06-17 12:07:15,229 [INFO]   🔗 LinkedIn DDG: "Ribai Hotels Barranquilla" Barranquilla site:linkedin.com/company
2026-06-17 12:07:20,590 [INFO] response: https://www.bing.com/search?q=%22Ribai+Hotels+Barranquilla%22+Barranquilla+site%3Alinkedin.com%2Fcompany 200
2026-06-17 12:07:21,553 [INFO] response: https://www.bing.com/search?q=%22Ribai+Hotels+Barranquilla%22+Barranquilla+site%3Alinkedin.com%2Fcompany&first=11&FORM=PERE 200
2026-06-17 12:07:22,506 [INFO] response: https://www.bing.com/search?q=%22Ribai+Hotels+Barranquilla%22+Barranquilla+site%3Alinkedin.com%2Fcompany&first=21&FORM=PERE1 200
2026-06-17 12:07:23,466 [INFO] response: https://www.bing.com/search?q=%22Ribai+Hotels+Barranquilla%22+Barranquilla+site%3Alinkedin.com%2Fcompany&first=31&FORM=PERE2 200
2026-06-17 12:07:24,428 [INFO] response: https://www.bing.com/search?q=%22Ribai+Hotels+Barranquilla%22+Barranquilla+site%3Alinkedin.com%2Fcompany&first=41&FORM=PERE3 200
2026-06-17 12:07:28,466 [INFO]   ❌ Sin resultado: Ribai Hotels Barranquilla
2026-06-17 12:07:33,195 [INFO] 
[28/330] Hotel rivera del mar (Barranquilla)
2026-06-17 12:07:33,195 [INFO]   🌐 Scraping web conocida: http://www.hotelriveradelmar.com/
2026-06-17 12:07:57,260 [INFO]   🔍 DDG: "Hotel rivera del mar" Barranquilla email contacto
2026-06-17 12:08:02,596 [INFO] response: https://www.bing.com/search?q=%22Hotel+rivera+del+mar%22+Barranquilla+email+contacto 200
2026-06-17 12:08:05,353 [INFO]   🔍 DDG: "Hotel rivera del mar" Barranquilla correo reservas
2026-06-17 12:08:05,685 [INFO] response: https://www.bing.com/search?q=%22Hotel+rivera+del+mar%22+Barranquilla+correo+reservas 200
2026-06-17 12:08:06,666 [INFO] response: https://www.bing.com/search?q=%22Hotel+rivera+del+mar%22+Barranquilla+correo+reservas&first=11&FORM=PERE 200
2026-06-17 12:08:07,684 [INFO] response: https://www.bing.com/search?q=%22Hotel+rivera+del+mar%22+Barranquilla+correo+reservas&first=21&FORM=PERE1 200
2026-06-17 12:08:08,723 [INFO] response: https://www.bing.com/search?q=%22Hotel+rivera+del+mar%22+Barranquilla+correo+reservas&first=31&FORM=PERE2 200
2026-06-17 12:08:09,740 [INFO] response: https://www.bing.com/search?q=%22Hotel+rivera+del+mar%22+Barranquilla+correo+reservas&first=41&FORM=PERE3 200
2026-06-17 12:08:12,883 [INFO]   🔍 DDG: "Hotel rivera del mar" colombia hotel "@"
2026-06-17 12:08:18,488 [INFO] response: https://www.bing.com/search?q=%22Hotel+rivera+del+mar%22+colombia+hotel+%22%40%22 200
2026-06-17 12:08:22,774 [INFO]   🌐 Visitando (DDG): https://www.hoteles.com/de1634154/hoteles-bogota-colombia/
2026-06-17 12:08:26,048 [INFO]   🌐 Visitando (DDG): https://co.hoteles.com/de1634154/hoteles-bogota-colombia/
2026-06-17 12:08:29,022 [INFO]   🌐 Visitando (DDG): https://www.tripadvisor.co/Hotels-g294074-Bogota-Hotels.html
2026-06-17 12:08:31,829 [INFO]   🔗 LinkedIn DDG: "Hotel rivera del mar" Barranquilla site:linkedin.com/company
2026-06-17 12:08:37,208 [INFO] response: https://www.bing.com/search?q=%22Hotel+rivera+del+mar%22+Barranquilla+site%3Alinkedin.com%2Fcompany 200
2026-06-17 12:08:38,201 [INFO] response: https://www.bing.com/search?q=%22Hotel+rivera+del+mar%22+Barranquilla+site%3Alinkedin.com%2Fcompany&first=11&FORM=PERE 200
2026-06-17 12:08:39,212 [INFO] response: https://www.bing.com/search?q=%22Hotel+rivera+del+mar%22+Barranquilla+site%3Alinkedin.com%2Fcompany&first=21&FORM=PERE1 200
2026-06-17 12:08:40,223 [INFO] response: https://www.bing.com/search?q=%22Hotel+rivera+del+mar%22+Barranquilla+site%3Alinkedin.com%2Fcompany&first=31&FORM=PERE2 200
2026-06-17 12:08:41,211 [INFO] response: https://www.bing.com/search?q=%22Hotel+rivera+del+mar%22+Barranquilla+site%3Alinkedin.com%2Fcompany&first=41&FORM=PERE3 200
2026-06-17 12:08:44,478 [INFO]   ❌ Sin resultado: Hotel rivera del mar
2026-06-17 12:08:51,708 [INFO] 
[29/330] Hotel Dorado Plaza Alto Prado (Barranquilla)
2026-06-17 12:08:51,708 [INFO]   🌐 Scraping web conocida: https://www.doradoplaza.com/hoteles/hotel-dorado-alto-prado
2026-06-17 12:09:02,021 [INFO]   🔍 DDG: "Hotel Dorado Plaza Alto Prado" Barranquilla email contacto
2026-06-17 12:09:02,460 [INFO] response: https://www.bing.com/search?q=%22Hotel+Dorado+Plaza+Alto+Prado%22+Barranquilla+email+contacto 200
2026-06-17 12:09:06,449 [INFO]   🔍 DDG: "Hotel Dorado Plaza Alto Prado" Barranquilla correo reservas
2026-06-17 12:09:06,849 [INFO] response: https://www.bing.com/search?q=%22Hotel+Dorado+Plaza+Alto+Prado%22+Barranquilla+correo+reservas 200
2026-06-17 12:09:11,070 [INFO]   🔍 DDG: "Hotel Dorado Plaza Alto Prado" colombia hotel "@"
2026-06-17 12:09:11,410 [INFO] response: https://www.bing.com/search?q=%22Hotel+Dorado+Plaza+Alto+Prado%22+colombia+hotel+%22%40%22 200
2026-06-17 12:09:15,453 [INFO]   🌐 Visitando (DDG): https://www.hoteles.com/de1634154/hoteles-bogota-colombia/
2026-06-17 12:09:18,129 [INFO]   🌐 Visitando (DDG): https://co.hoteles.com/de1634154/hoteles-bogota-colombia/
2026-06-17 12:09:21,084 [INFO]   🌐 Visitando (DDG): https://www.tripadvisor.co/Hotels-g294074-Bogota-Hotels.html
2026-06-17 12:09:22,980 [INFO]   🔗 LinkedIn DDG: "Hotel Dorado Plaza Alto Prado" Barranquilla site:linkedin.com/company
2026-06-17 12:09:28,289 [INFO] response: https://www.bing.com/search?q=%22Hotel+Dorado+Plaza+Alto+Prado%22+Barranquilla+site%3Alinkedin.com%2Fcompany 200
2026-06-17 12:09:29,304 [INFO] response: https://www.bing.com/search?q=%22Hotel+Dorado+Plaza+Alto+Prado%22+Barranquilla+site%3Alinkedin.com%2Fcompany&first=11&FORM=PERE 200
2026-06-17 12:09:30,342 [INFO] response: https://www.bing.com/search?q=%22Hotel+Dorado+Plaza+Alto+Prado%22+Barranquilla+site%3Alinkedin.com%2Fcompany&first=21&FORM=PERE1 200
2026-06-17 12:09:31,541 [INFO] response: https://www.bing.com/search?q=%22Hotel+Dorado+Plaza+Alto+Prado%22+Barranquilla+site%3Alinkedin.com%2Fcompany&first=31&FORM=PERE2 200
2026-06-17 12:09:32,560 [INFO] response: https://www.bing.com/search?q=%22Hotel+Dorado+Plaza+Alto+Prado%22+Barranquilla+site%3Alinkedin.com%2Fcompany&first=41&FORM=PERE3 200
2026-06-17 12:09:35,780 [INFO]   ❌ Sin resultado: Hotel Dorado Plaza Alto Prado
2026-06-17 12:09:42,518 [INFO] 
[30/330] Hotel Sun River (Barranquilla)
2026-06-17 12:09:42,518 [INFO]   🌐 Scraping web conocida: http://www.hotelsunriver.com/
2026-06-17 12:09:44,554 [INFO]   🔍 DDG: "Hotel Sun River" Barranquilla email contacto
2026-06-17 12:09:44,906 [INFO] response: https://www.bing.com/search?q=%22Hotel+Sun+River%22+Barranquilla+email+contacto 200
2026-06-17 12:09:48,035 [INFO]   🔍 DDG: "Hotel Sun River" Barranquilla correo reservas
2026-06-17 12:09:53,389 [INFO] response: https://www.bing.com/search?q=%22Hotel+Sun+River%22+Barranquilla+correo+reservas 200
2026-06-17 12:09:56,351 [INFO]   🔍 DDG: "Hotel Sun River" colombia hotel "@"
2026-06-17 12:09:56,790 [INFO] response: https://www.bing.com/search?q=%22Hotel+Sun+River%22+colombia+hotel+%22%40%22 200
2026-06-17 12:10:01,290 [INFO]   🔗 LinkedIn DDG: "Hotel Sun River" Barranquilla site:linkedin.com/company
2026-06-17 12:10:06,662 [INFO] response: https://www.bing.com/search?q=%22Hotel+Sun+River%22+Barranquilla+site%3Alinkedin.com%2Fcompany 200
2026-06-17 12:10:07,670 [INFO] response: https://www.bing.com/search?q=%22Hotel+Sun+River%22+Barranquilla+site%3Alinkedin.com%2Fcompany&first=11&FORM=PERE 200
2026-06-17 12:10:08,790 [INFO] response: https://www.bing.com/search?q=%22Hotel+Sun+River%22+Barranquilla+site%3Alinkedin.com%2Fcompany&first=21&FORM=PERE1 200
2026-06-17 12:10:09,760 [INFO] response: https://www.bing.com/search?q=%22Hotel+Sun+River%22+Barranquilla+site%3Alinkedin.com%2Fcompany&first=31&FORM=PERE2 200
2026-06-17 12:10:10,769 [INFO] response: https://www.bing.com/search?q=%22Hotel+Sun+River%22+Barranquilla+site%3Alinkedin.com%2Fcompany&first=41&FORM=PERE3 200
2026-06-17 12:10:12,963 [INFO]   ❌ Sin resultado: Hotel Sun River
2026-06-17 12:10:12,965 [INFO]   📊 Progreso 30/330 | Emails: 3 | Webs: 0 | Sin resultado: 27
2026-06-17 12:10:18,246 [INFO] 
[31/330] Hotel Dann Carlton Barranquilla (Barranquilla)
2026-06-17 12:10:18,246 [INFO]   🌐 Scraping web conocida: http://www.danncarltonbaq.co/
2026-06-17 12:10:36,089 [INFO]   🔍 DDG: "Hotel Dann Carlton Barranquilla" Barranquilla email contacto
2026-06-17 12:10:36,392 [INFO] response: https://www.bing.com/search?q=%22Hotel+Dann+Carlton+Barranquilla%22+Barranquilla+email+contacto 200
2026-06-17 12:10:40,736 [INFO]   🔍 DDG: "Hotel Dann Carlton Barranquilla" Barranquilla correo reservas
2026-06-17 12:10:41,139 [INFO] response: https://www.bing.com/search?q=%22Hotel+Dann+Carlton+Barranquilla%22+Barranquilla+correo+reservas 200
2026-06-17 12:10:42,109 [INFO] response: https://www.bing.com/search?q=%22Hotel+Dann+Carlton+Barranquilla%22+Barranquilla+correo+reservas&first=11&FORM=PERE 200
2026-06-17 12:10:43,117 [INFO] response: https://www.bing.com/search?q=%22Hotel+Dann+Carlton+Barranquilla%22+Barranquilla+correo+reservas&first=21&FORM=PERE1 200
2026-06-17 12:10:44,140 [INFO] response: https://www.bing.com/search?q=%22Hotel+Dann+Carlton+Barranquilla%22+Barranquilla+correo+reservas&first=31&FORM=PERE2 200
2026-06-17 12:10:45,142 [INFO] response: https://www.bing.com/search?q=%22Hotel+Dann+Carlton+Barranquilla%22+Barranquilla+correo+reservas&first=41&FORM=PERE3 200
2026-06-17 12:10:47,342 [INFO]   🔍 DDG: "Hotel Dann Carlton Barranquilla" colombia hotel "@"
2026-06-17 12:10:47,639 [INFO] response: https://www.bing.com/search?q=%22Hotel+Dann+Carlton+Barranquilla%22+colombia+hotel+%22%40%22 200
2026-06-17 12:10:51,402 [INFO]   🌐 Visitando (DDG): https://www.hoteles.com/de1634154/hoteles-bogota-colombia/
2026-06-17 12:10:54,484 [INFO]   🌐 Visitando (DDG): https://co.hoteles.com/de1634154/hoteles-bogota-colombia/
2026-06-17 12:10:56,979 [INFO]   🌐 Visitando (DDG): https://www.tripadvisor.co/Hotels-g294074-Bogota-Hotels.html
2026-06-17 12:10:58,740 [INFO]   🔗 LinkedIn DDG: "Hotel Dann Carlton Barranquilla" Barranquilla site:linkedin.com/company
2026-06-17 12:10:59,028 [INFO] response: https://www.bing.com/search?q=%22Hotel+Dann+Carlton+Barranquilla%22+Barranquilla+site%3Alinkedin.com%2Fcompany 200
2026-06-17 12:11:00,007 [INFO] response: https://www.bing.com/search?q=%22Hotel+Dann+Carlton+Barranquilla%22+Barranquilla+site%3Alinkedin.com%2Fcompany&first=11&FORM=PERE 200
2026-06-17 12:11:00,977 [INFO] response: https://www.bing.com/search?q=%22Hotel+Dann+Carlton+Barranquilla%22+Barranquilla+site%3Alinkedin.com%2Fcompany&first=21&FORM=PERE1 200
2026-06-17 12:11:01,981 [INFO] response: https://www.bing.com/search?q=%22Hotel+Dann+Carlton+Barranquilla%22+Barranquilla+site%3Alinkedin.com%2Fcompany&first=31&FORM=PERE2 200
2026-06-17 12:11:02,962 [INFO] response: https://www.bing.com/search?q=%22Hotel+Dann+Carlton+Barranquilla%22+Barranquilla+site%3Alinkedin.com%2Fcompany&first=41&FORM=PERE3 200
2026-06-17 12:11:05,823 [INFO]   ❌ Sin resultado: Hotel Dann Carlton Barranquilla
2026-06-17 12:11:09,945 [INFO] 
[32/330] Hotel Plaza 43 (Barranquilla)
2026-06-17 12:11:09,945 [INFO]   🌐 Scraping web conocida: https://www.hotelplaza43.com.co/
2026-06-17 12:11:21,283 [INFO]   🔍 DDG: "Hotel Plaza 43" Barranquilla email contacto
2026-06-17 12:11:21,536 [INFO] response: https://www.bing.com/search?q=%22Hotel+Plaza+43%22+Barranquilla+email+contacto 200
2026-06-17 12:11:24,554 [INFO]   🔍 DDG: "Hotel Plaza 43" Barranquilla correo reservas
2026-06-17 12:11:24,898 [INFO] response: https://www.bing.com/search?q=%22Hotel+Plaza+43%22+Barranquilla+correo+reservas 200
2026-06-17 12:11:27,287 [INFO]   🔍 DDG: "Hotel Plaza 43" colombia hotel "@"
2026-06-17 12:11:27,680 [INFO] response: https://www.bing.com/search?q=%22Hotel+Plaza+43%22+colombia+hotel+%22%40%22 200
2026-06-17 12:11:30,870 [INFO]   🌐 Visitando (DDG): https://www.hoteles.com/de1634154/hoteles-bogota-colombia/
2026-06-17 12:11:34,046 [INFO]   🌐 Visitando (DDG): https://co.hoteles.com/de1634154/hoteles-bogota-colombia/
2026-06-17 12:11:36,773 [INFO]   🌐 Visitando (DDG): https://www.tripadvisor.co/Hotels-g294074-Bogota-Hotels.html
2026-06-17 12:11:38,752 [INFO]   🔗 LinkedIn DDG: "Hotel Plaza 43" Barranquilla site:linkedin.com/company
2026-06-17 12:11:39,028 [INFO] response: https://www.bing.com/search?q=%22Hotel+Plaza+43%22+Barranquilla+site%3Alinkedin.com%2Fcompany 200
2026-06-17 12:11:40,013 [INFO] response: https://www.bing.com/search?q=%22Hotel+Plaza+43%22+Barranquilla+site%3Alinkedin.com%2Fcompany&first=11&FORM=PERE 200
2026-06-17 12:11:41,007 [INFO] response: https://www.bing.com/search?q=%22Hotel+Plaza+43%22+Barranquilla+site%3Alinkedin.com%2Fcompany&first=21&FORM=PERE1 200
2026-06-17 12:11:42,031 [INFO] response: https://www.bing.com/search?q=%22Hotel+Plaza+43%22+Barranquilla+site%3Alinkedin.com%2Fcompany&first=31&FORM=PERE2 200
2026-06-17 12:11:43,009 [INFO] response: https://www.bing.com/search?q=%22Hotel+Plaza+43%22+Barranquilla+site%3Alinkedin.com%2Fcompany&first=41&FORM=PERE3 200
2026-06-17 12:11:46,931 [INFO]   ❌ Sin resultado: Hotel Plaza 43
2026-06-17 12:11:53,003 [INFO] 
[33/330] Hotel Colonial Inn (Barranquilla)
2026-06-17 12:11:53,004 [INFO]   🌐 Scraping web conocida: https://hotelcolonialinn-colombia.com-colombia.com/
2026-06-17 12:12:07,979 [INFO]   🔍 DDG: "Hotel Colonial Inn" Barranquilla email contacto
2026-06-17 12:12:08,461 [INFO] response: https://www.bing.com/search?q=%22Hotel+Colonial+Inn%22+Barranquilla+email+contacto 200
2026-06-17 12:12:11,486 [INFO]   🔍 DDG: "Hotel Colonial Inn" Barranquilla correo reservas
2026-06-17 12:12:16,769 [INFO] response: https://www.bing.com/search?q=%22Hotel+Colonial+Inn%22+Barranquilla+correo+reservas 200
2026-06-17 12:12:20,715 [INFO]   🔍 DDG: "Hotel Colonial Inn" colombia hotel "@"
2026-06-17 12:12:21,103 [INFO] response: https://www.bing.com/search?q=%22Hotel+Colonial+Inn%22+colombia+hotel+%22%40%22 200
2026-06-17 12:12:25,363 [INFO]   🌐 Visitando (DDG): https://www.hoteles.com/de1634154/hoteles-bogota-colombia/
2026-06-17 12:12:27,637 [INFO]   🌐 Visitando (DDG): https://co.hoteles.com/de1634154/hoteles-bogota-colombia/
2026-06-17 12:12:30,378 [INFO]   🌐 Visitando (DDG): https://www.tripadvisor.co/Hotels-g294074-Bogota-Hotels.html
2026-06-17 12:12:32,763 [INFO]   🔗 LinkedIn DDG: "Hotel Colonial Inn" Barranquilla site:linkedin.com/company
2026-06-17 12:12:33,118 [INFO] response: https://www.bing.com/search?q=%22Hotel+Colonial+Inn%22+Barranquilla+site%3Alinkedin.com%2Fcompany 200
2026-06-17 12:12:34,081 [INFO] response: https://www.bing.com/search?q=%22Hotel+Colonial+Inn%22+Barranquilla+site%3Alinkedin.com%2Fcompany&first=11&FORM=PERE 200
2026-06-17 12:12:35,075 [INFO] response: https://www.bing.com/search?q=%22Hotel+Colonial+Inn%22+Barranquilla+site%3Alinkedin.com%2Fcompany&first=21&FORM=PERE1 200
2026-06-17 12:12:36,046 [INFO] response: https://www.bing.com/search?q=%22Hotel+Colonial+Inn%22+Barranquilla+site%3Alinkedin.com%2Fcompany&first=31&FORM=PERE2 200
2026-06-17 12:12:37,095 [INFO] response: https://www.bing.com/search?q=%22Hotel+Colonial+Inn%22+Barranquilla+site%3Alinkedin.com%2Fcompany&first=41&FORM=PERE3 200
2026-06-17 12:12:40,849 [INFO]   ❌ Sin resultado: Hotel Colonial Inn
2026-06-17 12:12:45,150 [INFO] 
[34/330] Barranquilla Marriott Hotel (Barranquilla)
2026-06-17 12:12:45,150 [INFO]   🌐 Scraping web conocida: https://www.marriott.com/en-us/hotels/baqmc-barranquilla-marriott-hotel/overview/?scid=f2ae0541-1279-4f24-b197-a979c79310b0
2026-06-17 12:13:07,392 [INFO]   🔍 DDG: "Barranquilla Marriott Hotel" Barranquilla email contacto
2026-06-17 12:13:08,137 [INFO] response: https://www.bing.com/search?q=%22Barranquilla+Marriott+Hotel%22+Barranquilla+email+contacto 200
2026-06-17 12:13:12,301 [INFO]   🔍 DDG: "Barranquilla Marriott Hotel" Barranquilla correo reservas
2026-06-17 12:13:17,679 [INFO] response: https://www.bing.com/search?q=%22Barranquilla+Marriott+Hotel%22+Barranquilla+correo+reservas 200
2026-06-17 12:13:21,894 [INFO]   🔍 DDG: "Barranquilla Marriott Hotel" colombia hotel "@"
2026-06-17 12:13:22,432 [INFO] response: https://www.bing.com/search?q=%22Barranquilla+Marriott+Hotel%22+colombia+hotel+%22%40%22 200
2026-06-17 12:13:25,792 [INFO]   🔗 LinkedIn DDG: "Barranquilla Marriott Hotel" Barranquilla site:linkedin.com/company
2026-06-17 12:13:31,110 [INFO] response: https://www.bing.com/search?q=%22Barranquilla+Marriott+Hotel%22+Barranquilla+site%3Alinkedin.com%2Fcompany 200
2026-06-17 12:13:32,236 [INFO] response: https://www.bing.com/search?q=%22Barranquilla+Marriott+Hotel%22+Barranquilla+site%3Alinkedin.com%2Fcompany&first=11&FORM=PERE 200
2026-06-17 12:13:33,209 [INFO] response: https://www.bing.com/search?q=%22Barranquilla+Marriott+Hotel%22+Barranquilla+site%3Alinkedin.com%2Fcompany&first=21&FORM=PERE1 200
2026-06-17 12:13:34,175 [INFO] response: https://www.bing.com/search?q=%22Barranquilla+Marriott+Hotel%22+Barranquilla+site%3Alinkedin.com%2Fcompany&first=31&FORM=PERE2 200
2026-06-17 12:13:35,228 [INFO] response: https://www.bing.com/search?q=%22Barranquilla+Marriott+Hotel%22+Barranquilla+site%3Alinkedin.com%2Fcompany&first=41&FORM=PERE3 200
2026-06-17 12:13:37,680 [INFO]   ❌ Sin resultado: Barranquilla Marriott Hotel
2026-06-17 12:13:41,777 [INFO] 
[35/330] Hotel Med Suites 94 Barranquilla (Barranquilla)
2026-06-17 12:13:41,778 [INFO]   🌐 Scraping web conocida: https://direct-book.com/properties/DirectHotelMedSuites94?locale=en&items[0][adults]=2&items[0][children]=0&items[0][infants]=0&currency=COP&checkInDate=2025-05-27&checkOutDate=2025-05-28&trackPage=yes
2026-06-17 12:13:49,149 [INFO]   🔍 DDG: "Hotel Med Suites 94 Barranquilla" Barranquilla email contacto
2026-06-17 12:13:49,479 [INFO] response: https://www.bing.com/search?q=%22Hotel+Med+Suites+94+Barranquilla%22+Barranquilla+email+contacto 200
2026-06-17 12:13:53,720 [INFO]   🔍 DDG: "Hotel Med Suites 94 Barranquilla" Barranquilla correo reservas
2026-06-17 12:13:59,053 [INFO] response: https://www.bing.com/search?q=%22Hotel+Med+Suites+94+Barranquilla%22+Barranquilla+correo+reservas 200
2026-06-17 12:14:03,458 [INFO]   🔍 DDG: "Hotel Med Suites 94 Barranquilla" colombia hotel "@"
2026-06-17 12:14:03,812 [INFO] response: https://www.bing.com/search?q=%22Hotel+Med+Suites+94+Barranquilla%22+colombia+hotel+%22%40%22 200
2026-06-17 12:14:07,255 [INFO]   🌐 Visitando (DDG): https://www.hoteles.com/de1634154/hoteles-bogota-colombia/
2026-06-17 12:14:10,441 [INFO]   🌐 Visitando (DDG): https://co.hoteles.com/de1634154/hoteles-bogota-colombia/
2026-06-17 12:14:13,643 [INFO]   🌐 Visitando (DDG): https://www.tripadvisor.co/Hotels-g294074-Bogota-Hotels.html
2026-06-17 12:14:16,352 [INFO]   🔗 LinkedIn DDG: "Hotel Med Suites 94 Barranquilla" Barranquilla site:linkedin.com/company
2026-06-17 12:14:16,752 [INFO] response: https://www.bing.com/search?q=%22Hotel+Med+Suites+94+Barranquilla%22+Barranquilla+site%3Alinkedin.com%2Fcompany 200
2026-06-17 12:14:17,912 [INFO] response: https://www.bing.com/search?q=%22Hotel+Med+Suites+94+Barranquilla%22+Barranquilla+site%3Alinkedin.com%2Fcompany&first=11&FORM=PERE 200
2026-06-17 12:14:19,039 [INFO] response: https://www.bing.com/search?q=%22Hotel+Med+Suites+94+Barranquilla%22+Barranquilla+site%3Alinkedin.com%2Fcompany&first=21&FORM=PERE1 200
2026-06-17 12:14:20,056 [INFO] response: https://www.bing.com/search?q=%22Hotel+Med+Suites+94+Barranquilla%22+Barranquilla+site%3Alinkedin.com%2Fcompany&first=31&FORM=PERE2 200
2026-06-17 12:14:21,170 [INFO] response: https://www.bing.com/search?q=%22Hotel+Med+Suites+94+Barranquilla%22+Barranquilla+site%3Alinkedin.com%2Fcompany&first=41&FORM=PERE3 200
2026-06-17 12:14:24,971 [INFO]   ❌ Sin resultado: Hotel Med Suites 94 Barranquilla
2026-06-17 12:14:31,299 [INFO] 
[36/330] Hotel Marcarí (Barranquilla)
2026-06-17 12:14:31,300 [INFO]   🌐 Scraping web conocida: https://direct-book.com/properties/HOTELMEDBARRANQUILLACENTRODIRECT?locale=en&items[0][adults]=2&items[0][children]=0&items[0][infants]=0&currency=COP&checkInDate=2025-03-31&checkOutDate=2025-04-01&trackPage=yes
2026-06-17 12:14:37,891 [INFO]   🔍 DDG: "Hotel Marcarí" Barranquilla email contacto
2026-06-17 12:14:38,294 [INFO] response: https://www.bing.com/search?q=%22Hotel+Marcar%C3%AD%22+Barranquilla+email+contacto 200
2026-06-17 12:14:41,979 [INFO]   🔍 DDG: "Hotel Marcarí" Barranquilla correo reservas
2026-06-17 12:14:42,358 [INFO] response: https://www.bing.com/search?q=%22Hotel+Marcar%C3%AD%22+Barranquilla+correo+reservas 200
2026-06-17 12:14:45,110 [INFO]   🔍 DDG: "Hotel Marcarí" colombia hotel "@"
2026-06-17 12:14:50,476 [INFO] response: https://www.bing.com/search?q=%22Hotel+Marcar%C3%AD%22+colombia+hotel+%22%40%22 200
2026-06-17 12:14:53,937 [INFO]   🌐 Visitando (DDG): https://www.hoteles.com/de1634154/hoteles-bogota-colombia/
2026-06-17 12:14:56,586 [INFO]   🌐 Visitando (DDG): https://co.hoteles.com/de1634154/hoteles-bogota-colombia/
2026-06-17 12:14:59,052 [INFO]   🌐 Visitando (DDG): https://www.tripadvisor.co/Hotels-g294074-Bogota-Hotels.html
2026-06-17 12:15:01,217 [INFO]   🔗 LinkedIn DDG: "Hotel Marcarí" Barranquilla site:linkedin.com/company
2026-06-17 12:15:01,947 [INFO] response: https://www.bing.com/search?q=%22Hotel+Marcar%C3%AD%22+Barranquilla+site%3Alinkedin.com%2Fcompany 200
2026-06-17 12:15:02,947 [INFO] response: https://www.bing.com/search?q=%22Hotel+Marcar%C3%AD%22+Barranquilla+site%3Alinkedin.com%2Fcompany&first=11&FORM=PERE 200
2026-06-17 12:15:04,110 [INFO] response: https://www.bing.com/search?q=%22Hotel+Marcar%C3%AD%22+Barranquilla+site%3Alinkedin.com%2Fcompany&first=21&FORM=PERE1 200
2026-06-17 12:15:05,208 [INFO] response: https://www.bing.com/search?q=%22Hotel+Marcar%C3%AD%22+Barranquilla+site%3Alinkedin.com%2Fcompany&first=31&FORM=PERE2 200
2026-06-17 12:15:06,302 [INFO] response: https://www.bing.com/search?q=%22Hotel+Marcar%C3%AD%22+Barranquilla+site%3Alinkedin.com%2Fcompany&first=41&FORM=PERE3 200
2026-06-17 12:15:08,752 [INFO]   ❌ Sin resultado: Hotel Marcarí
2026-06-17 12:15:16,506 [INFO] 
[37/330] Hotel Boutique M (Barranquilla)
2026-06-17 12:15:16,506 [INFO]   🌐 Scraping web conocida: http://www.hotelboutiquem.com/
2026-06-17 12:15:31,563 [INFO]   🔍 DDG: "Hotel Boutique M" Barranquilla email contacto
2026-06-17 12:15:31,885 [INFO] response: https://www.bing.com/search?q=%22Hotel+Boutique+M%22+Barranquilla+email+contacto 200
2026-06-17 12:15:35,518 [INFO]   🔍 DDG: "Hotel Boutique M" Barranquilla correo reservas
2026-06-17 12:15:35,963 [INFO] response: https://www.bing.com/search?q=%22Hotel+Boutique+M%22+Barranquilla+correo+reservas 200
2026-06-17 12:15:40,269 [INFO]   🔍 DDG: "Hotel Boutique M" colombia hotel "@"
2026-06-17 12:15:40,656 [INFO] response: https://www.bing.com/search?q=%22Hotel+Boutique+M%22+colombia+hotel+%22%40%22 200
2026-06-17 12:15:44,921 [INFO]   🔗 LinkedIn DDG: "Hotel Boutique M" Barranquilla site:linkedin.com/company
2026-06-17 12:15:45,361 [INFO] response: https://www.bing.com/search?q=%22Hotel+Boutique+M%22+Barranquilla+site%3Alinkedin.com%2Fcompany 200
2026-06-17 12:15:46,464 [INFO] response: https://www.bing.com/search?q=%22Hotel+Boutique+M%22+Barranquilla+site%3Alinkedin.com%2Fcompany&first=11&FORM=PERE 200
2026-06-17 12:15:47,445 [INFO] response: https://www.bing.com/search?q=%22Hotel+Boutique+M%22+Barranquilla+site%3Alinkedin.com%2Fcompany&first=21&FORM=PERE1 200
2026-06-17 12:15:48,448 [INFO] response: https://www.bing.com/search?q=%22Hotel+Boutique+M%22+Barranquilla+site%3Alinkedin.com%2Fcompany&first=31&FORM=PERE2 200
2026-06-17 12:15:49,441 [INFO] response: https://www.bing.com/search?q=%22Hotel+Boutique+M%22+Barranquilla+site%3Alinkedin.com%2Fcompany&first=41&FORM=PERE3 200
2026-06-17 12:15:52,747 [INFO]   ❌ Sin resultado: Hotel Boutique M
2026-06-17 12:16:00,329 [INFO] 
[38/330] Hotel Faranda Express Puerta del Sol Barranquilla, a member of Radisson Individuals (Barranquilla)
2026-06-17 12:16:00,330 [INFO]   🔍 DDG: "Hotel Faranda Express Puerta del Sol Barranquilla, a member of Radisson Individuals" Barranquilla email contacto
2026-06-17 12:16:00,808 [INFO] response: https://www.bing.com/search?q=%22Hotel+Faranda+Express+Puerta+del+Sol+Barranquilla%2C+a+member+of+Radisson+Individuals%22+Barranquilla+email+contacto 200
2026-06-17 12:16:02,988 [INFO]   🔍 DDG: "Hotel Faranda Express Puerta del Sol Barranquilla, a member of Radisson Individuals" Barranquilla correo reservas
2026-06-17 12:16:03,470 [INFO] response: https://www.bing.com/search?q=%22Hotel+Faranda+Express+Puerta+del+Sol+Barranquilla%2C+a+member+of+Radisson+Individuals%22+Barranquilla+correo+reservas 200
2026-06-17 12:16:08,063 [INFO]   🔍 DDG: "Hotel Faranda Express Puerta del Sol Barranquilla, a member of Radisson Individuals" colombia hotel "@"
2026-06-17 12:16:08,538 [INFO] response: https://www.bing.com/search?q=%22Hotel+Faranda+Express+Puerta+del+Sol+Barranquilla%2C+a+member+of+Radisson+Individuals%22+colombia+hotel+%22%40%22 200
2026-06-17 12:16:11,410 [INFO]   🔗 LinkedIn DDG: "Hotel Faranda Express Puerta del Sol Barranquilla, a member of Radisson Individuals" Barranquilla site:linkedin.com/company
2026-06-17 12:16:11,778 [INFO] response: https://www.bing.com/search?q=%22Hotel+Faranda+Express+Puerta+del+Sol+Barranquilla%2C+a+member+of+Radisson+Individuals%22+Barranquilla+site%3Alinkedin.com%2Fcompany 200
2026-06-17 12:16:12,841 [INFO] response: https://www.bing.com/search?q=%22Hotel+Faranda+Express+Puerta+del+Sol+Barranquilla%2C+a+member+of+Radisson+Individuals%22+Barranquilla+site%3Alinkedin.com%2Fcompany&first=11&FORM=PERE 200
2026-06-17 12:16:13,858 [INFO] response: https://www.bing.com/search?q=%22Hotel+Faranda+Express+Puerta+del+Sol+Barranquilla%2C+a+member+of+Radisson+Individuals%22+Barranquilla+site%3Alinkedin.com%2Fcompany&first=21&FORM=PERE1 200
2026-06-17 12:16:14,963 [INFO] response: https://www.bing.com/search?q=%22Hotel+Faranda+Express+Puerta+del+Sol+Barranquilla%2C+a+member+of+Radisson+Individuals%22+Barranquilla+site%3Alinkedin.com%2Fcompany&first=31&FORM=PERE2 200
2026-06-17 12:16:16,216 [INFO] response: https://www.bing.com/search?q=%22Hotel+Faranda+Express+Puerta+del+Sol+Barranquilla%2C+a+member+of+Radisson+Individuals%22+Barranquilla+site%3Alinkedin.com%2Fcompany&first=41&FORM=PERE3 200
2026-06-17 12:16:19,934 [INFO]   ❌ Sin resultado: Hotel Faranda Express Puerta del Sol Barranquilla, a member of Radisson Individuals
2026-06-17 12:16:26,805 [INFO] 
[39/330] Hotel Granada Inn Barranquilla (Barranquilla)
2026-06-17 12:16:26,806 [INFO]   🌐 Scraping web conocida: https://www.hotelgranadainn.com.co/granadainn/index.html
2026-06-17 12:16:42,886 [INFO]   🔍 DDG: "Hotel Granada Inn Barranquilla" Barranquilla email contacto
2026-06-17 12:16:43,276 [INFO] response: https://www.bing.com/search?q=%22Hotel+Granada+Inn+Barranquilla%22+Barranquilla+email+contacto 200
2026-06-17 12:16:45,797 [INFO]   🔍 DDG: "Hotel Granada Inn Barranquilla" Barranquilla correo reservas
2026-06-17 12:16:46,456 [INFO] response: https://www.bing.com/search?q=%22Hotel+Granada+Inn+Barranquilla%22+Barranquilla+correo+reservas 200
2026-06-17 12:16:49,626 [INFO]   🔍 DDG: "Hotel Granada Inn Barranquilla" colombia hotel "@"
2026-06-17 12:16:50,043 [INFO] response: https://www.bing.com/search?q=%22Hotel+Granada+Inn+Barranquilla%22+colombia+hotel+%22%40%22 200
2026-06-17 12:16:53,834 [INFO]   🌐 Visitando (DDG): https://www.hoteles.com/de1634154/hoteles-bogota-colombia/
2026-06-17 12:16:56,706 [INFO]   🌐 Visitando (DDG): https://co.hoteles.com/de1634154/hoteles-bogota-colombia/
2026-06-17 12:16:59,292 [INFO]   🌐 Visitando (DDG): https://www.tripadvisor.co/Hotels-g294074-Bogota-Hotels.html
2026-06-17 12:17:02,172 [INFO]   🔗 LinkedIn DDG: "Hotel Granada Inn Barranquilla" Barranquilla site:linkedin.com/company
2026-06-17 12:17:07,859 [INFO] response: https://www.bing.com/search?q=%22Hotel+Granada+Inn+Barranquilla%22+Barranquilla+site%3Alinkedin.com%2Fcompany 200
2026-06-17 12:17:08,896 [INFO] response: https://www.bing.com/search?q=%22Hotel+Granada+Inn+Barranquilla%22+Barranquilla+site%3Alinkedin.com%2Fcompany&first=11&FORM=PERE 200
2026-06-17 12:17:09,940 [INFO] response: https://www.bing.com/search?q=%22Hotel+Granada+Inn+Barranquilla%22+Barranquilla+site%3Alinkedin.com%2Fcompany&first=21&FORM=PERE1 200
2026-06-17 12:17:11,281 [INFO] response: https://www.bing.com/search?q=%22Hotel+Granada+Inn+Barranquilla%22+Barranquilla+site%3Alinkedin.com%2Fcompany&first=31&FORM=PERE2 200
2026-06-17 12:17:12,283 [INFO] response: https://www.bing.com/search?q=%22Hotel+Granada+Inn+Barranquilla%22+Barranquilla+site%3Alinkedin.com%2Fcompany&first=41&FORM=PERE3 200
2026-06-17 12:17:15,897 [INFO]   ❌ Sin resultado: Hotel Granada Inn Barranquilla
2026-06-17 12:17:19,922 [INFO] 
[40/330] Amari Living Suites (Barranquilla)
2026-06-17 12:17:19,923 [INFO]   🌐 Scraping web conocida: https://amarilivingsuite.com/
2026-06-17 12:17:28,382 [INFO]   🔍 DDG: "Amari Living Suites" Barranquilla email contacto
2026-06-17 12:17:28,864 [INFO] response: https://www.bing.com/search?q=%22Amari+Living+Suites%22+Barranquilla+email+contacto 200
2026-06-17 12:17:32,249 [INFO]   🔍 DDG: "Amari Living Suites" Barranquilla correo reservas
2026-06-17 12:17:37,586 [INFO] response: https://www.bing.com/search?q=%22Amari+Living+Suites%22+Barranquilla+correo+reservas 200
2026-06-17 12:17:41,784 [INFO]   🔍 DDG: "Amari Living Suites" colombia hotel "@"
2026-06-17 12:17:42,236 [INFO] response: https://www.bing.com/search?q=%22Amari+Living+Suites%22+colombia+hotel+%22%40%22 200
2026-06-17 12:17:43,300 [INFO] response: https://www.bing.com/search?q=%22Amari+Living+Suites%22+colombia+hotel+%22%40%22&first=11&FORM=PERE 200
2026-06-17 12:17:46,797 [INFO]   🌐 Visitando (DDG): https://www.zhihu.com/question/37455757
2026-06-17 12:17:58,281 [INFO]   🌐 Visitando (DDG): https://www.zhihu.com/question/19739907
2026-06-17 12:18:01,475 [INFO]   🌐 Visitando (DDG): https://www.zhihu.com/question/21428687
2026-06-17 12:18:05,689 [INFO]   🔗 LinkedIn DDG: "Amari Living Suites" Barranquilla site:linkedin.com/company
2026-06-17 12:18:06,127 [INFO] response: https://www.bing.com/search?q=%22Amari+Living+Suites%22+Barranquilla+site%3Alinkedin.com%2Fcompany 200
2026-06-17 12:18:07,266 [INFO] response: https://www.bing.com/search?q=%22Amari+Living+Suites%22+Barranquilla+site%3Alinkedin.com%2Fcompany&first=11&FORM=PERE 200
2026-06-17 12:18:08,241 [INFO] response: https://www.bing.com/search?q=%22Amari+Living+Suites%22+Barranquilla+site%3Alinkedin.com%2Fcompany&first=21&FORM=PERE1 200
2026-06-17 12:18:09,327 [INFO] response: https://www.bing.com/search?q=%22Amari+Living+Suites%22+Barranquilla+site%3Alinkedin.com%2Fcompany&first=31&FORM=PERE2 200
2026-06-17 12:18:10,329 [INFO] response: https://www.bing.com/search?q=%22Amari+Living+Suites%22+Barranquilla+site%3Alinkedin.com%2Fcompany&first=41&FORM=PERE3 200
2026-06-17 12:18:13,251 [INFO]   ❌ Sin resultado: Amari Living Suites
2026-06-17 12:18:13,252 [INFO]   📊 Progreso 40/330 | Emails: 3 | Webs: 0 | Sin resultado: 37
2026-06-17 12:18:17,420 [INFO] 
[41/330] Holiday Inn Bogotá Aeropuerto (Bogota)
2026-06-17 12:18:17,420 [INFO]   🌐 Scraping web conocida: https://www.ihg.com/holidayinn/hotels/us/en/bogota/bogap/hoteldetail?cm_mmc=GoogleMaps-_-HI-_-CO-_-BOGAP
2026-06-17 12:18:19,029 [INFO]   🔍 DDG: "Holiday Inn Bogotá Aeropuerto" Bogota email contacto
2026-06-17 12:18:19,391 [INFO] response: https://www.bing.com/search?q=%22Holiday+Inn+Bogot%C3%A1+Aeropuerto%22+Bogota+email+contacto 200
2026-06-17 12:18:22,059 [INFO]   🔍 DDG: "Holiday Inn Bogotá Aeropuerto" Bogota correo reservas
2026-06-17 12:18:27,486 [INFO] response: https://www.bing.com/search?q=%22Holiday+Inn+Bogot%C3%A1+Aeropuerto%22+Bogota+correo+reservas 200
2026-06-17 12:18:29,826 [INFO]   🔍 DDG: "Holiday Inn Bogotá Aeropuerto" colombia hotel "@"
2026-06-17 12:18:30,184 [INFO] response: https://www.bing.com/search?q=%22Holiday+Inn+Bogot%C3%A1+Aeropuerto%22+colombia+hotel+%22%40%22 200
2026-06-17 12:18:33,709 [INFO]   🔗 LinkedIn DDG: "Holiday Inn Bogotá Aeropuerto" Bogota site:linkedin.com/company
2026-06-17 12:18:34,191 [INFO] response: https://www.bing.com/search?q=%22Holiday+Inn+Bogot%C3%A1+Aeropuerto%22+Bogota+site%3Alinkedin.com%2Fcompany 200
2026-06-17 12:18:35,237 [INFO] response: https://www.bing.com/search?q=%22Holiday+Inn+Bogot%C3%A1+Aeropuerto%22+Bogota+site%3Alinkedin.com%2Fcompany&first=11&FORM=PERE 200
2026-06-17 12:18:36,332 [INFO] response: https://www.bing.com/search?q=%22Holiday+Inn+Bogot%C3%A1+Aeropuerto%22+Bogota+site%3Alinkedin.com%2Fcompany&first=21&FORM=PERE1 200
2026-06-17 12:18:37,390 [INFO] response: https://www.bing.com/search?q=%22Holiday+Inn+Bogot%C3%A1+Aeropuerto%22+Bogota+site%3Alinkedin.com%2Fcompany&first=31&FORM=PERE2 200
2026-06-17 12:18:38,442 [INFO] response: https://www.bing.com/search?q=%22Holiday+Inn+Bogot%C3%A1+Aeropuerto%22+Bogota+site%3Alinkedin.com%2Fcompany&first=41&FORM=PERE3 200
2026-06-17 12:18:40,833 [INFO]   ❌ Sin resultado: Holiday Inn Bogotá Aeropuerto
2026-06-17 12:18:48,541 [INFO] 
[42/330] Hotel Oceanía Bogotá - Museo (Bogota)
2026-06-17 12:18:48,541 [INFO]   🌐 Scraping web conocida: http://hoteloceaniabogota.com/
2026-06-17 12:18:59,255 [INFO]   🔍 DDG: "Hotel Oceanía Bogotá - Museo" Bogota email contacto
2026-06-17 12:18:59,818 [INFO] response: https://www.bing.com/search?q=%22Hotel+Ocean%C3%ADa+Bogot%C3%A1+-+Museo%22+Bogota+email+contacto 200
2026-06-17 12:19:02,275 [INFO]   🔍 DDG: "Hotel Oceanía Bogotá - Museo" Bogota correo reservas
2026-06-17 12:19:02,639 [INFO] response: https://www.bing.com/search?q=%22Hotel+Ocean%C3%ADa+Bogot%C3%A1+-+Museo%22+Bogota+correo+reservas 200
2026-06-17 12:19:05,561 [INFO]   🔍 DDG: "Hotel Oceanía Bogotá - Museo" colombia hotel "@"
2026-06-17 12:19:05,982 [INFO] response: https://www.bing.com/search?q=%22Hotel+Ocean%C3%ADa+Bogot%C3%A1+-+Museo%22+colombia+hotel+%22%40%22 200
2026-06-17 12:19:06,969 [INFO] response: https://www.bing.com/search?q=%22Hotel+Ocean%C3%ADa+Bogot%C3%A1+-+Museo%22+colombia+hotel+%22%40%22&first=11&FORM=PERE 200
2026-06-17 12:19:07,946 [INFO] response: https://www.bing.com/search?q=%22Hotel+Ocean%C3%ADa+Bogot%C3%A1+-+Museo%22+colombia+hotel+%22%40%22&first=21&FORM=PERE1 200
2026-06-17 12:19:08,919 [INFO] response: https://www.bing.com/search?q=%22Hotel+Ocean%C3%ADa+Bogot%C3%A1+-+Museo%22+colombia+hotel+%22%40%22&first=31&FORM=PERE2 200
2026-06-17 12:19:09,949 [INFO] response: https://www.bing.com/search?q=%22Hotel+Ocean%C3%ADa+Bogot%C3%A1+-+Museo%22+colombia+hotel+%22%40%22&first=41&FORM=PERE3 200
2026-06-17 12:19:12,609 [INFO]   🌐 Visitando (DDG): https://www.amazon.com/utopia-blanket/s?k=utopia+blanket
2026-06-17 12:19:20,012 [INFO]   🌐 Visitando (DDG): https://www.amazon.com/Utopia-Bedding-Cotton-Waffle-Blanket/dp/B09MRZTB3Z
2026-06-17 12:19:31,602 [INFO]   🌐 Visitando (DDG): https://www.walmart.com/browse/home/blankets/utopia-bedding/4044_539103_4756/YnJhbmQ6VXRvcGlhIEJlZGRpbmcie
2026-06-17 12:19:46,704 [INFO]   🔗 LinkedIn DDG: "Hotel Oceanía Bogotá - Museo" Bogota site:linkedin.com/company
2026-06-17 12:19:47,172 [INFO] response: https://www.bing.com/search?q=%22Hotel+Ocean%C3%ADa+Bogot%C3%A1+-+Museo%22+Bogota+site%3Alinkedin.com%2Fcompany 200
2026-06-17 12:19:48,278 [INFO] response: https://www.bing.com/search?q=%22Hotel+Ocean%C3%ADa+Bogot%C3%A1+-+Museo%22+Bogota+site%3Alinkedin.com%2Fcompany&first=11&FORM=PERE 200
2026-06-17 12:19:49,252 [INFO] response: https://www.bing.com/search?q=%22Hotel+Ocean%C3%ADa+Bogot%C3%A1+-+Museo%22+Bogota+site%3Alinkedin.com%2Fcompany&first=21&FORM=PERE1 200
2026-06-17 12:19:50,307 [INFO] response: https://www.bing.com/search?q=%22Hotel+Ocean%C3%ADa+Bogot%C3%A1+-+Museo%22+Bogota+site%3Alinkedin.com%2Fcompany&first=31&FORM=PERE2 200
2026-06-17 12:19:51,382 [INFO] response: https://www.bing.com/search?q=%22Hotel+Ocean%C3%ADa+Bogot%C3%A1+-+Museo%22+Bogota+site%3Alinkedin.com%2Fcompany&first=41&FORM=PERE3 200
2026-06-17 12:19:54,884 [INFO]   ❌ Sin resultado: Hotel Oceanía Bogotá - Museo
2026-06-17 12:20:00,427 [INFO] 
[43/330] Hotel Regina (Bogota)
2026-06-17 12:20:00,428 [INFO]   🌐 Scraping web conocida: https://www.hotelesgrace.com/hotel-regina-2/
2026-06-17 12:20:13,694 [INFO]   🔍 DDG: "Hotel Regina" Bogota email contacto
2026-06-17 12:20:14,092 [INFO] response: https://www.bing.com/search?q=%22Hotel+Regina%22+Bogota+email+contacto 200
2026-06-17 12:20:18,021 [INFO]   🔍 DDG: "Hotel Regina" Bogota correo reservas
2026-06-17 12:20:18,423 [INFO] response: https://www.bing.com/search?q=%22Hotel+Regina%22+Bogota+correo+reservas 200
2026-06-17 12:20:22,009 [INFO]   🔍 DDG: "Hotel Regina" colombia hotel "@"
2026-06-17 12:20:22,600 [INFO] response: https://www.bing.com/search?q=%22Hotel+Regina%22+colombia+hotel+%22%40%22 200
2026-06-17 12:20:26,281 [INFO]   🌐 Visitando (DDG): https://www.hoteles.com/de1634154/hoteles-bogota-colombia/
2026-06-17 12:20:30,564 [INFO]   🌐 Visitando (DDG): https://co.hoteles.com/de1634154/hoteles-bogota-colombia/
2026-06-17 12:20:34,293 [INFO]   🌐 Visitando (DDG): https://www.tripadvisor.co/Hotels-g294074-Bogota-Hotels.html
2026-06-17 12:20:37,765 [INFO]   🔗 LinkedIn DDG: "Hotel Regina" Bogota site:linkedin.com/company
2026-06-17 12:20:43,195 [INFO] response: https://www.bing.com/search?q=%22Hotel+Regina%22+Bogota+site%3Alinkedin.com%2Fcompany 200
2026-06-17 12:20:44,475 [INFO] response: https://www.bing.com/search?q=%22Hotel+Regina%22+Bogota+site%3Alinkedin.com%2Fcompany&first=11&FORM=PERE 200
2026-06-17 12:20:45,831 [INFO] response: https://www.bing.com/search?q=%22Hotel+Regina%22+Bogota+site%3Alinkedin.com%2Fcompany&first=21&FORM=PERE1 200
2026-06-17 12:20:46,873 [INFO] response: https://www.bing.com/search?q=%22Hotel+Regina%22+Bogota+site%3Alinkedin.com%2Fcompany&first=31&FORM=PERE2 200
2026-06-17 12:20:48,060 [INFO] response: https://www.bing.com/search?q=%22Hotel+Regina%22+Bogota+site%3Alinkedin.com%2Fcompany&first=41&FORM=PERE3 200
2026-06-17 12:20:51,286 [INFO]   ❌ Sin resultado: Hotel Regina
2026-06-17 12:20:59,232 [INFO] 
[44/330] Hotel La Estación (Bogota)
2026-06-17 12:20:59,233 [INFO]   🌐 Scraping web conocida: https://hotellaestacion.com.co/
2026-06-17 12:21:12,435 [INFO]   🔍 DDG: "Hotel La Estación" Bogota email contacto
2026-06-17 12:21:18,065 [INFO] response: https://www.bing.com/search?q=%22Hotel+La+Estaci%C3%B3n%22+Bogota+email+contacto 200
2026-06-17 12:21:22,178 [INFO]   🔍 DDG: "Hotel La Estación" Bogota correo reservas
2026-06-17 12:21:22,623 [INFO] response: https://www.bing.com/search?q=%22Hotel+La+Estaci%C3%B3n%22+Bogota+correo+reservas 200
2026-06-17 12:21:26,897 [INFO]   🔍 DDG: "Hotel La Estación" colombia hotel "@"
2026-06-17 12:21:27,263 [INFO] response: https://www.bing.com/search?q=%22Hotel+La+Estaci%C3%B3n%22+colombia+hotel+%22%40%22 200
2026-06-17 12:21:31,133 [INFO]   🌐 Visitando (DDG): https://www.hoteles.com/de1634154/hoteles-bogota-colombia/
2026-06-17 12:21:34,547 [INFO]   🌐 Visitando (DDG): https://co.hoteles.com/de1634154/hoteles-bogota-colombia/
2026-06-17 12:21:37,427 [INFO]   🌐 Visitando (DDG): https://www.tripadvisor.co/Hotels-g294074-Bogota-Hotels.html
2026-06-17 12:21:39,983 [INFO]   🔗 LinkedIn DDG: "Hotel La Estación" Bogota site:linkedin.com/company
2026-06-17 12:21:40,416 [INFO] response: https://www.bing.com/search?q=%22Hotel+La+Estaci%C3%B3n%22+Bogota+site%3Alinkedin.com%2Fcompany 200
2026-06-17 12:21:41,414 [INFO] response: https://www.bing.com/search?q=%22Hotel+La+Estaci%C3%B3n%22+Bogota+site%3Alinkedin.com%2Fcompany&first=11&FORM=PERE 200
2026-06-17 12:21:42,436 [INFO] response: https://www.bing.com/search?q=%22Hotel+La+Estaci%C3%B3n%22+Bogota+site%3Alinkedin.com%2Fcompany&first=21&FORM=PERE1 200
2026-06-17 12:21:43,457 [INFO] response: https://www.bing.com/search?q=%22Hotel+La+Estaci%C3%B3n%22+Bogota+site%3Alinkedin.com%2Fcompany&first=31&FORM=PERE2 200
2026-06-17 12:21:44,503 [INFO] response: https://www.bing.com/search?q=%22Hotel+La+Estaci%C3%B3n%22+Bogota+site%3Alinkedin.com%2Fcompany&first=41&FORM=PERE3 200
2026-06-17 12:21:47,756 [INFO]   ❌ Sin resultado: Hotel La Estación
2026-06-17 12:21:55,576 [INFO] 
[45/330] Eutopiq Hotel (Medellin)
2026-06-17 12:21:55,577 [INFO]   🌐 Scraping web conocida: https://www.eutopiq.com/es/index.html
2026-06-17 12:22:18,289 [INFO]   🔍 DDG: "Eutopiq Hotel" Medellin email contacto
2026-06-17 12:22:23,633 [INFO] response: https://www.bing.com/search?q=%22Eutopiq+Hotel%22+Medellin+email+contacto 200
2026-06-17 12:22:26,364 [INFO]   🔍 DDG: "Eutopiq Hotel" Medellin correo reservas
2026-06-17 12:22:26,832 [INFO] response: https://www.bing.com/search?q=%22Eutopiq+Hotel%22+Medellin+correo+reservas 200
2026-06-17 12:22:30,731 [INFO]   🔍 DDG: "Eutopiq Hotel" colombia hotel "@"
2026-06-17 12:22:31,151 [INFO] response: https://www.bing.com/search?q=%22Eutopiq+Hotel%22+colombia+hotel+%22%40%22 200
2026-06-17 12:22:35,474 [INFO]   🌐 Visitando (DDG): https://www.amazon.com/bluetooth-speakers/b?node=7073956011
2026-06-17 12:22:47,668 [INFO]   🌐 Visitando (DDG): https://www.wired.com/gallery/best-bluetooth-speakers/
2026-06-17 12:23:17,115 [INFO]   🌐 Visitando (DDG): https://www.forbes.com/sites/forbes-personal-shopper/article/best-bluetooth-speakers/
2026-06-17 12:23:23,205 [INFO]   ✅ Email en web DDG: feedback@forbes.com
2026-06-17 12:23:28,068 [INFO] 
[46/330] Hostal Pura Vida La 70 (Medellin)
2026-06-17 12:23:28,069 [INFO]   🔍 DDG: "Hostal Pura Vida La 70" Medellin email contacto
2026-06-17 12:23:28,534 [INFO] response: https://www.bing.com/search?q=%22Hostal+Pura+Vida+La+70%22+Medellin+email+contacto 200
2026-06-17 12:23:32,818 [INFO]   🔍 DDG: "Hostal Pura Vida La 70" Medellin correo reservas
2026-06-17 12:23:33,198 [INFO] response: https://www.bing.com/search?q=%22Hostal+Pura+Vida+La+70%22+Medellin+correo+reservas 200
2026-06-17 12:23:36,442 [INFO]   🔍 DDG: "Hostal Pura Vida La 70" colombia hotel "@"
2026-06-17 12:23:36,918 [INFO] response: https://www.bing.com/search?q=%22Hostal+Pura+Vida+La+70%22+colombia+hotel+%22%40%22 200
2026-06-17 12:23:40,243 [INFO]   🔗 LinkedIn DDG: "Hostal Pura Vida La 70" Medellin site:linkedin.com/company
2026-06-17 12:23:40,660 [INFO] response: https://www.bing.com/search?q=%22Hostal+Pura+Vida+La+70%22+Medellin+site%3Alinkedin.com%2Fcompany 200
2026-06-17 12:23:41,722 [INFO] response: https://www.bing.com/search?q=%22Hostal+Pura+Vida+La+70%22+Medellin+site%3Alinkedin.com%2Fcompany&first=11&FORM=PERE 200
2026-06-17 12:23:42,801 [INFO] response: https://www.bing.com/search?q=%22Hostal+Pura+Vida+La+70%22+Medellin+site%3Alinkedin.com%2Fcompany&first=21&FORM=PERE1 200
2026-06-17 12:23:43,906 [INFO] response: https://www.bing.com/search?q=%22Hostal+Pura+Vida+La+70%22+Medellin+site%3Alinkedin.com%2Fcompany&first=31&FORM=PERE2 200
2026-06-17 12:23:44,956 [INFO] response: https://www.bing.com/search?q=%22Hostal+Pura+Vida+La+70%22+Medellin+site%3Alinkedin.com%2Fcompany&first=41&FORM=PERE3 200
2026-06-17 12:23:49,273 [INFO]   ❌ Sin resultado: Hostal Pura Vida La 70
2026-06-17 12:23:53,979 [INFO] 
[47/330] Aura Hotel (Medellin)
2026-06-17 12:23:53,979 [INFO]   🌐 Scraping web conocida: https://aura.ibnhotel.com/
2026-06-17 12:24:38,097 [INFO]   🔍 DDG: "Aura Hotel" Medellin email contacto
2026-06-17 12:24:38,479 [INFO] response: https://www.bing.com/search?q=%22Aura+Hotel%22+Medellin+email+contacto 200
2026-06-17 12:24:42,364 [INFO]   🔍 DDG: "Aura Hotel" Medellin correo reservas
2026-06-17 12:24:42,689 [INFO] response: https://www.bing.com/search?q=%22Aura+Hotel%22+Medellin+correo+reservas 200
2026-06-17 12:24:44,944 [INFO]   🔍 DDG: "Aura Hotel" colombia hotel "@"
2026-06-17 12:24:45,291 [INFO] response: https://www.bing.com/search?q=%22Aura+Hotel%22+colombia+hotel+%22%40%22 200
2026-06-17 12:24:48,160 [INFO]   🔗 LinkedIn DDG: "Aura Hotel" Medellin site:linkedin.com/company
2026-06-17 12:24:48,577 [INFO] response: https://www.bing.com/search?q=%22Aura+Hotel%22+Medellin+site%3Alinkedin.com%2Fcompany 200
2026-06-17 12:24:49,571 [INFO] response: https://www.bing.com/search?q=%22Aura+Hotel%22+Medellin+site%3Alinkedin.com%2Fcompany&first=11&FORM=PERE 200
2026-06-17 12:24:50,559 [INFO] response: https://www.bing.com/search?q=%22Aura+Hotel%22+Medellin+site%3Alinkedin.com%2Fcompany&first=21&FORM=PERE1 200
2026-06-17 12:24:51,541 [INFO] response: https://www.bing.com/search?q=%22Aura+Hotel%22+Medellin+site%3Alinkedin.com%2Fcompany&first=31&FORM=PERE2 200
2026-06-17 12:24:52,515 [INFO] response: https://www.bing.com/search?q=%22Aura+Hotel%22+Medellin+site%3Alinkedin.com%2Fcompany&first=41&FORM=PERE3 200
2026-06-17 12:24:55,065 [INFO]   ❌ Sin resultado: Aura Hotel
2026-06-17 12:24:59,117 [INFO] 
[48/330] Hotel Med Colombia (Medellin)
2026-06-17 12:24:59,118 [INFO]   🌐 Scraping web conocida: https://direct-book.com/properties/HOTELMEDCOLOMBIA2DIRECT?locale=en&items[0][adults]=2&items[0][children]=0&items[0][infants]=0&currency=COP&checkInDate=2025-03-11&checkOutDate=2025-03-12&trackPage=yes
2026-06-17 12:25:09,696 [INFO]   🔍 DDG: "Hotel Med Colombia" Medellin email contacto
2026-06-17 12:25:10,141 [INFO] response: https://www.bing.com/search?q=%22Hotel+Med+Colombia%22+Medellin+email+contacto 200
2026-06-17 12:25:13,939 [INFO]   🔍 DDG: "Hotel Med Colombia" Medellin correo reservas
2026-06-17 12:25:14,292 [INFO] response: https://www.bing.com/search?q=%22Hotel+Med+Colombia%22+Medellin+correo+reservas 200
2026-06-17 12:25:18,483 [INFO]   🔍 DDG: "Hotel Med Colombia" colombia hotel "@"
2026-06-17 12:25:18,941 [INFO] response: https://www.bing.com/search?q=%22Hotel+Med+Colombia%22+colombia+hotel+%22%40%22 200
2026-06-17 12:25:22,777 [INFO]   🔗 LinkedIn DDG: "Hotel Med Colombia" Medellin site:linkedin.com/company
2026-06-17 12:25:23,176 [INFO] response: https://www.bing.com/search?q=%22Hotel+Med+Colombia%22+Medellin+site%3Alinkedin.com%2Fcompany 200
2026-06-17 12:25:24,442 [INFO] response: https://www.bing.com/search?q=%22Hotel+Med+Colombia%22+Medellin+site%3Alinkedin.com%2Fcompany&first=11&FORM=PERE 200
2026-06-17 12:25:25,528 [INFO] response: https://www.bing.com/search?q=%22Hotel+Med+Colombia%22+Medellin+site%3Alinkedin.com%2Fcompany&first=21&FORM=PERE1 200
2026-06-17 12:25:26,511 [INFO] response: https://www.bing.com/search?q=%22Hotel+Med+Colombia%22+Medellin+site%3Alinkedin.com%2Fcompany&first=31&FORM=PERE2 200
2026-06-17 12:25:27,565 [INFO] response: https://www.bing.com/search?q=%22Hotel+Med+Colombia%22+Medellin+site%3Alinkedin.com%2Fcompany&first=41&FORM=PERE3 200
2026-06-17 12:25:30,805 [INFO]   ❌ Sin resultado: Hotel Med Colombia
2026-06-17 12:25:34,981 [INFO] 
[49/330] Hotel Colombia Avenida (Medellin)
2026-06-17 12:25:34,981 [INFO]   🔍 DDG: "Hotel Colombia Avenida" Medellin email contacto
2026-06-17 12:25:40,375 [INFO] response: https://www.bing.com/search?q=%22Hotel+Colombia+Avenida%22+Medellin+email+contacto 200
2026-06-17 12:25:43,610 [INFO]   🔍 DDG: "Hotel Colombia Avenida" Medellin correo reservas
2026-06-17 12:25:44,000 [INFO] response: https://www.bing.com/search?q=%22Hotel+Colombia+Avenida%22+Medellin+correo+reservas 200
2026-06-17 12:25:46,312 [INFO]   🔍 DDG: "Hotel Colombia Avenida" colombia hotel "@"
2026-06-17 12:25:46,719 [INFO] response: https://www.bing.com/search?q=%22Hotel+Colombia+Avenida%22+colombia+hotel+%22%40%22 200
2026-06-17 12:25:49,544 [INFO]   🔗 LinkedIn DDG: "Hotel Colombia Avenida" Medellin site:linkedin.com/company
2026-06-17 12:25:49,918 [INFO] response: https://www.bing.com/search?q=%22Hotel+Colombia+Avenida%22+Medellin+site%3Alinkedin.com%2Fcompany 200
2026-06-17 12:25:50,994 [INFO] response: https://www.bing.com/search?q=%22Hotel+Colombia+Avenida%22+Medellin+site%3Alinkedin.com%2Fcompany&first=11&FORM=PERE 200
2026-06-17 12:25:52,379 [INFO] response: https://www.bing.com/search?q=%22Hotel+Colombia+Avenida%22+Medellin+site%3Alinkedin.com%2Fcompany&first=21&FORM=PERE1 200
2026-06-17 12:25:53,550 [INFO] response: https://www.bing.com/search?q=%22Hotel+Colombia+Avenida%22+Medellin+site%3Alinkedin.com%2Fcompany&first=31&FORM=PERE2 200
2026-06-17 12:25:54,851 [INFO] response: https://www.bing.com/search?q=%22Hotel+Colombia+Avenida%22+Medellin+site%3Alinkedin.com%2Fcompany&first=41&FORM=PERE3 200
2026-06-17 12:25:58,695 [INFO]   ❌ Sin resultado: Hotel Colombia Avenida
2026-06-17 12:26:03,478 [INFO] 
[50/330] Moore 45 Hotel (Medellin)
2026-06-17 12:26:03,478 [INFO]   🔍 DDG: "Moore 45 Hotel" Medellin email contacto
2026-06-17 12:26:03,906 [INFO] response: https://www.bing.com/search?q=%22Moore+45+Hotel%22+Medellin+email+contacto 200
2026-06-17 12:26:06,590 [INFO]   🔍 DDG: "Moore 45 Hotel" Medellin correo reservas
2026-06-17 12:26:06,864 [INFO] response: https://www.bing.com/search?q=%22Moore+45+Hotel%22+Medellin+correo+reservas 200
2026-06-17 12:26:09,965 [INFO]   🔍 DDG: "Moore 45 Hotel" colombia hotel "@"
2026-06-17 12:26:10,371 [INFO] response: https://www.bing.com/search?q=%22Moore+45+Hotel%22+colombia+hotel+%22%40%22 200
2026-06-17 12:26:14,620 [INFO]   🔗 LinkedIn DDG: "Moore 45 Hotel" Medellin site:linkedin.com/company
2026-06-17 12:26:15,125 [INFO] response: https://www.bing.com/search?q=%22Moore+45+Hotel%22+Medellin+site%3Alinkedin.com%2Fcompany 200
2026-06-17 12:26:16,112 [INFO] response: https://www.bing.com/search?q=%22Moore+45+Hotel%22+Medellin+site%3Alinkedin.com%2Fcompany&first=11&FORM=PERE 200
2026-06-17 12:26:17,079 [INFO] response: https://www.bing.com/search?q=%22Moore+45+Hotel%22+Medellin+site%3Alinkedin.com%2Fcompany&first=21&FORM=PERE1 200
2026-06-17 12:26:18,192 [INFO] response: https://www.bing.com/search?q=%22Moore+45+Hotel%22+Medellin+site%3Alinkedin.com%2Fcompany&first=31&FORM=PERE2 200
2026-06-17 12:26:19,326 [INFO] response: https://www.bing.com/search?q=%22Moore+45+Hotel%22+Medellin+site%3Alinkedin.com%2Fcompany&first=41&FORM=PERE3 200
2026-06-17 12:26:22,161 [INFO]   ❌ Sin resultado: Moore 45 Hotel
2026-06-17 12:26:22,162 [INFO]   📊 Progreso 50/330 | Emails: 4 | Webs: 0 | Sin resultado: 46
2026-06-17 12:26:26,446 [INFO] 
[51/330] Marquee Hotel (Medellin)
2026-06-17 12:26:26,447 [INFO]   🌐 Scraping web conocida: https://marqueemedellin.com/
2026-06-17 12:26:54,533 [INFO]   🔍 DDG: "Marquee Hotel" Medellin email contacto
2026-06-17 12:26:54,933 [INFO] response: https://www.bing.com/search?q=%22Marquee+Hotel%22+Medellin+email+contacto 200
2026-06-17 12:26:57,663 [INFO]   🔍 DDG: "Marquee Hotel" Medellin correo reservas
2026-06-17 12:26:58,100 [INFO] response: https://www.bing.com/search?q=%22Marquee+Hotel%22+Medellin+correo+reservas 200
2026-06-17 12:27:01,573 [INFO]   🔍 DDG: "Marquee Hotel" colombia hotel "@"
2026-06-17 12:27:02,067 [INFO] response: https://www.bing.com/search?q=%22Marquee+Hotel%22+colombia+hotel+%22%40%22 200
2026-06-17 12:27:06,243 [INFO]   🌐 Visitando (DDG): https://www.merriam-webster.com/dictionary/marquee
2026-06-17 12:27:19,253 [INFO]   🌐 Visitando (DDG): https://www.w3schools.in/html/marquee-tag
2026-06-17 12:27:54,184 [INFO]   🌐 Visitando (DDG): https://marquee.gs.com/landing/
2026-06-17 12:28:06,241 [INFO]   🔗 LinkedIn DDG: "Marquee Hotel" Medellin site:linkedin.com/company
2026-06-17 12:28:06,551 [INFO] response: https://www.bing.com/search?q=%22Marquee+Hotel%22+Medellin+site%3Alinkedin.com%2Fcompany 200
2026-06-17 12:28:07,746 [INFO] response: https://www.bing.com/search?q=%22Marquee+Hotel%22+Medellin+site%3Alinkedin.com%2Fcompany&first=11&FORM=PERE 200
2026-06-17 12:28:08,765 [INFO] response: https://www.bing.com/search?q=%22Marquee+Hotel%22+Medellin+site%3Alinkedin.com%2Fcompany&first=21&FORM=PERE1 200
2026-06-17 12:28:09,772 [INFO] response: https://www.bing.com/search?q=%22Marquee+Hotel%22+Medellin+site%3Alinkedin.com%2Fcompany&first=31&FORM=PERE2 200
2026-06-17 12:28:10,742 [INFO] response: https://www.bing.com/search?q=%22Marquee+Hotel%22+Medellin+site%3Alinkedin.com%2Fcompany&first=41&FORM=PERE3 200
2026-06-17 12:28:14,399 [INFO]   ❌ Sin resultado: Marquee Hotel
2026-06-17 12:28:21,502 [INFO] 
[52/330] Hotel Boutique Laureles Medellin (HBL) (Medellin)
2026-06-17 12:28:21,503 [INFO]   🌐 Scraping web conocida: https://book.omnibees.com/hotel/12737
2026-06-17 12:28:35,273 [INFO]   🔍 DDG: "Hotel Boutique Laureles Medellin (HBL)" Medellin email contacto
2026-06-17 12:28:40,740 [INFO] response: https://www.bing.com/search?q=%22Hotel+Boutique+Laureles+Medellin+%28HBL%29%22+Medellin+email+contacto 200
2026-06-17 12:28:43,277 [INFO]   🔍 DDG: "Hotel Boutique Laureles Medellin (HBL)" Medellin correo reservas
2026-06-17 12:28:43,633 [INFO] response: https://www.bing.com/search?q=%22Hotel+Boutique+Laureles+Medellin+%28HBL%29%22+Medellin+correo+reservas 200
2026-06-17 12:28:47,337 [INFO]   🔍 DDG: "Hotel Boutique Laureles Medellin (HBL)" colombia hotel "@"
2026-06-17 12:28:47,880 [INFO] response: https://www.bing.com/search?q=%22Hotel+Boutique+Laureles+Medellin+%28HBL%29%22+colombia+hotel+%22%40%22 200
2026-06-17 12:28:51,232 [INFO]   🔗 LinkedIn DDG: "Hotel Boutique Laureles Medellin (HBL)" Medellin site:linkedin.com/company
2026-06-17 12:28:51,638 [INFO] response: https://www.bing.com/search?q=%22Hotel+Boutique+Laureles+Medellin+%28HBL%29%22+Medellin+site%3Alinkedin.com%2Fcompany 200
2026-06-17 12:28:52,658 [INFO] response: https://www.bing.com/search?q=%22Hotel+Boutique+Laureles+Medellin+%28HBL%29%22+Medellin+site%3Alinkedin.com%2Fcompany&first=11&FORM=PERE 200
2026-06-17 12:28:53,715 [INFO] response: https://www.bing.com/search?q=%22Hotel+Boutique+Laureles+Medellin+%28HBL%29%22+Medellin+site%3Alinkedin.com%2Fcompany&first=21&FORM=PERE1 200
2026-06-17 12:28:54,735 [INFO] response: https://www.bing.com/search?q=%22Hotel+Boutique+Laureles+Medellin+%28HBL%29%22+Medellin+site%3Alinkedin.com%2Fcompany&first=31&FORM=PERE2 200
2026-06-17 12:28:55,785 [INFO] response: https://www.bing.com/search?q=%22Hotel+Boutique+Laureles+Medellin+%28HBL%29%22+Medellin+site%3Alinkedin.com%2Fcompany&first=41&FORM=PERE3 200
2026-06-17 12:28:58,379 [INFO]   ❌ Sin resultado: Hotel Boutique Laureles Medellin (HBL)
2026-06-17 12:29:06,194 [INFO] 
[53/330] Hotel Torre Poblado (Medellin)
2026-06-17 12:29:06,194 [INFO]   🌐 Scraping web conocida: http://www.torrepoblado.com/?utm_medium=organic&utm_source=google&utm_campaign=google-my-business&utm_term=google-local
2026-06-17 12:30:42,507 [INFO]   🔍 DDG: "Hotel Torre Poblado" Medellin email contacto
2026-06-17 12:30:42,909 [INFO] response: https://www.bing.com/search?q=%22Hotel+Torre+Poblado%22+Medellin+email+contacto 200
2026-06-17 12:30:45,788 [INFO]   🔍 DDG: "Hotel Torre Poblado" Medellin correo reservas
2026-06-17 12:30:46,242 [INFO] response: https://www.bing.com/search?q=%22Hotel+Torre+Poblado%22+Medellin+correo+reservas 200
2026-06-17 12:30:48,903 [INFO]   🔍 DDG: "Hotel Torre Poblado" colombia hotel "@"
2026-06-17 12:30:49,273 [INFO] response: https://www.bing.com/search?q=%22Hotel+Torre+Poblado%22+colombia+hotel+%22%40%22 200
2026-06-17 12:30:51,873 [INFO]   🔗 LinkedIn DDG: "Hotel Torre Poblado" Medellin site:linkedin.com/company
2026-06-17 12:30:52,259 [INFO] response: https://www.bing.com/search?q=%22Hotel+Torre+Poblado%22+Medellin+site%3Alinkedin.com%2Fcompany 200
2026-06-17 12:30:53,289 [INFO] response: https://www.bing.com/search?q=%22Hotel+Torre+Poblado%22+Medellin+site%3Alinkedin.com%2Fcompany&first=11&FORM=PERE 200
2026-06-17 12:30:54,375 [INFO] response: https://www.bing.com/search?q=%22Hotel+Torre+Poblado%22+Medellin+site%3Alinkedin.com%2Fcompany&first=21&FORM=PERE1 200
2026-06-17 12:30:55,375 [INFO] response: https://www.bing.com/search?q=%22Hotel+Torre+Poblado%22+Medellin+site%3Alinkedin.com%2Fcompany&first=31&FORM=PERE2 200
2026-06-17 12:30:56,432 [INFO] response: https://www.bing.com/search?q=%22Hotel+Torre+Poblado%22+Medellin+site%3Alinkedin.com%2Fcompany&first=41&FORM=PERE3 200
2026-06-17 12:31:00,095 [INFO]   ❌ Sin resultado: Hotel Torre Poblado
2026-06-17 12:31:06,271 [INFO] 
[54/330] Hotel Poblado Alejandria (Medellin)
2026-06-17 12:31:06,271 [INFO]   🌐 Scraping web conocida: http://hotelpobladoalejandria.com/
2026-06-17 12:31:27,006 [INFO]   🔍 DDG: "Hotel Poblado Alejandria" Medellin email contacto
2026-06-17 12:31:27,406 [INFO] response: https://www.bing.com/search?q=%22Hotel+Poblado+Alejandria%22+Medellin+email+contacto 200
2026-06-17 12:31:29,967 [INFO]   🔍 DDG: "Hotel Poblado Alejandria" Medellin correo reservas
2026-06-17 12:31:30,623 [INFO] response: https://www.bing.com/search?q=%22Hotel+Poblado+Alejandria%22+Medellin+correo+reservas 200
2026-06-17 12:31:34,708 [INFO]   🔍 DDG: "Hotel Poblado Alejandria" colombia hotel "@"
2026-06-17 12:31:40,065 [INFO] response: https://www.bing.com/search?q=%22Hotel+Poblado+Alejandria%22+colombia+hotel+%22%40%22 200
2026-06-17 12:31:43,050 [INFO]   🌐 Visitando (DDG): https://www.hoteles.com/de1634154/hoteles-bogota-colombia/
2026-06-17 12:32:15,888 [INFO]   🌐 Visitando (DDG): https://co.hoteles.com/de1634154/hoteles-bogota-colombia/
2026-06-17 12:32:42,078 [INFO]   🌐 Visitando (DDG): https://www.tripadvisor.co/Hotels-g294074-Bogota-Hotels.html
2026-06-17 12:32:45,124 [INFO]   🔗 LinkedIn DDG: "Hotel Poblado Alejandria" Medellin site:linkedin.com/company
2026-06-17 12:32:45,686 [INFO] response: https://www.bing.com/search?q=%22Hotel+Poblado+Alejandria%22+Medellin+site%3Alinkedin.com%2Fcompany 200
2026-06-17 12:32:47,012 [INFO] response: https://www.bing.com/search?q=%22Hotel+Poblado+Alejandria%22+Medellin+site%3Alinkedin.com%2Fcompany&first=11&FORM=PERE 200
2026-06-17 12:32:48,001 [INFO] response: https://www.bing.com/search?q=%22Hotel+Poblado+Alejandria%22+Medellin+site%3Alinkedin.com%2Fcompany&first=21&FORM=PERE1 200
2026-06-17 12:32:49,035 [INFO] response: https://www.bing.com/search?q=%22Hotel+Poblado+Alejandria%22+Medellin+site%3Alinkedin.com%2Fcompany&first=31&FORM=PERE2 200
2026-06-17 12:32:50,011 [INFO] response: https://www.bing.com/search?q=%22Hotel+Poblado+Alejandria%22+Medellin+site%3Alinkedin.com%2Fcompany&first=41&FORM=PERE3 200
2026-06-17 12:32:53,618 [INFO]   ❌ Sin resultado: Hotel Poblado Alejandria
2026-06-17 12:32:57,639 [INFO] 
[55/330] Hotel Dann Carlton Medellín (Medellin)
2026-06-17 12:32:57,640 [INFO]   🌐 Scraping web conocida: https://www.danncarlton.com/
2026-06-17 12:33:21,046 [INFO]   🔍 DDG: "Hotel Dann Carlton Medellín" Medellin email contacto
2026-06-17 12:33:21,434 [INFO] response: https://www.bing.com/search?q=%22Hotel+Dann+Carlton+Medell%C3%ADn%22+Medellin+email+contacto 200
2026-06-17 12:33:25,161 [INFO]   🔍 DDG: "Hotel Dann Carlton Medellín" Medellin correo reservas
2026-06-17 12:33:25,547 [INFO] response: https://www.bing.com/search?q=%22Hotel+Dann+Carlton+Medell%C3%ADn%22+Medellin+correo+reservas 200
2026-06-17 12:33:29,386 [INFO]   🔍 DDG: "Hotel Dann Carlton Medellín" colombia hotel "@"
2026-06-17 12:33:29,958 [INFO] response: https://www.bing.com/search?q=%22Hotel+Dann+Carlton+Medell%C3%ADn%22+colombia+hotel+%22%40%22 200
2026-06-17 12:33:33,355 [INFO]   🌐 Visitando (DDG): https://www.hodelpa.com/
2026-06-17 12:33:36,710 [INFO]   ✅ Email en web DDG: reservas@hodelpa.com
2026-06-17 12:33:42,848 [INFO] 
[56/330] Hotel El Zarzo Medellín (Medellin)
2026-06-17 12:33:42,848 [INFO]   🌐 Scraping web conocida: https://hotelelzarzo.com/
2026-06-17 12:33:43,717 [INFO]   ✅ Email en web conocida: gerencia@hotelelzarzo.com
2026-06-17 12:33:48,705 [INFO] 
[57/330] Hotel Praga Medellin (Medellin)
2026-06-17 12:33:48,706 [INFO]   🌐 Scraping web conocida: http://hotelpragamedellin.com/
2026-06-17 12:33:50,513 [INFO]   🔍 DDG: "Hotel Praga Medellin" Medellin email contacto
2026-06-17 12:33:50,920 [INFO] response: https://www.bing.com/search?q=%22Hotel+Praga+Medellin%22+Medellin+email+contacto 200
2026-06-17 12:33:54,675 [INFO]   🔍 DDG: "Hotel Praga Medellin" Medellin correo reservas
2026-06-17 12:33:55,034 [INFO] response: https://www.bing.com/search?q=%22Hotel+Praga+Medellin%22+Medellin+correo+reservas 200
2026-06-17 12:33:58,211 [INFO]   🔍 DDG: "Hotel Praga Medellin" colombia hotel "@"
2026-06-17 12:33:58,572 [INFO] response: https://www.bing.com/search?q=%22Hotel+Praga+Medellin%22+colombia+hotel+%22%40%22 200
2026-06-17 12:34:01,108 [INFO]   🌐 Visitando (DDG): https://www.hodelpa.com/
2026-06-17 12:34:03,962 [INFO]   ✅ Email en web DDG: reservas@hodelpa.com
2026-06-17 12:34:09,401 [INFO] 
[58/330] Gallery Hotel Medellín (Medellin)
2026-06-17 12:34:09,402 [INFO]   🌐 Scraping web conocida: https://www.galleryhotel.co/
2026-06-17 12:34:23,879 [INFO]   🔍 DDG: "Gallery Hotel Medellín" Medellin email contacto
2026-06-17 12:34:24,306 [INFO] response: https://www.bing.com/search?q=%22Gallery+Hotel+Medell%C3%ADn%22+Medellin+email+contacto 200
2026-06-17 12:34:28,488 [INFO]   🔍 DDG: "Gallery Hotel Medellín" Medellin correo reservas
2026-06-17 12:34:29,314 [INFO] response: https://www.bing.com/search?q=%22Gallery+Hotel+Medell%C3%ADn%22+Medellin+correo+reservas 200
2026-06-17 12:34:32,536 [INFO]   🔍 DDG: "Gallery Hotel Medellín" colombia hotel "@"
2026-06-17 12:34:37,943 [INFO] response: https://www.bing.com/search?q=%22Gallery+Hotel+Medell%C3%ADn%22+colombia+hotel+%22%40%22 200
2026-06-17 12:34:42,143 [INFO]   🔗 LinkedIn DDG: "Gallery Hotel Medellín" Medellin site:linkedin.com/company
2026-06-17 12:34:42,455 [INFO] response: https://www.bing.com/search?q=%22Gallery+Hotel+Medell%C3%ADn%22+Medellin+site%3Alinkedin.com%2Fcompany 200
2026-06-17 12:34:43,422 [INFO] response: https://www.bing.com/search?q=%22Gallery+Hotel+Medell%C3%ADn%22+Medellin+site%3Alinkedin.com%2Fcompany&first=11&FORM=PERE 200
2026-06-17 12:34:44,387 [INFO] response: https://www.bing.com/search?q=%22Gallery+Hotel+Medell%C3%ADn%22+Medellin+site%3Alinkedin.com%2Fcompany&first=21&FORM=PERE1 200
2026-06-17 12:34:45,420 [INFO] response: https://www.bing.com/search?q=%22Gallery+Hotel+Medell%C3%ADn%22+Medellin+site%3Alinkedin.com%2Fcompany&first=31&FORM=PERE2 200
2026-06-17 12:34:46,399 [INFO] response: https://www.bing.com/search?q=%22Gallery+Hotel+Medell%C3%ADn%22+Medellin+site%3Alinkedin.com%2Fcompany&first=41&FORM=PERE3 200
2026-06-17 12:34:50,107 [INFO]   ❌ Sin resultado: Gallery Hotel Medellín
2026-06-17 12:34:57,875 [INFO] 
[59/330] Hotel Boutique Laureles Home (Medellin)
2026-06-17 12:34:57,876 [INFO]   🔍 DDG: "Hotel Boutique Laureles Home" Medellin email contacto
2026-06-17 12:34:58,362 [INFO] response: https://www.bing.com/search?q=%22Hotel+Boutique+Laureles+Home%22+Medellin+email+contacto 200
2026-06-17 12:35:01,134 [INFO]   🔍 DDG: "Hotel Boutique Laureles Home" Medellin correo reservas
2026-06-17 12:35:06,535 [INFO] response: https://www.bing.com/search?q=%22Hotel+Boutique+Laureles+Home%22+Medellin+correo+reservas 200
2026-06-17 12:35:09,305 [INFO]   🔍 DDG: "Hotel Boutique Laureles Home" colombia hotel "@"
2026-06-17 12:35:14,575 [INFO] response: https://www.bing.com/search?q=%22Hotel+Boutique+Laureles+Home%22+colombia+hotel+%22%40%22 200
2026-06-17 12:35:18,790 [INFO]   🔗 LinkedIn DDG: "Hotel Boutique Laureles Home" Medellin site:linkedin.com/company
2026-06-17 12:35:24,181 [INFO] response: https://www.bing.com/search?q=%22Hotel+Boutique+Laureles+Home%22+Medellin+site%3Alinkedin.com%2Fcompany 200
2026-06-17 12:35:25,262 [INFO] response: https://www.bing.com/search?q=%22Hotel+Boutique+Laureles+Home%22+Medellin+site%3Alinkedin.com%2Fcompany&first=11&FORM=PERE 200
2026-06-17 12:35:26,269 [INFO] response: https://www.bing.com/search?q=%22Hotel+Boutique+Laureles+Home%22+Medellin+site%3Alinkedin.com%2Fcompany&first=21&FORM=PERE1 200
2026-06-17 12:35:27,388 [INFO] response: https://www.bing.com/search?q=%22Hotel+Boutique+Laureles+Home%22+Medellin+site%3Alinkedin.com%2Fcompany&first=31&FORM=PERE2 200
2026-06-17 12:35:28,392 [INFO] response: https://www.bing.com/search?q=%22Hotel+Boutique+Laureles+Home%22+Medellin+site%3Alinkedin.com%2Fcompany&first=41&FORM=PERE3 200
2026-06-17 12:35:31,086 [INFO]   ❌ Sin resultado: Hotel Boutique Laureles Home
2026-06-17 12:35:38,677 [INFO] 
[60/330] Rock Hostel Medellín (Medellin)
2026-06-17 12:35:38,678 [INFO]   🔍 DDG: "Rock Hostel Medellín" Medellin email contacto
2026-06-17 12:35:39,103 [INFO] response: https://www.bing.com/search?q=%22Rock+Hostel+Medell%C3%ADn%22+Medellin+email+contacto 200
2026-06-17 12:35:43,158 [INFO]   🔍 DDG: "Rock Hostel Medellín" Medellin correo reservas
2026-06-17 12:35:43,632 [INFO] response: https://www.bing.com/search?q=%22Rock+Hostel+Medell%C3%ADn%22+Medellin+correo+reservas 200
2026-06-17 12:35:47,843 [INFO]   🔍 DDG: "Rock Hostel Medellín" colombia hotel "@"
2026-06-17 12:35:48,274 [INFO] response: https://www.bing.com/search?q=%22Rock+Hostel+Medell%C3%ADn%22+colombia+hotel+%22%40%22 200
2026-06-17 12:35:52,010 [INFO]   🌐 Visitando (DDG): https://www.rockandpop.com.py/
2026-06-17 12:36:11,531 [INFO]   🌐 Visitando (DDG): https://www.rockstargames.com/
2026-06-17 12:36:21,482 [INFO]   🌐 Visitando (DDG): https://rockinrio.com/rio/pt-br/home/
2026-06-17 12:36:33,600 [INFO]   🔗 LinkedIn DDG: "Rock Hostel Medellín" Medellin site:linkedin.com/company
2026-06-17 12:36:33,909 [INFO] response: https://www.bing.com/search?q=%22Rock+Hostel+Medell%C3%ADn%22+Medellin+site%3Alinkedin.com%2Fcompany 200
2026-06-17 12:36:34,908 [INFO] response: https://www.bing.com/search?q=%22Rock+Hostel+Medell%C3%ADn%22+Medellin+site%3Alinkedin.com%2Fcompany&first=11&FORM=PERE 200
2026-06-17 12:36:35,973 [INFO] response: https://www.bing.com/search?q=%22Rock+Hostel+Medell%C3%ADn%22+Medellin+site%3Alinkedin.com%2Fcompany&first=21&FORM=PERE1 200
2026-06-17 12:36:37,111 [INFO] response: https://www.bing.com/search?q=%22Rock+Hostel+Medell%C3%ADn%22+Medellin+site%3Alinkedin.com%2Fcompany&first=31&FORM=PERE2 200
2026-06-17 12:36:38,055 [INFO] response: https://www.bing.com/search?q=%22Rock+Hostel+Medell%C3%ADn%22+Medellin+site%3Alinkedin.com%2Fcompany&first=41&FORM=PERE3 200
2026-06-17 12:36:41,259 [INFO]   ❌ Sin resultado: Rock Hostel Medellín
2026-06-17 12:36:41,260 [INFO]   📊 Progreso 60/330 | Emails: 7 | Webs: 0 | Sin resultado: 53
2026-06-17 12:36:46,831 [INFO] 
[61/330] Hotel Dorado La 70 (Medellin)
2026-06-17 12:36:46,831 [INFO]   🌐 Scraping web conocida: http://hoteldoradola70.com/
2026-06-17 12:37:23,530 [INFO]   🔍 DDG: "Hotel Dorado La 70" Medellin email contacto
2026-06-17 12:37:23,901 [INFO] response: https://www.bing.com/search?q=%22Hotel+Dorado+La+70%22+Medellin+email+contacto 200
2026-06-17 12:37:26,707 [INFO]   🔍 DDG: "Hotel Dorado La 70" Medellin correo reservas
2026-06-17 12:37:27,075 [INFO] response: https://www.bing.com/search?q=%22Hotel+Dorado+La+70%22+Medellin+correo+reservas 200
2026-06-17 12:37:31,249 [INFO]   🔍 DDG: "Hotel Dorado La 70" colombia hotel "@"
2026-06-17 12:37:31,611 [INFO] response: https://www.bing.com/search?q=%22Hotel+Dorado+La+70%22+colombia+hotel+%22%40%22 200
2026-06-17 12:37:35,626 [INFO]   🔗 LinkedIn DDG: "Hotel Dorado La 70" Medellin site:linkedin.com/company
2026-06-17 12:37:35,923 [INFO] response: https://www.bing.com/search?q=%22Hotel+Dorado+La+70%22+Medellin+site%3Alinkedin.com%2Fcompany 200
2026-06-17 12:37:36,869 [INFO] response: https://www.bing.com/search?q=%22Hotel+Dorado+La+70%22+Medellin+site%3Alinkedin.com%2Fcompany&first=11&FORM=PERE 200
2026-06-17 12:37:37,893 [INFO] response: https://www.bing.com/search?q=%22Hotel+Dorado+La+70%22+Medellin+site%3Alinkedin.com%2Fcompany&first=21&FORM=PERE1 200
2026-06-17 12:37:39,076 [INFO] response: https://www.bing.com/search?q=%22Hotel+Dorado+La+70%22+Medellin+site%3Alinkedin.com%2Fcompany&first=31&FORM=PERE2 200
2026-06-17 12:37:40,082 [INFO] response: https://www.bing.com/search?q=%22Hotel+Dorado+La+70%22+Medellin+site%3Alinkedin.com%2Fcompany&first=41&FORM=PERE3 200
2026-06-17 12:37:43,292 [INFO]   ❌ Sin resultado: Hotel Dorado La 70
2026-06-17 12:37:48,663 [INFO] 
[62/330] Hotel Conquistadores Medellin (Medellin)
2026-06-17 12:37:48,664 [INFO]   🔍 DDG: "Hotel Conquistadores Medellin" Medellin email contacto
2026-06-17 12:37:49,382 [INFO] response: https://www.bing.com/search?q=%22Hotel+Conquistadores+Medellin%22+Medellin+email+contacto 200
2026-06-17 12:37:52,342 [INFO]   🔍 DDG: "Hotel Conquistadores Medellin" Medellin correo reservas
2026-06-17 12:37:52,759 [INFO] response: https://www.bing.com/search?q=%22Hotel+Conquistadores+Medellin%22+Medellin+correo+reservas 200
2026-06-17 12:37:55,374 [INFO]   🔍 DDG: "Hotel Conquistadores Medellin" colombia hotel "@"
2026-06-17 12:37:55,690 [INFO] response: https://www.bing.com/search?q=%22Hotel+Conquistadores+Medellin%22+colombia+hotel+%22%40%22 200
2026-06-17 12:37:58,440 [INFO]   🔗 LinkedIn DDG: "Hotel Conquistadores Medellin" Medellin site:linkedin.com/company
2026-06-17 12:37:59,001 [INFO] response: https://www.bing.com/search?q=%22Hotel+Conquistadores+Medellin%22+Medellin+site%3Alinkedin.com%2Fcompany 200
2026-06-17 12:37:59,969 [INFO] response: https://www.bing.com/search?q=%22Hotel+Conquistadores+Medellin%22+Medellin+site%3Alinkedin.com%2Fcompany&first=11&FORM=PERE 200
2026-06-17 12:38:00,973 [INFO] response: https://www.bing.com/search?q=%22Hotel+Conquistadores+Medellin%22+Medellin+site%3Alinkedin.com%2Fcompany&first=21&FORM=PERE1 200
2026-06-17 12:38:02,111 [INFO] response: https://www.bing.com/search?q=%22Hotel+Conquistadores+Medellin%22+Medellin+site%3Alinkedin.com%2Fcompany&first=31&FORM=PERE2 200
2026-06-17 12:38:03,104 [INFO] response: https://www.bing.com/search?q=%22Hotel+Conquistadores+Medellin%22+Medellin+site%3Alinkedin.com%2Fcompany&first=41&FORM=PERE3 200
2026-06-17 12:38:06,928 [INFO]   ❌ Sin resultado: Hotel Conquistadores Medellin
2026-06-17 12:38:13,081 [INFO] 
[63/330] HOTEL BAMBU MILLA DE ORO (Medellin)
2026-06-17 12:38:13,082 [INFO]   🌐 Scraping web conocida: http://www.bambumilladeoro.com/
2026-06-17 12:38:35,978 [INFO]   🔍 DDG: "HOTEL BAMBU MILLA DE ORO" Medellin email contacto
2026-06-17 12:38:41,411 [INFO] response: https://www.bing.com/search?q=%22HOTEL+BAMBU+MILLA+DE+ORO%22+Medellin+email+contacto 200
2026-06-17 12:38:45,406 [INFO]   🔍 DDG: "HOTEL BAMBU MILLA DE ORO" Medellin correo reservas
2026-06-17 12:38:45,815 [INFO] response: https://www.bing.com/search?q=%22HOTEL+BAMBU+MILLA+DE+ORO%22+Medellin+correo+reservas 200
2026-06-17 12:38:47,217 [INFO] response: https://www.bing.com/search?q=%22HOTEL+BAMBU+MILLA+DE+ORO%22+Medellin+correo+reservas&first=11&FORM=PERE 200
2026-06-17 12:38:48,587 [INFO] response: https://www.bing.com/search?q=%22HOTEL+BAMBU+MILLA+DE+ORO%22+Medellin+correo+reservas&first=21&FORM=PERE1 200
2026-06-17 12:38:49,707 [INFO] response: https://www.bing.com/search?q=%22HOTEL+BAMBU+MILLA+DE+ORO%22+Medellin+correo+reservas&first=31&FORM=PERE2 200
2026-06-17 12:38:50,946 [INFO] response: https://www.bing.com/search?q=%22HOTEL+BAMBU+MILLA+DE+ORO%22+Medellin+correo+reservas&first=41&FORM=PERE3 200
2026-06-17 12:38:53,697 [INFO]   🔍 DDG: "HOTEL BAMBU MILLA DE ORO" colombia hotel "@"
2026-06-17 12:38:54,030 [INFO] response: https://www.bing.com/search?q=%22HOTEL+BAMBU+MILLA+DE+ORO%22+colombia+hotel+%22%40%22 200
2026-06-17 12:38:57,005 [INFO]   🌐 Visitando (DDG): https://www.hodelpa.com/
2026-06-17 12:38:59,455 [INFO]   ✅ Email en web DDG: reservas@hodelpa.com
2026-06-17 12:39:04,963 [INFO] 
[64/330] Hotel 47 Medellin Street (Medellin)
2026-06-17 12:39:04,964 [INFO]   🌐 Scraping web conocida: http://www.medellin47.com/
2026-06-17 12:39:11,637 [INFO]   🔍 DDG: "Hotel 47 Medellin Street" Medellin email contacto
2026-06-17 12:39:11,985 [INFO] response: https://www.bing.com/search?q=%22Hotel+47+Medellin+Street%22+Medellin+email+contacto 200
2026-06-17 12:39:15,747 [INFO]   🔍 DDG: "Hotel 47 Medellin Street" Medellin correo reservas
2026-06-17 12:39:16,098 [INFO] response: https://www.bing.com/search?q=%22Hotel+47+Medellin+Street%22+Medellin+correo+reservas 200
2026-06-17 12:39:20,587 [INFO]   🔍 DDG: "Hotel 47 Medellin Street" colombia hotel "@"
2026-06-17 12:39:20,980 [INFO] response: https://www.bing.com/search?q=%22Hotel+47+Medellin+Street%22+colombia+hotel+%22%40%22 200
2026-06-17 12:39:25,379 [INFO]   🔗 LinkedIn DDG: "Hotel 47 Medellin Street" Medellin site:linkedin.com/company
2026-06-17 12:39:25,760 [INFO] response: https://www.bing.com/search?q=%22Hotel+47+Medellin+Street%22+Medellin+site%3Alinkedin.com%2Fcompany 200
2026-06-17 12:39:26,903 [INFO] response: https://www.bing.com/search?q=%22Hotel+47+Medellin+Street%22+Medellin+site%3Alinkedin.com%2Fcompany&first=11&FORM=PERE 200
2026-06-17 12:39:27,898 [INFO] response: https://www.bing.com/search?q=%22Hotel+47+Medellin+Street%22+Medellin+site%3Alinkedin.com%2Fcompany&first=21&FORM=PERE1 200
2026-06-17 12:39:28,963 [INFO] response: https://www.bing.com/search?q=%22Hotel+47+Medellin+Street%22+Medellin+site%3Alinkedin.com%2Fcompany&first=31&FORM=PERE2 200
2026-06-17 12:39:30,094 [INFO] response: https://www.bing.com/search?q=%22Hotel+47+Medellin+Street%22+Medellin+site%3Alinkedin.com%2Fcompany&first=41&FORM=PERE3 200
2026-06-17 12:39:33,014 [INFO]   ❌ Sin resultado: Hotel 47 Medellin Street
2026-06-17 12:39:40,613 [INFO] 
[65/330] Hotel Panorama (Medellin)
2026-06-17 12:39:40,613 [INFO]   🌐 Scraping web conocida: https://panoramahotel.co/
2026-06-17 12:40:36,294 [INFO]   🔍 DDG: "Hotel Panorama" Medellin email contacto
2026-06-17 12:40:36,807 [INFO] response: https://www.bing.com/search?q=%22Hotel+Panorama%22+Medellin+email+contacto 200
2026-06-17 12:40:39,653 [INFO]   🔍 DDG: "Hotel Panorama" Medellin correo reservas
2026-06-17 12:40:40,037 [INFO] response: https://www.bing.com/search?q=%22Hotel+Panorama%22+Medellin+correo+reservas 200
2026-06-17 12:40:44,331 [INFO]   🔍 DDG: "Hotel Panorama" colombia hotel "@"
2026-06-17 12:40:44,694 [INFO] response: https://www.bing.com/search?q=%22Hotel+Panorama%22+colombia+hotel+%22%40%22 200
2026-06-17 12:40:48,880 [INFO]   🌐 Visitando (DDG): https://www.hodelpa.com/
2026-06-17 12:40:58,460 [INFO]   ✅ Email en web DDG: reservas@hodelpa.com
2026-06-17 12:41:06,190 [INFO] 
[66/330] Hotel Playa Itagui (Medellin)
2026-06-17 12:41:06,191 [INFO]   🔍 DDG: "Hotel Playa Itagui" Medellin email contacto
2026-06-17 12:41:06,578 [INFO] response: https://www.bing.com/search?q=%22Hotel+Playa+Itagui%22+Medellin+email+contacto 200
2026-06-17 12:41:11,009 [INFO]   🔍 DDG: "Hotel Playa Itagui" Medellin correo reservas
2026-06-17 12:41:11,499 [INFO] response: https://www.bing.com/search?q=%22Hotel+Playa+Itagui%22+Medellin+correo+reservas 200
2026-06-17 12:41:12,657 [INFO] response: https://www.bing.com/search?q=%22Hotel+Playa+Itagui%22+Medellin+correo+reservas&first=11&FORM=PERE 200
2026-06-17 12:41:13,676 [INFO] response: https://www.bing.com/search?q=%22Hotel+Playa+Itagui%22+Medellin+correo+reservas&first=21&FORM=PERE1 200
2026-06-17 12:41:14,647 [INFO] response: https://www.bing.com/search?q=%22Hotel+Playa+Itagui%22+Medellin+correo+reservas&first=31&FORM=PERE2 200
2026-06-17 12:41:15,676 [INFO] response: https://www.bing.com/search?q=%22Hotel+Playa+Itagui%22+Medellin+correo+reservas&first=41&FORM=PERE3 200
2026-06-17 12:41:20,037 [INFO]   🔍 DDG: "Hotel Playa Itagui" colombia hotel "@"
2026-06-17 12:41:20,368 [INFO] response: https://www.bing.com/search?q=%22Hotel+Playa+Itagui%22+colombia+hotel+%22%40%22 200
2026-06-17 12:41:23,070 [INFO]   🌐 Visitando (DDG): https://www.hodelpa.com/
2026-06-17 12:41:25,252 [INFO]   ✅ Email en web DDG: reservas@hodelpa.com
2026-06-17 12:41:32,195 [INFO] 
[67/330] Primavera Hotel (Medellin)
2026-06-17 12:41:32,195 [INFO]   🔍 DDG: "Primavera Hotel" Medellin email contacto
2026-06-17 12:41:32,563 [INFO] response: https://www.bing.com/search?q=%22Primavera+Hotel%22+Medellin+email+contacto 200
2026-06-17 12:41:35,476 [INFO]   🔍 DDG: "Primavera Hotel" Medellin correo reservas
2026-06-17 12:41:35,971 [INFO] response: https://www.bing.com/search?q=%22Primavera+Hotel%22+Medellin+correo+reservas 200
2026-06-17 12:41:39,990 [INFO]   🔍 DDG: "Primavera Hotel" colombia hotel "@"
2026-06-17 12:41:40,328 [INFO] response: https://www.bing.com/search?q=%22Primavera+Hotel%22+colombia+hotel+%22%40%22 200
2026-06-17 12:41:42,548 [INFO]   🌐 Visitando (DDG): https://concepto.de/primavera/
2026-06-17 12:41:58,513 [INFO]   🌐 Visitando (DDG): https://nuevaescuelamexicana.org/primavera/
2026-06-17 12:42:23,924 [INFO]   🌐 Visitando (DDG): https://enciclopediauniversal.com/primavera/
2026-06-17 12:42:47,173 [INFO]   🔗 LinkedIn DDG: "Primavera Hotel" Medellin site:linkedin.com/company
2026-06-17 12:42:47,461 [INFO] response: https://www.bing.com/search?q=%22Primavera+Hotel%22+Medellin+site%3Alinkedin.com%2Fcompany 200
2026-06-17 12:42:48,403 [INFO] response: https://www.bing.com/search?q=%22Primavera+Hotel%22+Medellin+site%3Alinkedin.com%2Fcompany&first=11&FORM=PERE 200
2026-06-17 12:42:49,375 [INFO] response: https://www.bing.com/search?q=%22Primavera+Hotel%22+Medellin+site%3Alinkedin.com%2Fcompany&first=21&FORM=PERE1 200
2026-06-17 12:42:50,515 [INFO] response: https://www.bing.com/search?q=%22Primavera+Hotel%22+Medellin+site%3Alinkedin.com%2Fcompany&first=31&FORM=PERE2 200
2026-06-17 12:42:51,494 [INFO] response: https://www.bing.com/search?q=%22Primavera+Hotel%22+Medellin+site%3Alinkedin.com%2Fcompany&first=41&FORM=PERE3 200
2026-06-17 12:42:55,385 [INFO]   ❌ Sin resultado: Primavera Hotel
2026-06-17 12:43:00,320 [INFO] 
[68/330] Hotel Asturias Medellin (Medellin)
2026-06-17 12:43:00,321 [INFO]   🌐 Scraping web conocida: https://www.asturiasmedellinhotel.com/es/
2026-06-17 12:43:16,402 [INFO]   🔍 DDG: "Hotel Asturias Medellin" Medellin email contacto
2026-06-17 12:43:16,925 [INFO] response: https://www.bing.com/search?q=%22Hotel+Asturias+Medellin%22+Medellin+email+contacto 200
2026-06-17 12:43:19,829 [INFO]   🔍 DDG: "Hotel Asturias Medellin" Medellin correo reservas
2026-06-17 12:43:20,125 [INFO] response: https://www.bing.com/search?q=%22Hotel+Asturias+Medellin%22+Medellin+correo+reservas 200
2026-06-17 12:43:23,087 [INFO]   🔍 DDG: "Hotel Asturias Medellin" colombia hotel "@"
2026-06-17 12:43:23,395 [INFO] response: https://www.bing.com/search?q=%22Hotel+Asturias+Medellin%22+colombia+hotel+%22%40%22 200
2026-06-17 12:43:27,441 [INFO]   🔗 LinkedIn DDG: "Hotel Asturias Medellin" Medellin site:linkedin.com/company
2026-06-17 12:43:27,893 [INFO] response: https://www.bing.com/search?q=%22Hotel+Asturias+Medellin%22+Medellin+site%3Alinkedin.com%2Fcompany 200
2026-06-17 12:43:29,038 [INFO] response: https://www.bing.com/search?q=%22Hotel+Asturias+Medellin%22+Medellin+site%3Alinkedin.com%2Fcompany&first=11&FORM=PERE 200
2026-06-17 12:43:30,391 [INFO] response: https://www.bing.com/search?q=%22Hotel+Asturias+Medellin%22+Medellin+site%3Alinkedin.com%2Fcompany&first=21&FORM=PERE1 200
2026-06-17 12:43:31,368 [INFO] response: https://www.bing.com/search?q=%22Hotel+Asturias+Medellin%22+Medellin+site%3Alinkedin.com%2Fcompany&first=31&FORM=PERE2 200
2026-06-17 12:43:32,414 [INFO] response: https://www.bing.com/search?q=%22Hotel+Asturias+Medellin%22+Medellin+site%3Alinkedin.com%2Fcompany&first=41&FORM=PERE3 200
2026-06-17 12:43:34,905 [INFO]   ❌ Sin resultado: Hotel Asturias Medellin
2026-06-17 12:43:42,001 [INFO] 
[69/330] Mythical Hotel en Laureles - Medellin. (Medellin)
2026-06-17 12:43:42,002 [INFO]   🌐 Scraping web conocida: https://mythicalhotel.com/
2026-06-17 12:44:07,883 [INFO]   🔍 DDG: "Mythical Hotel en Laureles - Medellin." Medellin email contacto
2026-06-17 12:44:08,256 [INFO] response: https://www.bing.com/search?q=%22Mythical+Hotel+en+Laureles+-+Medellin.%22+Medellin+email+contacto 200
2026-06-17 12:44:11,554 [INFO]   🔍 DDG: "Mythical Hotel en Laureles - Medellin." Medellin correo reservas
2026-06-17 12:44:11,920 [INFO] response: https://www.bing.com/search?q=%22Mythical+Hotel+en+Laureles+-+Medellin.%22+Medellin+correo+reservas 200
2026-06-17 12:44:14,908 [INFO]   🔍 DDG: "Mythical Hotel en Laureles - Medellin." colombia hotel "@"
2026-06-17 12:44:15,314 [INFO] response: https://www.bing.com/search?q=%22Mythical+Hotel+en+Laureles+-+Medellin.%22+colombia+hotel+%22%40%22 200
2026-06-17 12:44:18,287 [INFO]   🔗 LinkedIn DDG: "Mythical Hotel en Laureles - Medellin." Medellin site:linkedin.com/company
2026-06-17 12:44:18,631 [INFO] response: https://www.bing.com/search?q=%22Mythical+Hotel+en+Laureles+-+Medellin.%22+Medellin+site%3Alinkedin.com%2Fcompany 200
2026-06-17 12:44:19,663 [INFO] response: https://www.bing.com/search?q=%22Mythical+Hotel+en+Laureles+-+Medellin.%22+Medellin+site%3Alinkedin.com%2Fcompany&first=11&FORM=PERE 200
2026-06-17 12:44:20,703 [INFO] response: https://www.bing.com/search?q=%22Mythical+Hotel+en+Laureles+-+Medellin.%22+Medellin+site%3Alinkedin.com%2Fcompany&first=21&FORM=PERE1 200
2026-06-17 12:44:21,778 [INFO] response: https://www.bing.com/search?q=%22Mythical+Hotel+en+Laureles+-+Medellin.%22+Medellin+site%3Alinkedin.com%2Fcompany&first=31&FORM=PERE2 200
2026-06-17 12:44:22,813 [INFO] response: https://www.bing.com/search?q=%22Mythical+Hotel+en+Laureles+-+Medellin.%22+Medellin+site%3Alinkedin.com%2Fcompany&first=41&FORM=PERE3 200
2026-06-17 12:44:24,863 [INFO]   ❌ Sin resultado: Mythical Hotel en Laureles - Medellin.
2026-06-17 12:44:31,783 [INFO] 
[70/330] Hotel Macedonia Plaza Itagui (Medellin)
2026-06-17 12:44:31,784 [INFO]   🔍 DDG: "Hotel Macedonia Plaza Itagui" Medellin email contacto
2026-06-17 12:44:32,134 [INFO] response: https://www.bing.com/search?q=%22Hotel+Macedonia+Plaza+Itagui%22+Medellin+email+contacto 200
2026-06-17 12:44:34,282 [INFO]   🔍 DDG: "Hotel Macedonia Plaza Itagui" Medellin correo reservas
2026-06-17 12:44:39,570 [INFO] response: https://www.bing.com/search?q=%22Hotel+Macedonia+Plaza+Itagui%22+Medellin+correo+reservas 200
2026-06-17 12:44:42,517 [INFO]   🔍 DDG: "Hotel Macedonia Plaza Itagui" colombia hotel "@"
2026-06-17 12:44:42,912 [INFO] response: https://www.bing.com/search?q=%22Hotel+Macedonia+Plaza+Itagui%22+colombia+hotel+%22%40%22 200
2026-06-17 12:44:45,099 [INFO]   🌐 Visitando (DDG): https://www.hodelpa.com/
2026-06-17 12:44:51,530 [INFO]   ✅ Email en web DDG: reservas@hodelpa.com
2026-06-17 12:44:51,532 [INFO]   📊 Progreso 70/330 | Emails: 11 | Webs: 0 | Sin resultado: 59
2026-06-17 12:44:56,775 [INFO] 
[71/330] Hotel Casa Santafé (Medellin)
2026-06-17 12:44:56,775 [INFO]   🌐 Scraping web conocida: https://hotelcasasantafe.com/
2026-06-17 12:45:15,965 [INFO]   🔍 DDG: "Hotel Casa Santafé" Medellin email contacto
2026-06-17 12:45:16,325 [INFO] response: https://www.bing.com/search?q=%22Hotel+Casa+Santaf%C3%A9%22+Medellin+email+contacto 200
2026-06-17 12:45:20,731 [INFO]   🔍 DDG: "Hotel Casa Santafé" Medellin correo reservas
2026-06-17 12:45:26,210 [INFO] response: https://www.bing.com/search?q=%22Hotel+Casa+Santaf%C3%A9%22+Medellin+correo+reservas 200
2026-06-17 12:45:30,545 [INFO]   🔍 DDG: "Hotel Casa Santafé" colombia hotel "@"
2026-06-17 12:45:30,954 [INFO] response: https://www.bing.com/search?q=%22Hotel+Casa+Santaf%C3%A9%22+colombia+hotel+%22%40%22 200
2026-06-17 12:45:33,125 [INFO]   🔗 LinkedIn DDG: "Hotel Casa Santafé" Medellin site:linkedin.com/company
2026-06-17 12:45:33,654 [INFO] response: https://www.bing.com/search?q=%22Hotel+Casa+Santaf%C3%A9%22+Medellin+site%3Alinkedin.com%2Fcompany 200
2026-06-17 12:45:34,807 [INFO] response: https://www.bing.com/search?q=%22Hotel+Casa+Santaf%C3%A9%22+Medellin+site%3Alinkedin.com%2Fcompany&first=11&FORM=PERE 200
2026-06-17 12:45:35,786 [INFO] response: https://www.bing.com/search?q=%22Hotel+Casa+Santaf%C3%A9%22+Medellin+site%3Alinkedin.com%2Fcompany&first=21&FORM=PERE1 200
2026-06-17 12:45:36,967 [INFO] response: https://www.bing.com/search?q=%22Hotel+Casa+Santaf%C3%A9%22+Medellin+site%3Alinkedin.com%2Fcompany&first=31&FORM=PERE2 200
2026-06-17 12:45:37,971 [INFO] response: https://www.bing.com/search?q=%22Hotel+Casa+Santaf%C3%A9%22+Medellin+site%3Alinkedin.com%2Fcompany&first=41&FORM=PERE3 200
2026-06-17 12:45:41,309 [INFO]   ❌ Sin resultado: Hotel Casa Santafé
2026-06-17 12:45:46,430 [INFO] 
[72/330] La Familia Hostel - Parque el Poblado (Medellin)
2026-06-17 12:45:46,430 [INFO]   🌐 Scraping web conocida: https://www.lafamilia-hostel.com/parque-poblado/
2026-06-17 12:45:58,827 [INFO]   🔍 DDG: "La Familia Hostel - Parque el Poblado" Medellin email contacto
2026-06-17 12:45:59,333 [INFO] response: https://www.bing.com/search?q=%22La+Familia+Hostel+-+Parque+el+Poblado%22+Medellin+email+contacto 200
2026-06-17 12:46:02,921 [INFO]   🔍 DDG: "La Familia Hostel - Parque el Poblado" Medellin correo reservas
2026-06-17 12:46:08,368 [INFO] response: https://www.bing.com/search?q=%22La+Familia+Hostel+-+Parque+el+Poblado%22+Medellin+correo+reservas 200
2026-06-17 12:46:12,086 [INFO]   🔍 DDG: "La Familia Hostel - Parque el Poblado" colombia hotel "@"
2026-06-17 12:46:12,450 [INFO] response: https://www.bing.com/search?q=%22La+Familia+Hostel+-+Parque+el+Poblado%22+colombia+hotel+%22%40%22 200
2026-06-17 12:46:15,772 [INFO]   🔗 LinkedIn DDG: "La Familia Hostel - Parque el Poblado" Medellin site:linkedin.com/company
2026-06-17 12:46:16,182 [INFO] response: https://www.bing.com/search?q=%22La+Familia+Hostel+-+Parque+el+Poblado%22+Medellin+site%3Alinkedin.com%2Fcompany 200
2026-06-17 12:46:17,304 [INFO] response: https://www.bing.com/search?q=%22La+Familia+Hostel+-+Parque+el+Poblado%22+Medellin+site%3Alinkedin.com%2Fcompany&first=11&FORM=PERE 200
2026-06-17 12:46:18,342 [INFO] response: https://www.bing.com/search?q=%22La+Familia+Hostel+-+Parque+el+Poblado%22+Medellin+site%3Alinkedin.com%2Fcompany&first=21&FORM=PERE1 200
2026-06-17 12:46:19,385 [INFO] response: https://www.bing.com/search?q=%22La+Familia+Hostel+-+Parque+el+Poblado%22+Medellin+site%3Alinkedin.com%2Fcompany&first=31&FORM=PERE2 200
2026-06-17 12:46:20,457 [INFO] response: https://www.bing.com/search?q=%22La+Familia+Hostel+-+Parque+el+Poblado%22+Medellin+site%3Alinkedin.com%2Fcompany&first=41&FORM=PERE3 200
2026-06-17 12:46:24,261 [INFO]   ❌ Sin resultado: La Familia Hostel - Parque el Poblado
2026-06-17 12:46:32,221 [INFO] 
[73/330] Medellin Marriott Hotel (Medellin)
2026-06-17 12:46:32,222 [INFO]   🌐 Scraping web conocida: https://www.marriott.com/en-us/hotels/mdemc-medellin-marriott-hotel/overview/?scid=f2ae0541-1279-4f24-b197-a979c79310b0
2026-06-17 12:46:52,096 [INFO]   🔍 DDG: "Medellin Marriott Hotel" Medellin email contacto
2026-06-17 12:46:52,454 [INFO] response: https://www.bing.com/search?q=%22Medellin+Marriott+Hotel%22+Medellin+email+contacto 200
2026-06-17 12:46:56,954 [INFO]   🔍 DDG: "Medellin Marriott Hotel" Medellin correo reservas
2026-06-17 12:46:57,327 [INFO] response: https://www.bing.com/search?q=%22Medellin+Marriott+Hotel%22+Medellin+correo+reservas 200
2026-06-17 12:47:00,735 [INFO]   🔍 DDG: "Medellin Marriott Hotel" colombia hotel "@"
2026-06-17 12:47:06,279 [INFO] response: https://www.bing.com/search?q=%22Medellin+Marriott+Hotel%22+colombia+hotel+%22%40%22 200
2026-06-17 12:47:10,229 [INFO]   🌐 Visitando (DDG): https://www.medellin.gov.co/
2026-06-17 12:47:13,860 [INFO]   ✅ Email en web DDG: tutelas.medellin@medellin.gov.co
2026-06-17 12:47:19,902 [INFO] 
[74/330] Bakú Laureles Hostel (Medellin)
2026-06-17 12:47:19,902 [INFO]   🔍 DDG: "Bakú Laureles Hostel" Medellin email contacto
2026-06-17 12:47:20,426 [INFO] response: https://www.bing.com/search?q=%22Bak%C3%BA+Laureles+Hostel%22+Medellin+email+contacto 200
2026-06-17 12:47:21,445 [INFO] response: https://www.bing.com/search?q=%22Bak%C3%BA+Laureles+Hostel%22+Medellin+email+contacto&first=11&FORM=PERE 200
2026-06-17 12:47:25,214 [INFO]   🔍 DDG: "Bakú Laureles Hostel" Medellin correo reservas
2026-06-17 12:47:25,626 [INFO] response: https://www.bing.com/search?q=%22Bak%C3%BA+Laureles+Hostel%22+Medellin+correo+reservas 200
2026-06-17 12:47:29,794 [INFO]   🔍 DDG: "Bakú Laureles Hostel" colombia hotel "@"
2026-06-17 12:47:35,185 [INFO] response: https://www.bing.com/search?q=%22Bak%C3%BA+Laureles+Hostel%22+colombia+hotel+%22%40%22 200
2026-06-17 12:47:36,242 [INFO] response: https://www.bing.com/search?q=%22Bak%C3%BA+Laureles+Hostel%22+colombia+hotel+%22%40%22&first=11&FORM=PERE 200
2026-06-17 12:47:39,652 [INFO]   🌐 Visitando (DDG): https://sakarisushilounge.com/
2026-06-17 12:47:40,383 [INFO]   ✅ Email en web DDG: sakarisushilounge@gmail.com
2026-06-17 12:47:45,436 [INFO] 
[75/330] Europa Suites Medellin (Medellin)
2026-06-17 12:47:45,437 [INFO]   🌐 Scraping web conocida: https://www.jetsetrentals.com/vacation-rentals/medellin/europa-suites-lleras-park/
2026-06-17 12:47:51,025 [INFO]   🔍 DDG: "Europa Suites Medellin" Medellin email contacto
2026-06-17 12:47:51,365 [INFO] response: https://www.bing.com/search?q=%22Europa+Suites+Medellin%22+Medellin+email+contacto 200
2026-06-17 12:47:55,233 [INFO]   🔍 DDG: "Europa Suites Medellin" Medellin correo reservas
2026-06-17 12:48:00,613 [INFO] response: https://www.bing.com/search?q=%22Europa+Suites+Medellin%22+Medellin+correo+reservas 200
2026-06-17 12:48:04,889 [INFO]   🔍 DDG: "Europa Suites Medellin" colombia hotel "@"
2026-06-17 12:48:05,376 [INFO] response: https://www.bing.com/search?q=%22Europa+Suites+Medellin%22+colombia+hotel+%22%40%22 200
2026-06-17 12:48:08,460 [INFO]   🔗 LinkedIn DDG: "Europa Suites Medellin" Medellin site:linkedin.com/company
2026-06-17 12:48:08,913 [INFO] response: https://www.bing.com/search?q=%22Europa+Suites+Medellin%22+Medellin+site%3Alinkedin.com%2Fcompany 200
2026-06-17 12:48:09,967 [INFO] response: https://www.bing.com/search?q=%22Europa+Suites+Medellin%22+Medellin+site%3Alinkedin.com%2Fcompany&first=11&FORM=PERE 200
2026-06-17 12:48:11,204 [INFO] response: https://www.bing.com/search?q=%22Europa+Suites+Medellin%22+Medellin+site%3Alinkedin.com%2Fcompany&first=21&FORM=PERE1 200
2026-06-17 12:48:12,336 [INFO] response: https://www.bing.com/search?q=%22Europa+Suites+Medellin%22+Medellin+site%3Alinkedin.com%2Fcompany&first=31&FORM=PERE2 200
2026-06-17 12:48:13,309 [INFO] response: https://www.bing.com/search?q=%22Europa+Suites+Medellin%22+Medellin+site%3Alinkedin.com%2Fcompany&first=41&FORM=PERE3 200
2026-06-17 12:48:15,897 [INFO]   ❌ Sin resultado: Europa Suites Medellin
2026-06-17 12:48:22,410 [INFO] 
[76/330] Vita Hotel Boutique (Medellin)
2026-06-17 12:48:22,411 [INFO]   🔍 DDG: "Vita Hotel Boutique" Medellin email contacto
2026-06-17 12:48:28,015 [INFO] response: https://www.bing.com/search?q=%22Vita+Hotel+Boutique%22+Medellin+email+contacto 200
2026-06-17 12:48:30,582 [INFO]   🔍 DDG: "Vita Hotel Boutique" Medellin correo reservas
2026-06-17 12:48:31,107 [INFO] response: https://www.bing.com/search?q=%22Vita+Hotel+Boutique%22+Medellin+correo+reservas 200
2026-06-17 12:48:33,503 [INFO]   🔍 DDG: "Vita Hotel Boutique" colombia hotel "@"
2026-06-17 12:48:33,952 [INFO] response: https://www.bing.com/search?q=%22Vita+Hotel+Boutique%22+colombia+hotel+%22%40%22 200
2026-06-17 12:48:37,773 [INFO]   🔗 LinkedIn DDG: "Vita Hotel Boutique" Medellin site:linkedin.com/company
2026-06-17 12:48:38,235 [INFO] response: https://www.bing.com/search?q=%22Vita+Hotel+Boutique%22+Medellin+site%3Alinkedin.com%2Fcompany 200
2026-06-17 12:48:39,535 [INFO] response: https://www.bing.com/search?q=%22Vita+Hotel+Boutique%22+Medellin+site%3Alinkedin.com%2Fcompany&first=11&FORM=PERE 200
2026-06-17 12:48:40,651 [INFO] response: https://www.bing.com/search?q=%22Vita+Hotel+Boutique%22+Medellin+site%3Alinkedin.com%2Fcompany&first=21&FORM=PERE1 200
2026-06-17 12:48:41,706 [INFO] response: https://www.bing.com/search?q=%22Vita+Hotel+Boutique%22+Medellin+site%3Alinkedin.com%2Fcompany&first=31&FORM=PERE2 200
2026-06-17 12:48:42,827 [INFO] response: https://www.bing.com/search?q=%22Vita+Hotel+Boutique%22+Medellin+site%3Alinkedin.com%2Fcompany&first=41&FORM=PERE3 200
2026-06-17 12:48:47,289 [INFO]   ❌ Sin resultado: Vita Hotel Boutique
2026-06-17 12:48:52,845 [INFO] 
[77/330] Apparments Hotel Medellin (Medellin)
2026-06-17 12:48:52,846 [INFO]   🌐 Scraping web conocida: https://appartments.com.co/
2026-06-17 12:48:58,791 [INFO]   🔍 DDG: "Apparments Hotel Medellin" Medellin email contacto
2026-06-17 12:49:04,236 [INFO] response: https://www.bing.com/search?q=%22Apparments+Hotel+Medellin%22+Medellin+email+contacto 200
2026-06-17 12:49:08,069 [INFO]   🔍 DDG: "Apparments Hotel Medellin" Medellin correo reservas
2026-06-17 12:49:08,547 [INFO] response: https://www.bing.com/search?q=%22Apparments+Hotel+Medellin%22+Medellin+correo+reservas 200
2026-06-17 12:49:11,813 [INFO]   🔍 DDG: "Apparments Hotel Medellin" colombia hotel "@"
2026-06-17 12:49:12,356 [INFO] response: https://www.bing.com/search?q=%22Apparments+Hotel+Medellin%22+colombia+hotel+%22%40%22 200
2026-06-17 12:49:14,878 [INFO]   🔗 LinkedIn DDG: "Apparments Hotel Medellin" Medellin site:linkedin.com/company
2026-06-17 12:49:15,289 [INFO] response: https://www.bing.com/search?q=%22Apparments+Hotel+Medellin%22+Medellin+site%3Alinkedin.com%2Fcompany 200
2026-06-17 12:49:16,398 [INFO] response: https://www.bing.com/search?q=%22Apparments+Hotel+Medellin%22+Medellin+site%3Alinkedin.com%2Fcompany&first=11&FORM=PERE 200
2026-06-17 12:49:17,385 [INFO] response: https://www.bing.com/search?q=%22Apparments+Hotel+Medellin%22+Medellin+site%3Alinkedin.com%2Fcompany&first=21&FORM=PERE1 200
2026-06-17 12:49:18,358 [INFO] response: https://www.bing.com/search?q=%22Apparments+Hotel+Medellin%22+Medellin+site%3Alinkedin.com%2Fcompany&first=31&FORM=PERE2 200
2026-06-17 12:49:19,375 [INFO] response: https://www.bing.com/search?q=%22Apparments+Hotel+Medellin%22+Medellin+site%3Alinkedin.com%2Fcompany&first=41&FORM=PERE3 200
2026-06-17 12:49:22,254 [INFO]   ❌ Sin resultado: Apparments Hotel Medellin
2026-06-17 12:49:26,992 [INFO] 
[78/330] Los Patios Hostel Boutique - The Best Hostel Medellin (Medellin)
2026-06-17 12:49:26,993 [INFO]   🌐 Scraping web conocida: http://www.lospatioshb.com/
2026-06-17 12:49:31,216 [INFO]   ✅ Email en web conocida: info@lospatioshb.com
2026-06-17 12:49:35,547 [INFO] 
[79/330] Hotel Ayenda Habana Vieja 1221 (Medellin)
2026-06-17 12:49:35,548 [INFO]   🔍 DDG: "Hotel Ayenda Habana Vieja 1221" Medellin email contacto
2026-06-17 12:49:35,987 [INFO] response: https://www.bing.com/search?q=%22Hotel+Ayenda+Habana+Vieja+1221%22+Medellin+email+contacto 200
2026-06-17 12:49:38,265 [INFO]   🔍 DDG: "Hotel Ayenda Habana Vieja 1221" Medellin correo reservas
2026-06-17 12:49:38,700 [INFO] response: https://www.bing.com/search?q=%22Hotel+Ayenda+Habana+Vieja+1221%22+Medellin+correo+reservas 200
2026-06-17 12:49:42,437 [INFO]   🔍 DDG: "Hotel Ayenda Habana Vieja 1221" colombia hotel "@"
2026-06-17 12:49:42,804 [INFO] response: https://www.bing.com/search?q=%22Hotel+Ayenda+Habana+Vieja+1221%22+colombia+hotel+%22%40%22 200
2026-06-17 12:49:45,609 [INFO]   🌐 Visitando (DDG): https://www.hodelpa.com/
2026-06-17 12:49:54,793 [INFO]   ✅ Email en web DDG: reservas@hodelpa.com
2026-06-17 12:50:01,700 [INFO] 
[80/330] Hotel Mediterráneo (CERRADO EDIFICIO TEMPORALMENTE) (Medellin)
2026-06-17 12:50:01,701 [INFO]   🌐 Scraping web conocida: http://www.hotelmediterraneo.com.co/
2026-06-17 12:50:31,707 [INFO]   🔍 DDG: "Hotel Mediterráneo (CERRADO EDIFICIO TEMPORALMENTE)" Medellin email contacto
2026-06-17 12:50:32,051 [INFO] response: https://www.bing.com/search?q=%22Hotel+Mediterr%C3%A1neo+%28CERRADO+EDIFICIO+TEMPORALMENTE%29%22+Medellin+email+contacto 200
2026-06-17 12:50:35,621 [INFO]   🔍 DDG: "Hotel Mediterráneo (CERRADO EDIFICIO TEMPORALMENTE)" Medellin correo reservas
2026-06-17 12:50:36,135 [INFO] response: https://www.bing.com/search?q=%22Hotel+Mediterr%C3%A1neo+%28CERRADO+EDIFICIO+TEMPORALMENTE%29%22+Medellin+correo+reservas 200
2026-06-17 12:50:39,718 [INFO]   🔍 DDG: "Hotel Mediterráneo (CERRADO EDIFICIO TEMPORALMENTE)" colombia hotel "@"
2026-06-17 12:50:40,135 [INFO] response: https://www.bing.com/search?q=%22Hotel+Mediterr%C3%A1neo+%28CERRADO+EDIFICIO+TEMPORALMENTE%29%22+colombia+hotel+%22%40%22 200
2026-06-17 12:50:42,549 [INFO]   🌐 Visitando (DDG): https://www.hodelpa.com/
2026-06-17 12:50:44,725 [INFO]   ✅ Email en web DDG: reservas@hodelpa.com
2026-06-17 12:50:44,727 [INFO]   📊 Progreso 80/330 | Emails: 16 | Webs: 0 | Sin resultado: 64
2026-06-17 12:50:50,401 [INFO] 
[81/330] Hotel Helene (Medellin)
2026-06-17 12:50:50,401 [INFO]   🌐 Scraping web conocida: https://hotelhelene.co/
2026-06-17 12:51:12,176 [INFO]   🔍 DDG: "Hotel Helene" Medellin email contacto
2026-06-17 12:51:12,720 [INFO] response: https://www.bing.com/search?q=%22Hotel+Helene%22+Medellin+email+contacto 200
2026-06-17 12:51:16,226 [INFO]   🔍 DDG: "Hotel Helene" Medellin correo reservas
2026-06-17 12:51:21,726 [INFO] response: https://www.bing.com/search?q=%22Hotel+Helene%22+Medellin+correo+reservas 200
2026-06-17 12:51:26,024 [INFO]   🔍 DDG: "Hotel Helene" colombia hotel "@"
2026-06-17 12:51:26,511 [INFO] response: https://www.bing.com/search?q=%22Hotel+Helene%22+colombia+hotel+%22%40%22 200
2026-06-17 12:51:28,916 [INFO]   🌐 Visitando (DDG): https://www.hodelpa.com/
2026-06-17 12:51:31,257 [INFO]   ✅ Email en web DDG: reservas@hodelpa.com
2026-06-17 12:51:38,582 [INFO] 
[82/330] Hotel Deinelis Inn Sas (Bosconia)
2026-06-17 12:51:38,583 [INFO]   🌐 Scraping web conocida: https://www.boghotel.com/
2026-06-17 12:52:00,552 [INFO]   🔍 DDG: "Hotel Deinelis Inn" Bosconia email contacto
2026-06-17 12:52:00,915 [INFO] response: https://www.bing.com/search?q=%22Hotel+Deinelis+Inn%22+Bosconia+email+contacto 200
2026-06-17 12:52:04,299 [INFO]   🔍 DDG: "Hotel Deinelis Inn" Bosconia correo reservas
2026-06-17 12:52:04,657 [INFO] response: https://www.bing.com/search?q=%22Hotel+Deinelis+Inn%22+Bosconia+correo+reservas 200
2026-06-17 12:52:08,874 [INFO]   🔍 DDG: "Hotel Deinelis Inn" colombia hotel "@"
2026-06-17 12:52:14,323 [INFO] response: https://www.bing.com/search?q=%22Hotel+Deinelis+Inn%22+colombia+hotel+%22%40%22 200
2026-06-17 12:52:16,466 [INFO]   🔗 LinkedIn DDG: "Hotel Deinelis Inn" Bosconia site:linkedin.com/company
2026-06-17 12:52:16,797 [INFO] response: https://www.bing.com/search?q=%22Hotel+Deinelis+Inn%22+Bosconia+site%3Alinkedin.com%2Fcompany 200
2026-06-17 12:52:17,803 [INFO] response: https://www.bing.com/search?q=%22Hotel+Deinelis+Inn%22+Bosconia+site%3Alinkedin.com%2Fcompany&first=11&FORM=PERE 200
2026-06-17 12:52:18,801 [INFO] response: https://www.bing.com/search?q=%22Hotel+Deinelis+Inn%22+Bosconia+site%3Alinkedin.com%2Fcompany&first=21&FORM=PERE1 200
2026-06-17 12:52:19,810 [INFO] response: https://www.bing.com/search?q=%22Hotel+Deinelis+Inn%22+Bosconia+site%3Alinkedin.com%2Fcompany&first=31&FORM=PERE2 200
2026-06-17 12:52:20,927 [INFO] response: https://www.bing.com/search?q=%22Hotel+Deinelis+Inn%22+Bosconia+site%3Alinkedin.com%2Fcompany&first=41&FORM=PERE3 200
2026-06-17 12:52:23,959 [INFO]   ❌ Sin resultado: Hotel Deinelis Inn Sas
2026-06-17 12:52:30,193 [INFO] 
[83/330] Hotel Mesa De Los Santos S A S (Piedecuesta)
2026-06-17 12:52:30,193 [INFO]   🌐 Scraping web conocida: https://www.boghotel.com/
2026-06-17 12:52:40,675 [INFO]   🔍 DDG: "Hotel Mesa De Los Santos" Piedecuesta email contacto
2026-06-17 12:52:41,208 [INFO] response: https://www.bing.com/search?q=%22Hotel+Mesa+De+Los+Santos%22+Piedecuesta+email+contacto 200
2026-06-17 12:52:45,169 [INFO]   🔍 DDG: "Hotel Mesa De Los Santos" Piedecuesta correo reservas
2026-06-17 12:52:45,571 [INFO] response: https://www.bing.com/search?q=%22Hotel+Mesa+De+Los+Santos%22+Piedecuesta+correo+reservas 200
2026-06-17 12:52:48,685 [INFO]   🔍 DDG: "Hotel Mesa De Los Santos" colombia hotel "@"
2026-06-17 12:52:49,175 [INFO] response: https://www.bing.com/search?q=%22Hotel+Mesa+De+Los+Santos%22+colombia+hotel+%22%40%22 200
2026-06-17 12:52:52,385 [INFO]   🔗 LinkedIn DDG: "Hotel Mesa De Los Santos" Piedecuesta site:linkedin.com/company
2026-06-17 12:52:52,813 [INFO] response: https://www.bing.com/search?q=%22Hotel+Mesa+De+Los+Santos%22+Piedecuesta+site%3Alinkedin.com%2Fcompany 200
2026-06-17 12:52:53,888 [INFO] response: https://www.bing.com/search?q=%22Hotel+Mesa+De+Los+Santos%22+Piedecuesta+site%3Alinkedin.com%2Fcompany&first=11&FORM=PERE 200
2026-06-17 12:52:54,904 [INFO] response: https://www.bing.com/search?q=%22Hotel+Mesa+De+Los+Santos%22+Piedecuesta+site%3Alinkedin.com%2Fcompany&first=21&FORM=PERE1 200
2026-06-17 12:52:56,055 [INFO] response: https://www.bing.com/search?q=%22Hotel+Mesa+De+Los+Santos%22+Piedecuesta+site%3Alinkedin.com%2Fcompany&first=31&FORM=PERE2 200
2026-06-17 12:52:57,055 [INFO] response: https://www.bing.com/search?q=%22Hotel+Mesa+De+Los+Santos%22+Piedecuesta+site%3Alinkedin.com%2Fcompany&first=41&FORM=PERE3 200
2026-06-17 12:53:00,390 [INFO]   ❌ Sin resultado: Hotel Mesa De Los Santos S A S
2026-06-17 12:53:05,202 [INFO] 
[84/330] Sociedad Hotelera Tequendama S A (Bogota)
2026-06-17 12:53:05,203 [INFO]   🌐 Scraping web conocida: https://concepto.de/sociedad/
2026-06-17 12:53:20,503 [INFO]   🔍 DDG: "Sociedad Hotelera Tequendama" Bogota email contacto
2026-06-17 12:53:20,929 [INFO] response: https://www.bing.com/search?q=%22Sociedad+Hotelera+Tequendama%22+Bogota+email+contacto 200
2026-06-17 12:53:23,587 [INFO]   🔍 DDG: "Sociedad Hotelera Tequendama" Bogota correo reservas
2026-06-17 12:53:28,980 [INFO] response: https://www.bing.com/search?q=%22Sociedad+Hotelera+Tequendama%22+Bogota+correo+reservas 200
2026-06-17 12:53:31,711 [INFO]   🔍 DDG: "Sociedad Hotelera Tequendama" colombia hotel "@"
2026-06-17 12:53:37,681 [INFO] response: https://www.bing.com/search?q=%22Sociedad+Hotelera+Tequendama%22+colombia+hotel+%22%40%22 200
2026-06-17 12:53:41,078 [INFO]   🔗 LinkedIn DDG: "Sociedad Hotelera Tequendama" Bogota site:linkedin.com/company
2026-06-17 12:53:41,709 [INFO] response: https://www.bing.com/search?q=%22Sociedad+Hotelera+Tequendama%22+Bogota+site%3Alinkedin.com%2Fcompany 200
2026-06-17 12:53:42,778 [INFO] response: https://www.bing.com/search?q=%22Sociedad+Hotelera+Tequendama%22+Bogota+site%3Alinkedin.com%2Fcompany&first=11&FORM=PERE 200
2026-06-17 12:53:43,998 [INFO] response: https://www.bing.com/search?q=%22Sociedad+Hotelera+Tequendama%22+Bogota+site%3Alinkedin.com%2Fcompany&first=21&FORM=PERE1 200
2026-06-17 12:53:45,076 [INFO] response: https://www.bing.com/search?q=%22Sociedad+Hotelera+Tequendama%22+Bogota+site%3Alinkedin.com%2Fcompany&first=31&FORM=PERE2 200
2026-06-17 12:53:46,125 [INFO] response: https://www.bing.com/search?q=%22Sociedad+Hotelera+Tequendama%22+Bogota+site%3Alinkedin.com%2Fcompany&first=41&FORM=PERE3 200
2026-06-17 12:53:49,078 [INFO]   ❌ Sin resultado: Sociedad Hotelera Tequendama S A
2026-06-17 12:53:56,366 [INFO] 
[85/330] Grupo Hotelero Mar Y Sol S A S (Cartagena)
2026-06-17 12:53:56,367 [INFO]   🔍 DDG: "Grupo Hotelero Mar Y Sol" Cartagena email contacto
2026-06-17 12:54:02,103 [INFO] response: https://www.bing.com/search?q=%22Grupo+Hotelero+Mar+Y+Sol%22+Cartagena+email+contacto 200
2026-06-17 12:54:04,533 [INFO]   🔍 DDG: "Grupo Hotelero Mar Y Sol" Cartagena correo reservas
2026-06-17 12:54:04,939 [INFO] response: https://www.bing.com/search?q=%22Grupo+Hotelero+Mar+Y+Sol%22+Cartagena+correo+reservas 200
2026-06-17 12:54:07,653 [INFO]   🔍 DDG: "Grupo Hotelero Mar Y Sol" colombia hotel "@"
2026-06-17 12:54:13,212 [INFO] response: https://www.bing.com/search?q=%22Grupo+Hotelero+Mar+Y+Sol%22+colombia+hotel+%22%40%22 200
2026-06-17 12:54:16,533 [INFO]   🌐 Visitando (DDG): https://concepto.de/grupo/
2026-06-17 12:54:26,084 [INFO]   🌐 Visitando (DDG): https://www.grupobancolombia.com/es
2026-06-17 12:54:56,211 [INFO]   🌐 Visitando (DDG): https://enciclopediauniversal.com/grupo/
2026-06-17 12:55:15,055 [INFO]   🔗 LinkedIn DDG: "Grupo Hotelero Mar Y Sol" Cartagena site:linkedin.com/company
2026-06-17 12:55:15,507 [INFO] response: https://www.bing.com/search?q=%22Grupo+Hotelero+Mar+Y+Sol%22+Cartagena+site%3Alinkedin.com%2Fcompany 200
2026-06-17 12:55:16,605 [INFO] response: https://www.bing.com/search?q=%22Grupo+Hotelero+Mar+Y+Sol%22+Cartagena+site%3Alinkedin.com%2Fcompany&first=11&FORM=PERE 200
2026-06-17 12:55:17,653 [INFO] response: https://www.bing.com/search?q=%22Grupo+Hotelero+Mar+Y+Sol%22+Cartagena+site%3Alinkedin.com%2Fcompany&first=21&FORM=PERE1 200
2026-06-17 12:55:18,817 [INFO] response: https://www.bing.com/search?q=%22Grupo+Hotelero+Mar+Y+Sol%22+Cartagena+site%3Alinkedin.com%2Fcompany&first=31&FORM=PERE2 200
2026-06-17 12:55:19,820 [INFO] response: https://www.bing.com/search?q=%22Grupo+Hotelero+Mar+Y+Sol%22+Cartagena+site%3Alinkedin.com%2Fcompany&first=41&FORM=PERE3 200
2026-06-17 12:55:23,760 [INFO]   ❌ Sin resultado: Grupo Hotelero Mar Y Sol S A S
2026-06-17 12:55:28,469 [INFO] 
[86/330] Compania Hotelera Cartagena Plaza S A S (Cartagena)
2026-06-17 12:55:28,469 [INFO]   🔍 DDG: "Compania Hotelera Cartagena Plaza" Cartagena email contacto
2026-06-17 12:55:28,840 [INFO] response: https://www.bing.com/search?q=%22Compania+Hotelera+Cartagena+Plaza%22+Cartagena+email+contacto 200
2026-06-17 12:55:33,397 [INFO]   🔍 DDG: "Compania Hotelera Cartagena Plaza" Cartagena correo reservas
2026-06-17 12:55:33,787 [INFO] response: https://www.bing.com/search?q=%22Compania+Hotelera+Cartagena+Plaza%22+Cartagena+correo+reservas 200
2026-06-17 12:55:37,408 [INFO]   🔍 DDG: "Compania Hotelera Cartagena Plaza" colombia hotel "@"
2026-06-17 12:55:37,766 [INFO] response: https://www.bing.com/search?q=%22Compania+Hotelera+Cartagena+Plaza%22+colombia+hotel+%22%40%22 200
2026-06-17 12:55:41,803 [INFO]   🌐 Visitando (DDG): https://www.websitebuilderexpert.com/ecommerce-website-builders/free-ecommerce-platforms/
2026-06-17 12:55:50,542 [INFO]   ✅ Email en web DDG: info@websitebuilderexpert.com
2026-06-17 12:55:55,705 [INFO] 
[87/330] Industrial Hotelera Y Alimentos Sas Dialimentos Sas (Bogota)
2026-06-17 12:55:55,705 [INFO]   🌐 Scraping web conocida: https://www.corporacionbi.com/gt/bancoindustrial/
2026-06-17 12:56:06,521 [INFO]   🔍 DDG: "Industrial Hotelera Y Alimentos" Bogota email contacto
2026-06-17 12:56:06,881 [INFO] response: https://www.bing.com/search?q=%22Industrial+Hotelera+Y+Alimentos%22+Bogota+email+contacto 200
2026-06-17 12:56:09,663 [INFO]   🔍 DDG: "Industrial Hotelera Y Alimentos" Bogota correo reservas
2026-06-17 12:56:10,139 [INFO] response: https://www.bing.com/search?q=%22Industrial+Hotelera+Y+Alimentos%22+Bogota+correo+reservas 200
2026-06-17 12:56:13,063 [INFO]   🔍 DDG: "Industrial Hotelera Y Alimentos" colombia hotel "@"
2026-06-17 12:56:13,476 [INFO] response: https://www.bing.com/search?q=%22Industrial+Hotelera+Y+Alimentos%22+colombia+hotel+%22%40%22 200
2026-06-17 12:56:17,982 [INFO]   🌐 Visitando (DDG): https://www.corporacionbi.com/gt/bancoindustrial/
2026-06-17 12:56:28,197 [INFO]   🌐 Visitando (DDG): https://definicion.de/industrial/
2026-06-17 12:56:39,392 [INFO]   🌐 Visitando (DDG): https://nuevaescuelamexicana.org/industrial/
2026-06-17 12:56:58,179 [INFO]   🔗 LinkedIn DDG: "Industrial Hotelera Y Alimentos" Bogota site:linkedin.com/company
2026-06-17 12:56:58,609 [INFO] response: https://www.bing.com/search?q=%22Industrial+Hotelera+Y+Alimentos%22+Bogota+site%3Alinkedin.com%2Fcompany 200
2026-06-17 12:56:59,603 [INFO] response: https://www.bing.com/search?q=%22Industrial+Hotelera+Y+Alimentos%22+Bogota+site%3Alinkedin.com%2Fcompany&first=11&FORM=PERE 200
2026-06-17 12:57:00,638 [INFO] response: https://www.bing.com/search?q=%22Industrial+Hotelera+Y+Alimentos%22+Bogota+site%3Alinkedin.com%2Fcompany&first=21&FORM=PERE1 200
2026-06-17 12:57:01,677 [INFO] response: https://www.bing.com/search?q=%22Industrial+Hotelera+Y+Alimentos%22+Bogota+site%3Alinkedin.com%2Fcompany&first=31&FORM=PERE2 200
2026-06-17 12:57:02,807 [INFO] response: https://www.bing.com/search?q=%22Industrial+Hotelera+Y+Alimentos%22+Bogota+site%3Alinkedin.com%2Fcompany&first=41&FORM=PERE3 200
2026-06-17 12:57:06,338 [INFO]   ❌ Sin resultado: Industrial Hotelera Y Alimentos Sas Dialimentos Sas
2026-06-17 12:57:12,073 [INFO] 
[88/330] Operador Hotelero Pactia Corferias S A S (Bogota)
2026-06-17 12:57:12,073 [INFO]   🔍 DDG: "Operador Hotelero Pactia Corferias" Bogota email contacto
2026-06-17 12:57:12,546 [INFO] response: https://www.bing.com/search?q=%22Operador+Hotelero+Pactia+Corferias%22+Bogota+email+contacto 200
2026-06-17 12:57:15,812 [INFO]   🔍 DDG: "Operador Hotelero Pactia Corferias" Bogota correo reservas
2026-06-17 12:57:16,215 [INFO] response: https://www.bing.com/search?q=%22Operador+Hotelero+Pactia+Corferias%22+Bogota+correo+reservas 200
2026-06-17 12:57:20,209 [INFO]   🔍 DDG: "Operador Hotelero Pactia Corferias" colombia hotel "@"
2026-06-17 12:57:20,708 [INFO] response: https://www.bing.com/search?q=%22Operador+Hotelero+Pactia+Corferias%22+colombia+hotel+%22%40%22 200
2026-06-17 12:57:25,113 [INFO]   🌐 Visitando (DDG): https://numeracionyoperadores.cnmc.es/portabilidad/movil
2026-06-17 12:57:37,900 [INFO]   🌐 Visitando (DDG): https://operador.cartagena.gov.co/
2026-06-17 12:57:47,745 [INFO]   🌐 Visitando (DDG): https://amvcolombia.org.co/en-que-se-puede-certificar/operador/
2026-06-17 12:57:54,572 [INFO]   ✅ Email en web DDG: certificacionamv@amvcolombia.org.co
2026-06-17 12:57:59,461 [INFO] 
[89/330] Pavillion Hotels Group S A S (Cartagena)
2026-06-17 12:57:59,461 [INFO]   🌐 Scraping web conocida: https://forums.commentcamarche.net/forum/affich-8406097-revenir-a-l-ancien-facebook
2026-06-17 12:58:13,213 [INFO]   🔍 DDG: "Pavillion Hotels Group" Cartagena email contacto
2026-06-17 12:58:18,623 [INFO] response: https://www.bing.com/search?q=%22Pavillion+Hotels+Group%22+Cartagena+email+contacto 200
2026-06-17 12:58:19,632 [INFO] response: https://www.bing.com/search?q=%22Pavillion+Hotels+Group%22+Cartagena+email+contacto&first=11&FORM=PERE 200
2026-06-17 12:58:23,800 [INFO]   🔍 DDG: "Pavillion Hotels Group" Cartagena correo reservas
2026-06-17 12:58:29,183 [INFO] response: https://www.bing.com/search?q=%22Pavillion+Hotels+Group%22+Cartagena+correo+reservas 200
2026-06-17 12:58:31,926 [INFO]   🔍 DDG: "Pavillion Hotels Group" colombia hotel "@"
2026-06-17 12:58:32,412 [INFO] response: https://www.bing.com/search?q=%22Pavillion+Hotels+Group%22+colombia+hotel+%22%40%22 200
2026-06-17 12:58:35,297 [INFO]   🌐 Visitando (DDG): https://kickoffsoccershop.com/products/5pcs-soccer-agility-poles
2026-06-17 12:58:44,220 [INFO]   🌐 Visitando (DDG): https://www.centurysoccerstores.com/products/agility-poles
2026-06-17 12:58:45,573 [INFO]   ✅ Email en web DDG: centurysport@gmail.com
2026-06-17 12:58:51,162 [INFO] 
[90/330] Promotora Hotel San Fernando Plaza S A S (Medellin)
2026-06-17 12:58:51,163 [INFO]   🔍 DDG: "Promotora Hotel San Fernando Plaza" Medellin email contacto
2026-06-17 12:58:51,481 [INFO] response: https://www.bing.com/search?q=%22Promotora+Hotel+San+Fernando+Plaza%22+Medellin+email+contacto 200
2026-06-17 12:58:53,964 [INFO]   🔍 DDG: "Promotora Hotel San Fernando Plaza" Medellin correo reservas
2026-06-17 12:58:54,316 [INFO] response: https://www.bing.com/search?q=%22Promotora+Hotel+San+Fernando+Plaza%22+Medellin+correo+reservas 200
2026-06-17 12:58:57,285 [INFO]   🔍 DDG: "Promotora Hotel San Fernando Plaza" colombia hotel "@"
2026-06-17 12:59:02,968 [INFO] response: https://www.bing.com/search?q=%22Promotora+Hotel+San+Fernando+Plaza%22+colombia+hotel+%22%40%22 200
2026-06-17 12:59:05,733 [INFO]   🌐 Visitando (DDG): https://pe.linkedin.com/jobs/promotora-en-lima-empleos
2026-06-17 12:59:18,785 [INFO]   🌐 Visitando (DDG): https://www.opcion.com.pe/
2026-06-17 12:59:24,788 [INFO]   ✅ Email en web DDG: opcion@opcion.com.pe
2026-06-17 12:59:24,790 [INFO]   📊 Progreso 90/330 | Emails: 21 | Webs: 0 | Sin resultado: 69
2026-06-17 12:59:29,103 [INFO] 
[91/330] Hotel Metrotel S A S (Bogota)
2026-06-17 12:59:29,103 [INFO]   🌐 Scraping web conocida: https://www.boghotel.com/
2026-06-17 12:59:44,065 [INFO]   🔍 DDG: "Hotel Metrotel" Bogota email contacto
2026-06-17 12:59:44,377 [INFO] response: https://www.bing.com/search?q=%22Hotel+Metrotel%22+Bogota+email+contacto 200
2026-06-17 12:59:45,423 [INFO] response: https://www.bing.com/search?q=%22Hotel+Metrotel%22+Bogota+email+contacto&first=11&FORM=PERE 200
2026-06-17 12:59:46,434 [INFO] response: https://www.bing.com/search?q=%22Hotel+Metrotel%22+Bogota+email+contacto&first=21&FORM=PERE1 200
2026-06-17 12:59:47,408 [INFO] response: https://www.bing.com/search?q=%22Hotel+Metrotel%22+Bogota+email+contacto&first=31&FORM=PERE2 200
2026-06-17 12:59:48,469 [INFO] response: https://www.bing.com/search?q=%22Hotel+Metrotel%22+Bogota+email+contacto&first=41&FORM=PERE3 200
2026-06-17 12:59:50,855 [INFO]   🔍 DDG: "Hotel Metrotel" Bogota correo reservas
2026-06-17 12:59:51,216 [INFO] response: https://www.bing.com/search?q=%22Hotel+Metrotel%22+Bogota+correo+reservas 200
2026-06-17 12:59:55,491 [INFO]   🔍 DDG: "Hotel Metrotel" colombia hotel "@"
2026-06-17 12:59:55,824 [INFO] response: https://www.bing.com/search?q=%22Hotel+Metrotel%22+colombia+hotel+%22%40%22 200
2026-06-17 12:59:57,077 [INFO] response: https://www.bing.com/search?q=%22Hotel+Metrotel%22+colombia+hotel+%22%40%22&first=11&FORM=PERE 200
2026-06-17 12:59:58,157 [INFO] response: https://www.bing.com/search?q=%22Hotel+Metrotel%22+colombia+hotel+%22%40%22&first=21&FORM=PERE1 200
2026-06-17 12:59:59,179 [INFO] response: https://www.bing.com/search?q=%22Hotel+Metrotel%22+colombia+hotel+%22%40%22&first=31&FORM=PERE2 200
2026-06-17 13:00:00,206 [INFO] response: https://www.bing.com/search?q=%22Hotel+Metrotel%22+colombia+hotel+%22%40%22&first=41&FORM=PERE3 200
2026-06-17 13:00:02,865 [INFO]   🌐 Visitando (DDG): https://www.hodelpa.com/
2026-06-17 13:00:06,045 [INFO]   ✅ Email en web DDG: reservas@hodelpa.com
2026-06-17 13:00:10,545 [INFO] 
[92/330] Cartagena Dubai Beach Resort & Spa S A S (Cartagena)
2026-06-17 13:00:10,546 [INFO]   🌐 Scraping web conocida: https://www.cartagena.gov.co/
2026-06-17 13:00:25,009 [INFO]   🔍 DDG: "Cartagena Dubai Beach Resort & Spa" Cartagena email contacto
2026-06-17 13:00:30,434 [INFO] response: https://www.bing.com/search?q=%22Cartagena+Dubai+Beach+Resort+%26+Spa%22+Cartagena+email+contacto 200
2026-06-17 13:00:33,661 [INFO]   🔍 DDG: "Cartagena Dubai Beach Resort & Spa" Cartagena correo reservas
2026-06-17 13:00:39,615 [INFO] response: https://www.bing.com/search?q=%22Cartagena+Dubai+Beach+Resort+%26+Spa%22+Cartagena+correo+reservas 200
2026-06-17 13:00:44,815 [INFO]   🔍 DDG: "Cartagena Dubai Beach Resort & Spa" colombia hotel "@"
2026-06-17 13:00:50,147 [INFO] response: https://www.bing.com/search?q=%22Cartagena+Dubai+Beach+Resort+%26+Spa%22+colombia+hotel+%22%40%22 200
2026-06-17 13:00:54,079 [INFO]   🌐 Visitando (DDG): https://www.cartagena.gov.co/
2026-06-17 13:01:08,297 [INFO]   🌐 Visitando (DDG): https://www.visitcartagena.com.co/
2026-06-17 13:01:23,645 [INFO]   🌐 Visitando (DDG): https://www.lonelyplanet.com/articles/top-things-to-do-in-cartagena-colombia
2026-06-17 13:01:28,114 [INFO]   ✅ Email en web DDG: photos@lonelyplanet.com
2026-06-17 13:01:32,702 [INFO] 
[93/330] Inversiones Hoteleras Alamedas Y Compania Ltda (Monteria)
2026-06-17 13:01:32,703 [INFO]   🔍 DDG: "Inversiones Hoteleras Alamedas" Monteria email contacto
2026-06-17 13:01:33,104 [INFO] response: https://www.bing.com/search?q=%22Inversiones+Hoteleras+Alamedas%22+Monteria+email+contacto 200
2026-06-17 13:01:37,264 [INFO]   🔍 DDG: "Inversiones Hoteleras Alamedas" Monteria correo reservas
2026-06-17 13:01:42,694 [INFO] response: https://www.bing.com/search?q=%22Inversiones+Hoteleras+Alamedas%22+Monteria+correo+reservas 200
2026-06-17 13:01:47,250 [INFO]   🔍 DDG: "Inversiones Hoteleras Alamedas" colombia hotel "@"
2026-06-17 13:01:47,625 [INFO] response: https://www.bing.com/search?q=%22Inversiones+Hoteleras+Alamedas%22+colombia+hotel+%22%40%22 200
2026-06-17 13:01:52,183 [INFO]   🔗 LinkedIn DDG: "Inversiones Hoteleras Alamedas" Monteria site:linkedin.com/company
2026-06-17 13:01:52,683 [INFO] response: https://www.bing.com/search?q=%22Inversiones+Hoteleras+Alamedas%22+Monteria+site%3Alinkedin.com%2Fcompany 200
2026-06-17 13:01:53,648 [INFO] response: https://www.bing.com/search?q=%22Inversiones+Hoteleras+Alamedas%22+Monteria+site%3Alinkedin.com%2Fcompany&first=11&FORM=PERE 200
2026-06-17 13:01:54,685 [INFO] response: https://www.bing.com/search?q=%22Inversiones+Hoteleras+Alamedas%22+Monteria+site%3Alinkedin.com%2Fcompany&first=21&FORM=PERE1 200
2026-06-17 13:01:55,728 [INFO] response: https://www.bing.com/search?q=%22Inversiones+Hoteleras+Alamedas%22+Monteria+site%3Alinkedin.com%2Fcompany&first=31&FORM=PERE2 200
2026-06-17 13:01:56,758 [INFO] response: https://www.bing.com/search?q=%22Inversiones+Hoteleras+Alamedas%22+Monteria+site%3Alinkedin.com%2Fcompany&first=41&FORM=PERE3 200
2026-06-17 13:02:00,505 [INFO]   ❌ Sin resultado: Inversiones Hoteleras Alamedas Y Compania Ltda
2026-06-17 13:02:04,890 [INFO] 
[94/330] Blue Doors York Luxury Suites S A S (Medellin)
2026-06-17 13:02:04,890 [INFO]   🌐 Scraping web conocida: https://www.bluey.tv/espanol/
2026-06-17 13:02:26,158 [INFO]   🔍 DDG: "Blue Doors York Luxury Suites" Medellin email contacto
2026-06-17 13:02:26,621 [INFO] response: https://www.bing.com/search?q=%22Blue+Doors+York+Luxury+Suites%22+Medellin+email+contacto 200
2026-06-17 13:02:30,103 [INFO]   🔍 DDG: "Blue Doors York Luxury Suites" Medellin correo reservas
2026-06-17 13:02:30,486 [INFO] response: https://www.bing.com/search?q=%22Blue+Doors+York+Luxury+Suites%22+Medellin+correo+reservas 200
2026-06-17 13:02:33,150 [INFO]   🔍 DDG: "Blue Doors York Luxury Suites" colombia hotel "@"
2026-06-17 13:02:33,472 [INFO] response: https://www.bing.com/search?q=%22Blue+Doors+York+Luxury+Suites%22+colombia+hotel+%22%40%22 200
2026-06-17 13:02:36,386 [INFO]   🌐 Visitando (DDG): https://www.bluradio.com/
2026-06-17 13:02:39,030 [INFO]   ✅ Email en web DDG: contacto@bluradio.com
2026-06-17 13:02:46,820 [INFO] 
[95/330] Hotel Aeropuerto S A S (Bogota)
2026-06-17 13:02:46,820 [INFO]   🌐 Scraping web conocida: https://www.boghotel.com/
2026-06-17 13:03:01,907 [INFO]   🔍 DDG: "Hotel Aeropuerto" Bogota email contacto
2026-06-17 13:03:07,382 [INFO] response: https://www.bing.com/search?q=%22Hotel+Aeropuerto%22+Bogota+email+contacto 200
2026-06-17 13:03:11,177 [INFO]   🔍 DDG: "Hotel Aeropuerto" Bogota correo reservas
2026-06-17 13:03:11,562 [INFO] response: https://www.bing.com/search?q=%22Hotel+Aeropuerto%22+Bogota+correo+reservas 200
2026-06-17 13:03:14,857 [INFO]   🔍 DDG: "Hotel Aeropuerto" colombia hotel "@"
2026-06-17 13:03:15,185 [INFO] response: https://www.bing.com/search?q=%22Hotel+Aeropuerto%22+colombia+hotel+%22%40%22 200
2026-06-17 13:03:19,488 [INFO]   🌐 Visitando (DDG): https://www.hodelpa.com/
2026-06-17 13:03:22,151 [INFO]   ✅ Email en web DDG: reservas@hodelpa.com
2026-06-17 13:03:29,682 [INFO] 
[96/330] Hotel Grand Park Sas (Bogota)
2026-06-17 13:03:29,682 [INFO]   🌐 Scraping web conocida: https://www.boghotel.com/
2026-06-17 13:03:39,670 [INFO]   🔍 DDG: "Hotel Grand Park" Bogota email contacto
2026-06-17 13:03:40,048 [INFO] response: https://www.bing.com/search?q=%22Hotel+Grand+Park%22+Bogota+email+contacto 200
2026-06-17 13:03:43,653 [INFO]   🔍 DDG: "Hotel Grand Park" Bogota correo reservas
2026-06-17 13:03:44,168 [INFO] response: https://www.bing.com/search?q=%22Hotel+Grand+Park%22+Bogota+correo+reservas 200
2026-06-17 13:03:48,393 [INFO]   🔍 DDG: "Hotel Grand Park" colombia hotel "@"
2026-06-17 13:03:48,865 [INFO] response: https://www.bing.com/search?q=%22Hotel+Grand+Park%22+colombia+hotel+%22%40%22 200
2026-06-17 13:03:53,141 [INFO]   🌐 Visitando (DDG): https://www.hodelpa.com/
2026-06-17 13:03:55,293 [INFO]   ✅ Email en web DDG: reservas@hodelpa.com
2026-06-17 13:04:01,745 [INFO] 
[97/330] Hotel Artisan Calle 72 S A S (Bogota)
2026-06-17 13:04:01,746 [INFO]   🌐 Scraping web conocida: https://www.boghotel.com/
2026-06-17 13:04:12,041 [INFO]   🔍 DDG: "Hotel Artisan Calle 72" Bogota email contacto
2026-06-17 13:04:12,470 [INFO] response: https://www.bing.com/search?q=%22Hotel+Artisan+Calle+72%22+Bogota+email+contacto 200
2026-06-17 13:04:15,245 [INFO]   🔍 DDG: "Hotel Artisan Calle 72" Bogota correo reservas
2026-06-17 13:04:15,600 [INFO] response: https://www.bing.com/search?q=%22Hotel+Artisan+Calle+72%22+Bogota+correo+reservas 200
2026-06-17 13:04:19,471 [INFO]   🔍 DDG: "Hotel Artisan Calle 72" colombia hotel "@"
2026-06-17 13:04:19,833 [INFO] response: https://www.bing.com/search?q=%22Hotel+Artisan+Calle+72%22+colombia+hotel+%22%40%22 200
2026-06-17 13:04:20,849 [INFO] response: https://www.bing.com/search?q=%22Hotel+Artisan+Calle+72%22+colombia+hotel+%22%40%22&first=11&FORM=PERE 200
2026-06-17 13:04:24,014 [INFO]   🌐 Visitando (DDG): https://www.hodelpa.com/
2026-06-17 13:04:26,454 [INFO]   ✅ Email en web DDG: reservas@hodelpa.com
2026-06-17 13:04:32,424 [INFO] 
[98/330] Hotel De Turismo Guadalajara S A (Buga)
2026-06-17 13:04:32,424 [INFO]   🌐 Scraping web conocida: https://www.boghotel.com/
2026-06-17 13:04:42,920 [INFO]   🔍 DDG: "Hotel De Turismo Guadalajara" Buga email contacto
2026-06-17 13:04:43,275 [INFO] response: https://www.bing.com/search?q=%22Hotel+De+Turismo+Guadalajara%22+Buga+email+contacto 200
2026-06-17 13:04:47,159 [INFO]   🔍 DDG: "Hotel De Turismo Guadalajara" Buga correo reservas
2026-06-17 13:04:47,634 [INFO] response: https://www.bing.com/search?q=%22Hotel+De+Turismo+Guadalajara%22+Buga+correo+reservas 200
2026-06-17 13:04:48,634 [INFO] response: https://www.bing.com/search?q=%22Hotel+De+Turismo+Guadalajara%22+Buga+correo+reservas&first=11&FORM=PERE 200
2026-06-17 13:04:49,672 [INFO] response: https://www.bing.com/search?q=%22Hotel+De+Turismo+Guadalajara%22+Buga+correo+reservas&first=21&FORM=PERE1 200
2026-06-17 13:04:50,758 [INFO] response: https://www.bing.com/search?q=%22Hotel+De+Turismo+Guadalajara%22+Buga+correo+reservas&first=31&FORM=PERE2 200
2026-06-17 13:04:51,789 [INFO] response: https://www.bing.com/search?q=%22Hotel+De+Turismo+Guadalajara%22+Buga+correo+reservas&first=41&FORM=PERE3 200
2026-06-17 13:04:54,963 [INFO]   🔍 DDG: "Hotel De Turismo Guadalajara" colombia hotel "@"
2026-06-17 13:04:55,509 [INFO] response: https://www.bing.com/search?q=%22Hotel+De+Turismo+Guadalajara%22+colombia+hotel+%22%40%22 200
2026-06-17 13:04:58,968 [INFO]   🌐 Visitando (DDG): https://www.hodelpa.com/
2026-06-17 13:05:07,719 [INFO]   ✅ Email en web DDG: reservas@hodelpa.com
2026-06-17 13:05:11,738 [INFO] 
[99/330] Operadora Hoteles Alko S A S (Cali)
2026-06-17 13:05:11,739 [INFO]   🔍 DDG: "Operadora Hoteles Alko" Cali email contacto
2026-06-17 13:05:12,211 [INFO] response: https://www.bing.com/search?q=%22Operadora+Hoteles+Alko%22+Cali+email+contacto 200
2026-06-17 13:05:15,206 [INFO]   🔍 DDG: "Operadora Hoteles Alko" Cali correo reservas
2026-06-17 13:05:20,642 [INFO] response: https://www.bing.com/search?q=%22Operadora+Hoteles+Alko%22+Cali+correo+reservas 200
2026-06-17 13:05:23,311 [INFO]   🔍 DDG: "Operadora Hoteles Alko" colombia hotel "@"
2026-06-17 13:05:23,666 [INFO] response: https://www.bing.com/search?q=%22Operadora+Hoteles+Alko%22+colombia+hotel+%22%40%22 200
2026-06-17 13:05:27,189 [INFO]   🔗 LinkedIn DDG: "Operadora Hoteles Alko" Cali site:linkedin.com/company
2026-06-17 13:05:27,627 [INFO] response: https://www.bing.com/search?q=%22Operadora+Hoteles+Alko%22+Cali+site%3Alinkedin.com%2Fcompany 200
2026-06-17 13:05:28,625 [INFO] response: https://www.bing.com/search?q=%22Operadora+Hoteles+Alko%22+Cali+site%3Alinkedin.com%2Fcompany&first=11&FORM=PERE 200
2026-06-17 13:05:29,620 [INFO] response: https://www.bing.com/search?q=%22Operadora+Hoteles+Alko%22+Cali+site%3Alinkedin.com%2Fcompany&first=21&FORM=PERE1 200
2026-06-17 13:05:30,666 [INFO] response: https://www.bing.com/search?q=%22Operadora+Hoteles+Alko%22+Cali+site%3Alinkedin.com%2Fcompany&first=31&FORM=PERE2 200
2026-06-17 13:05:31,633 [INFO] response: https://www.bing.com/search?q=%22Operadora+Hoteles+Alko%22+Cali+site%3Alinkedin.com%2Fcompany&first=41&FORM=PERE3 200
2026-06-17 13:05:35,483 [INFO]   ❌ Sin resultado: Operadora Hoteles Alko S A S
2026-06-17 13:05:40,173 [INFO] 
[100/330] Chapter Hotels Sas (Medellin)
2026-06-17 13:05:40,173 [INFO]   🌐 Scraping web conocida: https://chatgpt.com/g/g-AOH5ruNxn-chapter-gpt
2026-06-17 13:05:52,494 [INFO]   🔍 DDG: "Chapter Hotels" Medellin email contacto
2026-06-17 13:05:52,878 [INFO] response: https://www.bing.com/search?q=%22Chapter+Hotels%22+Medellin+email+contacto 200
2026-06-17 13:05:56,787 [INFO]   🔍 DDG: "Chapter Hotels" Medellin correo reservas
2026-06-17 13:06:02,195 [INFO] response: https://www.bing.com/search?q=%22Chapter+Hotels%22+Medellin+correo+reservas 200
2026-06-17 13:06:06,760 [INFO]   🔍 DDG: "Chapter Hotels" colombia hotel "@"
2026-06-17 13:06:07,107 [INFO] response: https://www.bing.com/search?q=%22Chapter+Hotels%22+colombia+hotel+%22%40%22 200
2026-06-17 13:06:08,081 [INFO] response: https://www.bing.com/search?q=%22Chapter+Hotels%22+colombia+hotel+%22%40%22&first=11&FORM=PERE 200
2026-06-17 13:06:12,711 [INFO]   🌐 Visitando (DDG): https://myaccountrwd.allstate.com/anon/account/login
2026-06-17 13:06:27,611 [INFO]   🌐 Visitando (DDG): https://myaccountrwd.allstate.com/anon/registration/individual-authentication
2026-06-17 13:06:36,023 [INFO]   🌐 Visitando (DDG): https://myaccountrwd.allstate.com/secured/documents/policy-documents
2026-06-17 13:06:43,545 [INFO]   🔗 LinkedIn DDG: "Chapter Hotels" Medellin site:linkedin.com/company
2026-06-17 13:06:43,904 [INFO] response: https://www.bing.com/search?q=%22Chapter+Hotels%22+Medellin+site%3Alinkedin.com%2Fcompany 200
2026-06-17 13:06:44,912 [INFO] response: https://www.bing.com/search?q=%22Chapter+Hotels%22+Medellin+site%3Alinkedin.com%2Fcompany&first=11&FORM=PERE 200
2026-06-17 13:06:45,904 [INFO] response: https://www.bing.com/search?q=%22Chapter+Hotels%22+Medellin+site%3Alinkedin.com%2Fcompany&first=21&FORM=PERE1 200
2026-06-17 13:06:46,936 [INFO] response: https://www.bing.com/search?q=%22Chapter+Hotels%22+Medellin+site%3Alinkedin.com%2Fcompany&first=31&FORM=PERE2 200
2026-06-17 13:06:47,906 [INFO] response: https://www.bing.com/search?q=%22Chapter+Hotels%22+Medellin+site%3Alinkedin.com%2Fcompany&first=41&FORM=PERE3 200
2026-06-17 13:06:51,586 [INFO]   ❌ Sin resultado: Chapter Hotels Sas
2026-06-17 13:06:51,588 [INFO]   📊 Progreso 100/330 | Emails: 28 | Webs: 0 | Sin resultado: 72
2026-06-17 13:06:57,740 [INFO] 
[101/330] Inversiones Hoteleras Wg Cartagena S A S (Cartagena)
2026-06-17 13:06:57,741 [INFO]   🔍 DDG: "Inversiones Hoteleras Wg Cartagena" Cartagena email contacto
2026-06-17 13:06:58,189 [INFO] response: https://www.bing.com/search?q=%22Inversiones+Hoteleras+Wg+Cartagena%22+Cartagena+email+contacto 200
2026-06-17 13:07:02,211 [INFO]   🔍 DDG: "Inversiones Hoteleras Wg Cartagena" Cartagena correo reservas
2026-06-17 13:07:02,554 [INFO] response: https://www.bing.com/search?q=%22Inversiones+Hoteleras+Wg+Cartagena%22+Cartagena+correo+reservas 200
2026-06-17 13:07:05,471 [INFO]   🔍 DDG: "Inversiones Hoteleras Wg Cartagena" colombia hotel "@"
2026-06-17 13:07:10,955 [INFO] response: https://www.bing.com/search?q=%22Inversiones+Hoteleras+Wg+Cartagena%22+colombia+hotel+%22%40%22 200
2026-06-17 13:07:13,613 [INFO]   🌐 Visitando (DDG): https://economipedia.com/definiciones/inversion.html
2026-06-17 13:07:44,533 [INFO]   🌐 Visitando (DDG): https://www.pichincha.com/detalle-catalogo/personas-inversiones
2026-06-17 13:08:05,778 [INFO]   🌐 Visitando (DDG): https://www.forbes.com.ec/money/donde-invertir-ecuador-us-100-us-500-o-us-1000-esto-responde-experto-n74284
2026-06-17 13:08:17,218 [INFO]   🔗 LinkedIn DDG: "Inversiones Hoteleras Wg Cartagena" Cartagena site:linkedin.com/company
2026-06-17 13:08:17,519 [INFO] response: https://www.bing.com/search?q=%22Inversiones+Hoteleras+Wg+Cartagena%22+Cartagena+site%3Alinkedin.com%2Fcompany 200
2026-06-17 13:08:18,555 [INFO] response: https://www.bing.com/search?q=%22Inversiones+Hoteleras+Wg+Cartagena%22+Cartagena+site%3Alinkedin.com%2Fcompany&first=11&FORM=PERE 200
2026-06-17 13:08:19,591 [INFO] response: https://www.bing.com/search?q=%22Inversiones+Hoteleras+Wg+Cartagena%22+Cartagena+site%3Alinkedin.com%2Fcompany&first=21&FORM=PERE1 200
2026-06-17 13:08:20,643 [INFO] response: https://www.bing.com/search?q=%22Inversiones+Hoteleras+Wg+Cartagena%22+Cartagena+site%3Alinkedin.com%2Fcompany&first=31&FORM=PERE2 200
2026-06-17 13:08:21,578 [INFO] response: https://www.bing.com/search?q=%22Inversiones+Hoteleras+Wg+Cartagena%22+Cartagena+site%3Alinkedin.com%2Fcompany&first=41&FORM=PERE3 200
2026-06-17 13:08:24,706 [INFO]   ❌ Sin resultado: Inversiones Hoteleras Wg Cartagena S A S
2026-06-17 13:08:30,245 [INFO] 
[102/330] Operador Hotelero Aritur S A S (Guatape)
2026-06-17 13:08:30,246 [INFO]   🔍 DDG: "Operador Hotelero Aritur" Guatape email contacto
2026-06-17 13:08:30,782 [INFO] response: https://www.bing.com/search?q=%22Operador+Hotelero+Aritur%22+Guatape+email+contacto 200
2026-06-17 13:08:35,188 [INFO]   🔍 DDG: "Operador Hotelero Aritur" Guatape correo reservas
2026-06-17 13:08:35,574 [INFO] response: https://www.bing.com/search?q=%22Operador+Hotelero+Aritur%22+Guatape+correo+reservas 200
2026-06-17 13:08:39,283 [INFO]   🔍 DDG: "Operador Hotelero Aritur" colombia hotel "@"
2026-06-17 13:08:44,633 [INFO] response: https://www.bing.com/search?q=%22Operador+Hotelero+Aritur%22+colombia+hotel+%22%40%22 200
2026-06-17 13:08:47,422 [INFO]   🌐 Visitando (DDG): https://numeracionyoperadores.cnmc.es/portabilidad/movil
2026-06-17 13:08:57,108 [INFO]   🌐 Visitando (DDG): https://operador.cartagena.gov.co/
2026-06-17 13:09:12,208 [INFO]   🌐 Visitando (DDG): https://amvcolombia.org.co/en-que-se-puede-certificar/operador/
2026-06-17 13:09:18,339 [INFO]   ✅ Email en web DDG: certificacionamv@amvcolombia.org.co
2026-06-17 13:09:25,903 [INFO] 
[103/330] Casa Don Luis Hotel S A S (Cartagena)
2026-06-17 13:09:25,903 [INFO]   🔍 DDG: "Casa Don Luis Hotel" Cartagena email contacto
2026-06-17 13:09:26,198 [INFO] response: https://www.bing.com/search?q=%22Casa+Don+Luis+Hotel%22+Cartagena+email+contacto 200
2026-06-17 13:09:29,448 [INFO]   🔍 DDG: "Casa Don Luis Hotel" Cartagena correo reservas
2026-06-17 13:09:29,956 [INFO] response: https://www.bing.com/search?q=%22Casa+Don+Luis+Hotel%22+Cartagena+correo+reservas 200
2026-06-17 13:09:33,210 [INFO]   🔍 DDG: "Casa Don Luis Hotel" colombia hotel "@"
2026-06-17 13:09:33,524 [INFO] response: https://www.bing.com/search?q=%22Casa+Don+Luis+Hotel%22+colombia+hotel+%22%40%22 200
2026-06-17 13:09:37,668 [INFO]   🌐 Visitando (DDG): https://www.metrocuadrado.com/casas/venta/bogota/
2026-06-17 13:09:38,701 [INFO]   ✅ Email en web DDG: tratamientodedatos_pdl@avaldigitallabs.com
2026-06-17 13:09:44,567 [INFO] 
[104/330] Cia Hotelera Andes Plaza S A S (Bogota)
2026-06-17 13:09:44,568 [INFO]   🌐 Scraping web conocida: https://www.cia.gov/index.html
2026-06-17 13:09:58,785 [INFO]   🔍 DDG: "Cia Hotelera Andes Plaza" Bogota email contacto
2026-06-17 13:09:59,089 [INFO] response: https://www.bing.com/search?q=%22Cia+Hotelera+Andes+Plaza%22+Bogota+email+contacto 200
2026-06-17 13:10:02,098 [INFO]   🔍 DDG: "Cia Hotelera Andes Plaza" Bogota correo reservas
2026-06-17 13:10:02,633 [INFO] response: https://www.bing.com/search?q=%22Cia+Hotelera+Andes+Plaza%22+Bogota+correo+reservas 200
2026-06-17 13:10:04,874 [INFO]   🔍 DDG: "Cia Hotelera Andes Plaza" colombia hotel "@"
2026-06-17 13:10:05,171 [INFO] response: https://www.bing.com/search?q=%22Cia+Hotelera+Andes+Plaza%22+colombia+hotel+%22%40%22 200
2026-06-17 13:10:07,676 [INFO]   🌐 Visitando (DDG): https://www.cia.gov/index.html
2026-06-17 13:10:23,599 [INFO]   🌐 Visitando (DDG): https://www.usa.gov/es/agencias/agencia-central-de-inteligencia
2026-06-17 13:10:42,601 [INFO]   🌐 Visitando (DDG): https://www.supercias.gob.ec/
2026-06-17 13:10:57,292 [INFO]   🔗 LinkedIn DDG: "Cia Hotelera Andes Plaza" Bogota site:linkedin.com/company
2026-06-17 13:10:57,566 [INFO] response: https://www.bing.com/search?q=%22Cia+Hotelera+Andes+Plaza%22+Bogota+site%3Alinkedin.com%2Fcompany 200
2026-06-17 13:10:58,616 [INFO] response: https://www.bing.com/search?q=%22Cia+Hotelera+Andes+Plaza%22+Bogota+site%3Alinkedin.com%2Fcompany&first=11&FORM=PERE 200
2026-06-17 13:10:59,602 [INFO] response: https://www.bing.com/search?q=%22Cia+Hotelera+Andes+Plaza%22+Bogota+site%3Alinkedin.com%2Fcompany&first=21&FORM=PERE1 200
2026-06-17 13:11:00,660 [INFO] response: https://www.bing.com/search?q=%22Cia+Hotelera+Andes+Plaza%22+Bogota+site%3Alinkedin.com%2Fcompany&first=31&FORM=PERE2 200
2026-06-17 13:11:01,718 [INFO] response: https://www.bing.com/search?q=%22Cia+Hotelera+Andes+Plaza%22+Bogota+site%3Alinkedin.com%2Fcompany&first=41&FORM=PERE3 200
2026-06-17 13:11:06,164 [INFO]   ❌ Sin resultado: Cia Hotelera Andes Plaza S A S
2026-06-17 13:11:13,524 [INFO] 
[105/330] Hotel Cartagena Plaza De La Aduana S A S (Cartagena)
2026-06-17 13:11:13,525 [INFO]   🌐 Scraping web conocida: https://www.boghotel.com/
2026-06-17 13:11:28,917 [INFO]   🔍 DDG: "Hotel Cartagena Plaza De La Aduana" Cartagena email contacto
2026-06-17 13:11:29,242 [INFO] response: https://www.bing.com/search?q=%22Hotel+Cartagena+Plaza+De+La+Aduana%22+Cartagena+email+contacto 200
2026-06-17 13:11:32,021 [INFO]   🔍 DDG: "Hotel Cartagena Plaza De La Aduana" Cartagena correo reservas
2026-06-17 13:11:32,387 [INFO] response: https://www.bing.com/search?q=%22Hotel+Cartagena+Plaza+De+La+Aduana%22+Cartagena+correo+reservas 200
2026-06-17 13:11:36,051 [INFO]   🔍 DDG: "Hotel Cartagena Plaza De La Aduana" colombia hotel "@"
2026-06-17 13:11:41,442 [INFO] response: https://www.bing.com/search?q=%22Hotel+Cartagena+Plaza+De+La+Aduana%22+colombia+hotel+%22%40%22 200
2026-06-17 13:11:45,231 [INFO]   🌐 Visitando (DDG): https://www.hodelpa.com/
2026-06-17 13:11:53,886 [INFO]   ✅ Email en web DDG: reservas@hodelpa.com
2026-06-17 13:11:58,394 [INFO] 
[106/330] Inversiones Hoteleras Hotbog Sucursal Colombia (Bogota)
2026-06-17 13:11:58,395 [INFO]   🔍 DDG: "Inversiones Hoteleras Hotbog" Bogota email contacto
2026-06-17 13:11:58,951 [INFO] response: https://www.bing.com/search?q=%22Inversiones+Hoteleras+Hotbog%22+Bogota+email+contacto 200
2026-06-17 13:12:03,473 [INFO]   🔍 DDG: "Inversiones Hoteleras Hotbog" Bogota correo reservas
2026-06-17 13:12:03,916 [INFO] response: https://www.bing.com/search?q=%22Inversiones+Hoteleras+Hotbog%22+Bogota+correo+reservas 200
2026-06-17 13:12:04,928 [INFO] response: https://www.bing.com/search?q=%22Inversiones+Hoteleras+Hotbog%22+Bogota+correo+reservas&first=11&FORM=PERE 200
2026-06-17 13:12:05,950 [INFO] response: https://www.bing.com/search?q=%22Inversiones+Hoteleras+Hotbog%22+Bogota+correo+reservas&first=21&FORM=PERE1 200
2026-06-17 13:12:07,045 [INFO] response: https://www.bing.com/search?q=%22Inversiones+Hoteleras+Hotbog%22+Bogota+correo+reservas&first=31&FORM=PERE2 200
2026-06-17 13:12:08,067 [INFO] response: https://www.bing.com/search?q=%22Inversiones+Hoteleras+Hotbog%22+Bogota+correo+reservas&first=41&FORM=PERE3 200
2026-06-17 13:12:12,499 [INFO]   🔍 DDG: "Inversiones Hoteleras Hotbog" colombia hotel "@"
2026-06-17 13:12:12,840 [INFO] response: https://www.bing.com/search?q=%22Inversiones+Hoteleras+Hotbog%22+colombia+hotel+%22%40%22 200
2026-06-17 13:12:16,674 [INFO]   🌐 Visitando (DDG): https://economipedia.com/definiciones/inversion.html
2026-06-17 13:12:46,282 [INFO]   🌐 Visitando (DDG): https://www.pichincha.com/detalle-catalogo/personas-inversiones
2026-06-17 13:13:00,622 [INFO]   🌐 Visitando (DDG): https://www.forbes.com.ec/money/donde-invertir-ecuador-us-100-us-500-o-us-1000-esto-responde-experto-n74284
2026-06-17 13:13:11,910 [INFO]   🔗 LinkedIn DDG: "Inversiones Hoteleras Hotbog" Bogota site:linkedin.com/company
2026-06-17 13:13:12,261 [INFO] response: https://www.bing.com/search?q=%22Inversiones+Hoteleras+Hotbog%22+Bogota+site%3Alinkedin.com%2Fcompany 200
2026-06-17 13:13:13,342 [INFO] response: https://www.bing.com/search?q=%22Inversiones+Hoteleras+Hotbog%22+Bogota+site%3Alinkedin.com%2Fcompany&first=11&FORM=PERE 200
2026-06-17 13:13:14,362 [INFO] response: https://www.bing.com/search?q=%22Inversiones+Hoteleras+Hotbog%22+Bogota+site%3Alinkedin.com%2Fcompany&first=21&FORM=PERE1 200
2026-06-17 13:13:15,463 [INFO] response: https://www.bing.com/search?q=%22Inversiones+Hoteleras+Hotbog%22+Bogota+site%3Alinkedin.com%2Fcompany&first=31&FORM=PERE2 200
2026-06-17 13:13:16,456 [INFO] response: https://www.bing.com/search?q=%22Inversiones+Hoteleras+Hotbog%22+Bogota+site%3Alinkedin.com%2Fcompany&first=41&FORM=PERE3 200
2026-06-17 13:13:20,227 [INFO]   ❌ Sin resultado: Inversiones Hoteleras Hotbog Sucursal Colombia
2026-06-17 13:13:27,500 [INFO] 
[107/330] Bonsol Hotels Gestion Colombia S A S (Medellin)
2026-06-17 13:13:27,501 [INFO]   🌐 Scraping web conocida: https://vimeo.com/946455673
2026-06-17 13:13:39,341 [INFO]   🔍 DDG: "Bonsol Hotels Gestion Colombia" Medellin email contacto
2026-06-17 13:13:39,780 [INFO] response: https://www.bing.com/search?q=%22Bonsol+Hotels+Gestion+Colombia%22+Medellin+email+contacto 200
2026-06-17 13:13:43,710 [INFO]   🔍 DDG: "Bonsol Hotels Gestion Colombia" Medellin correo reservas
2026-06-17 13:13:44,087 [INFO] response: https://www.bing.com/search?q=%22Bonsol+Hotels+Gestion+Colombia%22+Medellin+correo+reservas 200
2026-06-17 13:13:47,133 [INFO]   🔍 DDG: "Bonsol Hotels Gestion Colombia" colombia hotel "@"
2026-06-17 13:13:47,522 [INFO] response: https://www.bing.com/search?q=%22Bonsol+Hotels+Gestion+Colombia%22+colombia+hotel+%22%40%22 200
2026-06-17 13:13:50,510 [INFO]   🔗 LinkedIn DDG: "Bonsol Hotels Gestion Colombia" Medellin site:linkedin.com/company
2026-06-17 13:13:55,883 [INFO] response: https://www.bing.com/search?q=%22Bonsol+Hotels+Gestion+Colombia%22+Medellin+site%3Alinkedin.com%2Fcompany 200
2026-06-17 13:13:56,901 [INFO] response: https://www.bing.com/search?q=%22Bonsol+Hotels+Gestion+Colombia%22+Medellin+site%3Alinkedin.com%2Fcompany&first=11&FORM=PERE 200
2026-06-17 13:13:57,927 [INFO] response: https://www.bing.com/search?q=%22Bonsol+Hotels+Gestion+Colombia%22+Medellin+site%3Alinkedin.com%2Fcompany&first=21&FORM=PERE1 200
2026-06-17 13:13:58,916 [INFO] response: https://www.bing.com/search?q=%22Bonsol+Hotels+Gestion+Colombia%22+Medellin+site%3Alinkedin.com%2Fcompany&first=31&FORM=PERE2 200
2026-06-17 13:13:59,909 [INFO] response: https://www.bing.com/search?q=%22Bonsol+Hotels+Gestion+Colombia%22+Medellin+site%3Alinkedin.com%2Fcompany&first=41&FORM=PERE3 200
2026-06-17 13:14:02,046 [INFO]   ❌ Sin resultado: Bonsol Hotels Gestion Colombia S A S
2026-06-17 13:14:07,384 [INFO] 
[108/330] Bantu Hotel S A S (Cartagena)
2026-06-17 13:14:07,384 [INFO]   🌐 Scraping web conocida: https://www.speedtest.net/es
2026-06-17 13:14:27,275 [INFO]   🔍 DDG: "Bantu Hotel" Cartagena email contacto
2026-06-17 13:14:27,644 [INFO] response: https://www.bing.com/search?q=%22Bantu+Hotel%22+Cartagena+email+contacto 200
2026-06-17 13:14:31,323 [INFO]   🔍 DDG: "Bantu Hotel" Cartagena correo reservas
2026-06-17 13:14:36,689 [INFO] response: https://www.bing.com/search?q=%22Bantu+Hotel%22+Cartagena+correo+reservas 200
2026-06-17 13:14:40,591 [INFO]   🔍 DDG: "Bantu Hotel" colombia hotel "@"
2026-06-17 13:14:40,995 [INFO] response: https://www.bing.com/search?q=%22Bantu+Hotel%22+colombia+hotel+%22%40%22 200
2026-06-17 13:14:43,802 [INFO]   🌐 Visitando (DDG): https://www.sevenforums.com/threads/cant-access-facebook-from-one-computer-but-can-on-another.297144/
2026-06-17 13:15:01,641 [INFO]   🌐 Visitando (DDG): https://www.sevenforums.com/threads/trouble-logging-into-facebook-through-photo-organizer-programs.278829/
2026-06-17 13:15:17,683 [INFO]   🌐 Visitando (DDG): https://www.answers.microsoft.com/ja-jp/windows/forum/windows_7-windows_install/windows7のdsp版をfddと/63d82597-a57c-4ced-a95d-16464a599639こういう質疑例がMicrosoftのサイトにあって、厳密にはアウトということになります。DSP版は、もともとパソコンを作るための付属品ではなくそのパーツを稼働させるための付属品という位置づけで特別に低価格で提供されたものです。そのパーツなくして、その付属品だけが使い続けられるのは不自然きわまりありません。それを、Windowsに依存しながらWindowsを通常価格に見合う価値が無いと考える人が…制限付きで安く買ったものを、パーツがだめになっても使い続けるためにパーツが稼働できなくても、貼り付けておけばいいという主張を広めてきたようです。もともと、DSP版には販売する業者が運用についての条件を決められる側面があり「テープで貼っておいてもダメです」といった警告が出されることは無かったようです。ところが、2011年のWindows
2026-06-17 13:15:22,438 [INFO]   🔗 LinkedIn DDG: "Bantu Hotel" Cartagena site:linkedin.com/company
2026-06-17 13:15:22,810 [INFO] response: https://www.bing.com/search?q=%22Bantu+Hotel%22+Cartagena+site%3Alinkedin.com%2Fcompany 200
2026-06-17 13:15:23,813 [INFO] response: https://www.bing.com/search?q=%22Bantu+Hotel%22+Cartagena+site%3Alinkedin.com%2Fcompany&first=11&FORM=PERE 200
2026-06-17 13:15:24,790 [INFO] response: https://www.bing.com/search?q=%22Bantu+Hotel%22+Cartagena+site%3Alinkedin.com%2Fcompany&first=21&FORM=PERE1 200
2026-06-17 13:15:25,776 [INFO] response: https://www.bing.com/search?q=%22Bantu+Hotel%22+Cartagena+site%3Alinkedin.com%2Fcompany&first=31&FORM=PERE2 200
2026-06-17 13:15:27,028 [INFO] response: https://www.bing.com/search?q=%22Bantu+Hotel%22+Cartagena+site%3Alinkedin.com%2Fcompany&first=41&FORM=PERE3 200
2026-06-17 13:15:30,574 [INFO]   ❌ Sin resultado: Bantu Hotel S A S
2026-06-17 13:15:34,911 [INFO] 
[109/330] Six Continents Hotels De Colombia S A (Envigado)
2026-06-17 13:15:34,912 [INFO]   🌐 Scraping web conocida: https://sixelmusical.es/
2026-06-17 13:16:01,242 [INFO]   🔍 DDG: "Six Continents Hotels De Colombia" Envigado email contacto
2026-06-17 13:16:01,685 [INFO] response: https://www.bing.com/search?q=%22Six+Continents+Hotels+De+Colombia%22+Envigado+email+contacto 200
2026-06-17 13:16:05,067 [INFO]   🔍 DDG: "Six Continents Hotels De Colombia" Envigado correo reservas
2026-06-17 13:16:05,671 [INFO] response: https://www.bing.com/search?q=%22Six+Continents+Hotels+De+Colombia%22+Envigado+correo+reservas 200
2026-06-17 13:16:10,244 [INFO]   🔍 DDG: "Six Continents Hotels De Colombia" colombia hotel "@"
2026-06-17 13:16:10,672 [INFO] response: https://www.bing.com/search?q=%22Six+Continents+Hotels+De+Colombia%22+colombia+hotel+%22%40%22 200
2026-06-17 13:16:13,891 [INFO]   🌐 Visitando (DDG): https://sixthemusical.com/
2026-06-17 13:16:23,167 [INFO]   🌐 Visitando (DDG): https://sixonbroadway.com/
2026-06-17 13:16:31,917 [INFO]   🔗 LinkedIn DDG: "Six Continents Hotels De Colombia" Envigado site:linkedin.com/company
2026-06-17 13:16:32,415 [INFO] response: https://www.bing.com/search?q=%22Six+Continents+Hotels+De+Colombia%22+Envigado+site%3Alinkedin.com%2Fcompany 200
2026-06-17 13:16:33,487 [INFO] response: https://www.bing.com/search?q=%22Six+Continents+Hotels+De+Colombia%22+Envigado+site%3Alinkedin.com%2Fcompany&first=11&FORM=PERE 200
2026-06-17 13:16:34,468 [INFO] response: https://www.bing.com/search?q=%22Six+Continents+Hotels+De+Colombia%22+Envigado+site%3Alinkedin.com%2Fcompany&first=21&FORM=PERE1 200
2026-06-17 13:16:35,463 [INFO] response: https://www.bing.com/search?q=%22Six+Continents+Hotels+De+Colombia%22+Envigado+site%3Alinkedin.com%2Fcompany&first=31&FORM=PERE2 200
2026-06-17 13:16:36,456 [INFO] response: https://www.bing.com/search?q=%22Six+Continents+Hotels+De+Colombia%22+Envigado+site%3Alinkedin.com%2Fcompany&first=41&FORM=PERE3 200
2026-06-17 13:16:40,159 [INFO]   ❌ Sin resultado: Six Continents Hotels De Colombia S A
2026-06-17 13:16:46,564 [INFO] 
[110/330] De Provincia Hoteles S A S (Medellin)
2026-06-17 13:16:46,565 [INFO]   🌐 Scraping web conocida: https://www.jusbrasil.com.br/jurisprudencia/tj-rs/?msockid=35f4b321db02611203c1a45bdacb6006
2026-06-17 13:17:04,847 [INFO]   🔍 DDG: "De Provincia Hoteles" Medellin email contacto
2026-06-17 13:17:05,293 [INFO] response: https://www.bing.com/search?q=%22De+Provincia+Hoteles%22+Medellin+email+contacto 200
2026-06-17 13:17:08,735 [INFO]   🔍 DDG: "De Provincia Hoteles" Medellin correo reservas
2026-06-17 13:17:09,093 [INFO] response: https://www.bing.com/search?q=%22De+Provincia+Hoteles%22+Medellin+correo+reservas 200
2026-06-17 13:17:12,460 [INFO]   🔍 DDG: "De Provincia Hoteles" colombia hotel "@"
2026-06-17 13:17:12,817 [INFO] response: https://www.bing.com/search?q=%22De+Provincia+Hoteles%22+colombia+hotel+%22%40%22 200
2026-06-17 13:17:15,532 [INFO]   🔗 LinkedIn DDG: "De Provincia Hoteles" Medellin site:linkedin.com/company
2026-06-17 13:17:16,192 [INFO] response: https://www.bing.com/search?q=%22De+Provincia+Hoteles%22+Medellin+site%3Alinkedin.com%2Fcompany 200
2026-06-17 13:17:17,262 [INFO] response: https://www.bing.com/search?q=%22De+Provincia+Hoteles%22+Medellin+site%3Alinkedin.com%2Fcompany&first=11&FORM=PERE 200
2026-06-17 13:17:18,229 [INFO] response: https://www.bing.com/search?q=%22De+Provincia+Hoteles%22+Medellin+site%3Alinkedin.com%2Fcompany&first=21&FORM=PERE1 200
2026-06-17 13:17:19,326 [INFO] response: https://www.bing.com/search?q=%22De+Provincia+Hoteles%22+Medellin+site%3Alinkedin.com%2Fcompany&first=31&FORM=PERE2 200
2026-06-17 13:17:20,312 [INFO] response: https://www.bing.com/search?q=%22De+Provincia+Hoteles%22+Medellin+site%3Alinkedin.com%2Fcompany&first=41&FORM=PERE3 200
2026-06-17 13:17:24,399 [INFO]   ❌ Sin resultado: De Provincia Hoteles S A S
2026-06-17 13:17:24,400 [INFO]   📊 Progreso 110/330 | Emails: 31 | Webs: 0 | Sin resultado: 79
2026-06-17 13:17:29,445 [INFO] 
[111/330] Fox Hoteles S A S (Cartagena)
2026-06-17 13:17:29,445 [INFO]   🌐 Scraping web conocida: https://www.foxnews.com/?msockid=2b58550ed92e60f21bc94274d8296168
2026-06-17 13:17:47,101 [INFO]   🔍 DDG: "Fox Hoteles" Cartagena email contacto
2026-06-17 13:17:47,571 [INFO] response: https://www.bing.com/search?q=%22Fox+Hoteles%22+Cartagena+email+contacto 200
2026-06-17 13:17:51,052 [INFO]   🔍 DDG: "Fox Hoteles" Cartagena correo reservas
2026-06-17 13:17:51,367 [INFO] response: https://www.bing.com/search?q=%22Fox+Hoteles%22+Cartagena+correo+reservas 200
2026-06-17 13:17:55,571 [INFO]   🔍 DDG: "Fox Hoteles" colombia hotel "@"
2026-06-17 13:17:56,095 [INFO] response: https://www.bing.com/search?q=%22Fox+Hoteles%22+colombia+hotel+%22%40%22 200
2026-06-17 13:17:59,499 [INFO]   🌐 Visitando (DDG): https://www.foxnews.com/?msockid=32142e89bba76c7e230239f2ba176dca
2026-06-17 13:18:10,989 [INFO]   🌐 Visitando (DDG): https://www.nacion.com/puro-deporte/como-ver-fox-en-costa-rica-nuevo-canal-ya-esta-en/CM7FOOO4CJF3NOZODTKQNOLWVI/story/
2026-06-17 13:18:18,478 [INFO]   ✅ Email en web DDG: fanny.tayver@nacion.com
2026-06-17 13:18:26,126 [INFO] 
[112/330] Inversiones Leugros Sa Hotel Parque 97 Suites (Bogota)
2026-06-17 13:18:26,126 [INFO]   🔍 DDG: "Inversiones Leugros" Bogota email contacto
2026-06-17 13:18:31,581 [INFO] response: https://www.bing.com/search?q=%22Inversiones+Leugros%22+Bogota+email+contacto 200
2026-06-17 13:18:34,943 [INFO]   🔍 DDG: "Inversiones Leugros" Bogota correo reservas
2026-06-17 13:18:35,295 [INFO] response: https://www.bing.com/search?q=%22Inversiones+Leugros%22+Bogota+correo+reservas 200
2026-06-17 13:18:37,910 [INFO]   🔍 DDG: "Inversiones Leugros" colombia hotel "@"
2026-06-17 13:18:38,415 [INFO] response: https://www.bing.com/search?q=%22Inversiones+Leugros%22+colombia+hotel+%22%40%22 200
2026-06-17 13:18:42,301 [INFO]   🌐 Visitando (DDG): https://economipedia.com/definiciones/inversion.html
2026-06-17 13:19:12,500 [INFO]   🌐 Visitando (DDG): https://www.pichincha.com/detalle-catalogo/personas-inversiones
2026-06-17 13:19:31,910 [INFO]   🌐 Visitando (DDG): https://www.forbes.com.ec/money/donde-invertir-ecuador-us-100-us-500-o-us-1000-esto-responde-experto-n74284
2026-06-17 13:19:42,332 [INFO]   🔗 LinkedIn DDG: "Inversiones Leugros" Bogota site:linkedin.com/company
2026-06-17 13:19:42,757 [INFO] response: https://www.bing.com/search?q=%22Inversiones+Leugros%22+Bogota+site%3Alinkedin.com%2Fcompany 200
2026-06-17 13:19:43,780 [INFO] response: https://www.bing.com/search?q=%22Inversiones+Leugros%22+Bogota+site%3Alinkedin.com%2Fcompany&first=11&FORM=PERE 200
2026-06-17 13:19:44,777 [INFO] response: https://www.bing.com/search?q=%22Inversiones+Leugros%22+Bogota+site%3Alinkedin.com%2Fcompany&first=21&FORM=PERE1 200
2026-06-17 13:19:45,824 [INFO] response: https://www.bing.com/search?q=%22Inversiones+Leugros%22+Bogota+site%3Alinkedin.com%2Fcompany&first=31&FORM=PERE2 200
2026-06-17 13:19:47,039 [INFO] response: https://www.bing.com/search?q=%22Inversiones+Leugros%22+Bogota+site%3Alinkedin.com%2Fcompany&first=41&FORM=PERE3 200
2026-06-17 13:19:49,713 [INFO]   ❌ Sin resultado: Inversiones Leugros Sa Hotel Parque 97 Suites
2026-06-17 13:19:57,348 [INFO] 
[113/330] Suites 98 Sas (Bogota)
2026-06-17 13:19:57,349 [INFO]   🔍 DDG: "Suites 98" Bogota email contacto
2026-06-17 13:19:57,822 [INFO] response: https://www.bing.com/search?q=%22Suites+98%22+Bogota+email+contacto 200
2026-06-17 13:20:01,548 [INFO]   🔍 DDG: "Suites 98" Bogota correo reservas
2026-06-17 13:20:01,980 [INFO] response: https://www.bing.com/search?q=%22Suites+98%22+Bogota+correo+reservas 200
2026-06-17 13:20:05,345 [INFO]   🔍 DDG: "Suites 98" colombia hotel "@"
2026-06-17 13:20:06,208 [INFO] response: https://www.bing.com/search?q=%22Suites+98%22+colombia+hotel+%22%40%22 200
2026-06-17 13:20:09,690 [INFO]   🔗 LinkedIn DDG: "Suites 98" Bogota site:linkedin.com/company
2026-06-17 13:20:10,059 [INFO] response: https://www.bing.com/search?q=%22Suites+98%22+Bogota+site%3Alinkedin.com%2Fcompany 200
2026-06-17 13:20:11,082 [INFO] response: https://www.bing.com/search?q=%22Suites+98%22+Bogota+site%3Alinkedin.com%2Fcompany&first=11&FORM=PERE 200
2026-06-17 13:20:12,052 [INFO] response: https://www.bing.com/search?q=%22Suites+98%22+Bogota+site%3Alinkedin.com%2Fcompany&first=21&FORM=PERE1 200
2026-06-17 13:20:13,036 [INFO] response: https://www.bing.com/search?q=%22Suites+98%22+Bogota+site%3Alinkedin.com%2Fcompany&first=31&FORM=PERE2 200
2026-06-17 13:20:14,076 [INFO] response: https://www.bing.com/search?q=%22Suites+98%22+Bogota+site%3Alinkedin.com%2Fcompany&first=41&FORM=PERE3 200
2026-06-17 13:20:17,115 [INFO]   ❌ Sin resultado: Suites 98 Sas
2026-06-17 13:20:23,881 [INFO] 
[114/330] Comercial Hotelera De Ibague S A (Ibague)
2026-06-17 13:20:23,882 [INFO]   🔍 DDG: "Comercial Hotelera De Ibague" Ibague email contacto
2026-06-17 13:20:24,270 [INFO] response: https://www.bing.com/search?q=%22Comercial+Hotelera+De+Ibague%22+Ibague+email+contacto 200
2026-06-17 13:20:26,421 [INFO]   🔍 DDG: "Comercial Hotelera De Ibague" Ibague correo reservas
2026-06-17 13:20:26,739 [INFO] response: https://www.bing.com/search?q=%22Comercial+Hotelera+De+Ibague%22+Ibague+correo+reservas 200
2026-06-17 13:20:27,824 [INFO] response: https://www.bing.com/search?q=%22Comercial+Hotelera+De+Ibague%22+Ibague+correo+reservas&first=11&FORM=PERE 200
2026-06-17 13:20:28,957 [INFO] response: https://www.bing.com/search?q=%22Comercial+Hotelera+De+Ibague%22+Ibague+correo+reservas&first=21&FORM=PERE1 200
2026-06-17 13:20:29,974 [INFO] response: https://www.bing.com/search?q=%22Comercial+Hotelera+De+Ibague%22+Ibague+correo+reservas&first=31&FORM=PERE2 200
2026-06-17 13:20:31,051 [INFO] response: https://www.bing.com/search?q=%22Comercial+Hotelera+De+Ibague%22+Ibague+correo+reservas&first=41&FORM=PERE3 200
2026-06-17 13:20:33,232 [INFO]   🔍 DDG: "Comercial Hotelera De Ibague" colombia hotel "@"
2026-06-17 13:20:33,553 [INFO] response: https://www.bing.com/search?q=%22Comercial+Hotelera+De+Ibague%22+colombia+hotel+%22%40%22 200
2026-06-17 13:20:34,584 [INFO] response: https://www.bing.com/search?q=%22Comercial+Hotelera+De+Ibague%22+colombia+hotel+%22%40%22&first=11&FORM=PERE 200
2026-06-17 13:20:35,673 [INFO] response: https://www.bing.com/search?q=%22Comercial+Hotelera+De+Ibague%22+colombia+hotel+%22%40%22&first=21&FORM=PERE1 200
2026-06-17 13:20:36,728 [INFO] response: https://www.bing.com/search?q=%22Comercial+Hotelera+De+Ibague%22+colombia+hotel+%22%40%22&first=31&FORM=PERE2 200
2026-06-17 13:20:37,801 [INFO] response: https://www.bing.com/search?q=%22Comercial+Hotelera+De+Ibague%22+colombia+hotel+%22%40%22&first=41&FORM=PERE3 200
2026-06-17 13:20:42,075 [INFO]   🌐 Visitando (DDG): https://www.elcomercio.com/
2026-06-17 13:20:43,699 [INFO]   ✅ Email en web DDG: redaccioncomercial@elcomercio.com
2026-06-17 13:20:51,180 [INFO] 
[115/330] Servicios Hoteleros La Gran Via S A S (Cartagena)
2026-06-17 13:20:51,181 [INFO]   🌐 Scraping web conocida: https://servicios.quito.gob.ec/
2026-06-17 13:20:59,344 [INFO]   🔍 DDG: "Servicios Hoteleros La Gran Via" Cartagena email contacto
2026-06-17 13:21:04,685 [INFO] response: https://www.bing.com/search?q=%22Servicios+Hoteleros+La+Gran+Via%22+Cartagena+email+contacto 200
2026-06-17 13:21:06,832 [INFO]   🔍 DDG: "Servicios Hoteleros La Gran Via" Cartagena correo reservas
2026-06-17 13:21:12,312 [INFO] response: https://www.bing.com/search?q=%22Servicios+Hoteleros+La+Gran+Via%22+Cartagena+correo+reservas 200
2026-06-17 13:21:14,771 [INFO]   🔍 DDG: "Servicios Hoteleros La Gran Via" colombia hotel "@"
2026-06-17 13:21:20,088 [INFO] response: https://www.bing.com/search?q=%22Servicios+Hoteleros+La+Gran+Via%22+colombia+hotel+%22%40%22 200
2026-06-17 13:21:24,259 [INFO]   🔗 LinkedIn DDG: "Servicios Hoteleros La Gran Via" Cartagena site:linkedin.com/company
2026-06-17 13:21:24,960 [INFO] response: https://www.bing.com/search?q=%22Servicios+Hoteleros+La+Gran+Via%22+Cartagena+site%3Alinkedin.com%2Fcompany 200
2026-06-17 13:21:26,019 [INFO] response: https://www.bing.com/search?q=%22Servicios+Hoteleros+La+Gran+Via%22+Cartagena+site%3Alinkedin.com%2Fcompany&first=11&FORM=PERE 200
2026-06-17 13:21:27,174 [INFO] response: https://www.bing.com/search?q=%22Servicios+Hoteleros+La+Gran+Via%22+Cartagena+site%3Alinkedin.com%2Fcompany&first=21&FORM=PERE1 200
2026-06-17 13:21:28,303 [INFO] response: https://www.bing.com/search?q=%22Servicios+Hoteleros+La+Gran+Via%22+Cartagena+site%3Alinkedin.com%2Fcompany&first=31&FORM=PERE2 200
2026-06-17 13:21:29,296 [INFO] response: https://www.bing.com/search?q=%22Servicios+Hoteleros+La+Gran+Via%22+Cartagena+site%3Alinkedin.com%2Fcompany&first=41&FORM=PERE3 200
2026-06-17 13:21:32,987 [INFO]   ❌ Sin resultado: Servicios Hoteleros La Gran Via S A S
2026-06-17 13:21:37,002 [INFO] 
[116/330] Condominio Mendihuaca Caribbean Resort (Santa Marta)
2026-06-17 13:21:37,002 [INFO]   🔍 DDG: "Condominio Mendihuaca Caribbean Resort" Santa Marta email contacto
2026-06-17 13:21:37,350 [INFO] response: https://www.bing.com/search?q=%22Condominio+Mendihuaca+Caribbean+Resort%22+Santa+Marta+email+contacto 200
2026-06-17 13:21:40,912 [INFO]   🔍 DDG: "Condominio Mendihuaca Caribbean Resort" Santa Marta correo reservas
2026-06-17 13:21:41,498 [INFO] response: https://www.bing.com/search?q=%22Condominio+Mendihuaca+Caribbean+Resort%22+Santa+Marta+correo+reservas 200
2026-06-17 13:21:44,962 [INFO]   🔍 DDG: "Condominio Mendihuaca Caribbean Resort" colombia hotel "@"
2026-06-17 13:21:45,384 [INFO] response: https://www.bing.com/search?q=%22Condominio+Mendihuaca+Caribbean+Resort%22+colombia+hotel+%22%40%22 200
2026-06-17 13:21:48,449 [INFO]   🔗 LinkedIn DDG: "Condominio Mendihuaca Caribbean Resort" Santa Marta site:linkedin.com/company
2026-06-17 13:21:48,781 [INFO] response: https://www.bing.com/search?q=%22Condominio+Mendihuaca+Caribbean+Resort%22+Santa+Marta+site%3Alinkedin.com%2Fcompany 200
2026-06-17 13:21:49,752 [INFO] response: https://www.bing.com/search?q=%22Condominio+Mendihuaca+Caribbean+Resort%22+Santa+Marta+site%3Alinkedin.com%2Fcompany&first=11&FORM=PERE 200
2026-06-17 13:21:50,736 [INFO] response: https://www.bing.com/search?q=%22Condominio+Mendihuaca+Caribbean+Resort%22+Santa+Marta+site%3Alinkedin.com%2Fcompany&first=21&FORM=PERE1 200
2026-06-17 13:21:51,710 [INFO] response: https://www.bing.com/search?q=%22Condominio+Mendihuaca+Caribbean+Resort%22+Santa+Marta+site%3Alinkedin.com%2Fcompany&first=31&FORM=PERE2 200
2026-06-17 13:21:52,683 [INFO] response: https://www.bing.com/search?q=%22Condominio+Mendihuaca+Caribbean+Resort%22+Santa+Marta+site%3Alinkedin.com%2Fcompany&first=41&FORM=PERE3 200
2026-06-17 13:21:56,681 [INFO]   ❌ Sin resultado: Condominio Mendihuaca Caribbean Resort
2026-06-17 13:22:03,841 [INFO] 
[117/330] Geb Cadena Hotelera Sas (Florencia)
2026-06-17 13:22:03,841 [INFO]   🌐 Scraping web conocida: https://www.gen.com.py/
2026-06-17 13:22:06,037 [INFO]   ✅ Email en web conocida: juan.benitez@nacionmedia.com
2026-06-17 13:22:10,197 [INFO] 
[118/330] Sociedad Hotelera San Pablo S A S (Bogota)
2026-06-17 13:22:10,197 [INFO]   🔍 DDG: "Sociedad Hotelera San Pablo" Bogota email contacto
2026-06-17 13:22:10,595 [INFO] response: https://www.bing.com/search?q=%22Sociedad+Hotelera+San+Pablo%22+Bogota+email+contacto 200
2026-06-17 13:22:14,737 [INFO]   🔍 DDG: "Sociedad Hotelera San Pablo" Bogota correo reservas
2026-06-17 13:22:16,265 [INFO] response: https://www.bing.com/search?q=%22Sociedad+Hotelera+San+Pablo%22+Bogota+correo+reservas 200
2026-06-17 13:22:18,907 [INFO]   🔍 DDG: "Sociedad Hotelera San Pablo" colombia hotel "@"
2026-06-17 13:22:19,269 [INFO] response: https://www.bing.com/search?q=%22Sociedad+Hotelera+San+Pablo%22+colombia+hotel+%22%40%22 200
2026-06-17 13:22:21,762 [INFO]   🔗 LinkedIn DDG: "Sociedad Hotelera San Pablo" Bogota site:linkedin.com/company
2026-06-17 13:22:22,204 [INFO] response: https://www.bing.com/search?q=%22Sociedad+Hotelera+San+Pablo%22+Bogota+site%3Alinkedin.com%2Fcompany 200
2026-06-17 13:22:23,272 [INFO] response: https://www.bing.com/search?q=%22Sociedad+Hotelera+San+Pablo%22+Bogota+site%3Alinkedin.com%2Fcompany&first=11&FORM=PERE 200
2026-06-17 13:22:24,431 [INFO] response: https://www.bing.com/search?q=%22Sociedad+Hotelera+San+Pablo%22+Bogota+site%3Alinkedin.com%2Fcompany&first=21&FORM=PERE1 200
2026-06-17 13:22:25,417 [INFO] response: https://www.bing.com/search?q=%22Sociedad+Hotelera+San+Pablo%22+Bogota+site%3Alinkedin.com%2Fcompany&first=31&FORM=PERE2 200
2026-06-17 13:22:26,607 [INFO] response: https://www.bing.com/search?q=%22Sociedad+Hotelera+San+Pablo%22+Bogota+site%3Alinkedin.com%2Fcompany&first=41&FORM=PERE3 200
2026-06-17 13:22:29,264 [INFO]   ❌ Sin resultado: Sociedad Hotelera San Pablo S A S
2026-06-17 13:22:35,737 [INFO] 
[119/330] O M Hoteles Operadores Hoteleros Ltda (Cali)
2026-06-17 13:22:35,737 [INFO]   🔍 DDG: "O M Hoteles Operadores Hoteleros" Cali email contacto
2026-06-17 13:22:36,132 [INFO] response: https://www.bing.com/search?q=%22O+M+Hoteles+Operadores+Hoteleros%22+Cali+email+contacto 200
2026-06-17 13:22:40,392 [INFO]   🔍 DDG: "O M Hoteles Operadores Hoteleros" Cali correo reservas
2026-06-17 13:22:40,727 [INFO] response: https://www.bing.com/search?q=%22O+M+Hoteles+Operadores+Hoteleros%22+Cali+correo+reservas 200
2026-06-17 13:22:44,370 [INFO]   🔍 DDG: "O M Hoteles Operadores Hoteleros" colombia hotel "@"
2026-06-17 13:22:49,750 [INFO] response: https://www.bing.com/search?q=%22O+M+Hoteles+Operadores+Hoteleros%22+colombia+hotel+%22%40%22 200
2026-06-17 13:22:51,822 [INFO]   🌐 Visitando (DDG): https://www.ejemplos.co/o-u-o/
2026-06-17 13:23:13,743 [INFO]   🔗 LinkedIn DDG: "O M Hoteles Operadores Hoteleros" Cali site:linkedin.com/company
2026-06-17 13:23:14,213 [INFO] response: https://www.bing.com/search?q=%22O+M+Hoteles+Operadores+Hoteleros%22+Cali+site%3Alinkedin.com%2Fcompany 200
2026-06-17 13:23:15,226 [INFO] response: https://www.bing.com/search?q=%22O+M+Hoteles+Operadores+Hoteleros%22+Cali+site%3Alinkedin.com%2Fcompany&first=11&FORM=PERE 200
2026-06-17 13:23:16,233 [INFO] response: https://www.bing.com/search?q=%22O+M+Hoteles+Operadores+Hoteleros%22+Cali+site%3Alinkedin.com%2Fcompany&first=21&FORM=PERE1 200
2026-06-17 13:23:17,239 [INFO] response: https://www.bing.com/search?q=%22O+M+Hoteles+Operadores+Hoteleros%22+Cali+site%3Alinkedin.com%2Fcompany&first=31&FORM=PERE2 200
2026-06-17 13:23:18,287 [INFO] response: https://www.bing.com/search?q=%22O+M+Hoteles+Operadores+Hoteleros%22+Cali+site%3Alinkedin.com%2Fcompany&first=41&FORM=PERE3 200
2026-06-17 13:23:22,346 [INFO]   ❌ Sin resultado: O M Hoteles Operadores Hoteleros Ltda
2026-06-17 13:23:26,838 [INFO] 
[120/330] Hampton by Hilton Barranquilla (Barranquilla)
2026-06-17 13:23:26,839 [INFO]   🌐 Scraping web conocida: https://www.hilton.com/en/hotels/baqhxhx-hampton-barranquilla/?SEO_id=GMB-AMER-HX-BAQHXHX&y_source=1_MTMyNjA3MzUtNzE1LWxvY2F0aW9uLndlYnNpdGU%3D
2026-06-17 13:23:28,076 [INFO]   🔍 DDG: "Hampton by Hilton Barranquilla" Barranquilla email contacto
2026-06-17 13:23:28,407 [INFO] response: https://www.bing.com/search?q=%22Hampton+by+Hilton+Barranquilla%22+Barranquilla+email+contacto 200
2026-06-17 13:23:32,270 [INFO]   🔍 DDG: "Hampton by Hilton Barranquilla" Barranquilla correo reservas
2026-06-17 13:23:37,713 [INFO] response: https://www.bing.com/search?q=%22Hampton+by+Hilton+Barranquilla%22+Barranquilla+correo+reservas 200
2026-06-17 13:23:42,051 [INFO]   🔍 DDG: "Hampton by Hilton Barranquilla" colombia hotel "@"
2026-06-17 13:23:42,347 [INFO] response: https://www.bing.com/search?q=%22Hampton+by+Hilton+Barranquilla%22+colombia+hotel+%22%40%22 200
2026-06-17 13:23:46,459 [INFO]   🌐 Visitando (DDG): https://www.displaylink.org/forum/
2026-06-17 13:23:47,537 [INFO]   ✅ Email en web DDG: alfredschut@home.nl
2026-06-17 13:23:47,539 [INFO]   📊 Progreso 120/330 | Emails: 35 | Webs: 0 | Sin resultado: 85
2026-06-17 13:23:54,549 [INFO] 
[121/330] Holiday Inn Express Barranquilla Buenavista (Barranquilla)
2026-06-17 13:23:54,549 [INFO]   🌐 Scraping web conocida: https://www.ihg.com/holidayinnexpress/hotels/us/en/barranquilla/baqex/hoteldetail?cm_mmc=GoogleMaps-_-EX-_-CO-_-BAQEX
2026-06-17 13:23:56,089 [INFO]   🔍 DDG: "Holiday Inn Express Barranquilla Buenavista" Barranquilla email contacto
2026-06-17 13:23:56,454 [INFO] response: https://www.bing.com/search?q=%22Holiday+Inn+Express+Barranquilla+Buenavista%22+Barranquilla+email+contacto 200
2026-06-17 13:23:59,586 [INFO]   🔍 DDG: "Holiday Inn Express Barranquilla Buenavista" Barranquilla correo reservas
2026-06-17 13:23:59,890 [INFO] response: https://www.bing.com/search?q=%22Holiday+Inn+Express+Barranquilla+Buenavista%22+Barranquilla+correo+reservas 200
2026-06-17 13:24:02,288 [INFO]   🔍 DDG: "Holiday Inn Express Barranquilla Buenavista" colombia hotel "@"
2026-06-17 13:24:02,616 [INFO] response: https://www.bing.com/search?q=%22Holiday+Inn+Express+Barranquilla+Buenavista%22+colombia+hotel+%22%40%22 200
2026-06-17 13:24:07,248 [INFO]   🔗 LinkedIn DDG: "Holiday Inn Express Barranquilla Buenavista" Barranquilla site:linkedin.com/company
2026-06-17 13:24:07,544 [INFO] response: https://www.bing.com/search?q=%22Holiday+Inn+Express+Barranquilla+Buenavista%22+Barranquilla+site%3Alinkedin.com%2Fcompany 200
2026-06-17 13:24:08,562 [INFO] response: https://www.bing.com/search?q=%22Holiday+Inn+Express+Barranquilla+Buenavista%22+Barranquilla+site%3Alinkedin.com%2Fcompany&first=11&FORM=PERE 200
2026-06-17 13:24:09,610 [INFO] response: https://www.bing.com/search?q=%22Holiday+Inn+Express+Barranquilla+Buenavista%22+Barranquilla+site%3Alinkedin.com%2Fcompany&first=21&FORM=PERE1 200
2026-06-17 13:24:10,722 [INFO] response: https://www.bing.com/search?q=%22Holiday+Inn+Express+Barranquilla+Buenavista%22+Barranquilla+site%3Alinkedin.com%2Fcompany&first=31&FORM=PERE2 200
2026-06-17 13:24:11,729 [INFO] response: https://www.bing.com/search?q=%22Holiday+Inn+Express+Barranquilla+Buenavista%22+Barranquilla+site%3Alinkedin.com%2Fcompany&first=41&FORM=PERE3 200
2026-06-17 13:24:16,228 [INFO]   ❌ Sin resultado: Holiday Inn Express Barranquilla Buenavista
2026-06-17 13:24:20,736 [INFO] 
[122/330] Faranda Collection Barranquilla, a member of Radisson Individuals (Barranquilla)
2026-06-17 13:24:20,736 [INFO]   🔍 DDG: "Faranda Collection Barranquilla, a member of Radisson Individuals" Barranquilla email contacto
2026-06-17 13:24:21,185 [INFO] response: https://www.bing.com/search?q=%22Faranda+Collection+Barranquilla%2C+a+member+of+Radisson+Individuals%22+Barranquilla+email+contacto 200
2026-06-17 13:24:24,914 [INFO]   🔍 DDG: "Faranda Collection Barranquilla, a member of Radisson Individuals" Barranquilla correo reservas
2026-06-17 13:24:25,285 [INFO] response: https://www.bing.com/search?q=%22Faranda+Collection+Barranquilla%2C+a+member+of+Radisson+Individuals%22+Barranquilla+correo+reservas 200
2026-06-17 13:24:28,820 [INFO]   🔍 DDG: "Faranda Collection Barranquilla, a member of Radisson Individuals" colombia hotel "@"
2026-06-17 13:24:29,193 [INFO] response: https://www.bing.com/search?q=%22Faranda+Collection+Barranquilla%2C+a+member+of+Radisson+Individuals%22+colombia+hotel+%22%40%22 200
2026-06-17 13:24:30,189 [INFO] response: https://www.bing.com/search?q=%22Faranda+Collection+Barranquilla%2C+a+member+of+Radisson+Individuals%22+colombia+hotel+%22%40%22&first=11&FORM=PERE 200
2026-06-17 13:24:31,285 [INFO] response: https://www.bing.com/search?q=%22Faranda+Collection+Barranquilla%2C+a+member+of+Radisson+Individuals%22+colombia+hotel+%22%40%22&first=21&FORM=PERE1 200
2026-06-17 13:24:32,344 [INFO] response: https://www.bing.com/search?q=%22Faranda+Collection+Barranquilla%2C+a+member+of+Radisson+Individuals%22+colombia+hotel+%22%40%22&first=31&FORM=PERE2 200
2026-06-17 13:24:33,449 [INFO] response: https://www.bing.com/search?q=%22Faranda+Collection+Barranquilla%2C+a+member+of+Radisson+Individuals%22+colombia+hotel+%22%40%22&first=41&FORM=PERE3 200
2026-06-17 13:24:37,828 [INFO]   🔗 LinkedIn DDG: "Faranda Collection Barranquilla, a member of Radisson Individuals" Barranquilla site:linkedin.com/company
2026-06-17 13:24:38,192 [INFO] response: https://www.bing.com/search?q=%22Faranda+Collection+Barranquilla%2C+a+member+of+Radisson+Individuals%22+Barranquilla+site%3Alinkedin.com%2Fcompany 200
2026-06-17 13:24:39,262 [INFO] response: https://www.bing.com/search?q=%22Faranda+Collection+Barranquilla%2C+a+member+of+Radisson+Individuals%22+Barranquilla+site%3Alinkedin.com%2Fcompany&first=11&FORM=PERE 200
2026-06-17 13:24:40,354 [INFO] response: https://www.bing.com/search?q=%22Faranda+Collection+Barranquilla%2C+a+member+of+Radisson+Individuals%22+Barranquilla+site%3Alinkedin.com%2Fcompany&first=21&FORM=PERE1 200
2026-06-17 13:24:41,398 [INFO] response: https://www.bing.com/search?q=%22Faranda+Collection+Barranquilla%2C+a+member+of+Radisson+Individuals%22+Barranquilla+site%3Alinkedin.com%2Fcompany&first=31&FORM=PERE2 200
2026-06-17 13:24:42,437 [INFO] response: https://www.bing.com/search?q=%22Faranda+Collection+Barranquilla%2C+a+member+of+Radisson+Individuals%22+Barranquilla+site%3Alinkedin.com%2Fcompany&first=41&FORM=PERE3 200
2026-06-17 13:24:45,711 [INFO]   ❌ Sin resultado: Faranda Collection Barranquilla, a member of Radisson Individuals
2026-06-17 13:24:49,922 [INFO] 
[123/330] Howard Johnson by Wyndham Barranquilla Versalles (Barranquilla)
2026-06-17 13:24:49,923 [INFO]   🔍 DDG: "Howard Johnson by Wyndham Barranquilla Versalles" Barranquilla email contacto
2026-06-17 13:24:50,366 [INFO] response: https://www.bing.com/search?q=%22Howard+Johnson+by+Wyndham+Barranquilla+Versalles%22+Barranquilla+email+contacto 200
2026-06-17 13:24:54,310 [INFO]   🔍 DDG: "Howard Johnson by Wyndham Barranquilla Versalles" Barranquilla correo reservas
2026-06-17 13:24:54,660 [INFO] response: https://www.bing.com/search?q=%22Howard+Johnson+by+Wyndham+Barranquilla+Versalles%22+Barranquilla+correo+reservas 200
2026-06-17 13:24:57,965 [INFO]   🔍 DDG: "Howard Johnson by Wyndham Barranquilla Versalles" colombia hotel "@"
2026-06-17 13:24:58,265 [INFO] response: https://www.bing.com/search?q=%22Howard+Johnson+by+Wyndham+Barranquilla+Versalles%22+colombia+hotel+%22%40%22 200
2026-06-17 13:25:00,732 [INFO]   🌐 Visitando (DDG): https://dicionariocriativo.com.br/analogico/focado/substantivo/atenção
2026-06-17 13:25:25,688 [INFO]   🌐 Visitando (DDG): https://portuguesaletra.com/relacionadas/palavras-relacionadas-com-focar/
2026-06-17 13:25:39,874 [INFO]   🌐 Visitando (DDG): https://portuguesaletra.com/relacionadas/palavras-relacionadas-com-focar-em/
2026-06-17 13:25:52,777 [INFO]   🔗 LinkedIn DDG: "Howard Johnson by Wyndham Barranquilla Versalles" Barranquilla site:linkedin.com/company
2026-06-17 13:25:53,140 [INFO] response: https://www.bing.com/search?q=%22Howard+Johnson+by+Wyndham+Barranquilla+Versalles%22+Barranquilla+site%3Alinkedin.com%2Fcompany 200
2026-06-17 13:25:54,185 [INFO] response: https://www.bing.com/search?q=%22Howard+Johnson+by+Wyndham+Barranquilla+Versalles%22+Barranquilla+site%3Alinkedin.com%2Fcompany&first=11&FORM=PERE 200
2026-06-17 13:25:55,256 [INFO] response: https://www.bing.com/search?q=%22Howard+Johnson+by+Wyndham+Barranquilla+Versalles%22+Barranquilla+site%3Alinkedin.com%2Fcompany&first=21&FORM=PERE1 200
2026-06-17 13:25:56,263 [INFO] response: https://www.bing.com/search?q=%22Howard+Johnson+by+Wyndham+Barranquilla+Versalles%22+Barranquilla+site%3Alinkedin.com%2Fcompany&first=31&FORM=PERE2 200
2026-06-17 13:25:57,329 [INFO] response: https://www.bing.com/search?q=%22Howard+Johnson+by+Wyndham+Barranquilla+Versalles%22+Barranquilla+site%3Alinkedin.com%2Fcompany&first=41&FORM=PERE3 200
2026-06-17 13:25:59,585 [INFO]   ❌ Sin resultado: Howard Johnson by Wyndham Barranquilla Versalles
2026-06-17 13:26:03,652 [INFO] 
[124/330] Hotel sofichic (Barranquilla)
2026-06-17 13:26:03,652 [INFO]   🔍 DDG: "Hotel sofichic" Barranquilla email contacto
2026-06-17 13:26:04,211 [INFO] response: https://www.bing.com/search?q=%22Hotel+sofichic%22+Barranquilla+email+contacto 200
2026-06-17 13:26:08,187 [INFO]   🔍 DDG: "Hotel sofichic" Barranquilla correo reservas
2026-06-17 13:26:08,615 [INFO] response: https://www.bing.com/search?q=%22Hotel+sofichic%22+Barranquilla+correo+reservas 200
2026-06-17 13:26:09,727 [INFO] response: https://www.bing.com/search?q=%22Hotel+sofichic%22+Barranquilla+correo+reservas&first=11&FORM=PERE 200
2026-06-17 13:26:11,033 [INFO] response: https://www.bing.com/search?q=%22Hotel+sofichic%22+Barranquilla+correo+reservas&first=21&FORM=PERE1 200
2026-06-17 13:26:12,036 [INFO] response: https://www.bing.com/search?q=%22Hotel+sofichic%22+Barranquilla+correo+reservas&first=31&FORM=PERE2 200
2026-06-17 13:26:13,041 [INFO] response: https://www.bing.com/search?q=%22Hotel+sofichic%22+Barranquilla+correo+reservas&first=41&FORM=PERE3 200
2026-06-17 13:26:17,541 [INFO]   🔍 DDG: "Hotel sofichic" colombia hotel "@"
2026-06-17 13:26:23,114 [INFO] response: https://www.bing.com/search?q=%22Hotel+sofichic%22+colombia+hotel+%22%40%22 200
2026-06-17 13:26:25,682 [INFO]   🌐 Visitando (DDG): https://www.hodelpa.com/
2026-06-17 13:26:34,327 [INFO]   ✅ Email en web DDG: reservas@hodelpa.com
2026-06-17 13:26:38,444 [INFO] 
[125/330] Hilton Garden Inn Barranquilla (Barranquilla)
2026-06-17 13:26:38,444 [INFO]   🌐 Scraping web conocida: https://www.hilton.com/en/hotels/baqacgi-hilton-garden-inn-barranquilla/?SEO_id=GMB-AMER-GI-BAQACGI&y_source=1_MTIxNjk0OTUtNzE1LWxvY2F0aW9uLndlYnNpdGU%3D
2026-06-17 13:26:38,945 [INFO]   🔍 DDG: "Hilton Garden Inn Barranquilla" Barranquilla email contacto
2026-06-17 13:26:39,354 [INFO] response: https://www.bing.com/search?q=%22Hilton+Garden+Inn+Barranquilla%22+Barranquilla+email+contacto 200
2026-06-17 13:26:43,954 [INFO]   🔍 DDG: "Hilton Garden Inn Barranquilla" Barranquilla correo reservas
2026-06-17 13:26:49,408 [INFO] response: https://www.bing.com/search?q=%22Hilton+Garden+Inn+Barranquilla%22+Barranquilla+correo+reservas 200
2026-06-17 13:26:53,705 [INFO]   🔍 DDG: "Hilton Garden Inn Barranquilla" colombia hotel "@"
2026-06-17 13:26:54,216 [INFO] response: https://www.bing.com/search?q=%22Hilton+Garden+Inn+Barranquilla%22+colombia+hotel+%22%40%22 200
2026-06-17 13:26:57,285 [INFO]   🔗 LinkedIn DDG: "Hilton Garden Inn Barranquilla" Barranquilla site:linkedin.com/company
2026-06-17 13:26:57,993 [INFO] response: https://www.bing.com/search?q=%22Hilton+Garden+Inn+Barranquilla%22+Barranquilla+site%3Alinkedin.com%2Fcompany 200
2026-06-17 13:26:59,378 [INFO] response: https://www.bing.com/search?q=%22Hilton+Garden+Inn+Barranquilla%22+Barranquilla+site%3Alinkedin.com%2Fcompany&first=11&FORM=PERE 200
2026-06-17 13:27:00,627 [INFO] response: https://www.bing.com/search?q=%22Hilton+Garden+Inn+Barranquilla%22+Barranquilla+site%3Alinkedin.com%2Fcompany&first=21&FORM=PERE1 200
2026-06-17 13:27:01,782 [INFO] response: https://www.bing.com/search?q=%22Hilton+Garden+Inn+Barranquilla%22+Barranquilla+site%3Alinkedin.com%2Fcompany&first=31&FORM=PERE2 200
2026-06-17 13:27:03,034 [INFO] response: https://www.bing.com/search?q=%22Hilton+Garden+Inn+Barranquilla%22+Barranquilla+site%3Alinkedin.com%2Fcompany&first=41&FORM=PERE3 200
2026-06-17 13:27:07,192 [INFO]   ❌ Sin resultado: Hilton Garden Inn Barranquilla
2026-06-17 13:27:13,860 [INFO] 
[126/330] Four Points by Sheraton Barranquilla (Barranquilla)
2026-06-17 13:27:13,861 [INFO]   🌐 Scraping web conocida: https://www.marriott.com/en-us/hotels/baqfp-four-points-barranquilla/overview/?scid=f2ae0541-1279-4f24-b197-a979c79310b0
2026-06-17 13:27:32,186 [INFO]   🔍 DDG: "Four Points by Sheraton Barranquilla" Barranquilla email contacto
2026-06-17 13:27:32,532 [INFO] response: https://www.bing.com/search?q=%22Four+Points+by+Sheraton+Barranquilla%22+Barranquilla+email+contacto 200
2026-06-17 13:27:35,880 [INFO]   🔍 DDG: "Four Points by Sheraton Barranquilla" Barranquilla correo reservas
2026-06-17 13:27:36,206 [INFO] response: https://www.bing.com/search?q=%22Four+Points+by+Sheraton+Barranquilla%22+Barranquilla+correo+reservas 200
2026-06-17 13:27:38,518 [INFO]   🔍 DDG: "Four Points by Sheraton Barranquilla" colombia hotel "@"
2026-06-17 13:27:38,985 [INFO] response: https://www.bing.com/search?q=%22Four+Points+by+Sheraton+Barranquilla%22+colombia+hotel+%22%40%22 200
2026-06-17 13:27:43,008 [INFO]   🌐 Visitando (DDG): https://www.rccc.eu/calculadoras/FOUR.html
2026-06-17 13:28:03,323 [INFO]   🌐 Visitando (DDG): https://www.ingles.com/traductor/four
2026-06-17 13:28:14,905 [INFO]   🌐 Visitando (DDG): https://dictionary.cambridge.org/es/diccionario/ingles-espanol/four
2026-06-17 13:28:28,038 [INFO]   🔗 LinkedIn DDG: "Four Points by Sheraton Barranquilla" Barranquilla site:linkedin.com/company
2026-06-17 13:28:28,365 [INFO] response: https://www.bing.com/search?q=%22Four+Points+by+Sheraton+Barranquilla%22+Barranquilla+site%3Alinkedin.com%2Fcompany 200
2026-06-17 13:28:29,411 [INFO] response: https://www.bing.com/search?q=%22Four+Points+by+Sheraton+Barranquilla%22+Barranquilla+site%3Alinkedin.com%2Fcompany&first=11&FORM=PERE 200
2026-06-17 13:28:30,549 [INFO] response: https://www.bing.com/search?q=%22Four+Points+by+Sheraton+Barranquilla%22+Barranquilla+site%3Alinkedin.com%2Fcompany&first=21&FORM=PERE1 200
2026-06-17 13:28:31,548 [INFO] response: https://www.bing.com/search?q=%22Four+Points+by+Sheraton+Barranquilla%22+Barranquilla+site%3Alinkedin.com%2Fcompany&first=31&FORM=PERE2 200
2026-06-17 13:28:32,583 [INFO] response: https://www.bing.com/search?q=%22Four+Points+by+Sheraton+Barranquilla%22+Barranquilla+site%3Alinkedin.com%2Fcompany&first=41&FORM=PERE3 200
2026-06-17 13:28:35,359 [INFO]   ❌ Sin resultado: Four Points by Sheraton Barranquilla
2026-06-17 13:28:43,119 [INFO] 
[127/330] Crowne Plaza - Barranquilla (Barranquilla)
2026-06-17 13:28:43,120 [INFO]   🌐 Scraping web conocida: https://www.ihg.com/crowneplaza/hotels/us/en/barranquilla/baqbc/hoteldetail?cm_mmc=GoogleMaps-_-CP-_-CO-_-BAQBC
2026-06-17 13:29:07,740 [INFO]   🔍 DDG: "Crowne Plaza - Barranquilla" Barranquilla email contacto
2026-06-17 13:29:08,152 [INFO] response: https://www.bing.com/search?q=%22Crowne+Plaza+-+Barranquilla%22+Barranquilla+email+contacto 200
2026-06-17 13:29:12,011 [INFO]   🔍 DDG: "Crowne Plaza - Barranquilla" Barranquilla correo reservas
2026-06-17 13:29:17,474 [INFO] response: https://www.bing.com/search?q=%22Crowne+Plaza+-+Barranquilla%22+Barranquilla+correo+reservas 200
2026-06-17 13:29:21,977 [INFO]   🔍 DDG: "Crowne Plaza - Barranquilla" colombia hotel "@"
2026-06-17 13:29:22,401 [INFO] response: https://www.bing.com/search?q=%22Crowne+Plaza+-+Barranquilla%22+colombia+hotel+%22%40%22 200
2026-06-17 13:29:23,437 [INFO] response: https://www.bing.com/search?q=%22Crowne+Plaza+-+Barranquilla%22+colombia+hotel+%22%40%22&first=11&FORM=PERE 200
2026-06-17 13:29:24,468 [INFO] response: https://www.bing.com/search?q=%22Crowne+Plaza+-+Barranquilla%22+colombia+hotel+%22%40%22&first=21&FORM=PERE1 200
2026-06-17 13:29:25,594 [INFO] response: https://www.bing.com/search?q=%22Crowne+Plaza+-+Barranquilla%22+colombia+hotel+%22%40%22&first=31&FORM=PERE2 200
2026-06-17 13:29:26,715 [INFO] response: https://www.bing.com/search?q=%22Crowne+Plaza+-+Barranquilla%22+colombia+hotel+%22%40%22&first=41&FORM=PERE3 200
2026-06-17 13:29:30,496 [INFO]   🌐 Visitando (DDG): https://www.ihg.com/crowneplaza/hotels/us/es/barranquilla/baqbc/hoteldetail?msockid=1ee2d36b8f07670f262cc4108ecb66bf
2026-06-17 13:29:33,849 [INFO]   🌐 Visitando (DDG): https://crowneplazaihg.barranquillachotel.com/es/
2026-06-17 13:29:53,027 [INFO]   🌐 Visitando (DDG): https://colombiabz.com/atlantico/crowne-plaza-barranquilla-19397
2026-06-17 13:30:14,202 [INFO]   🔗 LinkedIn DDG: "Crowne Plaza - Barranquilla" Barranquilla site:linkedin.com/company
2026-06-17 13:30:19,831 [INFO] response: https://www.bing.com/search?q=%22Crowne+Plaza+-+Barranquilla%22+Barranquilla+site%3Alinkedin.com%2Fcompany 200
2026-06-17 13:30:20,898 [INFO] response: https://www.bing.com/search?q=%22Crowne+Plaza+-+Barranquilla%22+Barranquilla+site%3Alinkedin.com%2Fcompany&first=11&FORM=PERE 200
2026-06-17 13:30:21,916 [INFO] response: https://www.bing.com/search?q=%22Crowne+Plaza+-+Barranquilla%22+Barranquilla+site%3Alinkedin.com%2Fcompany&first=21&FORM=PERE1 200
2026-06-17 13:30:22,903 [INFO] response: https://www.bing.com/search?q=%22Crowne+Plaza+-+Barranquilla%22+Barranquilla+site%3Alinkedin.com%2Fcompany&first=31&FORM=PERE2 200
2026-06-17 13:30:23,959 [INFO] response: https://www.bing.com/search?q=%22Crowne+Plaza+-+Barranquilla%22+Barranquilla+site%3Alinkedin.com%2Fcompany&first=41&FORM=PERE3 200
2026-06-17 13:30:27,354 [INFO]   ❌ Sin resultado: Crowne Plaza - Barranquilla
2026-06-17 13:30:33,989 [INFO] 
[128/330] Ayenda 1315 Candiac (Barranquilla)
2026-06-17 13:30:33,989 [INFO]   🔍 DDG: "Ayenda 1315 Candiac" Barranquilla email contacto
2026-06-17 13:30:34,463 [INFO] response: https://www.bing.com/search?q=%22Ayenda+1315+Candiac%22+Barranquilla+email+contacto 200
2026-06-17 13:30:37,561 [INFO]   🔍 DDG: "Ayenda 1315 Candiac" Barranquilla correo reservas
2026-06-17 13:30:37,928 [INFO] response: https://www.bing.com/search?q=%22Ayenda+1315+Candiac%22+Barranquilla+correo+reservas 200
2026-06-17 13:30:41,644 [INFO]   🔍 DDG: "Ayenda 1315 Candiac" colombia hotel "@"
2026-06-17 13:30:42,024 [INFO] response: https://www.bing.com/search?q=%22Ayenda+1315+Candiac%22+colombia+hotel+%22%40%22 200
2026-06-17 13:30:44,417 [INFO]   🔗 LinkedIn DDG: "Ayenda 1315 Candiac" Barranquilla site:linkedin.com/company
2026-06-17 13:30:44,791 [INFO] response: https://www.bing.com/search?q=%22Ayenda+1315+Candiac%22+Barranquilla+site%3Alinkedin.com%2Fcompany 200
2026-06-17 13:30:45,766 [INFO] response: https://www.bing.com/search?q=%22Ayenda+1315+Candiac%22+Barranquilla+site%3Alinkedin.com%2Fcompany&first=11&FORM=PERE 200
2026-06-17 13:30:46,754 [INFO] response: https://www.bing.com/search?q=%22Ayenda+1315+Candiac%22+Barranquilla+site%3Alinkedin.com%2Fcompany&first=21&FORM=PERE1 200
2026-06-17 13:30:47,760 [INFO] response: https://www.bing.com/search?q=%22Ayenda+1315+Candiac%22+Barranquilla+site%3Alinkedin.com%2Fcompany&first=31&FORM=PERE2 200
2026-06-17 13:30:48,780 [INFO] response: https://www.bing.com/search?q=%22Ayenda+1315+Candiac%22+Barranquilla+site%3Alinkedin.com%2Fcompany&first=41&FORM=PERE3 200
2026-06-17 13:30:52,284 [INFO]   ❌ Sin resultado: Ayenda 1315 Candiac
2026-06-17 13:30:57,204 [INFO] 
[129/330] Hotel Caribe 79 (Barranquilla)
2026-06-17 13:30:57,204 [INFO]   🌐 Scraping web conocida: https://hotelcaribe79.com/
2026-06-17 13:31:05,245 [INFO]   🔍 DDG: "Hotel Caribe 79" Barranquilla email contacto
2026-06-17 13:31:10,629 [INFO] response: https://www.bing.com/search?q=%22Hotel+Caribe+79%22+Barranquilla+email+contacto 200
2026-06-17 13:31:12,997 [INFO]   🔍 DDG: "Hotel Caribe 79" Barranquilla correo reservas
2026-06-17 13:31:13,388 [INFO] response: https://www.bing.com/search?q=%22Hotel+Caribe+79%22+Barranquilla+correo+reservas 200
2026-06-17 13:31:17,593 [INFO]   🔍 DDG: "Hotel Caribe 79" colombia hotel "@"
2026-06-17 13:31:17,962 [INFO] response: https://www.bing.com/search?q=%22Hotel+Caribe+79%22+colombia+hotel+%22%40%22 200
2026-06-17 13:31:21,493 [INFO]   🌐 Visitando (DDG): https://www.hodelpa.com/
2026-06-17 13:31:23,854 [INFO]   ✅ Email en web DDG: reservas@hodelpa.com
2026-06-17 13:31:31,807 [INFO] 
[130/330] Wyndham Garden Barranquilla (Barranquilla)
2026-06-17 13:31:31,807 [INFO]   🔍 DDG: "Wyndham Garden Barranquilla" Barranquilla email contacto
2026-06-17 13:31:32,162 [INFO] response: https://www.bing.com/search?q=%22Wyndham+Garden+Barranquilla%22+Barranquilla+email+contacto 200
2026-06-17 13:31:36,512 [INFO]   🔍 DDG: "Wyndham Garden Barranquilla" Barranquilla correo reservas
2026-06-17 13:31:36,904 [INFO] response: https://www.bing.com/search?q=%22Wyndham+Garden+Barranquilla%22+Barranquilla+correo+reservas 200
2026-06-17 13:31:39,153 [INFO]   🔍 DDG: "Wyndham Garden Barranquilla" colombia hotel "@"
2026-06-17 13:31:44,532 [INFO] response: https://www.bing.com/search?q=%22Wyndham+Garden+Barranquilla%22+colombia+hotel+%22%40%22 200
2026-06-17 13:31:48,755 [INFO]   🌐 Visitando (DDG): https://clubwyndham.wyndhamdestinations.com/us/en/login?msockid=031d0612be1b67fb2f6d1169bff16676
2026-06-17 13:31:52,248 [INFO]   ✅ Email en web DDG: spanishservices@wyn.com
2026-06-17 13:31:52,249 [INFO]   📊 Progreso 130/330 | Emails: 38 | Webs: 0 | Sin resultado: 92
2026-06-17 13:31:59,390 [INFO] 
[131/330] Ayenda 1313 Barahona 72 (Barranquilla)
2026-06-17 13:31:59,391 [INFO]   🔍 DDG: "Ayenda 1313 Barahona 72" Barranquilla email contacto
2026-06-17 13:31:59,718 [INFO] response: https://www.bing.com/search?q=%22Ayenda+1313+Barahona+72%22+Barranquilla+email+contacto 200
2026-06-17 13:32:03,992 [INFO]   🔍 DDG: "Ayenda 1313 Barahona 72" Barranquilla correo reservas
2026-06-17 13:32:09,361 [INFO] response: https://www.bing.com/search?q=%22Ayenda+1313+Barahona+72%22+Barranquilla+correo+reservas 200
2026-06-17 13:32:10,391 [INFO] response: https://www.bing.com/search?q=%22Ayenda+1313+Barahona+72%22+Barranquilla+correo+reservas&first=11&FORM=PERE 200
2026-06-17 13:32:11,491 [INFO] response: https://www.bing.com/search?q=%22Ayenda+1313+Barahona+72%22+Barranquilla+correo+reservas&first=21&FORM=PERE1 200
2026-06-17 13:32:12,670 [INFO] response: https://www.bing.com/search?q=%22Ayenda+1313+Barahona+72%22+Barranquilla+correo+reservas&first=31&FORM=PERE2 200
2026-06-17 13:32:13,741 [INFO] response: https://www.bing.com/search?q=%22Ayenda+1313+Barahona+72%22+Barranquilla+correo+reservas&first=41&FORM=PERE3 200
2026-06-17 13:32:18,166 [INFO]   🔍 DDG: "Ayenda 1313 Barahona 72" colombia hotel "@"
2026-06-17 13:32:18,467 [INFO] response: https://www.bing.com/search?q=%22Ayenda+1313+Barahona+72%22+colombia+hotel+%22%40%22 200
2026-06-17 13:32:22,601 [INFO]   🔗 LinkedIn DDG: "Ayenda 1313 Barahona 72" Barranquilla site:linkedin.com/company
2026-06-17 13:32:23,028 [INFO] response: https://www.bing.com/search?q=%22Ayenda+1313+Barahona+72%22+Barranquilla+site%3Alinkedin.com%2Fcompany 200
2026-06-17 13:32:24,119 [INFO] response: https://www.bing.com/search?q=%22Ayenda+1313+Barahona+72%22+Barranquilla+site%3Alinkedin.com%2Fcompany&first=11&FORM=PERE 200
2026-06-17 13:32:25,361 [INFO] response: https://www.bing.com/search?q=%22Ayenda+1313+Barahona+72%22+Barranquilla+site%3Alinkedin.com%2Fcompany&first=21&FORM=PERE1 200
2026-06-17 13:32:26,355 [INFO] response: https://www.bing.com/search?q=%22Ayenda+1313+Barahona+72%22+Barranquilla+site%3Alinkedin.com%2Fcompany&first=31&FORM=PERE2 200
2026-06-17 13:32:27,555 [INFO] response: https://www.bing.com/search?q=%22Ayenda+1313+Barahona+72%22+Barranquilla+site%3Alinkedin.com%2Fcompany&first=41&FORM=PERE3 200
2026-06-17 13:32:31,591 [INFO]   ❌ Sin resultado: Ayenda 1313 Barahona 72
2026-06-17 13:32:36,952 [INFO] 
[132/330] Hotel NH Collection Barranquilla Smartsuites Royal (Barranquilla)
2026-06-17 13:32:36,952 [INFO]   🔍 DDG: "Hotel NH Collection Barranquilla Smartsuites Royal" Barranquilla email contacto
2026-06-17 13:32:42,331 [INFO] response: https://www.bing.com/search?q=%22Hotel+NH+Collection+Barranquilla+Smartsuites+Royal%22+Barranquilla+email+contacto 200
2026-06-17 13:32:45,196 [INFO]   🔍 DDG: "Hotel NH Collection Barranquilla Smartsuites Royal" Barranquilla correo reservas
2026-06-17 13:32:45,563 [INFO] response: https://www.bing.com/search?q=%22Hotel+NH+Collection+Barranquilla+Smartsuites+Royal%22+Barranquilla+correo+reservas 200
2026-06-17 13:32:47,791 [INFO]   🔍 DDG: "Hotel NH Collection Barranquilla Smartsuites Royal" colombia hotel "@"
2026-06-17 13:32:48,180 [INFO] response: https://www.bing.com/search?q=%22Hotel+NH+Collection+Barranquilla+Smartsuites+Royal%22+colombia+hotel+%22%40%22 200
2026-06-17 13:32:50,540 [INFO]   🔗 LinkedIn DDG: "Hotel NH Collection Barranquilla Smartsuites Royal" Barranquilla site:linkedin.com/company
2026-06-17 13:32:50,859 [INFO] response: https://www.bing.com/search?q=%22Hotel+NH+Collection+Barranquilla+Smartsuites+Royal%22+Barranquilla+site%3Alinkedin.com%2Fcompany 200
2026-06-17 13:32:51,959 [INFO] response: https://www.bing.com/search?q=%22Hotel+NH+Collection+Barranquilla+Smartsuites+Royal%22+Barranquilla+site%3Alinkedin.com%2Fcompany&first=11&FORM=PERE 200
2026-06-17 13:32:52,958 [INFO] response: https://www.bing.com/search?q=%22Hotel+NH+Collection+Barranquilla+Smartsuites+Royal%22+Barranquilla+site%3Alinkedin.com%2Fcompany&first=21&FORM=PERE1 200
2026-06-17 13:32:53,962 [INFO] response: https://www.bing.com/search?q=%22Hotel+NH+Collection+Barranquilla+Smartsuites+Royal%22+Barranquilla+site%3Alinkedin.com%2Fcompany&first=31&FORM=PERE2 200
2026-06-17 13:32:54,975 [INFO] response: https://www.bing.com/search?q=%22Hotel+NH+Collection+Barranquilla+Smartsuites+Royal%22+Barranquilla+site%3Alinkedin.com%2Fcompany&first=41&FORM=PERE3 200
2026-06-17 13:32:57,925 [INFO]   ❌ Sin resultado: Hotel NH Collection Barranquilla Smartsuites Royal
2026-06-17 13:33:03,357 [INFO] 
[133/330] Hotel Santa Ana Luxury Rentals - 144 (Bogota)
2026-06-17 13:33:03,357 [INFO]   🔍 DDG: "Hotel Santa Ana Luxury Rentals - 144" Bogota email contacto
2026-06-17 13:33:08,672 [INFO] response: https://www.bing.com/search?q=%22Hotel+Santa+Ana+Luxury+Rentals+-+144%22+Bogota+email+contacto 200
2026-06-17 13:33:12,516 [INFO]   🔍 DDG: "Hotel Santa Ana Luxury Rentals - 144" Bogota correo reservas
2026-06-17 13:33:17,833 [INFO] response: https://www.bing.com/search?q=%22Hotel+Santa+Ana+Luxury+Rentals+-+144%22+Bogota+correo+reservas 200
2026-06-17 13:33:21,601 [INFO]   🔍 DDG: "Hotel Santa Ana Luxury Rentals - 144" colombia hotel "@"
2026-06-17 13:33:22,123 [INFO] response: https://www.bing.com/search?q=%22Hotel+Santa+Ana+Luxury+Rentals+-+144%22+colombia+hotel+%22%40%22 200
2026-06-17 13:33:24,664 [INFO]   🌐 Visitando (DDG): https://www.hodelpa.com/
2026-06-17 13:33:27,495 [INFO]   ✅ Email en web DDG: reservas@hodelpa.com
2026-06-17 13:33:32,822 [INFO] 
[134/330] Grand Hyatt | Bogotá (Bogota)
2026-06-17 13:33:32,822 [INFO]   🌐 Scraping web conocida: https://www.hyatt.com/grand-hyatt/en-US/boggh-grand-hyatt-bogota?src=corp_lclb_google_seo_boggh&utm_source=google&utm_medium=organic&utm_campaign=lmr
2026-06-17 13:33:35,346 [INFO]   🔍 DDG: "Grand Hyatt | Bogotá" Bogota email contacto
2026-06-17 13:33:40,761 [INFO] response: https://www.bing.com/search?q=%22Grand+Hyatt+%7C+Bogot%C3%A1%22+Bogota+email+contacto 200
2026-06-17 13:33:43,515 [INFO]   🔍 DDG: "Grand Hyatt | Bogotá" Bogota correo reservas
2026-06-17 13:33:43,834 [INFO] response: https://www.bing.com/search?q=%22Grand+Hyatt+%7C+Bogot%C3%A1%22+Bogota+correo+reservas 200
2026-06-17 13:33:46,385 [INFO]   🔍 DDG: "Grand Hyatt | Bogotá" colombia hotel "@"
2026-06-17 13:33:46,856 [INFO] response: https://www.bing.com/search?q=%22Grand+Hyatt+%7C+Bogot%C3%A1%22+colombia+hotel+%22%40%22 200
2026-06-17 13:33:51,144 [INFO]   🌐 Visitando (DDG): https://dictionary.cambridge.org/es/diccionario/ingles-espanol/grand
2026-06-17 13:34:03,023 [INFO]   🌐 Visitando (DDG): https://www.rockstargames.com/
2026-06-17 13:34:15,257 [INFO]   🌐 Visitando (DDG): https://www.collinsdictionary.com/es/diccionario/ingles/grand
2026-06-17 13:34:18,545 [INFO]   🔗 LinkedIn DDG: "Grand Hyatt | Bogotá" Bogota site:linkedin.com/company
2026-06-17 13:34:19,172 [INFO] response: https://www.bing.com/search?q=%22Grand+Hyatt+%7C+Bogot%C3%A1%22+Bogota+site%3Alinkedin.com%2Fcompany 200
2026-06-17 13:34:20,197 [INFO] response: https://www.bing.com/search?q=%22Grand+Hyatt+%7C+Bogot%C3%A1%22+Bogota+site%3Alinkedin.com%2Fcompany&first=11&FORM=PERE 200
2026-06-17 13:34:21,325 [INFO] response: https://www.bing.com/search?q=%22Grand+Hyatt+%7C+Bogot%C3%A1%22+Bogota+site%3Alinkedin.com%2Fcompany&first=21&FORM=PERE1 200
2026-06-17 13:34:22,562 [INFO] response: https://www.bing.com/search?q=%22Grand+Hyatt+%7C+Bogot%C3%A1%22+Bogota+site%3Alinkedin.com%2Fcompany&first=31&FORM=PERE2 200
2026-06-17 13:34:23,783 [INFO] response: https://www.bing.com/search?q=%22Grand+Hyatt+%7C+Bogot%C3%A1%22+Bogota+site%3Alinkedin.com%2Fcompany&first=41&FORM=PERE3 200
2026-06-17 13:34:26,245 [INFO]   ❌ Sin resultado: Grand Hyatt | Bogotá
2026-06-17 13:34:33,953 [INFO] 
[135/330] EXPOSTAY HOTEL CORFERIAS, BOGOTA (Bogota)
2026-06-17 13:34:33,954 [INFO]   🌐 Scraping web conocida: http://www.expostayhotel.com/
2026-06-17 13:34:56,640 [INFO]   🔍 DDG: "EXPOSTAY HOTEL CORFERIAS, BOGOTA" Bogota email contacto
2026-06-17 13:34:56,979 [INFO] response: https://www.bing.com/search?q=%22EXPOSTAY+HOTEL+CORFERIAS%2C+BOGOTA%22+Bogota+email+contacto 200
2026-06-17 13:35:00,782 [INFO]   🔍 DDG: "EXPOSTAY HOTEL CORFERIAS, BOGOTA" Bogota correo reservas
2026-06-17 13:35:06,313 [INFO] response: https://www.bing.com/search?q=%22EXPOSTAY+HOTEL+CORFERIAS%2C+BOGOTA%22+Bogota+correo+reservas 200
2026-06-17 13:35:07,443 [INFO] response: https://www.bing.com/search?q=%22EXPOSTAY+HOTEL+CORFERIAS%2C+BOGOTA%22+Bogota+correo+reservas&first=11&FORM=PERE 200
2026-06-17 13:35:11,510 [INFO]   🔍 DDG: "EXPOSTAY HOTEL CORFERIAS, BOGOTA" colombia hotel "@"
2026-06-17 13:35:11,984 [INFO] response: https://www.bing.com/search?q=%22EXPOSTAY+HOTEL+CORFERIAS%2C+BOGOTA%22+colombia+hotel+%22%40%22 200
2026-06-17 13:35:14,903 [INFO]   🌐 Visitando (DDG): https://www.workshop.bunnings.com.au/
2026-06-17 13:35:23,795 [INFO]   🌐 Visitando (DDG): https://www.workshop.bunnings.com.au/discussion/51668/where-to-find-free-pallets
2026-06-17 13:35:26,451 [INFO]   🌐 Visitando (DDG): https://forums.whirlpool.net.au/archive/35pnqlv4
2026-06-17 13:35:42,304 [INFO]   🔗 LinkedIn DDG: "EXPOSTAY HOTEL CORFERIAS, BOGOTA" Bogota site:linkedin.com/company
2026-06-17 13:35:42,715 [INFO] response: https://www.bing.com/search?q=%22EXPOSTAY+HOTEL+CORFERIAS%2C+BOGOTA%22+Bogota+site%3Alinkedin.com%2Fcompany 200
2026-06-17 13:35:43,692 [INFO] response: https://www.bing.com/search?q=%22EXPOSTAY+HOTEL+CORFERIAS%2C+BOGOTA%22+Bogota+site%3Alinkedin.com%2Fcompany&first=11&FORM=PERE 200
2026-06-17 13:35:44,709 [INFO] response: https://www.bing.com/search?q=%22EXPOSTAY+HOTEL+CORFERIAS%2C+BOGOTA%22+Bogota+site%3Alinkedin.com%2Fcompany&first=21&FORM=PERE1 200
2026-06-17 13:35:45,728 [INFO] response: https://www.bing.com/search?q=%22EXPOSTAY+HOTEL+CORFERIAS%2C+BOGOTA%22+Bogota+site%3Alinkedin.com%2Fcompany&first=31&FORM=PERE2 200
2026-06-17 13:35:46,685 [INFO] response: https://www.bing.com/search?q=%22EXPOSTAY+HOTEL+CORFERIAS%2C+BOGOTA%22+Bogota+site%3Alinkedin.com%2Fcompany&first=41&FORM=PERE3 200
2026-06-17 13:35:50,204 [INFO]   ❌ Sin resultado: EXPOSTAY HOTEL CORFERIAS, BOGOTA
2026-06-17 13:35:54,377 [INFO] 
[136/330] Hospedaje Sary house (Bogota)
2026-06-17 13:35:54,377 [INFO]   🌐 Scraping web conocida: https://www.saryhouse.com/
2026-06-17 13:36:01,410 [INFO]   🔍 DDG: "Hospedaje Sary house" Bogota email contacto
2026-06-17 13:36:01,770 [INFO] response: https://www.bing.com/search?q=%22Hospedaje+Sary+house%22+Bogota+email+contacto 200
2026-06-17 13:36:04,370 [INFO]   🔍 DDG: "Hospedaje Sary house" Bogota correo reservas
2026-06-17 13:36:04,751 [INFO] response: https://www.bing.com/search?q=%22Hospedaje+Sary+house%22+Bogota+correo+reservas 200
2026-06-17 13:36:07,079 [INFO]   🔍 DDG: "Hospedaje Sary house" colombia hotel "@"
2026-06-17 13:36:07,496 [INFO] response: https://www.bing.com/search?q=%22Hospedaje+Sary+house%22+colombia+hotel+%22%40%22 200
2026-06-17 13:36:09,978 [INFO]   🌐 Visitando (DDG): https://www.hospedaje.com.co/tamesis-colombia
2026-06-17 13:36:34,695 [INFO]   🔗 LinkedIn DDG: "Hospedaje Sary house" Bogota site:linkedin.com/company
2026-06-17 13:36:40,046 [INFO] response: https://www.bing.com/search?q=%22Hospedaje+Sary+house%22+Bogota+site%3Alinkedin.com%2Fcompany 200
2026-06-17 13:36:41,088 [INFO] response: https://www.bing.com/search?q=%22Hospedaje+Sary+house%22+Bogota+site%3Alinkedin.com%2Fcompany&first=11&FORM=PERE 200
2026-06-17 13:36:42,249 [INFO] response: https://www.bing.com/search?q=%22Hospedaje+Sary+house%22+Bogota+site%3Alinkedin.com%2Fcompany&first=21&FORM=PERE1 200
2026-06-17 13:36:43,301 [INFO] response: https://www.bing.com/search?q=%22Hospedaje+Sary+house%22+Bogota+site%3Alinkedin.com%2Fcompany&first=31&FORM=PERE2 200
2026-06-17 13:36:44,305 [INFO] response: https://www.bing.com/search?q=%22Hospedaje+Sary+house%22+Bogota+site%3Alinkedin.com%2Fcompany&first=41&FORM=PERE3 200
2026-06-17 13:36:46,891 [INFO]   ❌ Sin resultado: Hospedaje Sary house
2026-06-17 13:36:51,112 [INFO] 
[137/330] Bogota Marriott Hotel (Bogota)
2026-06-17 13:36:51,112 [INFO]   🌐 Scraping web conocida: https://www.marriott.com/en-us/hotels/bogmc-bogota-marriott-hotel/overview/?scid=f2ae0541-1279-4f24-b197-a979c79310b0
2026-06-17 13:37:09,416 [INFO]   🔍 DDG: "Bogota Marriott Hotel" Bogota email contacto
2026-06-17 13:37:14,974 [INFO] response: https://www.bing.com/search?q=%22Bogota+Marriott+Hotel%22+Bogota+email+contacto 200
2026-06-17 13:37:19,438 [INFO]   🔍 DDG: "Bogota Marriott Hotel" Bogota correo reservas
2026-06-17 13:37:19,834 [INFO] response: https://www.bing.com/search?q=%22Bogota+Marriott+Hotel%22+Bogota+correo+reservas 200
2026-06-17 13:37:21,978 [INFO]   🔍 DDG: "Bogota Marriott Hotel" colombia hotel "@"
2026-06-17 13:37:22,386 [INFO] response: https://www.bing.com/search?q=%22Bogota+Marriott+Hotel%22+colombia+hotel+%22%40%22 200
2026-06-17 13:37:26,450 [INFO]   🔗 LinkedIn DDG: "Bogota Marriott Hotel" Bogota site:linkedin.com/company
2026-06-17 13:37:26,997 [INFO] response: https://www.bing.com/search?q=%22Bogota+Marriott+Hotel%22+Bogota+site%3Alinkedin.com%2Fcompany 200
2026-06-17 13:37:28,225 [INFO] response: https://www.bing.com/search?q=%22Bogota+Marriott+Hotel%22+Bogota+site%3Alinkedin.com%2Fcompany&first=11&FORM=PERE 200
2026-06-17 13:37:29,351 [INFO] response: https://www.bing.com/search?q=%22Bogota+Marriott+Hotel%22+Bogota+site%3Alinkedin.com%2Fcompany&first=21&FORM=PERE1 200
2026-06-17 13:37:30,476 [INFO] response: https://www.bing.com/search?q=%22Bogota+Marriott+Hotel%22+Bogota+site%3Alinkedin.com%2Fcompany&first=31&FORM=PERE2 200
2026-06-17 13:37:31,563 [INFO] response: https://www.bing.com/search?q=%22Bogota+Marriott+Hotel%22+Bogota+site%3Alinkedin.com%2Fcompany&first=41&FORM=PERE3 200
2026-06-17 13:37:35,618 [INFO]   ❌ Sin resultado: Bogota Marriott Hotel
2026-06-17 13:37:42,793 [INFO] 
[138/330] Yachi Hostel ye Kuyay (Bogota)
2026-06-17 13:37:42,793 [INFO]   🌐 Scraping web conocida: https://kuyay.co/
2026-06-17 13:38:20,576 [INFO]   🔍 DDG: "Yachi Hostel ye Kuyay" Bogota email contacto
2026-06-17 13:38:20,984 [INFO] response: https://www.bing.com/search?q=%22Yachi+Hostel+ye+Kuyay%22+Bogota+email+contacto 200
2026-06-17 13:38:23,592 [INFO]   🔍 DDG: "Yachi Hostel ye Kuyay" Bogota correo reservas
2026-06-17 13:38:24,053 [INFO] response: https://www.bing.com/search?q=%22Yachi+Hostel+ye+Kuyay%22+Bogota+correo+reservas 200
2026-06-17 13:38:26,179 [INFO]   🔍 DDG: "Yachi Hostel ye Kuyay" colombia hotel "@"
2026-06-17 13:38:26,641 [INFO] response: https://www.bing.com/search?q=%22Yachi+Hostel+ye+Kuyay%22+colombia+hotel+%22%40%22 200
2026-06-17 13:38:29,320 [INFO]   🔗 LinkedIn DDG: "Yachi Hostel ye Kuyay" Bogota site:linkedin.com/company
2026-06-17 13:38:29,727 [INFO] response: https://www.bing.com/search?q=%22Yachi+Hostel+ye+Kuyay%22+Bogota+site%3Alinkedin.com%2Fcompany 200
2026-06-17 13:38:30,727 [INFO] response: https://www.bing.com/search?q=%22Yachi+Hostel+ye+Kuyay%22+Bogota+site%3Alinkedin.com%2Fcompany&first=11&FORM=PERE 200
2026-06-17 13:38:31,855 [INFO] response: https://www.bing.com/search?q=%22Yachi+Hostel+ye+Kuyay%22+Bogota+site%3Alinkedin.com%2Fcompany&first=21&FORM=PERE1 200
2026-06-17 13:38:32,863 [INFO] response: https://www.bing.com/search?q=%22Yachi+Hostel+ye+Kuyay%22+Bogota+site%3Alinkedin.com%2Fcompany&first=31&FORM=PERE2 200
2026-06-17 13:38:33,923 [INFO] response: https://www.bing.com/search?q=%22Yachi+Hostel+ye+Kuyay%22+Bogota+site%3Alinkedin.com%2Fcompany&first=41&FORM=PERE3 200
2026-06-17 13:38:36,084 [INFO]   ❌ Sin resultado: Yachi Hostel ye Kuyay
2026-06-17 13:38:41,641 [INFO] 
[139/330] Hostel Joy Calle 85 (Bogota)
2026-06-17 13:38:41,642 [INFO]   🌐 Scraping web conocida: https://hostalesjoy.com/
2026-06-17 13:38:51,417 [INFO]   ✅ Email en web conocida: info@company.com
2026-06-17 13:38:58,440 [INFO] 
[140/330] Ayenda Hotel Las Palmas (Bogota)
2026-06-17 13:38:58,441 [INFO]   🔍 DDG: "Ayenda Hotel Las Palmas" Bogota email contacto
2026-06-17 13:38:58,788 [INFO] response: https://www.bing.com/search?q=%22Ayenda+Hotel+Las+Palmas%22+Bogota+email+contacto 200
2026-06-17 13:39:03,235 [INFO]   🔍 DDG: "Ayenda Hotel Las Palmas" Bogota correo reservas
2026-06-17 13:39:03,618 [INFO] response: https://www.bing.com/search?q=%22Ayenda+Hotel+Las+Palmas%22+Bogota+correo+reservas 200
2026-06-17 13:39:06,803 [INFO]   🔍 DDG: "Ayenda Hotel Las Palmas" colombia hotel "@"
2026-06-17 13:39:07,223 [INFO] response: https://www.bing.com/search?q=%22Ayenda+Hotel+Las+Palmas%22+colombia+hotel+%22%40%22 200
2026-06-17 13:39:11,032 [INFO]   🔗 LinkedIn DDG: "Ayenda Hotel Las Palmas" Bogota site:linkedin.com/company
2026-06-17 13:39:11,378 [INFO] response: https://www.bing.com/search?q=%22Ayenda+Hotel+Las+Palmas%22+Bogota+site%3Alinkedin.com%2Fcompany 200
2026-06-17 13:39:12,396 [INFO] response: https://www.bing.com/search?q=%22Ayenda+Hotel+Las+Palmas%22+Bogota+site%3Alinkedin.com%2Fcompany&first=11&FORM=PERE 200
2026-06-17 13:39:13,411 [INFO] response: https://www.bing.com/search?q=%22Ayenda+Hotel+Las+Palmas%22+Bogota+site%3Alinkedin.com%2Fcompany&first=21&FORM=PERE1 200
2026-06-17 13:39:14,456 [INFO] response: https://www.bing.com/search?q=%22Ayenda+Hotel+Las+Palmas%22+Bogota+site%3Alinkedin.com%2Fcompany&first=31&FORM=PERE2 200
2026-06-17 13:39:15,462 [INFO] response: https://www.bing.com/search?q=%22Ayenda+Hotel+Las+Palmas%22+Bogota+site%3Alinkedin.com%2Fcompany&first=41&FORM=PERE3 200
2026-06-17 13:39:18,023 [INFO]   ❌ Sin resultado: Ayenda Hotel Las Palmas
2026-06-17 13:39:18,025 [INFO]   📊 Progreso 140/330 | Emails: 40 | Webs: 0 | Sin resultado: 100
2026-06-17 13:39:22,893 [INFO] 
[141/330] Hoteles Bogotá Inn (Bogota)
2026-06-17 13:39:22,894 [INFO]   🌐 Scraping web conocida: http://www.hotelbogotainn.com/
2026-06-17 13:39:37,842 [INFO]   🔍 DDG: "Hoteles Bogotá Inn" Bogota email contacto
2026-06-17 13:39:38,178 [INFO] response: https://www.bing.com/search?q=%22Hoteles+Bogot%C3%A1+Inn%22+Bogota+email+contacto 200
2026-06-17 13:39:40,987 [INFO]   🔍 DDG: "Hoteles Bogotá Inn" Bogota correo reservas
2026-06-17 13:39:41,476 [INFO] response: https://www.bing.com/search?q=%22Hoteles+Bogot%C3%A1+Inn%22+Bogota+correo+reservas 200
2026-06-17 13:39:42,598 [INFO] response: https://www.bing.com/search?q=%22Hoteles+Bogot%C3%A1+Inn%22+Bogota+correo+reservas&first=11&FORM=PERE 200
2026-06-17 13:39:43,604 [INFO] response: https://www.bing.com/search?q=%22Hoteles+Bogot%C3%A1+Inn%22+Bogota+correo+reservas&first=21&FORM=PERE1 200
2026-06-17 13:39:47,114 [INFO]   🔍 DDG: "Hoteles Bogotá Inn" colombia hotel "@"
2026-06-17 13:39:47,544 [INFO] response: https://www.bing.com/search?q=%22Hoteles+Bogot%C3%A1+Inn%22+colombia+hotel+%22%40%22 200
2026-06-17 13:39:50,717 [INFO]   🌐 Visitando (DDG): https://www.hoteles.com/
2026-06-17 13:39:54,885 [INFO]   🌐 Visitando (DDG): https://es.hoteles.com/
2026-06-17 13:39:58,892 [INFO]   🔗 LinkedIn DDG: "Hoteles Bogotá Inn" Bogota site:linkedin.com/company
2026-06-17 13:40:04,268 [INFO] response: https://www.bing.com/search?q=%22Hoteles+Bogot%C3%A1+Inn%22+Bogota+site%3Alinkedin.com%2Fcompany 200
2026-06-17 13:40:05,491 [INFO] response: https://www.bing.com/search?q=%22Hoteles+Bogot%C3%A1+Inn%22+Bogota+site%3Alinkedin.com%2Fcompany&first=11&FORM=PERE 200
2026-06-17 13:40:06,468 [INFO] response: https://www.bing.com/search?q=%22Hoteles+Bogot%C3%A1+Inn%22+Bogota+site%3Alinkedin.com%2Fcompany&first=21&FORM=PERE1 200
2026-06-17 13:40:07,459 [INFO] response: https://www.bing.com/search?q=%22Hoteles+Bogot%C3%A1+Inn%22+Bogota+site%3Alinkedin.com%2Fcompany&first=31&FORM=PERE2 200
2026-06-17 13:40:08,432 [INFO] response: https://www.bing.com/search?q=%22Hoteles+Bogot%C3%A1+Inn%22+Bogota+site%3Alinkedin.com%2Fcompany&first=41&FORM=PERE3 200
2026-06-17 13:40:11,759 [INFO]   ❌ Sin resultado: Hoteles Bogotá Inn
2026-06-17 13:40:19,366 [INFO] 
[142/330] Usaquen Station Hostel (Bogota)
2026-06-17 13:40:19,366 [INFO]   🌐 Scraping web conocida: https://ais-pre-b6k7scb622lqfxltawxhnu-266237947041.us-west2.run.app/
2026-06-17 13:40:30,863 [INFO]   🔍 DDG: "Usaquen Station Hostel" Bogota email contacto
2026-06-17 13:40:31,367 [INFO] response: https://www.bing.com/search?q=%22Usaquen+Station+Hostel%22+Bogota+email+contacto 200
2026-06-17 13:40:33,528 [INFO]   🔍 DDG: "Usaquen Station Hostel" Bogota correo reservas
2026-06-17 13:40:33,969 [INFO] response: https://www.bing.com/search?q=%22Usaquen+Station+Hostel%22+Bogota+correo+reservas 200
2026-06-17 13:40:36,373 [INFO]   🔍 DDG: "Usaquen Station Hostel" colombia hotel "@"
2026-06-17 13:40:36,707 [INFO] response: https://www.bing.com/search?q=%22Usaquen+Station+Hostel%22+colombia+hotel+%22%40%22 200
2026-06-17 13:40:39,803 [INFO]   🌐 Visitando (DDG): http://www.usaquen.gov.co/
2026-06-17 13:40:44,792 [INFO]   ✅ Email en web DDG: notificacionestutelas@gobiernobogota.gov.co
2026-06-17 13:40:51,077 [INFO] 
[143/330] Estadía El Dorado (Bogota)
2026-06-17 13:40:51,077 [INFO]   🌐 Scraping web conocida: https://www.estadiaeldorado.co/
2026-06-17 13:40:51,283 [INFO]   🔍 DDG: "Estadía El Dorado" Bogota email contacto
2026-06-17 13:40:52,082 [INFO] response: https://www.bing.com/search?q=%22Estad%C3%ADa+El+Dorado%22+Bogota+email+contacto 200
2026-06-17 13:40:55,222 [INFO]   🔍 DDG: "Estadía El Dorado" Bogota correo reservas
2026-06-17 13:40:55,662 [INFO] response: https://www.bing.com/search?q=%22Estad%C3%ADa+El+Dorado%22+Bogota+correo+reservas 200
2026-06-17 13:40:59,846 [INFO]   🔍 DDG: "Estadía El Dorado" colombia hotel "@"
2026-06-17 13:41:00,320 [INFO] response: https://www.bing.com/search?q=%22Estad%C3%ADa+El+Dorado%22+colombia+hotel+%22%40%22 200
2026-06-17 13:41:04,307 [INFO]   🔗 LinkedIn DDG: "Estadía El Dorado" Bogota site:linkedin.com/company
2026-06-17 13:41:04,718 [INFO] response: https://www.bing.com/search?q=%22Estad%C3%ADa+El+Dorado%22+Bogota+site%3Alinkedin.com%2Fcompany 200
2026-06-17 13:41:05,722 [INFO] response: https://www.bing.com/search?q=%22Estad%C3%ADa+El+Dorado%22+Bogota+site%3Alinkedin.com%2Fcompany&first=11&FORM=PERE 200
2026-06-17 13:41:06,740 [INFO] response: https://www.bing.com/search?q=%22Estad%C3%ADa+El+Dorado%22+Bogota+site%3Alinkedin.com%2Fcompany&first=21&FORM=PERE1 200
2026-06-17 13:41:07,760 [INFO] response: https://www.bing.com/search?q=%22Estad%C3%ADa+El+Dorado%22+Bogota+site%3Alinkedin.com%2Fcompany&first=31&FORM=PERE2 200
2026-06-17 13:41:08,874 [INFO] response: https://www.bing.com/search?q=%22Estad%C3%ADa+El+Dorado%22+Bogota+site%3Alinkedin.com%2Fcompany&first=41&FORM=PERE3 200
2026-06-17 13:41:13,152 [INFO]   ❌ Sin resultado: Estadía El Dorado
2026-06-17 13:41:20,144 [INFO] 
[144/330] Hotel Living 55 (Bogota)
2026-06-17 13:41:20,145 [INFO]   🌐 Scraping web conocida: https://www.hotelesgrace.com/hotel-living-55-2/
2026-06-17 13:41:27,968 [INFO]   🔍 DDG: "Hotel Living 55" Bogota email contacto
2026-06-17 13:41:28,365 [INFO] response: https://www.bing.com/search?q=%22Hotel+Living+55%22+Bogota+email+contacto 200
2026-06-17 13:41:30,891 [INFO]   🔍 DDG: "Hotel Living 55" Bogota correo reservas
2026-06-17 13:41:31,246 [INFO] response: https://www.bing.com/search?q=%22Hotel+Living+55%22+Bogota+correo+reservas 200
2026-06-17 13:41:34,477 [INFO]   🔍 DDG: "Hotel Living 55" colombia hotel "@"
2026-06-17 13:41:34,817 [INFO] response: https://www.bing.com/search?q=%22Hotel+Living+55%22+colombia+hotel+%22%40%22 200
2026-06-17 13:41:37,444 [INFO]   🔗 LinkedIn DDG: "Hotel Living 55" Bogota site:linkedin.com/company
2026-06-17 13:41:42,970 [INFO] response: https://www.bing.com/search?q=%22Hotel+Living+55%22+Bogota+site%3Alinkedin.com%2Fcompany 200
2026-06-17 13:41:43,990 [INFO] response: https://www.bing.com/search?q=%22Hotel+Living+55%22+Bogota+site%3Alinkedin.com%2Fcompany&first=11&FORM=PERE 200
2026-06-17 13:41:45,025 [INFO] response: https://www.bing.com/search?q=%22Hotel+Living+55%22+Bogota+site%3Alinkedin.com%2Fcompany&first=21&FORM=PERE1 200
2026-06-17 13:41:46,019 [INFO] response: https://www.bing.com/search?q=%22Hotel+Living+55%22+Bogota+site%3Alinkedin.com%2Fcompany&first=31&FORM=PERE2 200
2026-06-17 13:41:47,043 [INFO] response: https://www.bing.com/search?q=%22Hotel+Living+55%22+Bogota+site%3Alinkedin.com%2Fcompany&first=41&FORM=PERE3 200
2026-06-17 13:41:51,450 [INFO]   ❌ Sin resultado: Hotel Living 55
2026-06-17 13:41:57,296 [INFO] 
[145/330] Ayenda Gold House (Bogota)
2026-06-17 13:41:57,296 [INFO]   🔍 DDG: "Ayenda Gold House" Bogota email contacto
2026-06-17 13:41:57,686 [INFO] response: https://www.bing.com/search?q=%22Ayenda+Gold+House%22+Bogota+email+contacto 200
2026-06-17 13:42:00,859 [INFO]   🔍 DDG: "Ayenda Gold House" Bogota correo reservas
2026-06-17 13:42:06,270 [INFO] response: https://www.bing.com/search?q=%22Ayenda+Gold+House%22+Bogota+correo+reservas 200
2026-06-17 13:42:08,595 [INFO]   🔍 DDG: "Ayenda Gold House" colombia hotel "@"
2026-06-17 13:42:08,940 [INFO] response: https://www.bing.com/search?q=%22Ayenda+Gold+House%22+colombia+hotel+%22%40%22 200
2026-06-17 13:42:12,196 [INFO]   🔗 LinkedIn DDG: "Ayenda Gold House" Bogota site:linkedin.com/company
2026-06-17 13:42:12,565 [INFO] response: https://www.bing.com/search?q=%22Ayenda+Gold+House%22+Bogota+site%3Alinkedin.com%2Fcompany 200
2026-06-17 13:42:13,542 [INFO] response: https://www.bing.com/search?q=%22Ayenda+Gold+House%22+Bogota+site%3Alinkedin.com%2Fcompany&first=11&FORM=PERE 200
2026-06-17 13:42:14,742 [INFO] response: https://www.bing.com/search?q=%22Ayenda+Gold+House%22+Bogota+site%3Alinkedin.com%2Fcompany&first=21&FORM=PERE1 200
2026-06-17 13:42:15,721 [INFO] response: https://www.bing.com/search?q=%22Ayenda+Gold+House%22+Bogota+site%3Alinkedin.com%2Fcompany&first=31&FORM=PERE2 200
2026-06-17 13:42:16,734 [INFO] response: https://www.bing.com/search?q=%22Ayenda+Gold+House%22+Bogota+site%3Alinkedin.com%2Fcompany&first=41&FORM=PERE3 200
2026-06-17 13:42:20,296 [INFO]   ❌ Sin resultado: Ayenda Gold House
2026-06-17 13:42:24,525 [INFO] 
[146/330] 82 Hostel Bogota (Bogota)
2026-06-17 13:42:24,526 [INFO]   🌐 Scraping web conocida: https://82hostel.com.co/
2026-06-17 13:42:40,619 [INFO]   🔍 DDG: "82 Hostel Bogota" Bogota email contacto
2026-06-17 13:42:41,171 [INFO] response: https://www.bing.com/search?q=%2282+Hostel+Bogota%22+Bogota+email+contacto 200
2026-06-17 13:42:45,168 [INFO]   🔍 DDG: "82 Hostel Bogota" Bogota correo reservas
2026-06-17 13:42:45,584 [INFO] response: https://www.bing.com/search?q=%2282+Hostel+Bogota%22+Bogota+correo+reservas 200
2026-06-17 13:42:49,217 [INFO]   🔍 DDG: "82 Hostel Bogota" colombia hotel "@"
2026-06-17 13:42:49,548 [INFO] response: https://www.bing.com/search?q=%2282+Hostel+Bogota%22+colombia+hotel+%22%40%22 200
2026-06-17 13:42:52,967 [INFO]   🌐 Visitando (DDG): https://www.82-0.com/
2026-06-17 13:42:53,683 [INFO]   ✅ Email en web DDG: contact@82-0.com
2026-06-17 13:42:58,069 [INFO] 
[147/330] Hotel Movich Buró 26 (Bogota)
2026-06-17 13:42:58,070 [INFO]   🔍 DDG: "Hotel Movich Buró 26" Bogota email contacto
2026-06-17 13:42:58,527 [INFO] response: https://www.bing.com/search?q=%22Hotel+Movich+Bur%C3%B3+26%22+Bogota+email+contacto 200
2026-06-17 13:43:00,823 [INFO]   🔍 DDG: "Hotel Movich Buró 26" Bogota correo reservas
2026-06-17 13:43:01,179 [INFO] response: https://www.bing.com/search?q=%22Hotel+Movich+Bur%C3%B3+26%22+Bogota+correo+reservas 200
2026-06-17 13:43:05,563 [INFO]   🔍 DDG: "Hotel Movich Buró 26" colombia hotel "@"
2026-06-17 13:43:10,965 [INFO] response: https://www.bing.com/search?q=%22Hotel+Movich+Bur%C3%B3+26%22+colombia+hotel+%22%40%22 200
2026-06-17 13:43:14,251 [INFO]   🌐 Visitando (DDG): https://www.hodelpa.com/
2026-06-17 13:43:17,159 [INFO]   ✅ Email en web DDG: reservas@hodelpa.com
2026-06-17 13:43:24,604 [INFO] 
[148/330] Lavid hotel palacio real (Bogota)
2026-06-17 13:43:24,604 [INFO]   🌐 Scraping web conocida: https://lavidhotelpalacio.com/
2026-06-17 13:43:43,038 [INFO]   🔍 DDG: "Lavid hotel palacio real" Bogota email contacto
2026-06-17 13:43:43,426 [INFO] response: https://www.bing.com/search?q=%22Lavid+hotel+palacio+real%22+Bogota+email+contacto 200
2026-06-17 13:43:46,019 [INFO]   🔍 DDG: "Lavid hotel palacio real" Bogota correo reservas
2026-06-17 13:43:46,456 [INFO] response: https://www.bing.com/search?q=%22Lavid+hotel+palacio+real%22+Bogota+correo+reservas 200
2026-06-17 13:43:47,505 [INFO] response: https://www.bing.com/search?q=%22Lavid+hotel+palacio+real%22+Bogota+correo+reservas&first=11&FORM=PERE 200
2026-06-17 13:43:49,622 [INFO]   🔍 DDG: "Lavid hotel palacio real" colombia hotel "@"
2026-06-17 13:43:49,997 [INFO] response: https://www.bing.com/search?q=%22Lavid+hotel+palacio+real%22+colombia+hotel+%22%40%22 200
2026-06-17 13:43:54,408 [INFO]   🌐 Visitando (DDG): https://www.cappersaccess.com/?ref=w3use
2026-06-17 13:44:09,698 [INFO]   🌐 Visitando (DDG): https://www.cappersaccess.com/frame.html
2026-06-17 13:44:18,346 [INFO]   🌐 Visitando (DDG): https://capperreviews.com/free-sports-picks/
2026-06-17 13:45:20,591 [INFO]   🔗 LinkedIn DDG: "Lavid hotel palacio real" Bogota site:linkedin.com/company
2026-06-17 13:45:26,018 [INFO] response: https://www.bing.com/search?q=%22Lavid+hotel+palacio+real%22+Bogota+site%3Alinkedin.com%2Fcompany 200
2026-06-17 13:45:27,181 [INFO] response: https://www.bing.com/search?q=%22Lavid+hotel+palacio+real%22+Bogota+site%3Alinkedin.com%2Fcompany&first=11&FORM=PERE 200
2026-06-17 13:45:28,270 [INFO] response: https://www.bing.com/search?q=%22Lavid+hotel+palacio+real%22+Bogota+site%3Alinkedin.com%2Fcompany&first=21&FORM=PERE1 200
2026-06-17 13:45:29,434 [INFO] response: https://www.bing.com/search?q=%22Lavid+hotel+palacio+real%22+Bogota+site%3Alinkedin.com%2Fcompany&first=31&FORM=PERE2 200
2026-06-17 13:45:30,536 [INFO] response: https://www.bing.com/search?q=%22Lavid+hotel+palacio+real%22+Bogota+site%3Alinkedin.com%2Fcompany&first=41&FORM=PERE3 200
2026-06-17 13:45:33,369 [INFO]   ❌ Sin resultado: Lavid hotel palacio real
2026-06-17 13:45:37,485 [INFO] 
[149/330] Hotel B3 Virrey (Bogota)
2026-06-17 13:45:37,486 [INFO]   🌐 Scraping web conocida: https://hotelesb3.com/?partner=13437&utm_source=google&utm_medium=organic&utm_campaign=MyBusiness
2026-06-17 13:45:44,438 [INFO]   🔍 DDG: "Hotel B3 Virrey" Bogota email contacto
2026-06-17 13:45:44,838 [INFO] response: https://www.bing.com/search?q=%22Hotel+B3+Virrey%22+Bogota+email+contacto 200
2026-06-17 13:45:47,194 [INFO]   🔍 DDG: "Hotel B3 Virrey" Bogota correo reservas
2026-06-17 13:45:47,669 [INFO] response: https://www.bing.com/search?q=%22Hotel+B3+Virrey%22+Bogota+correo+reservas 200
2026-06-17 13:45:49,959 [INFO]   🔍 DDG: "Hotel B3 Virrey" colombia hotel "@"
2026-06-17 13:45:55,363 [INFO] response: https://www.bing.com/search?q=%22Hotel+B3+Virrey%22+colombia+hotel+%22%40%22 200
2026-06-17 13:45:57,975 [INFO]   🔗 LinkedIn DDG: "Hotel B3 Virrey" Bogota site:linkedin.com/company
2026-06-17 13:45:58,280 [INFO] response: https://www.bing.com/search?q=%22Hotel+B3+Virrey%22+Bogota+site%3Alinkedin.com%2Fcompany 200
2026-06-17 13:45:59,343 [INFO] response: https://www.bing.com/search?q=%22Hotel+B3+Virrey%22+Bogota+site%3Alinkedin.com%2Fcompany&first=11&FORM=PERE 200
2026-06-17 13:46:00,363 [INFO] response: https://www.bing.com/search?q=%22Hotel+B3+Virrey%22+Bogota+site%3Alinkedin.com%2Fcompany&first=21&FORM=PERE1 200
2026-06-17 13:46:01,429 [INFO] response: https://www.bing.com/search?q=%22Hotel+B3+Virrey%22+Bogota+site%3Alinkedin.com%2Fcompany&first=31&FORM=PERE2 200
2026-06-17 13:46:02,521 [INFO] response: https://www.bing.com/search?q=%22Hotel+B3+Virrey%22+Bogota+site%3Alinkedin.com%2Fcompany&first=41&FORM=PERE3 200
2026-06-17 13:46:06,583 [INFO]   ❌ Sin resultado: Hotel B3 Virrey
2026-06-17 13:46:12,669 [INFO] 
[150/330] COSMOS 100 Hotel + Centro de Convenciones (Bogota)
2026-06-17 13:46:12,669 [INFO]   🌐 Scraping web conocida: http://cosmos100hotel.com/
2026-06-17 13:46:19,462 [INFO]   🔍 DDG: "COSMOS 100 Hotel + Centro de Convenciones" Bogota email contacto
2026-06-17 13:46:19,804 [INFO] response: https://www.bing.com/search?q=%22COSMOS+100+Hotel+%2B+Centro+de+Convenciones%22+Bogota+email+contacto 200
2026-06-17 13:46:22,041 [INFO]   🔍 DDG: "COSMOS 100 Hotel + Centro de Convenciones" Bogota correo reservas
2026-06-17 13:46:22,362 [INFO] response: https://www.bing.com/search?q=%22COSMOS+100+Hotel+%2B+Centro+de+Convenciones%22+Bogota+correo+reservas 200
2026-06-17 13:46:25,041 [INFO]   🔍 DDG: "COSMOS 100 Hotel + Centro de Convenciones" colombia hotel "@"
2026-06-17 13:46:25,543 [INFO] response: https://www.bing.com/search?q=%22COSMOS+100+Hotel+%2B+Centro+de+Convenciones%22+colombia+hotel+%22%40%22 200
2026-06-17 13:46:28,656 [INFO]   🌐 Visitando (DDG): https://cosmos.unab.edu.co/
2026-06-17 13:46:36,592 [INFO]   🌐 Visitando (DDG): https://modacosmos.com/
2026-06-17 13:46:37,295 [INFO]   ✅ Email en web DDG: pqrs@modacosmos.com
2026-06-17 13:46:37,297 [INFO]   📊 Progreso 150/330 | Emails: 44 | Webs: 0 | Sin resultado: 106
2026-06-17 13:46:41,597 [INFO] 
[151/330] Wyndham Bogotá (Bogota)
2026-06-17 13:46:41,597 [INFO]   🔍 DDG: "Wyndham Bogotá" Bogota email contacto
2026-06-17 13:46:42,043 [INFO] response: https://www.bing.com/search?q=%22Wyndham+Bogot%C3%A1%22+Bogota+email+contacto 200
2026-06-17 13:46:45,539 [INFO]   🔍 DDG: "Wyndham Bogotá" Bogota correo reservas
2026-06-17 13:46:45,938 [INFO] response: https://www.bing.com/search?q=%22Wyndham+Bogot%C3%A1%22+Bogota+correo+reservas 200
2026-06-17 13:46:49,079 [INFO]   🔍 DDG: "Wyndham Bogotá" colombia hotel "@"
2026-06-17 13:46:50,099 [INFO] response: https://www.bing.com/search?q=%22Wyndham+Bogot%C3%A1%22+colombia+hotel+%22%40%22 200
2026-06-17 13:46:53,431 [INFO]   🌐 Visitando (DDG): https://clubwyndham.wyndhamdestinations.com/us/en/login?msockid=143b0212aff3605f1e551569ae72610e
2026-06-17 13:46:56,187 [INFO]   ✅ Email en web DDG: spanishservices@wyn.com
2026-06-17 13:47:01,050 [INFO] 
[152/330] Hotel Factory Green Bogotá Occidente Calle 80 (Bogota)
2026-06-17 13:47:01,051 [INFO]   🌐 Scraping web conocida: https://www.hotelfactorygreen.com/
2026-06-17 13:47:21,412 [INFO]   🔍 DDG: "Hotel Factory Green Bogotá Occidente Calle 80" Bogota email contacto
2026-06-17 13:47:21,791 [INFO] response: https://www.bing.com/search?q=%22Hotel+Factory+Green+Bogot%C3%A1+Occidente+Calle+80%22+Bogota+email+contacto 200
2026-06-17 13:47:25,574 [INFO]   🔍 DDG: "Hotel Factory Green Bogotá Occidente Calle 80" Bogota correo reservas
2026-06-17 13:47:30,925 [INFO] response: https://www.bing.com/search?q=%22Hotel+Factory+Green+Bogot%C3%A1+Occidente+Calle+80%22+Bogota+correo+reservas 200
2026-06-17 13:47:33,591 [INFO]   🔍 DDG: "Hotel Factory Green Bogotá Occidente Calle 80" colombia hotel "@"
2026-06-17 13:47:34,022 [INFO] response: https://www.bing.com/search?q=%22Hotel+Factory+Green+Bogot%C3%A1+Occidente+Calle+80%22+colombia+hotel+%22%40%22 200
2026-06-17 13:47:36,630 [INFO]   🌐 Visitando (DDG): https://www.hodelpa.com/
2026-06-17 13:47:39,170 [INFO]   ✅ Email en web DDG: reservas@hodelpa.com
2026-06-17 13:47:46,552 [INFO] 
[153/330] Casa Bella Vista (Bogota)
2026-06-17 13:47:46,552 [INFO]   🌐 Scraping web conocida: https://app.otasync.me/engine/es/?property_code=NzUyMw&currency=COP&adults=2&children=0&dfrom=2025-02-24&dto=2025-02-25
2026-06-17 13:47:56,732 [INFO]   🔍 DDG: "Casa Bella Vista" Bogota email contacto
2026-06-17 13:47:57,108 [INFO] response: https://www.bing.com/search?q=%22Casa+Bella+Vista%22+Bogota+email+contacto 200
2026-06-17 13:48:00,226 [INFO]   🔍 DDG: "Casa Bella Vista" Bogota correo reservas
2026-06-17 13:48:00,579 [INFO] response: https://www.bing.com/search?q=%22Casa+Bella+Vista%22+Bogota+correo+reservas 200
2026-06-17 13:48:04,130 [INFO]   🔍 DDG: "Casa Bella Vista" colombia hotel "@"
2026-06-17 13:48:06,055 [INFO] response: https://www.bing.com/search?q=%22Casa+Bella+Vista%22+colombia+hotel+%22%40%22 200
2026-06-17 13:48:09,366 [INFO]   🔗 LinkedIn DDG: "Casa Bella Vista" Bogota site:linkedin.com/company
2026-06-17 13:48:14,769 [INFO] response: https://www.bing.com/search?q=%22Casa+Bella+Vista%22+Bogota+site%3Alinkedin.com%2Fcompany 200
2026-06-17 13:48:15,772 [INFO] response: https://www.bing.com/search?q=%22Casa+Bella+Vista%22+Bogota+site%3Alinkedin.com%2Fcompany&first=11&FORM=PERE 200
2026-06-17 13:48:16,848 [INFO] response: https://www.bing.com/search?q=%22Casa+Bella+Vista%22+Bogota+site%3Alinkedin.com%2Fcompany&first=21&FORM=PERE1 200
2026-06-17 13:48:17,893 [INFO] response: https://www.bing.com/search?q=%22Casa+Bella+Vista%22+Bogota+site%3Alinkedin.com%2Fcompany&first=31&FORM=PERE2 200
2026-06-17 13:48:18,893 [INFO] response: https://www.bing.com/search?q=%22Casa+Bella+Vista%22+Bogota+site%3Alinkedin.com%2Fcompany&first=41&FORM=PERE3 200
2026-06-17 13:48:23,421 [INFO]   ❌ Sin resultado: Casa Bella Vista
2026-06-17 13:48:28,346 [INFO] 
[154/330] Hilton Bogotá (Bogota)
2026-06-17 13:48:28,347 [INFO]   🌐 Scraping web conocida: https://www.hilton.com/en/hotels/bogbchh-hilton-bogota/?SEO_id=GMB-AMER-HH-BOGBCHH&y_source=1_MTIxNjk0OTQtNzE1LWxvY2F0aW9uLndlYnNpdGU%3D
2026-06-17 13:48:29,441 [INFO]   🔍 DDG: "Hilton Bogotá" Bogota email contacto
2026-06-17 13:48:29,807 [INFO] response: https://www.bing.com/search?q=%22Hilton+Bogot%C3%A1%22+Bogota+email+contacto 200
2026-06-17 13:48:33,476 [INFO]   🔍 DDG: "Hilton Bogotá" Bogota correo reservas
2026-06-17 13:48:33,952 [INFO] response: https://www.bing.com/search?q=%22Hilton+Bogot%C3%A1%22+Bogota+correo+reservas 200
2026-06-17 13:48:36,475 [INFO]   🔍 DDG: "Hilton Bogotá" colombia hotel "@"
2026-06-17 13:48:36,921 [INFO] response: https://www.bing.com/search?q=%22Hilton+Bogot%C3%A1%22+colombia+hotel+%22%40%22 200
2026-06-17 13:48:39,223 [INFO]   🌐 Visitando (DDG): https://www.hilton.com/en/?msockid=02dc2be546f9623c06bf3c9e47f263ed
2026-06-17 13:48:41,437 [INFO]   🌐 Visitando (DDG): https://www.hilton.com/en/hilton-honors/login/?msockid=02dc2be546f9623c06bf3c9e47f263ed
2026-06-17 13:48:43,692 [INFO]   🌐 Visitando (DDG): https://www.hiltonhonors.com/en_US/status-match/landing/
2026-06-17 13:48:52,760 [INFO]   🔗 LinkedIn DDG: "Hilton Bogotá" Bogota site:linkedin.com/company
2026-06-17 13:48:53,226 [INFO] response: https://www.bing.com/search?q=%22Hilton+Bogot%C3%A1%22+Bogota+site%3Alinkedin.com%2Fcompany 200
2026-06-17 13:48:54,588 [INFO] response: https://www.bing.com/search?q=%22Hilton+Bogot%C3%A1%22+Bogota+site%3Alinkedin.com%2Fcompany&first=11&FORM=PERE 200
2026-06-17 13:48:55,861 [INFO] response: https://www.bing.com/search?q=%22Hilton+Bogot%C3%A1%22+Bogota+site%3Alinkedin.com%2Fcompany&first=21&FORM=PERE1 200
2026-06-17 13:48:57,052 [INFO] response: https://www.bing.com/search?q=%22Hilton+Bogot%C3%A1%22+Bogota+site%3Alinkedin.com%2Fcompany&first=31&FORM=PERE2 200
2026-06-17 13:48:58,041 [INFO] response: https://www.bing.com/search?q=%22Hilton+Bogot%C3%A1%22+Bogota+site%3Alinkedin.com%2Fcompany&first=41&FORM=PERE3 200
2026-06-17 13:49:00,292 [INFO]   ❌ Sin resultado: Hilton Bogotá
2026-06-17 13:49:04,959 [INFO] 
[155/330] Hotel bh Usaquen (Bogota)
2026-06-17 13:49:04,960 [INFO]   🌐 Scraping web conocida: https://www.bhhoteles.com/bh-usaquen
2026-06-17 13:49:20,383 [INFO]   🔍 DDG: "Hotel bh Usaquen" Bogota email contacto
2026-06-17 13:49:25,806 [INFO] response: https://www.bing.com/search?q=%22Hotel+bh+Usaquen%22+Bogota+email+contacto 200
2026-06-17 13:49:28,882 [INFO]   🔍 DDG: "Hotel bh Usaquen" Bogota correo reservas
2026-06-17 13:49:34,230 [INFO] response: https://www.bing.com/search?q=%22Hotel+bh+Usaquen%22+Bogota+correo+reservas 200
2026-06-17 13:49:38,703 [INFO]   🔍 DDG: "Hotel bh Usaquen" colombia hotel "@"
2026-06-17 13:49:39,134 [INFO] response: https://www.bing.com/search?q=%22Hotel+bh+Usaquen%22+colombia+hotel+%22%40%22 200
2026-06-17 13:49:41,394 [INFO]   🔗 LinkedIn DDG: "Hotel bh Usaquen" Bogota site:linkedin.com/company
2026-06-17 13:49:41,803 [INFO] response: https://www.bing.com/search?q=%22Hotel+bh+Usaquen%22+Bogota+site%3Alinkedin.com%2Fcompany 200
2026-06-17 13:49:42,834 [INFO] response: https://www.bing.com/search?q=%22Hotel+bh+Usaquen%22+Bogota+site%3Alinkedin.com%2Fcompany&first=11&FORM=PERE 200
2026-06-17 13:49:43,864 [INFO] response: https://www.bing.com/search?q=%22Hotel+bh+Usaquen%22+Bogota+site%3Alinkedin.com%2Fcompany&first=21&FORM=PERE1 200
2026-06-17 13:49:44,918 [INFO] response: https://www.bing.com/search?q=%22Hotel+bh+Usaquen%22+Bogota+site%3Alinkedin.com%2Fcompany&first=31&FORM=PERE2 200
2026-06-17 13:49:45,933 [INFO] response: https://www.bing.com/search?q=%22Hotel+bh+Usaquen%22+Bogota+site%3Alinkedin.com%2Fcompany&first=41&FORM=PERE3 200
2026-06-17 13:49:49,831 [INFO]   ❌ Sin resultado: Hotel bh Usaquen
2026-06-17 13:49:57,164 [INFO] 
[156/330] Hotel Fénix Real (Bogota)
2026-06-17 13:49:57,165 [INFO]   🔍 DDG: "Hotel Fénix Real" Bogota email contacto
2026-06-17 13:49:57,468 [INFO] response: https://www.bing.com/search?q=%22Hotel+F%C3%A9nix+Real%22+Bogota+email+contacto 200
2026-06-17 13:50:01,878 [INFO]   🔍 DDG: "Hotel Fénix Real" Bogota correo reservas
2026-06-17 13:50:02,330 [INFO] response: https://www.bing.com/search?q=%22Hotel+F%C3%A9nix+Real%22+Bogota+correo+reservas 200
2026-06-17 13:50:06,582 [INFO]   🔍 DDG: "Hotel Fénix Real" colombia hotel "@"
2026-06-17 13:50:07,072 [INFO] response: https://www.bing.com/search?q=%22Hotel+F%C3%A9nix+Real%22+colombia+hotel+%22%40%22 200
2026-06-17 13:50:10,407 [INFO]   🔗 LinkedIn DDG: "Hotel Fénix Real" Bogota site:linkedin.com/company
2026-06-17 13:50:10,785 [INFO] response: https://www.bing.com/search?q=%22Hotel+F%C3%A9nix+Real%22+Bogota+site%3Alinkedin.com%2Fcompany 200
2026-06-17 13:50:11,876 [INFO] response: https://www.bing.com/search?q=%22Hotel+F%C3%A9nix+Real%22+Bogota+site%3Alinkedin.com%2Fcompany&first=11&FORM=PERE 200
2026-06-17 13:50:13,004 [INFO] response: https://www.bing.com/search?q=%22Hotel+F%C3%A9nix+Real%22+Bogota+site%3Alinkedin.com%2Fcompany&first=21&FORM=PERE1 200
2026-06-17 13:50:14,044 [INFO] response: https://www.bing.com/search?q=%22Hotel+F%C3%A9nix+Real%22+Bogota+site%3Alinkedin.com%2Fcompany&first=31&FORM=PERE2 200
2026-06-17 13:50:15,196 [INFO] response: https://www.bing.com/search?q=%22Hotel+F%C3%A9nix+Real%22+Bogota+site%3Alinkedin.com%2Fcompany&first=41&FORM=PERE3 200
2026-06-17 13:50:17,496 [INFO]   ❌ Sin resultado: Hotel Fénix Real
2026-06-17 13:50:25,093 [INFO] 
[157/330] Fairfield by Marriott Bogota Embajada (Bogota)
2026-06-17 13:50:25,094 [INFO]   🌐 Scraping web conocida: https://www.marriott.com/en-us/hotels/bogfi-fairfield-bogota-embajada/overview/?scid=f2ae0541-1279-4f24-b197-a979c79310b0
2026-06-17 13:50:43,312 [INFO]   🔍 DDG: "Fairfield by Marriott Bogota Embajada" Bogota email contacto
2026-06-17 13:50:48,825 [INFO] response: https://www.bing.com/search?q=%22Fairfield+by+Marriott+Bogota+Embajada%22+Bogota+email+contacto 200
2026-06-17 13:50:52,018 [INFO]   🔍 DDG: "Fairfield by Marriott Bogota Embajada" Bogota correo reservas
2026-06-17 13:50:52,445 [INFO] response: https://www.bing.com/search?q=%22Fairfield+by+Marriott+Bogota+Embajada%22+Bogota+correo+reservas 200
2026-06-17 13:50:55,773 [INFO]   🔍 DDG: "Fairfield by Marriott Bogota Embajada" colombia hotel "@"
2026-06-17 13:50:56,279 [INFO] response: https://www.bing.com/search?q=%22Fairfield+by+Marriott+Bogota+Embajada%22+colombia+hotel+%22%40%22 200
2026-06-17 13:50:57,384 [INFO] response: https://www.bing.com/search?q=%22Fairfield+by+Marriott+Bogota+Embajada%22+colombia+hotel+%22%40%22&first=11&FORM=PERE 200
2026-06-17 13:50:58,567 [INFO] response: https://www.bing.com/search?q=%22Fairfield+by+Marriott+Bogota+Embajada%22+colombia+hotel+%22%40%22&first=21&FORM=PERE1 200
2026-06-17 13:50:59,643 [INFO] response: https://www.bing.com/search?q=%22Fairfield+by+Marriott+Bogota+Embajada%22+colombia+hotel+%22%40%22&first=31&FORM=PERE2 200
2026-06-17 13:51:00,743 [INFO] response: https://www.bing.com/search?q=%22Fairfield+by+Marriott+Bogota+Embajada%22+colombia+hotel+%22%40%22&first=41&FORM=PERE3 200
2026-06-17 13:51:03,630 [INFO]   🌐 Visitando (DDG): https://www.fairfieldchair.com/
2026-06-17 13:51:08,967 [INFO]   ✅ Email en web DDG: info@fairfieldchair.com
2026-06-17 13:51:14,316 [INFO] 
[158/330] Hotel Cápsula Bogotá (Bogota)
2026-06-17 13:51:14,316 [INFO]   🌐 Scraping web conocida: https://hotelcapsula.com.co/
2026-06-17 13:54:09,043 [INFO]   🔍 DDG: "Hotel Cápsula Bogotá" Bogota email contacto
2026-06-17 13:54:14,902 [INFO] response: https://www.bing.com/search?q=%22Hotel+C%C3%A1psula+Bogot%C3%A1%22+Bogota+email+contacto 200
2026-06-17 13:54:19,190 [INFO]   🔍 DDG: "Hotel Cápsula Bogotá" Bogota correo reservas
2026-06-17 13:54:19,650 [INFO] response: https://www.bing.com/search?q=%22Hotel+C%C3%A1psula+Bogot%C3%A1%22+Bogota+correo+reservas 200
2026-06-17 13:54:23,973 [INFO]   🔍 DDG: "Hotel Cápsula Bogotá" colombia hotel "@"
2026-06-17 13:54:24,326 [INFO] response: https://www.bing.com/search?q=%22Hotel+C%C3%A1psula+Bogot%C3%A1%22+colombia+hotel+%22%40%22 200
2026-06-17 13:54:28,821 [INFO]   🔗 LinkedIn DDG: "Hotel Cápsula Bogotá" Bogota site:linkedin.com/company
2026-06-17 13:54:29,157 [INFO] response: https://www.bing.com/search?q=%22Hotel+C%C3%A1psula+Bogot%C3%A1%22+Bogota+site%3Alinkedin.com%2Fcompany 200
2026-06-17 13:54:30,283 [INFO] response: https://www.bing.com/search?q=%22Hotel+C%C3%A1psula+Bogot%C3%A1%22+Bogota+site%3Alinkedin.com%2Fcompany&first=11&FORM=PERE 200
2026-06-17 13:54:31,530 [INFO] response: https://www.bing.com/search?q=%22Hotel+C%C3%A1psula+Bogot%C3%A1%22+Bogota+site%3Alinkedin.com%2Fcompany&first=21&FORM=PERE1 200
2026-06-17 13:54:32,538 [INFO] response: https://www.bing.com/search?q=%22Hotel+C%C3%A1psula+Bogot%C3%A1%22+Bogota+site%3Alinkedin.com%2Fcompany&first=31&FORM=PERE2 200
2026-06-17 13:54:33,530 [INFO] response: https://www.bing.com/search?q=%22Hotel+C%C3%A1psula+Bogot%C3%A1%22+Bogota+site%3Alinkedin.com%2Fcompany&first=41&FORM=PERE3 200
2026-06-17 13:54:35,934 [INFO]   ❌ Sin resultado: Hotel Cápsula Bogotá
2026-06-17 13:54:42,191 [INFO] 
[159/330] HOTEL BOGOTÁ LA EMBAJADA (Bogota)
2026-06-17 13:54:42,192 [INFO]   🔍 DDG: "HOTEL BOGOTÁ LA EMBAJADA" Bogota email contacto
2026-06-17 13:54:47,631 [INFO] response: https://www.bing.com/search?q=%22HOTEL+BOGOT%C3%81+LA+EMBAJADA%22+Bogota+email+contacto 200
2026-06-17 13:54:51,570 [INFO]   🔍 DDG: "HOTEL BOGOTÁ LA EMBAJADA" Bogota correo reservas
2026-06-17 13:54:51,908 [INFO] response: https://www.bing.com/search?q=%22HOTEL+BOGOT%C3%81+LA+EMBAJADA%22+Bogota+correo+reservas 200
2026-06-17 13:54:54,773 [INFO]   🔍 DDG: "HOTEL BOGOTÁ LA EMBAJADA" colombia hotel "@"
2026-06-17 13:54:55,154 [INFO] response: https://www.bing.com/search?q=%22HOTEL+BOGOT%C3%81+LA+EMBAJADA%22+colombia+hotel+%22%40%22 200
2026-06-17 13:54:58,892 [INFO]   🌐 Visitando (DDG): https://www.hodelpa.com/
2026-06-17 13:55:07,591 [INFO]   ✅ Email en web DDG: reservas@hodelpa.com
2026-06-17 13:55:14,351 [INFO] 
[160/330] HOTEL EMBAJADA USA (Bogota)
2026-06-17 13:55:14,352 [INFO]   🌐 Scraping web conocida: http://www.hotelembajada.com/
2026-06-17 13:55:22,046 [INFO]   🔍 DDG: "HOTEL EMBAJADA USA" Bogota email contacto
2026-06-17 13:55:22,674 [INFO] response: https://www.bing.com/search?q=%22HOTEL+EMBAJADA+USA%22+Bogota+email+contacto 200
2026-06-17 13:55:25,197 [INFO]   🔍 DDG: "HOTEL EMBAJADA USA" Bogota correo reservas
2026-06-17 13:55:25,659 [INFO] response: https://www.bing.com/search?q=%22HOTEL+EMBAJADA+USA%22+Bogota+correo+reservas 200
2026-06-17 13:55:26,848 [INFO] response: https://www.bing.com/search?q=%22HOTEL+EMBAJADA+USA%22+Bogota+correo+reservas&first=11&FORM=PERE 200
2026-06-17 13:55:27,854 [INFO] response: https://www.bing.com/search?q=%22HOTEL+EMBAJADA+USA%22+Bogota+correo+reservas&first=21&FORM=PERE1 200
2026-06-17 13:55:28,993 [INFO] response: https://www.bing.com/search?q=%22HOTEL+EMBAJADA+USA%22+Bogota+correo+reservas&first=31&FORM=PERE2 200
2026-06-17 13:55:30,121 [INFO] response: https://www.bing.com/search?q=%22HOTEL+EMBAJADA+USA%22+Bogota+correo+reservas&first=41&FORM=PERE3 200
2026-06-17 13:55:33,317 [INFO]   🔍 DDG: "HOTEL EMBAJADA USA" colombia hotel "@"
2026-06-17 13:55:33,752 [INFO] response: https://www.bing.com/search?q=%22HOTEL+EMBAJADA+USA%22+colombia+hotel+%22%40%22 200
2026-06-17 13:55:36,276 [INFO]   🌐 Visitando (DDG): https://www.hodelpa.com/
2026-06-17 13:55:38,991 [INFO]   ✅ Email en web DDG: reservas@hodelpa.com
2026-06-17 13:55:38,994 [INFO]   📊 Progreso 160/330 | Emails: 49 | Webs: 0 | Sin resultado: 111
2026-06-17 13:55:46,647 [INFO] 
[161/330] HOTEL SAN FRANCISCO INN. (Barranquilla)
2026-06-17 13:55:46,647 [INFO]   🔍 DDG: "HOTEL SAN FRANCISCO INN." Barranquilla email contacto
2026-06-17 13:55:46,950 [INFO] response: https://www.bing.com/search?q=%22HOTEL+SAN+FRANCISCO+INN.%22+Barranquilla+email+contacto 200
2026-06-17 13:55:50,922 [INFO]   🔍 DDG: "HOTEL SAN FRANCISCO INN." Barranquilla correo reservas
2026-06-17 13:55:56,366 [INFO] response: https://www.bing.com/search?q=%22HOTEL+SAN+FRANCISCO+INN.%22+Barranquilla+correo+reservas 200
2026-06-17 13:55:58,770 [INFO]   🔍 DDG: "HOTEL SAN FRANCISCO INN." colombia hotel "@"
2026-06-17 13:55:59,188 [INFO] response: https://www.bing.com/search?q=%22HOTEL+SAN+FRANCISCO+INN.%22+colombia+hotel+%22%40%22 200
2026-06-17 13:56:03,042 [INFO]   🌐 Visitando (DDG): https://www.hodelpa.com/
2026-06-17 13:56:03,253 [INFO]   ✅ Email en web DDG: reservas@hodelpa.com
2026-06-17 13:56:07,823 [INFO] 
[162/330] Hotel OR Suites. (Barranquilla)
2026-06-17 13:56:07,824 [INFO]   🔍 DDG: "Hotel OR Suites." Barranquilla email contacto
2026-06-17 13:56:13,329 [INFO] response: https://www.bing.com/search?q=%22Hotel+OR+Suites.%22+Barranquilla+email+contacto 200
2026-06-17 13:56:14,423 [INFO] response: https://www.bing.com/search?q=%22Hotel+OR+Suites.%22+Barranquilla+email+contacto&first=11&FORM=PERE 200
2026-06-17 13:56:15,472 [INFO] response: https://www.bing.com/search?q=%22Hotel+OR+Suites.%22+Barranquilla+email+contacto&first=21&FORM=PERE1 200
2026-06-17 13:56:16,562 [INFO] response: https://www.bing.com/search?q=%22Hotel+OR+Suites.%22+Barranquilla+email+contacto&first=31&FORM=PERE2 200
2026-06-17 13:56:17,606 [INFO] response: https://www.bing.com/search?q=%22Hotel+OR+Suites.%22+Barranquilla+email+contacto&first=41&FORM=PERE3 200
2026-06-17 13:56:20,555 [INFO]   🔍 DDG: "Hotel OR Suites." Barranquilla correo reservas
2026-06-17 13:56:20,961 [INFO] response: https://www.bing.com/search?q=%22Hotel+OR+Suites.%22+Barranquilla+correo+reservas 200
2026-06-17 13:56:24,547 [INFO]   🔍 DDG: "Hotel OR Suites." colombia hotel "@"
2026-06-17 13:56:25,125 [INFO] response: https://www.bing.com/search?q=%22Hotel+OR+Suites.%22+colombia+hotel+%22%40%22 200
2026-06-17 13:56:28,110 [INFO]   🌐 Visitando (DDG): https://www.hodelpa.com/
2026-06-17 13:56:28,273 [INFO]   ✅ Email en web DDG: reservas@hodelpa.com
2026-06-17 13:56:33,306 [INFO] 
[163/330] HOTEL MANZUR (Barranquilla)
2026-06-17 13:56:33,307 [INFO]   🔍 DDG: "HOTEL MANZUR" Barranquilla email contacto
2026-06-17 13:56:33,800 [INFO] response: https://www.bing.com/search?q=%22HOTEL+MANZUR%22+Barranquilla+email+contacto 200
2026-06-17 13:56:37,800 [INFO]   🔍 DDG: "HOTEL MANZUR" Barranquilla correo reservas
2026-06-17 13:56:43,138 [INFO] response: https://www.bing.com/search?q=%22HOTEL+MANZUR%22+Barranquilla+correo+reservas 200
2026-06-17 13:56:46,009 [INFO]   🔍 DDG: "HOTEL MANZUR" colombia hotel "@"
2026-06-17 13:56:46,482 [INFO] response: https://www.bing.com/search?q=%22HOTEL+MANZUR%22+colombia+hotel+%22%40%22 200
2026-06-17 13:56:50,564 [INFO]   🔗 LinkedIn DDG: "HOTEL MANZUR" Barranquilla site:linkedin.com/company
2026-06-17 13:56:55,969 [INFO] response: https://www.bing.com/search?q=%22HOTEL+MANZUR%22+Barranquilla+site%3Alinkedin.com%2Fcompany 200
2026-06-17 13:56:57,035 [INFO] response: https://www.bing.com/search?q=%22HOTEL+MANZUR%22+Barranquilla+site%3Alinkedin.com%2Fcompany&first=11&FORM=PERE 200
2026-06-17 13:56:58,142 [INFO] response: https://www.bing.com/search?q=%22HOTEL+MANZUR%22+Barranquilla+site%3Alinkedin.com%2Fcompany&first=21&FORM=PERE1 200
2026-06-17 13:56:59,157 [INFO] response: https://www.bing.com/search?q=%22HOTEL+MANZUR%22+Barranquilla+site%3Alinkedin.com%2Fcompany&first=31&FORM=PERE2 200
2026-06-17 13:57:00,281 [INFO] response: https://www.bing.com/search?q=%22HOTEL+MANZUR%22+Barranquilla+site%3Alinkedin.com%2Fcompany&first=41&FORM=PERE3 200
2026-06-17 13:57:03,851 [INFO]   ❌ Sin resultado: HOTEL MANZUR
2026-06-17 13:57:09,551 [INFO] 
[164/330] Hotel Doral (Barranquilla)
2026-06-17 13:57:09,552 [INFO]   🔍 DDG: "Hotel Doral" Barranquilla email contacto
2026-06-17 13:57:09,881 [INFO] response: https://www.bing.com/search?q=%22Hotel+Doral%22+Barranquilla+email+contacto 200
2026-06-17 13:57:12,264 [INFO]   🔍 DDG: "Hotel Doral" Barranquilla correo reservas
2026-06-17 13:57:17,985 [INFO] response: https://www.bing.com/search?q=%22Hotel+Doral%22+Barranquilla+correo+reservas 200
2026-06-17 13:57:20,897 [INFO]   🔍 DDG: "Hotel Doral" colombia hotel "@"
2026-06-17 13:57:21,288 [INFO] response: https://www.bing.com/search?q=%22Hotel+Doral%22+colombia+hotel+%22%40%22 200
2026-06-17 13:57:24,936 [INFO]   🌐 Visitando (DDG): https://www.hodelpa.com/
2026-06-17 13:57:25,188 [INFO]   ✅ Email en web DDG: reservas@hodelpa.com
2026-06-17 13:57:29,294 [INFO] 
[165/330] Hotel Golden House (Barranquilla)
2026-06-17 13:57:29,294 [INFO]   🔍 DDG: "Hotel Golden House" Barranquilla email contacto
2026-06-17 13:57:29,764 [INFO] response: https://www.bing.com/search?q=%22Hotel+Golden+House%22+Barranquilla+email+contacto 200
2026-06-17 13:57:32,664 [INFO]   🔍 DDG: "Hotel Golden House" Barranquilla correo reservas
2026-06-17 13:57:33,094 [INFO] response: https://www.bing.com/search?q=%22Hotel+Golden+House%22+Barranquilla+correo+reservas 200
2026-06-17 13:57:36,047 [INFO]   🔍 DDG: "Hotel Golden House" colombia hotel "@"
2026-06-17 13:57:36,506 [INFO] response: https://www.bing.com/search?q=%22Hotel+Golden+House%22+colombia+hotel+%22%40%22 200
2026-06-17 13:57:41,043 [INFO]   🔗 LinkedIn DDG: "Hotel Golden House" Barranquilla site:linkedin.com/company
2026-06-17 13:57:41,716 [INFO] response: https://www.bing.com/search?q=%22Hotel+Golden+House%22+Barranquilla+site%3Alinkedin.com%2Fcompany 200
2026-06-17 13:57:42,778 [INFO] response: https://www.bing.com/search?q=%22Hotel+Golden+House%22+Barranquilla+site%3Alinkedin.com%2Fcompany&first=11&FORM=PERE 200
2026-06-17 13:57:43,777 [INFO] response: https://www.bing.com/search?q=%22Hotel+Golden+House%22+Barranquilla+site%3Alinkedin.com%2Fcompany&first=21&FORM=PERE1 200
2026-06-17 13:57:44,899 [INFO] response: https://www.bing.com/search?q=%22Hotel+Golden+House%22+Barranquilla+site%3Alinkedin.com%2Fcompany&first=31&FORM=PERE2 200
2026-06-17 13:57:45,909 [INFO] response: https://www.bing.com/search?q=%22Hotel+Golden+House%22+Barranquilla+site%3Alinkedin.com%2Fcompany&first=41&FORM=PERE3 200
2026-06-17 13:57:48,780 [INFO]   ❌ Sin resultado: Hotel Golden House
2026-06-17 13:57:53,835 [INFO] 
[166/330] Hotel Estefanía Princess 84 (Barranquilla)
2026-06-17 13:57:53,836 [INFO]   🔍 DDG: "Hotel Estefanía Princess 84" Barranquilla email contacto
2026-06-17 13:57:54,372 [INFO] response: https://www.bing.com/search?q=%22Hotel+Estefan%C3%ADa+Princess+84%22+Barranquilla+email+contacto 200
2026-06-17 13:57:58,777 [INFO]   🔍 DDG: "Hotel Estefanía Princess 84" Barranquilla correo reservas
2026-06-17 13:57:59,222 [INFO] response: https://www.bing.com/search?q=%22Hotel+Estefan%C3%ADa+Princess+84%22+Barranquilla+correo+reservas 200
2026-06-17 13:58:03,030 [INFO]   🔍 DDG: "Hotel Estefanía Princess 84" colombia hotel "@"
2026-06-17 13:58:03,455 [INFO] response: https://www.bing.com/search?q=%22Hotel+Estefan%C3%ADa+Princess+84%22+colombia+hotel+%22%40%22 200
2026-06-17 13:58:06,557 [INFO]   🔗 LinkedIn DDG: "Hotel Estefanía Princess 84" Barranquilla site:linkedin.com/company
2026-06-17 13:58:06,951 [INFO] response: https://www.bing.com/search?q=%22Hotel+Estefan%C3%ADa+Princess+84%22+Barranquilla+site%3Alinkedin.com%2Fcompany 200
2026-06-17 13:58:08,040 [INFO] response: https://www.bing.com/search?q=%22Hotel+Estefan%C3%ADa+Princess+84%22+Barranquilla+site%3Alinkedin.com%2Fcompany&first=11&FORM=PERE 200
2026-06-17 13:58:09,166 [INFO] response: https://www.bing.com/search?q=%22Hotel+Estefan%C3%ADa+Princess+84%22+Barranquilla+site%3Alinkedin.com%2Fcompany&first=21&FORM=PERE1 200
2026-06-17 13:58:10,173 [INFO] response: https://www.bing.com/search?q=%22Hotel+Estefan%C3%ADa+Princess+84%22+Barranquilla+site%3Alinkedin.com%2Fcompany&first=31&FORM=PERE2 200
2026-06-17 13:58:11,227 [INFO] response: https://www.bing.com/search?q=%22Hotel+Estefan%C3%ADa+Princess+84%22+Barranquilla+site%3Alinkedin.com%2Fcompany&first=41&FORM=PERE3 200
2026-06-17 13:58:15,035 [INFO]   ❌ Sin resultado: Hotel Estefanía Princess 84
2026-06-17 13:58:20,164 [INFO] 
[167/330] TARENTO Suite HOTEL (Barranquilla)
2026-06-17 13:58:20,164 [INFO]   🔍 DDG: "TARENTO Suite HOTEL" Barranquilla email contacto
2026-06-17 13:58:20,594 [INFO] response: https://www.bing.com/search?q=%22TARENTO+Suite+HOTEL%22+Barranquilla+email+contacto 200
2026-06-17 13:58:24,293 [INFO]   🔍 DDG: "TARENTO Suite HOTEL" Barranquilla correo reservas
2026-06-17 13:58:24,849 [INFO] response: https://www.bing.com/search?q=%22TARENTO+Suite+HOTEL%22+Barranquilla+correo+reservas 200
2026-06-17 13:58:28,040 [INFO]   🔍 DDG: "TARENTO Suite HOTEL" colombia hotel "@"
2026-06-17 13:58:28,481 [INFO] response: https://www.bing.com/search?q=%22TARENTO+Suite+HOTEL%22+colombia+hotel+%22%40%22 200
2026-06-17 13:58:30,676 [INFO]   🔗 LinkedIn DDG: "TARENTO Suite HOTEL" Barranquilla site:linkedin.com/company
2026-06-17 13:58:31,190 [INFO] response: https://www.bing.com/search?q=%22TARENTO+Suite+HOTEL%22+Barranquilla+site%3Alinkedin.com%2Fcompany 200
2026-06-17 13:58:32,268 [INFO] response: https://www.bing.com/search?q=%22TARENTO+Suite+HOTEL%22+Barranquilla+site%3Alinkedin.com%2Fcompany&first=11&FORM=PERE 200
2026-06-17 13:58:33,313 [INFO] response: https://www.bing.com/search?q=%22TARENTO+Suite+HOTEL%22+Barranquilla+site%3Alinkedin.com%2Fcompany&first=21&FORM=PERE1 200
2026-06-17 13:58:34,357 [INFO] response: https://www.bing.com/search?q=%22TARENTO+Suite+HOTEL%22+Barranquilla+site%3Alinkedin.com%2Fcompany&first=31&FORM=PERE2 200
2026-06-17 13:58:35,295 [INFO] response: https://www.bing.com/search?q=%22TARENTO+Suite+HOTEL%22+Barranquilla+site%3Alinkedin.com%2Fcompany&first=41&FORM=PERE3 200
2026-06-17 13:58:37,627 [INFO]   ❌ Sin resultado: TARENTO Suite HOTEL
2026-06-17 13:58:43,078 [INFO] 
[168/330] Hotel Home Buenavista (Barranquilla)
2026-06-17 13:58:43,078 [INFO]   🔍 DDG: "Hotel Home Buenavista" Barranquilla email contacto
2026-06-17 13:58:48,439 [INFO] response: https://www.bing.com/search?q=%22Hotel+Home+Buenavista%22+Barranquilla+email+contacto 200
2026-06-17 13:58:51,243 [INFO]   🔍 DDG: "Hotel Home Buenavista" Barranquilla correo reservas
2026-06-17 13:58:51,594 [INFO] response: https://www.bing.com/search?q=%22Hotel+Home+Buenavista%22+Barranquilla+correo+reservas 200
2026-06-17 13:58:55,117 [INFO]   🔍 DDG: "Hotel Home Buenavista" colombia hotel "@"
2026-06-17 13:58:55,510 [INFO] response: https://www.bing.com/search?q=%22Hotel+Home+Buenavista%22+colombia+hotel+%22%40%22 200
2026-06-17 13:58:57,843 [INFO]   🔗 LinkedIn DDG: "Hotel Home Buenavista" Barranquilla site:linkedin.com/company
2026-06-17 13:58:58,382 [INFO] response: https://www.bing.com/search?q=%22Hotel+Home+Buenavista%22+Barranquilla+site%3Alinkedin.com%2Fcompany 200
2026-06-17 13:58:59,415 [INFO] response: https://www.bing.com/search?q=%22Hotel+Home+Buenavista%22+Barranquilla+site%3Alinkedin.com%2Fcompany&first=11&FORM=PERE 200
2026-06-17 13:59:00,850 [INFO] response: https://www.bing.com/search?q=%22Hotel+Home+Buenavista%22+Barranquilla+site%3Alinkedin.com%2Fcompany&first=21&FORM=PERE1 200
2026-06-17 13:59:01,830 [INFO] response: https://www.bing.com/search?q=%22Hotel+Home+Buenavista%22+Barranquilla+site%3Alinkedin.com%2Fcompany&first=31&FORM=PERE2 200
2026-06-17 13:59:03,034 [INFO] response: https://www.bing.com/search?q=%22Hotel+Home+Buenavista%22+Barranquilla+site%3Alinkedin.com%2Fcompany&first=41&FORM=PERE3 200
2026-06-17 13:59:07,830 [INFO]   ❌ Sin resultado: Hotel Home Buenavista
2026-06-17 13:59:13,382 [INFO] 
[169/330] HOTEL BARRANQUILLA INN (Barranquilla)
2026-06-17 13:59:13,382 [INFO]   🔍 DDG: "HOTEL BARRANQUILLA INN" Barranquilla email contacto
2026-06-17 13:59:13,725 [INFO] response: https://www.bing.com/search?q=%22HOTEL+BARRANQUILLA+INN%22+Barranquilla+email+contacto 200
2026-06-17 13:59:17,742 [INFO]   🔍 DDG: "HOTEL BARRANQUILLA INN" Barranquilla correo reservas
2026-06-17 13:59:18,153 [INFO] response: https://www.bing.com/search?q=%22HOTEL+BARRANQUILLA+INN%22+Barranquilla+correo+reservas 200
2026-06-17 13:59:20,342 [INFO]   🔍 DDG: "HOTEL BARRANQUILLA INN" colombia hotel "@"
2026-06-17 13:59:25,764 [INFO] response: https://www.bing.com/search?q=%22HOTEL+BARRANQUILLA+INN%22+colombia+hotel+%22%40%22 200
2026-06-17 13:59:29,814 [INFO]   🔗 LinkedIn DDG: "HOTEL BARRANQUILLA INN" Barranquilla site:linkedin.com/company
2026-06-17 13:59:30,338 [INFO] response: https://www.bing.com/search?q=%22HOTEL+BARRANQUILLA+INN%22+Barranquilla+site%3Alinkedin.com%2Fcompany 200
2026-06-17 13:59:31,334 [INFO] response: https://www.bing.com/search?q=%22HOTEL+BARRANQUILLA+INN%22+Barranquilla+site%3Alinkedin.com%2Fcompany&first=11&FORM=PERE 200
2026-06-17 13:59:32,530 [INFO] response: https://www.bing.com/search?q=%22HOTEL+BARRANQUILLA+INN%22+Barranquilla+site%3Alinkedin.com%2Fcompany&first=21&FORM=PERE1 200
2026-06-17 13:59:33,545 [INFO] response: https://www.bing.com/search?q=%22HOTEL+BARRANQUILLA+INN%22+Barranquilla+site%3Alinkedin.com%2Fcompany&first=31&FORM=PERE2 200
2026-06-17 13:59:34,739 [INFO] response: https://www.bing.com/search?q=%22HOTEL+BARRANQUILLA+INN%22+Barranquilla+site%3Alinkedin.com%2Fcompany&first=41&FORM=PERE3 200
2026-06-17 13:59:37,987 [INFO]   ❌ Sin resultado: HOTEL BARRANQUILLA INN
2026-06-17 13:59:44,607 [INFO] 
[170/330] Hotel Prado 53 (Barranquilla)
2026-06-17 13:59:44,607 [INFO]   🔍 DDG: "Hotel Prado 53" Barranquilla email contacto
2026-06-17 13:59:45,259 [INFO] response: https://www.bing.com/search?q=%22Hotel+Prado+53%22+Barranquilla+email+contacto 200
2026-06-17 13:59:46,255 [INFO] response: https://www.bing.com/search?q=%22Hotel+Prado+53%22+Barranquilla+email+contacto&first=11&FORM=PERE 200
2026-06-17 13:59:47,439 [INFO] response: https://www.bing.com/search?q=%22Hotel+Prado+53%22+Barranquilla+email+contacto&first=21&FORM=PERE1 200
2026-06-17 13:59:48,388 [INFO] response: https://www.bing.com/search?q=%22Hotel+Prado+53%22+Barranquilla+email+contacto&first=31&FORM=PERE2 200
2026-06-17 13:59:49,395 [INFO] response: https://www.bing.com/search?q=%22Hotel+Prado+53%22+Barranquilla+email+contacto&first=41&FORM=PERE3 200
2026-06-17 13:59:53,468 [INFO]   🔍 DDG: "Hotel Prado 53" Barranquilla correo reservas
2026-06-17 13:59:53,849 [INFO] response: https://www.bing.com/search?q=%22Hotel+Prado+53%22+Barranquilla+correo+reservas 200
2026-06-17 13:59:57,059 [INFO]   🔍 DDG: "Hotel Prado 53" colombia hotel "@"
2026-06-17 13:59:57,555 [INFO] response: https://www.bing.com/search?q=%22Hotel+Prado+53%22+colombia+hotel+%22%40%22 200
2026-06-17 14:00:00,126 [INFO]   🌐 Visitando (DDG): https://www.hodelpa.com/
2026-06-17 14:00:00,286 [INFO]   ✅ Email en web DDG: reservas@hodelpa.com
2026-06-17 14:00:00,288 [INFO]   📊 Progreso 170/330 | Emails: 53 | Webs: 0 | Sin resultado: 117
2026-06-17 14:00:06,829 [INFO] 
[171/330] Atlantic Garden Hotel (Barranquilla)
2026-06-17 14:00:06,830 [INFO]   🔍 DDG: "Atlantic Garden Hotel" Barranquilla email contacto
2026-06-17 14:00:12,275 [INFO] response: https://www.bing.com/search?q=%22Atlantic+Garden+Hotel%22+Barranquilla+email+contacto 200
2026-06-17 14:00:16,833 [INFO]   🔍 DDG: "Atlantic Garden Hotel" Barranquilla correo reservas
2026-06-17 14:00:17,483 [INFO] response: https://www.bing.com/search?q=%22Atlantic+Garden+Hotel%22+Barranquilla+correo+reservas 200
2026-06-17 14:00:19,871 [INFO]   🔍 DDG: "Atlantic Garden Hotel" colombia hotel "@"
2026-06-17 14:00:20,219 [INFO] response: https://www.bing.com/search?q=%22Atlantic+Garden+Hotel%22+colombia+hotel+%22%40%22 200
2026-06-17 14:00:23,255 [INFO]   🌐 Visitando (DDG): https://www.theatlantic.com/
2026-06-17 14:00:49,590 [INFO]   🌐 Visitando (DDG): https://www.atlabank.com/
2026-06-17 14:01:02,894 [INFO]   🌐 Visitando (DDG): https://www.atlantic.es/
2026-06-17 14:01:11,883 [INFO]   ✅ Email en web DDG: atlantic@atlantic.es
2026-06-17 14:01:16,316 [INFO] 
[172/330] House Concepción Hostel (Barranquilla)
2026-06-17 14:01:16,316 [INFO]   🔍 DDG: "House Concepción Hostel" Barranquilla email contacto
2026-06-17 14:01:16,758 [INFO] response: https://www.bing.com/search?q=%22House+Concepci%C3%B3n+Hostel%22+Barranquilla+email+contacto 200
2026-06-17 14:01:17,968 [INFO] response: https://www.bing.com/search?q=%22House+Concepci%C3%B3n+Hostel%22+Barranquilla+email+contacto&first=11&FORM=PERE 200
2026-06-17 14:01:18,975 [INFO] response: https://www.bing.com/search?q=%22House+Concepci%C3%B3n+Hostel%22+Barranquilla+email+contacto&first=21&FORM=PERE1 200
2026-06-17 14:01:19,985 [INFO] response: https://www.bing.com/search?q=%22House+Concepci%C3%B3n+Hostel%22+Barranquilla+email+contacto&first=31&FORM=PERE2 200
2026-06-17 14:01:21,079 [INFO] response: https://www.bing.com/search?q=%22House+Concepci%C3%B3n+Hostel%22+Barranquilla+email+contacto&first=41&FORM=PERE3 200
2026-06-17 14:01:23,815 [INFO]   🔍 DDG: "House Concepción Hostel" Barranquilla correo reservas
2026-06-17 14:01:24,150 [INFO] response: https://www.bing.com/search?q=%22House+Concepci%C3%B3n+Hostel%22+Barranquilla+correo+reservas 200
2026-06-17 14:01:27,503 [INFO]   🔍 DDG: "House Concepción Hostel" colombia hotel "@"
2026-06-17 14:01:27,891 [INFO] response: https://www.bing.com/search?q=%22House+Concepci%C3%B3n+Hostel%22+colombia+hotel+%22%40%22 200
2026-06-17 14:01:28,978 [INFO] response: https://www.bing.com/search?q=%22House+Concepci%C3%B3n+Hostel%22+colombia+hotel+%22%40%22&first=11&FORM=PERE 200
2026-06-17 14:01:30,023 [INFO] response: https://www.bing.com/search?q=%22House+Concepci%C3%B3n+Hostel%22+colombia+hotel+%22%40%22&first=21&FORM=PERE1 200
2026-06-17 14:01:31,067 [INFO] response: https://www.bing.com/search?q=%22House+Concepci%C3%B3n+Hostel%22+colombia+hotel+%22%40%22&first=31&FORM=PERE2 200
2026-06-17 14:01:32,083 [INFO] response: https://www.bing.com/search?q=%22House+Concepci%C3%B3n+Hostel%22+colombia+hotel+%22%40%22&first=41&FORM=PERE3 200
2026-06-17 14:01:34,322 [INFO]   🌐 Visitando (DDG): https://www.zillow.com/pr/
2026-06-17 14:01:43,309 [INFO]   ✅ Email en web DDG: press@zillow.com
2026-06-17 14:01:49,996 [INFO] 
[173/330] Hotel Barranquilla Prado (Barranquilla)
2026-06-17 14:01:49,996 [INFO]   🔍 DDG: "Hotel Barranquilla Prado" Barranquilla email contacto
2026-06-17 14:01:50,294 [INFO] response: https://www.bing.com/search?q=%22Hotel+Barranquilla+Prado%22+Barranquilla+email+contacto 200
2026-06-17 14:01:53,832 [INFO]   🔍 DDG: "Hotel Barranquilla Prado" Barranquilla correo reservas
2026-06-17 14:01:54,130 [INFO] response: https://www.bing.com/search?q=%22Hotel+Barranquilla+Prado%22+Barranquilla+correo+reservas 200
2026-06-17 14:01:57,146 [INFO]   🔍 DDG: "Hotel Barranquilla Prado" colombia hotel "@"
2026-06-17 14:02:02,494 [INFO] response: https://www.bing.com/search?q=%22Hotel+Barranquilla+Prado%22+colombia+hotel+%22%40%22 200
2026-06-17 14:02:06,243 [INFO]   🌐 Visitando (DDG): https://www.hodelpa.com/
2026-06-17 14:02:06,402 [INFO]   ✅ Email en web DDG: reservas@hodelpa.com
2026-06-17 14:02:11,632 [INFO] 
[174/330] Hotel Vallclaire Suites (Barranquilla)
2026-06-17 14:02:11,633 [INFO]   🔍 DDG: "Hotel Vallclaire Suites" Barranquilla email contacto
2026-06-17 14:02:11,916 [INFO] response: https://www.bing.com/search?q=%22Hotel+Vallclaire+Suites%22+Barranquilla+email+contacto 200
2026-06-17 14:02:14,882 [INFO]   🔍 DDG: "Hotel Vallclaire Suites" Barranquilla correo reservas
2026-06-17 14:02:15,256 [INFO] response: https://www.bing.com/search?q=%22Hotel+Vallclaire+Suites%22+Barranquilla+correo+reservas 200
2026-06-17 14:02:17,950 [INFO]   🔍 DDG: "Hotel Vallclaire Suites" colombia hotel "@"
2026-06-17 14:02:18,321 [INFO] response: https://www.bing.com/search?q=%22Hotel+Vallclaire+Suites%22+colombia+hotel+%22%40%22 200
2026-06-17 14:02:22,502 [INFO]   🌐 Visitando (DDG): https://www.hodelpa.com/
2026-06-17 14:02:22,649 [INFO]   ✅ Email en web DDG: reservas@hodelpa.com
2026-06-17 14:02:27,716 [INFO] 
[175/330] Hotel Altos del Prado (Barranquilla)
2026-06-17 14:02:27,716 [INFO]   🔍 DDG: "Hotel Altos del Prado" Barranquilla email contacto
2026-06-17 14:02:28,089 [INFO] response: https://www.bing.com/search?q=%22Hotel+Altos+del+Prado%22+Barranquilla+email+contacto 200
2026-06-17 14:02:32,705 [INFO]   🔍 DDG: "Hotel Altos del Prado" Barranquilla correo reservas
2026-06-17 14:02:33,113 [INFO] response: https://www.bing.com/search?q=%22Hotel+Altos+del+Prado%22+Barranquilla+correo+reservas 200
2026-06-17 14:02:37,003 [INFO]   🔍 DDG: "Hotel Altos del Prado" colombia hotel "@"
2026-06-17 14:02:42,410 [INFO] response: https://www.bing.com/search?q=%22Hotel+Altos+del+Prado%22+colombia+hotel+%22%40%22 200
2026-06-17 14:02:45,373 [INFO]   🔗 LinkedIn DDG: "Hotel Altos del Prado" Barranquilla site:linkedin.com/company
2026-06-17 14:02:45,752 [INFO] response: https://www.bing.com/search?q=%22Hotel+Altos+del+Prado%22+Barranquilla+site%3Alinkedin.com%2Fcompany 200
2026-06-17 14:02:46,716 [INFO] response: https://www.bing.com/search?q=%22Hotel+Altos+del+Prado%22+Barranquilla+site%3Alinkedin.com%2Fcompany&first=11&FORM=PERE 200
2026-06-17 14:02:47,713 [INFO] response: https://www.bing.com/search?q=%22Hotel+Altos+del+Prado%22+Barranquilla+site%3Alinkedin.com%2Fcompany&first=21&FORM=PERE1 200
2026-06-17 14:02:48,773 [INFO] response: https://www.bing.com/search?q=%22Hotel+Altos+del+Prado%22+Barranquilla+site%3Alinkedin.com%2Fcompany&first=31&FORM=PERE2 200
2026-06-17 14:02:49,775 [INFO] response: https://www.bing.com/search?q=%22Hotel+Altos+del+Prado%22+Barranquilla+site%3Alinkedin.com%2Fcompany&first=41&FORM=PERE3 200
2026-06-17 14:02:52,314 [INFO]   ❌ Sin resultado: Hotel Altos del Prado
2026-06-17 14:02:58,166 [INFO] 
[176/330] Hotel Boston Superior Barranquilla (Barranquilla)
2026-06-17 14:02:58,167 [INFO]   🔍 DDG: "Hotel Boston Superior Barranquilla" Barranquilla email contacto
2026-06-17 14:03:03,478 [INFO] response: https://www.bing.com/search?q=%22Hotel+Boston+Superior+Barranquilla%22+Barranquilla+email+contacto 200
2026-06-17 14:03:05,685 [INFO]   🔍 DDG: "Hotel Boston Superior Barranquilla" Barranquilla correo reservas
2026-06-17 14:03:05,998 [INFO] response: https://www.bing.com/search?q=%22Hotel+Boston+Superior+Barranquilla%22+Barranquilla+correo+reservas 200
2026-06-17 14:03:10,355 [INFO]   🔍 DDG: "Hotel Boston Superior Barranquilla" colombia hotel "@"
2026-06-17 14:03:10,689 [INFO] response: https://www.bing.com/search?q=%22Hotel+Boston+Superior+Barranquilla%22+colombia+hotel+%22%40%22 200
2026-06-17 14:03:14,248 [INFO]   🔗 LinkedIn DDG: "Hotel Boston Superior Barranquilla" Barranquilla site:linkedin.com/company
2026-06-17 14:03:14,649 [INFO] response: https://www.bing.com/search?q=%22Hotel+Boston+Superior+Barranquilla%22+Barranquilla+site%3Alinkedin.com%2Fcompany 200
2026-06-17 14:03:15,726 [INFO] response: https://www.bing.com/search?q=%22Hotel+Boston+Superior+Barranquilla%22+Barranquilla+site%3Alinkedin.com%2Fcompany&first=11&FORM=PERE 200
2026-06-17 14:03:17,092 [INFO] response: https://www.bing.com/search?q=%22Hotel+Boston+Superior+Barranquilla%22+Barranquilla+site%3Alinkedin.com%2Fcompany&first=21&FORM=PERE1 200
2026-06-17 14:03:18,136 [INFO] response: https://www.bing.com/search?q=%22Hotel+Boston+Superior+Barranquilla%22+Barranquilla+site%3Alinkedin.com%2Fcompany&first=31&FORM=PERE2 200
2026-06-17 14:03:19,137 [INFO] response: https://www.bing.com/search?q=%22Hotel+Boston+Superior+Barranquilla%22+Barranquilla+site%3Alinkedin.com%2Fcompany&first=41&FORM=PERE3 200
2026-06-17 14:03:23,406 [INFO]   ❌ Sin resultado: Hotel Boston Superior Barranquilla
2026-06-17 14:03:30,599 [INFO] 
[177/330] Apartahotel Eslait (Barranquilla)
2026-06-17 14:03:30,599 [INFO]   🔍 DDG: "Apartahotel Eslait" Barranquilla email contacto
2026-06-17 14:03:30,986 [INFO] response: https://www.bing.com/search?q=%22Apartahotel+Eslait%22+Barranquilla+email+contacto 200
2026-06-17 14:03:33,898 [INFO]   🔍 DDG: "Apartahotel Eslait" Barranquilla correo reservas
2026-06-17 14:03:34,290 [INFO] response: https://www.bing.com/search?q=%22Apartahotel+Eslait%22+Barranquilla+correo+reservas 200
2026-06-17 14:03:37,610 [INFO]   🔍 DDG: "Apartahotel Eslait" colombia hotel "@"
2026-06-17 14:03:42,919 [INFO] response: https://www.bing.com/search?q=%22Apartahotel+Eslait%22+colombia+hotel+%22%40%22 200
2026-06-17 14:03:45,805 [INFO]   🌐 Visitando (DDG): https://www.contabeis.com.br/forum/tecnologia-contabil/412680/ecac-e-simples-fora-do-ar/
2026-06-17 14:04:00,375 [INFO]   🌐 Visitando (DDG): https://www.contabeis.com.br/forum/tributos-federais/408894/e-cac-problema-ao-acessar/3
2026-06-17 14:04:09,979 [INFO]   🌐 Visitando (DDG): https://www.contabeis.com.br/forum/tecnologia-contabil/412595/e-cac-fora-do-ar/
2026-06-17 14:04:19,442 [INFO]   🔗 LinkedIn DDG: "Apartahotel Eslait" Barranquilla site:linkedin.com/company
2026-06-17 14:04:19,879 [INFO] response: https://www.bing.com/search?q=%22Apartahotel+Eslait%22+Barranquilla+site%3Alinkedin.com%2Fcompany 200
2026-06-17 14:04:21,074 [INFO] response: https://www.bing.com/search?q=%22Apartahotel+Eslait%22+Barranquilla+site%3Alinkedin.com%2Fcompany&first=11&FORM=PERE 200
2026-06-17 14:04:22,407 [INFO] response: https://www.bing.com/search?q=%22Apartahotel+Eslait%22+Barranquilla+site%3Alinkedin.com%2Fcompany&first=21&FORM=PERE1 200
2026-06-17 14:04:23,521 [INFO] response: https://www.bing.com/search?q=%22Apartahotel+Eslait%22+Barranquilla+site%3Alinkedin.com%2Fcompany&first=31&FORM=PERE2 200
2026-06-17 14:04:24,812 [INFO] response: https://www.bing.com/search?q=%22Apartahotel+Eslait%22+Barranquilla+site%3Alinkedin.com%2Fcompany&first=41&FORM=PERE3 200
2026-06-17 14:04:27,082 [INFO]   ❌ Sin resultado: Apartahotel Eslait
2026-06-17 14:04:31,758 [INFO] 
[178/330] Hotel Prado 72 (Barranquilla)
2026-06-17 14:04:31,759 [INFO]   🔍 DDG: "Hotel Prado 72" Barranquilla email contacto
2026-06-17 14:04:32,630 [INFO] response: https://www.bing.com/search?q=%22Hotel+Prado+72%22+Barranquilla+email+contacto 200
2026-06-17 14:04:36,507 [INFO]   🔍 DDG: "Hotel Prado 72" Barranquilla correo reservas
2026-06-17 14:04:36,880 [INFO] response: https://www.bing.com/search?q=%22Hotel+Prado+72%22+Barranquilla+correo+reservas 200
2026-06-17 14:04:40,256 [INFO]   🔍 DDG: "Hotel Prado 72" colombia hotel "@"
2026-06-17 14:04:40,713 [INFO] response: https://www.bing.com/search?q=%22Hotel+Prado+72%22+colombia+hotel+%22%40%22 200
2026-06-17 14:04:45,332 [INFO]   🔗 LinkedIn DDG: "Hotel Prado 72" Barranquilla site:linkedin.com/company
2026-06-17 14:04:45,645 [INFO] response: https://www.bing.com/search?q=%22Hotel+Prado+72%22+Barranquilla+site%3Alinkedin.com%2Fcompany 200
2026-06-17 14:04:46,634 [INFO] response: https://www.bing.com/search?q=%22Hotel+Prado+72%22+Barranquilla+site%3Alinkedin.com%2Fcompany&first=11&FORM=PERE 200
2026-06-17 14:04:47,614 [INFO] response: https://www.bing.com/search?q=%22Hotel+Prado+72%22+Barranquilla+site%3Alinkedin.com%2Fcompany&first=21&FORM=PERE1 200
2026-06-17 14:04:48,815 [INFO] response: https://www.bing.com/search?q=%22Hotel+Prado+72%22+Barranquilla+site%3Alinkedin.com%2Fcompany&first=31&FORM=PERE2 200
2026-06-17 14:04:49,758 [INFO] response: https://www.bing.com/search?q=%22Hotel+Prado+72%22+Barranquilla+site%3Alinkedin.com%2Fcompany&first=41&FORM=PERE3 200
2026-06-17 14:04:53,635 [INFO]   ❌ Sin resultado: Hotel Prado 72
2026-06-17 14:05:01,265 [INFO] 
[179/330] Hostal El Recreo (Barranquilla)
2026-06-17 14:05:01,266 [INFO]   🔍 DDG: "Hostal El Recreo" Barranquilla email contacto
2026-06-17 14:05:06,671 [INFO] response: https://www.bing.com/search?q=%22Hostal+El+Recreo%22+Barranquilla+email+contacto 200
2026-06-17 14:05:07,719 [INFO] response: https://www.bing.com/search?q=%22Hostal+El+Recreo%22+Barranquilla+email+contacto&first=11&FORM=PERE 200
2026-06-17 14:05:08,756 [INFO] response: https://www.bing.com/search?q=%22Hostal+El+Recreo%22+Barranquilla+email+contacto&first=21&FORM=PERE1 200
2026-06-17 14:05:09,802 [INFO] response: https://www.bing.com/search?q=%22Hostal+El+Recreo%22+Barranquilla+email+contacto&first=31&FORM=PERE2 200
2026-06-17 14:05:10,824 [INFO] response: https://www.bing.com/search?q=%22Hostal+El+Recreo%22+Barranquilla+email+contacto&first=41&FORM=PERE3 200
2026-06-17 14:05:15,250 [INFO]   🔍 DDG: "Hostal El Recreo" Barranquilla correo reservas
2026-06-17 14:05:20,577 [INFO] response: https://www.bing.com/search?q=%22Hostal+El+Recreo%22+Barranquilla+correo+reservas 200
2026-06-17 14:05:23,888 [INFO]   🔍 DDG: "Hostal El Recreo" colombia hotel "@"
2026-06-17 14:05:24,212 [INFO] response: https://www.bing.com/search?q=%22Hostal+El+Recreo%22+colombia+hotel+%22%40%22 200
2026-06-17 14:05:26,597 [INFO]   🌐 Visitando (DDG): https://www.hostal.com.co/bogota-colombia
2026-06-17 14:05:51,236 [INFO]   🌐 Visitando (DDG): https://www.tripadvisor.co/Hotels-g294074-c3-zff26-Bogota-Hotels.html
2026-06-17 14:05:54,290 [INFO]   🌐 Visitando (DDG): https://www.hostales.com/Colombia/Bogotá
2026-06-17 14:06:18,473 [INFO]   🔗 LinkedIn DDG: "Hostal El Recreo" Barranquilla site:linkedin.com/company
2026-06-17 14:06:18,861 [INFO] response: https://www.bing.com/search?q=%22Hostal+El+Recreo%22+Barranquilla+site%3Alinkedin.com%2Fcompany 200
2026-06-17 14:06:20,048 [INFO] response: https://www.bing.com/search?q=%22Hostal+El+Recreo%22+Barranquilla+site%3Alinkedin.com%2Fcompany&first=11&FORM=PERE 200
2026-06-17 14:06:21,176 [INFO] response: https://www.bing.com/search?q=%22Hostal+El+Recreo%22+Barranquilla+site%3Alinkedin.com%2Fcompany&first=21&FORM=PERE1 200
2026-06-17 14:06:22,281 [INFO] response: https://www.bing.com/search?q=%22Hostal+El+Recreo%22+Barranquilla+site%3Alinkedin.com%2Fcompany&first=31&FORM=PERE2 200
2026-06-17 14:06:23,359 [INFO] response: https://www.bing.com/search?q=%22Hostal+El+Recreo%22+Barranquilla+site%3Alinkedin.com%2Fcompany&first=41&FORM=PERE3 200
2026-06-17 14:06:26,153 [INFO]   ❌ Sin resultado: Hostal El Recreo
2026-06-17 14:06:32,768 [INFO] 
[180/330] Hotel Platinum Barranquilla (Barranquilla)
2026-06-17 14:06:32,769 [INFO]   🔍 DDG: "Hotel Platinum Barranquilla" Barranquilla email contacto
2026-06-17 14:06:33,584 [INFO] response: https://www.bing.com/search?q=%22Hotel+Platinum+Barranquilla%22+Barranquilla+email+contacto 200
2026-06-17 14:06:37,199 [INFO]   🔍 DDG: "Hotel Platinum Barranquilla" Barranquilla correo reservas
2026-06-17 14:06:37,563 [INFO] response: https://www.bing.com/search?q=%22Hotel+Platinum+Barranquilla%22+Barranquilla+correo+reservas 200
2026-06-17 14:06:41,511 [INFO]   🔍 DDG: "Hotel Platinum Barranquilla" colombia hotel "@"
2026-06-17 14:06:41,862 [INFO] response: https://www.bing.com/search?q=%22Hotel+Platinum+Barranquilla%22+colombia+hotel+%22%40%22 200
2026-06-17 14:06:45,890 [INFO]   🌐 Visitando (DDG): https://www.hodelpa.com/
2026-06-17 14:06:46,025 [INFO]   ✅ Email en web DDG: reservas@hodelpa.com
2026-06-17 14:06:46,027 [INFO]   📊 Progreso 180/330 | Emails: 58 | Webs: 0 | Sin resultado: 122
2026-06-17 14:06:53,064 [INFO] 
[181/330] THE MENDOZA GRAND HOTEL (Barranquilla)
2026-06-17 14:06:53,064 [INFO]   🔍 DDG: "THE MENDOZA GRAND HOTEL" Barranquilla email contacto
2026-06-17 14:06:53,395 [INFO] response: https://www.bing.com/search?q=%22THE+MENDOZA+GRAND+HOTEL%22+Barranquilla+email+contacto 200
2026-06-17 14:06:57,849 [INFO]   🔍 DDG: "THE MENDOZA GRAND HOTEL" Barranquilla correo reservas
2026-06-17 14:06:58,182 [INFO] response: https://www.bing.com/search?q=%22THE+MENDOZA+GRAND+HOTEL%22+Barranquilla+correo+reservas 200
2026-06-17 14:07:01,607 [INFO]   🔍 DDG: "THE MENDOZA GRAND HOTEL" colombia hotel "@"
2026-06-17 14:07:01,988 [INFO] response: https://www.bing.com/search?q=%22THE+MENDOZA+GRAND+HOTEL%22+colombia+hotel+%22%40%22 200
2026-06-17 14:07:06,195 [INFO]   🔗 LinkedIn DDG: "THE MENDOZA GRAND HOTEL" Barranquilla site:linkedin.com/company
2026-06-17 14:07:06,623 [INFO] response: https://www.bing.com/search?q=%22THE+MENDOZA+GRAND+HOTEL%22+Barranquilla+site%3Alinkedin.com%2Fcompany 200
2026-06-17 14:07:07,714 [INFO] response: https://www.bing.com/search?q=%22THE+MENDOZA+GRAND+HOTEL%22+Barranquilla+site%3Alinkedin.com%2Fcompany&first=11&FORM=PERE 200
2026-06-17 14:07:08,762 [INFO] response: https://www.bing.com/search?q=%22THE+MENDOZA+GRAND+HOTEL%22+Barranquilla+site%3Alinkedin.com%2Fcompany&first=21&FORM=PERE1 200
2026-06-17 14:07:09,767 [INFO] response: https://www.bing.com/search?q=%22THE+MENDOZA+GRAND+HOTEL%22+Barranquilla+site%3Alinkedin.com%2Fcompany&first=31&FORM=PERE2 200
2026-06-17 14:07:10,784 [INFO] response: https://www.bing.com/search?q=%22THE+MENDOZA+GRAND+HOTEL%22+Barranquilla+site%3Alinkedin.com%2Fcompany&first=41&FORM=PERE3 200
2026-06-17 14:07:13,550 [INFO]   ❌ Sin resultado: THE MENDOZA GRAND HOTEL
2026-06-17 14:07:17,629 [INFO] 
[182/330] Hospedaje Altamira (Barranquilla)
2026-06-17 14:07:17,630 [INFO]   🔍 DDG: "Hospedaje Altamira" Barranquilla email contacto
2026-06-17 14:07:18,027 [INFO] response: https://www.bing.com/search?q=%22Hospedaje+Altamira%22+Barranquilla+email+contacto 200
2026-06-17 14:07:21,255 [INFO]   🔍 DDG: "Hospedaje Altamira" Barranquilla correo reservas
2026-06-17 14:07:21,589 [INFO] response: https://www.bing.com/search?q=%22Hospedaje+Altamira%22+Barranquilla+correo+reservas 200
2026-06-17 14:07:24,495 [INFO]   🔍 DDG: "Hospedaje Altamira" colombia hotel "@"
2026-06-17 14:07:24,811 [INFO] response: https://www.bing.com/search?q=%22Hospedaje+Altamira%22+colombia+hotel+%22%40%22 200
2026-06-17 14:07:27,802 [INFO]   🌐 Visitando (DDG): https://www.hospedaje.com.co/tamesis-colombia
2026-06-17 14:07:58,889 [INFO]   🔗 LinkedIn DDG: "Hospedaje Altamira" Barranquilla site:linkedin.com/company
2026-06-17 14:07:59,301 [INFO] response: https://www.bing.com/search?q=%22Hospedaje+Altamira%22+Barranquilla+site%3Alinkedin.com%2Fcompany 200
2026-06-17 14:08:00,410 [INFO] response: https://www.bing.com/search?q=%22Hospedaje+Altamira%22+Barranquilla+site%3Alinkedin.com%2Fcompany&first=11&FORM=PERE 200
2026-06-17 14:08:01,543 [INFO] response: https://www.bing.com/search?q=%22Hospedaje+Altamira%22+Barranquilla+site%3Alinkedin.com%2Fcompany&first=21&FORM=PERE1 200
2026-06-17 14:08:02,693 [INFO] response: https://www.bing.com/search?q=%22Hospedaje+Altamira%22+Barranquilla+site%3Alinkedin.com%2Fcompany&first=31&FORM=PERE2 200
2026-06-17 14:08:03,744 [INFO] response: https://www.bing.com/search?q=%22Hospedaje+Altamira%22+Barranquilla+site%3Alinkedin.com%2Fcompany&first=41&FORM=PERE3 200
2026-06-17 14:08:07,989 [INFO]   ❌ Sin resultado: Hospedaje Altamira
2026-06-17 14:08:12,853 [INFO] 
[183/330] Hotel Prado Real Barranquilla (Barranquilla)
2026-06-17 14:08:12,853 [INFO]   🔍 DDG: "Hotel Prado Real Barranquilla" Barranquilla email contacto
2026-06-17 14:08:13,256 [INFO] response: https://www.bing.com/search?q=%22Hotel+Prado+Real+Barranquilla%22+Barranquilla+email+contacto 200
2026-06-17 14:08:16,239 [INFO]   🔍 DDG: "Hotel Prado Real Barranquilla" Barranquilla correo reservas
2026-06-17 14:08:16,607 [INFO] response: https://www.bing.com/search?q=%22Hotel+Prado+Real+Barranquilla%22+Barranquilla+correo+reservas 200
2026-06-17 14:08:20,547 [INFO]   🔍 DDG: "Hotel Prado Real Barranquilla" colombia hotel "@"
2026-06-17 14:08:20,943 [INFO] response: https://www.bing.com/search?q=%22Hotel+Prado+Real+Barranquilla%22+colombia+hotel+%22%40%22 200
2026-06-17 14:08:23,832 [INFO]   🔗 LinkedIn DDG: "Hotel Prado Real Barranquilla" Barranquilla site:linkedin.com/company
2026-06-17 14:08:24,342 [INFO] response: https://www.bing.com/search?q=%22Hotel+Prado+Real+Barranquilla%22+Barranquilla+site%3Alinkedin.com%2Fcompany 200
2026-06-17 14:08:25,366 [INFO] response: https://www.bing.com/search?q=%22Hotel+Prado+Real+Barranquilla%22+Barranquilla+site%3Alinkedin.com%2Fcompany&first=11&FORM=PERE 200
2026-06-17 14:08:26,361 [INFO] response: https://www.bing.com/search?q=%22Hotel+Prado+Real+Barranquilla%22+Barranquilla+site%3Alinkedin.com%2Fcompany&first=21&FORM=PERE1 200
2026-06-17 14:08:27,481 [INFO] response: https://www.bing.com/search?q=%22Hotel+Prado+Real+Barranquilla%22+Barranquilla+site%3Alinkedin.com%2Fcompany&first=31&FORM=PERE2 200
2026-06-17 14:08:28,566 [INFO] response: https://www.bing.com/search?q=%22Hotel+Prado+Real+Barranquilla%22+Barranquilla+site%3Alinkedin.com%2Fcompany&first=41&FORM=PERE3 200
2026-06-17 14:08:30,667 [INFO]   ❌ Sin resultado: Hotel Prado Real Barranquilla
2026-06-17 14:08:35,949 [INFO] 
[184/330] Apartahotel BAQ suite 44 (Barranquilla)
2026-06-17 14:08:35,949 [INFO]   🔍 DDG: "Apartahotel BAQ suite 44" Barranquilla email contacto
2026-06-17 14:08:36,354 [INFO] response: https://www.bing.com/search?q=%22Apartahotel+BAQ+suite+44%22+Barranquilla+email+contacto 200
2026-06-17 14:08:40,250 [INFO]   🔍 DDG: "Apartahotel BAQ suite 44" Barranquilla correo reservas
2026-06-17 14:08:45,638 [INFO] response: https://www.bing.com/search?q=%22Apartahotel+BAQ+suite+44%22+Barranquilla+correo+reservas 200
2026-06-17 14:08:50,203 [INFO]   🔍 DDG: "Apartahotel BAQ suite 44" colombia hotel "@"
2026-06-17 14:08:50,660 [INFO] response: https://www.bing.com/search?q=%22Apartahotel+BAQ+suite+44%22+colombia+hotel+%22%40%22 200
2026-06-17 14:08:54,753 [INFO]   🔗 LinkedIn DDG: "Apartahotel BAQ suite 44" Barranquilla site:linkedin.com/company
2026-06-17 14:08:55,123 [INFO] response: https://www.bing.com/search?q=%22Apartahotel+BAQ+suite+44%22+Barranquilla+site%3Alinkedin.com%2Fcompany 200
2026-06-17 14:08:56,104 [INFO] response: https://www.bing.com/search?q=%22Apartahotel+BAQ+suite+44%22+Barranquilla+site%3Alinkedin.com%2Fcompany&first=11&FORM=PERE 200
2026-06-17 14:08:57,226 [INFO] response: https://www.bing.com/search?q=%22Apartahotel+BAQ+suite+44%22+Barranquilla+site%3Alinkedin.com%2Fcompany&first=21&FORM=PERE1 200
2026-06-17 14:08:58,264 [INFO] response: https://www.bing.com/search?q=%22Apartahotel+BAQ+suite+44%22+Barranquilla+site%3Alinkedin.com%2Fcompany&first=31&FORM=PERE2 200
2026-06-17 14:08:59,224 [INFO] response: https://www.bing.com/search?q=%22Apartahotel+BAQ+suite+44%22+Barranquilla+site%3Alinkedin.com%2Fcompany&first=41&FORM=PERE3 200
2026-06-17 14:09:01,860 [INFO]   ❌ Sin resultado: Apartahotel BAQ suite 44
2026-06-17 14:09:05,898 [INFO] 
[185/330] italia boutique bq (Barranquilla)
2026-06-17 14:09:05,898 [INFO]   🔍 DDG: "italia boutique bq" Barranquilla email contacto
2026-06-17 14:09:06,331 [INFO] response: https://www.bing.com/search?q=%22italia+boutique+bq%22+Barranquilla+email+contacto 200
2026-06-17 14:09:10,513 [INFO]   🔍 DDG: "italia boutique bq" Barranquilla correo reservas
2026-06-17 14:09:10,982 [INFO] response: https://www.bing.com/search?q=%22italia+boutique+bq%22+Barranquilla+correo+reservas 200
2026-06-17 14:09:13,468 [INFO]   🔍 DDG: "italia boutique bq" colombia hotel "@"
2026-06-17 14:09:19,074 [INFO] response: https://www.bing.com/search?q=%22italia+boutique+bq%22+colombia+hotel+%22%40%22 200
2026-06-17 14:09:22,865 [INFO]   🔗 LinkedIn DDG: "italia boutique bq" Barranquilla site:linkedin.com/company
2026-06-17 14:09:23,219 [INFO] response: https://www.bing.com/search?q=%22italia+boutique+bq%22+Barranquilla+site%3Alinkedin.com%2Fcompany 200
2026-06-17 14:09:24,207 [INFO] response: https://www.bing.com/search?q=%22italia+boutique+bq%22+Barranquilla+site%3Alinkedin.com%2Fcompany&first=11&FORM=PERE 200
2026-06-17 14:09:25,500 [INFO] response: https://www.bing.com/search?q=%22italia+boutique+bq%22+Barranquilla+site%3Alinkedin.com%2Fcompany&first=21&FORM=PERE1 200
2026-06-17 14:09:26,452 [INFO] response: https://www.bing.com/search?q=%22italia+boutique+bq%22+Barranquilla+site%3Alinkedin.com%2Fcompany&first=31&FORM=PERE2 200
2026-06-17 14:09:27,446 [INFO] response: https://www.bing.com/search?q=%22italia+boutique+bq%22+Barranquilla+site%3Alinkedin.com%2Fcompany&first=41&FORM=PERE3 200
2026-06-17 14:09:30,551 [INFO]   ❌ Sin resultado: italia boutique bq
2026-06-17 14:09:36,256 [INFO] 
[186/330] Hotel - Hostal Lumar (Barranquilla)
2026-06-17 14:09:36,256 [INFO]   🔍 DDG: "Hotel - Hostal Lumar" Barranquilla email contacto
2026-06-17 14:09:36,621 [INFO] response: https://www.bing.com/search?q=%22Hotel+-+Hostal+Lumar%22+Barranquilla+email+contacto 200
2026-06-17 14:09:40,505 [INFO]   🔍 DDG: "Hotel - Hostal Lumar" Barranquilla correo reservas
2026-06-17 14:09:40,870 [INFO] response: https://www.bing.com/search?q=%22Hotel+-+Hostal+Lumar%22+Barranquilla+correo+reservas 200
2026-06-17 14:09:41,918 [INFO] response: https://www.bing.com/search?q=%22Hotel+-+Hostal+Lumar%22+Barranquilla+correo+reservas&first=11&FORM=PERE 200
2026-06-17 14:09:43,000 [INFO] response: https://www.bing.com/search?q=%22Hotel+-+Hostal+Lumar%22+Barranquilla+correo+reservas&first=21&FORM=PERE1 200
2026-06-17 14:09:44,028 [INFO] response: https://www.bing.com/search?q=%22Hotel+-+Hostal+Lumar%22+Barranquilla+correo+reservas&first=31&FORM=PERE2 200
2026-06-17 14:09:45,122 [INFO] response: https://www.bing.com/search?q=%22Hotel+-+Hostal+Lumar%22+Barranquilla+correo+reservas&first=41&FORM=PERE3 200
2026-06-17 14:09:47,644 [INFO]   🔍 DDG: "Hotel - Hostal Lumar" colombia hotel "@"
2026-06-17 14:09:48,213 [INFO] response: https://www.bing.com/search?q=%22Hotel+-+Hostal+Lumar%22+colombia+hotel+%22%40%22 200
2026-06-17 14:09:51,472 [INFO]   🌐 Visitando (DDG): https://www.hodelpa.com/
2026-06-17 14:09:58,700 [INFO]   ✅ Email en web DDG: reservas@hodelpa.com
2026-06-17 14:10:02,848 [INFO] 
[187/330] Madeleine Inn Norte (Barranquilla)
2026-06-17 14:10:02,849 [INFO]   🔍 DDG: "Madeleine Inn Norte" Barranquilla email contacto
2026-06-17 14:10:03,300 [INFO] response: https://www.bing.com/search?q=%22Madeleine+Inn+Norte%22+Barranquilla+email+contacto 200
2026-06-17 14:10:07,394 [INFO]   🔍 DDG: "Madeleine Inn Norte" Barranquilla correo reservas
2026-06-17 14:10:13,045 [INFO] response: https://www.bing.com/search?q=%22Madeleine+Inn+Norte%22+Barranquilla+correo+reservas 200
2026-06-17 14:10:17,079 [INFO]   🔍 DDG: "Madeleine Inn Norte" colombia hotel "@"
2026-06-17 14:10:17,562 [INFO] response: https://www.bing.com/search?q=%22Madeleine+Inn+Norte%22+colombia+hotel+%22%40%22 200
2026-06-17 14:10:19,699 [INFO]   🌐 Visitando (DDG): https://www.exxonmobilchemical.com/en/resources/product-data-sheets
2026-06-17 14:10:47,821 [INFO]   🌐 Visitando (DDG): https://www.exxonmobil.com/en/sds
2026-06-17 14:11:12,977 [INFO]   🌐 Visitando (DDG): http://www.ptpkn.com/wp-content/uploads/Mobil-Jet-Oil-254-Aviation.pdf
2026-06-17 14:11:17,462 [INFO]   ✅ Email en web DDG: pkn@ptpkn.com
2026-06-17 14:11:23,236 [INFO] 
[188/330] Hotel Casa Nico (Barranquilla)
2026-06-17 14:11:23,236 [INFO]   🔍 DDG: "Hotel Casa Nico" Barranquilla email contacto
2026-06-17 14:11:23,668 [INFO] response: https://www.bing.com/search?q=%22Hotel+Casa+Nico%22+Barranquilla+email+contacto 200
2026-06-17 14:11:26,016 [INFO]   🔍 DDG: "Hotel Casa Nico" Barranquilla correo reservas
2026-06-17 14:11:26,357 [INFO] response: https://www.bing.com/search?q=%22Hotel+Casa+Nico%22+Barranquilla+correo+reservas 200
2026-06-17 14:11:30,436 [INFO]   🔍 DDG: "Hotel Casa Nico" colombia hotel "@"
2026-06-17 14:11:30,846 [INFO] response: https://www.bing.com/search?q=%22Hotel+Casa+Nico%22+colombia+hotel+%22%40%22 200
2026-06-17 14:11:31,885 [INFO] response: https://www.bing.com/search?q=%22Hotel+Casa+Nico%22+colombia+hotel+%22%40%22&first=11&FORM=PERE 200
2026-06-17 14:11:32,894 [INFO] response: https://www.bing.com/search?q=%22Hotel+Casa+Nico%22+colombia+hotel+%22%40%22&first=21&FORM=PERE1 200
2026-06-17 14:11:34,017 [INFO] response: https://www.bing.com/search?q=%22Hotel+Casa+Nico%22+colombia+hotel+%22%40%22&first=31&FORM=PERE2 200
2026-06-17 14:11:35,035 [INFO] response: https://www.bing.com/search?q=%22Hotel+Casa+Nico%22+colombia+hotel+%22%40%22&first=41&FORM=PERE3 200
2026-06-17 14:11:37,502 [INFO]   🌐 Visitando (DDG): https://www.hodelpa.com/
2026-06-17 14:11:40,647 [INFO]   ✅ Email en web DDG: reservas@hodelpa.com
2026-06-17 14:11:48,390 [INFO] 
[189/330] Hotel Girasol (Barranquilla)
2026-06-17 14:11:48,390 [INFO]   🔍 DDG: "Hotel Girasol" Barranquilla email contacto
2026-06-17 14:11:48,890 [INFO] response: https://www.bing.com/search?q=%22Hotel+Girasol%22+Barranquilla+email+contacto 200
2026-06-17 14:11:49,924 [INFO] response: https://www.bing.com/search?q=%22Hotel+Girasol%22+Barranquilla+email+contacto&first=11&FORM=PERE 200
2026-06-17 14:11:50,991 [INFO] response: https://www.bing.com/search?q=%22Hotel+Girasol%22+Barranquilla+email+contacto&first=21&FORM=PERE1 200
2026-06-17 14:11:52,219 [INFO] response: https://www.bing.com/search?q=%22Hotel+Girasol%22+Barranquilla+email+contacto&first=31&FORM=PERE2 200
2026-06-17 14:11:53,472 [INFO] response: https://www.bing.com/search?q=%22Hotel+Girasol%22+Barranquilla+email+contacto&first=41&FORM=PERE3 200
2026-06-17 14:11:57,369 [INFO]   🔍 DDG: "Hotel Girasol" Barranquilla correo reservas
2026-06-17 14:11:57,730 [INFO] response: https://www.bing.com/search?q=%22Hotel+Girasol%22+Barranquilla+correo+reservas 200
2026-06-17 14:11:58,754 [INFO] response: https://www.bing.com/search?q=%22Hotel+Girasol%22+Barranquilla+correo+reservas&first=11&FORM=PERE 200
2026-06-17 14:11:59,768 [INFO] response: https://www.bing.com/search?q=%22Hotel+Girasol%22+Barranquilla+correo+reservas&first=21&FORM=PERE1 200
2026-06-17 14:12:00,809 [INFO] response: https://www.bing.com/search?q=%22Hotel+Girasol%22+Barranquilla+correo+reservas&first=31&FORM=PERE2 200
2026-06-17 14:12:01,797 [INFO] response: https://www.bing.com/search?q=%22Hotel+Girasol%22+Barranquilla+correo+reservas&first=41&FORM=PERE3 200
2026-06-17 14:12:04,322 [INFO]   🔍 DDG: "Hotel Girasol" colombia hotel "@"
2026-06-17 14:12:04,695 [INFO] response: https://www.bing.com/search?q=%22Hotel+Girasol%22+colombia+hotel+%22%40%22 200
2026-06-17 14:12:08,554 [INFO]   🌐 Visitando (DDG): https://www.hodelpa.com/
2026-06-17 14:12:08,726 [INFO]   ✅ Email en web DDG: reservas@hodelpa.com
2026-06-17 14:12:13,092 [INFO] 
[190/330] HOTEL EXITO BARRANQUILLA (Barranquilla)
2026-06-17 14:12:13,092 [INFO]   🔍 DDG: "HOTEL EXITO BARRANQUILLA" Barranquilla email contacto
2026-06-17 14:12:13,567 [INFO] response: https://www.bing.com/search?q=%22HOTEL+EXITO+BARRANQUILLA%22+Barranquilla+email+contacto 200
2026-06-17 14:12:17,005 [INFO]   🔍 DDG: "HOTEL EXITO BARRANQUILLA" Barranquilla correo reservas
2026-06-17 14:12:17,519 [INFO] response: https://www.bing.com/search?q=%22HOTEL+EXITO+BARRANQUILLA%22+Barranquilla+correo+reservas 200
2026-06-17 14:12:19,747 [INFO]   🔍 DDG: "HOTEL EXITO BARRANQUILLA" colombia hotel "@"
2026-06-17 14:12:20,114 [INFO] response: https://www.bing.com/search?q=%22HOTEL+EXITO+BARRANQUILLA%22+colombia+hotel+%22%40%22 200
2026-06-17 14:12:22,969 [INFO]   🌐 Visitando (DDG): https://www.hodelpa.com/
2026-06-17 14:12:23,084 [INFO]   ✅ Email en web DDG: reservas@hodelpa.com
2026-06-17 14:12:23,085 [INFO]   📊 Progreso 190/330 | Emails: 63 | Webs: 0 | Sin resultado: 127
2026-06-17 14:12:30,346 [INFO] 
[191/330] Casa Hotel Yemi (Barranquilla)
2026-06-17 14:12:30,346 [INFO]   🔍 DDG: "Casa Hotel Yemi" Barranquilla email contacto
2026-06-17 14:12:35,722 [INFO] response: https://www.bing.com/search?q=%22Casa+Hotel+Yemi%22+Barranquilla+email+contacto 200
2026-06-17 14:12:39,795 [INFO]   🔍 DDG: "Casa Hotel Yemi" Barranquilla correo reservas
2026-06-17 14:12:40,154 [INFO] response: https://www.bing.com/search?q=%22Casa+Hotel+Yemi%22+Barranquilla+correo+reservas 200
2026-06-17 14:12:42,808 [INFO]   🔍 DDG: "Casa Hotel Yemi" colombia hotel "@"
2026-06-17 14:12:43,732 [INFO] response: https://www.bing.com/search?q=%22Casa+Hotel+Yemi%22+colombia+hotel+%22%40%22 200
2026-06-17 14:12:48,332 [INFO]   🌐 Visitando (DDG): https://casa.com.co/
2026-06-17 14:12:49,444 [INFO]   ✅ Email en web DDG: general@casa.com.co
2026-06-17 14:12:56,772 [INFO] 
[192/330] Hostal La Quinta Bacana (Barranquilla)
2026-06-17 14:12:56,773 [INFO]   🔍 DDG: "Hostal La Quinta Bacana" Barranquilla email contacto
2026-06-17 14:12:57,060 [INFO] response: https://www.bing.com/search?q=%22Hostal+La+Quinta+Bacana%22+Barranquilla+email+contacto 200
2026-06-17 14:12:59,234 [INFO]   🔍 DDG: "Hostal La Quinta Bacana" Barranquilla correo reservas
2026-06-17 14:12:59,612 [INFO] response: https://www.bing.com/search?q=%22Hostal+La+Quinta+Bacana%22+Barranquilla+correo+reservas 200
2026-06-17 14:13:03,546 [INFO]   🔍 DDG: "Hostal La Quinta Bacana" colombia hotel "@"
2026-06-17 14:13:03,937 [INFO] response: https://www.bing.com/search?q=%22Hostal+La+Quinta+Bacana%22+colombia+hotel+%22%40%22 200
2026-06-17 14:13:06,840 [INFO]   🌐 Visitando (DDG): https://www.hostal.com.co/bogota-colombia
2026-06-17 14:13:31,688 [INFO]   🌐 Visitando (DDG): https://www.tripadvisor.co/Hotels-g294074-c3-zff26-Bogota-Hotels.html
2026-06-17 14:13:40,681 [INFO]   🌐 Visitando (DDG): https://www.hostales.com/Colombia/Bogotá
2026-06-17 14:14:04,134 [INFO]   🔗 LinkedIn DDG: "Hostal La Quinta Bacana" Barranquilla site:linkedin.com/company
2026-06-17 14:14:04,497 [INFO] response: https://www.bing.com/search?q=%22Hostal+La+Quinta+Bacana%22+Barranquilla+site%3Alinkedin.com%2Fcompany 200
2026-06-17 14:14:05,670 [INFO] response: https://www.bing.com/search?q=%22Hostal+La+Quinta+Bacana%22+Barranquilla+site%3Alinkedin.com%2Fcompany&first=11&FORM=PERE 200
2026-06-17 14:14:06,805 [INFO] response: https://www.bing.com/search?q=%22Hostal+La+Quinta+Bacana%22+Barranquilla+site%3Alinkedin.com%2Fcompany&first=21&FORM=PERE1 200
2026-06-17 14:14:07,861 [INFO] response: https://www.bing.com/search?q=%22Hostal+La+Quinta+Bacana%22+Barranquilla+site%3Alinkedin.com%2Fcompany&first=31&FORM=PERE2 200
2026-06-17 14:14:09,050 [INFO] response: https://www.bing.com/search?q=%22Hostal+La+Quinta+Bacana%22+Barranquilla+site%3Alinkedin.com%2Fcompany&first=41&FORM=PERE3 200
2026-06-17 14:14:12,707 [INFO]   ❌ Sin resultado: Hostal La Quinta Bacana
2026-06-17 14:14:20,362 [INFO] 
[193/330] Bababuy Hostel (Bogota)
2026-06-17 14:14:20,363 [INFO]   🔍 DDG: "Bababuy Hostel" Bogota email contacto
2026-06-17 14:14:25,894 [INFO] response: https://www.bing.com/search?q=%22Bababuy+Hostel%22+Bogota+email+contacto 200
2026-06-17 14:14:29,078 [INFO]   🔍 DDG: "Bababuy Hostel" Bogota correo reservas
2026-06-17 14:14:29,448 [INFO] response: https://www.bing.com/search?q=%22Bababuy+Hostel%22+Bogota+correo+reservas 200
2026-06-17 14:14:32,453 [INFO]   🔍 DDG: "Bababuy Hostel" colombia hotel "@"
2026-06-17 14:14:32,740 [INFO] response: https://www.bing.com/search?q=%22Bababuy+Hostel%22+colombia+hotel+%22%40%22 200
2026-06-17 14:14:36,312 [INFO]   🔗 LinkedIn DDG: "Bababuy Hostel" Bogota site:linkedin.com/company
2026-06-17 14:14:36,656 [INFO] response: https://www.bing.com/search?q=%22Bababuy+Hostel%22+Bogota+site%3Alinkedin.com%2Fcompany 200
2026-06-17 14:14:37,674 [INFO] response: https://www.bing.com/search?q=%22Bababuy+Hostel%22+Bogota+site%3Alinkedin.com%2Fcompany&first=11&FORM=PERE 200
2026-06-17 14:14:38,704 [INFO] response: https://www.bing.com/search?q=%22Bababuy+Hostel%22+Bogota+site%3Alinkedin.com%2Fcompany&first=21&FORM=PERE1 200
2026-06-17 14:14:39,728 [INFO] response: https://www.bing.com/search?q=%22Bababuy+Hostel%22+Bogota+site%3Alinkedin.com%2Fcompany&first=31&FORM=PERE2 200
2026-06-17 14:14:40,691 [INFO] response: https://www.bing.com/search?q=%22Bababuy+Hostel%22+Bogota+site%3Alinkedin.com%2Fcompany&first=41&FORM=PERE3 200
2026-06-17 14:14:44,958 [INFO]   ❌ Sin resultado: Bababuy Hostel
2026-06-17 14:14:50,897 [INFO] 
[194/330] HOTEL SARON (Bogota)
2026-06-17 14:14:50,899 [INFO]   🔍 DDG: "HOTEL SARON" Bogota email contacto
2026-06-17 14:14:56,218 [INFO] response: https://www.bing.com/search?q=%22HOTEL+SARON%22+Bogota+email+contacto 200
2026-06-17 14:15:00,170 [INFO]   🔍 DDG: "HOTEL SARON" Bogota correo reservas
2026-06-17 14:15:00,468 [INFO] response: https://www.bing.com/search?q=%22HOTEL+SARON%22+Bogota+correo+reservas 200
2026-06-17 14:15:03,851 [INFO]   🔍 DDG: "HOTEL SARON" colombia hotel "@"
2026-06-17 14:15:04,199 [INFO] response: https://www.bing.com/search?q=%22HOTEL+SARON%22+colombia+hotel+%22%40%22 200
2026-06-17 14:15:05,184 [INFO] response: https://www.bing.com/search?q=%22HOTEL+SARON%22+colombia+hotel+%22%40%22&first=11&FORM=PERE 200
2026-06-17 14:15:06,257 [INFO] response: https://www.bing.com/search?q=%22HOTEL+SARON%22+colombia+hotel+%22%40%22&first=21&FORM=PERE1 200
2026-06-17 14:15:07,215 [INFO] response: https://www.bing.com/search?q=%22HOTEL+SARON%22+colombia+hotel+%22%40%22&first=31&FORM=PERE2 200
2026-06-17 14:15:08,238 [INFO] response: https://www.bing.com/search?q=%22HOTEL+SARON%22+colombia+hotel+%22%40%22&first=41&FORM=PERE3 200
2026-06-17 14:15:11,120 [INFO]   🌐 Visitando (DDG): https://www.hodelpa.com/
2026-06-17 14:15:11,252 [INFO]   ✅ Email en web DDG: reservas@hodelpa.com
2026-06-17 14:15:18,934 [INFO] 
[195/330] Apartahotel Victoria In (Bogota)
2026-06-17 14:15:18,934 [INFO]   🔍 DDG: "Apartahotel Victoria In" Bogota email contacto
2026-06-17 14:15:19,231 [INFO] response: https://www.bing.com/search?q=%22Apartahotel+Victoria+In%22+Bogota+email+contacto 200
2026-06-17 14:15:23,460 [INFO]   🔍 DDG: "Apartahotel Victoria In" Bogota correo reservas
2026-06-17 14:15:23,829 [INFO] response: https://www.bing.com/search?q=%22Apartahotel+Victoria+In%22+Bogota+correo+reservas 200
2026-06-17 14:15:27,473 [INFO]   🔍 DDG: "Apartahotel Victoria In" colombia hotel "@"
2026-06-17 14:15:32,776 [INFO] response: https://www.bing.com/search?q=%22Apartahotel+Victoria+In%22+colombia+hotel+%22%40%22 200
2026-06-17 14:15:36,950 [INFO]   🔗 LinkedIn DDG: "Apartahotel Victoria In" Bogota site:linkedin.com/company
2026-06-17 14:15:37,322 [INFO] response: https://www.bing.com/search?q=%22Apartahotel+Victoria+In%22+Bogota+site%3Alinkedin.com%2Fcompany 200
2026-06-17 14:15:38,350 [INFO] response: https://www.bing.com/search?q=%22Apartahotel+Victoria+In%22+Bogota+site%3Alinkedin.com%2Fcompany&first=11&FORM=PERE 200
2026-06-17 14:15:39,360 [INFO] response: https://www.bing.com/search?q=%22Apartahotel+Victoria+In%22+Bogota+site%3Alinkedin.com%2Fcompany&first=21&FORM=PERE1 200
2026-06-17 14:15:40,318 [INFO] response: https://www.bing.com/search?q=%22Apartahotel+Victoria+In%22+Bogota+site%3Alinkedin.com%2Fcompany&first=31&FORM=PERE2 200
2026-06-17 14:15:41,321 [INFO] response: https://www.bing.com/search?q=%22Apartahotel+Victoria+In%22+Bogota+site%3Alinkedin.com%2Fcompany&first=41&FORM=PERE3 200
2026-06-17 14:15:44,276 [INFO]   ❌ Sin resultado: Apartahotel Victoria In
2026-06-17 14:15:51,362 [INFO] 
[196/330] 61Prado Hotel (Medellin)
2026-06-17 14:15:51,362 [INFO]   🔍 DDG: "61Prado Hotel" Medellin email contacto
2026-06-17 14:15:51,700 [INFO] response: https://www.bing.com/search?q=%2261Prado+Hotel%22+Medellin+email+contacto 200
2026-06-17 14:15:55,527 [INFO]   🔍 DDG: "61Prado Hotel" Medellin correo reservas
2026-06-17 14:15:55,906 [INFO] response: https://www.bing.com/search?q=%2261Prado+Hotel%22+Medellin+correo+reservas 200
2026-06-17 14:15:59,552 [INFO]   🔍 DDG: "61Prado Hotel" colombia hotel "@"
2026-06-17 14:16:00,011 [INFO] response: https://www.bing.com/search?q=%2261Prado+Hotel%22+colombia+hotel+%22%40%22 200
2026-06-17 14:16:02,194 [INFO]   🔗 LinkedIn DDG: "61Prado Hotel" Medellin site:linkedin.com/company
2026-06-17 14:16:02,641 [INFO] response: https://www.bing.com/search?q=%2261Prado+Hotel%22+Medellin+site%3Alinkedin.com%2Fcompany 200
2026-06-17 14:16:03,688 [INFO] response: https://www.bing.com/search?q=%2261Prado+Hotel%22+Medellin+site%3Alinkedin.com%2Fcompany&first=11&FORM=PERE 200
2026-06-17 14:16:04,734 [INFO] response: https://www.bing.com/search?q=%2261Prado+Hotel%22+Medellin+site%3Alinkedin.com%2Fcompany&first=21&FORM=PERE1 200
2026-06-17 14:16:05,809 [INFO] response: https://www.bing.com/search?q=%2261Prado+Hotel%22+Medellin+site%3Alinkedin.com%2Fcompany&first=31&FORM=PERE2 200
2026-06-17 14:16:06,822 [INFO] response: https://www.bing.com/search?q=%2261Prado+Hotel%22+Medellin+site%3Alinkedin.com%2Fcompany&first=41&FORM=PERE3 200
2026-06-17 14:16:11,312 [INFO]   ❌ Sin resultado: 61Prado Hotel
2026-06-17 14:16:17,984 [INFO] 
[197/330] Hotel Calle Real (Medellin)
2026-06-17 14:16:17,984 [INFO]   🔍 DDG: "Hotel Calle Real" Medellin email contacto
2026-06-17 14:16:18,314 [INFO] response: https://www.bing.com/search?q=%22Hotel+Calle+Real%22+Medellin+email+contacto 200
2026-06-17 14:16:22,594 [INFO]   🔍 DDG: "Hotel Calle Real" Medellin correo reservas
2026-06-17 14:16:22,911 [INFO] response: https://www.bing.com/search?q=%22Hotel+Calle+Real%22+Medellin+correo+reservas 200
2026-06-17 14:16:27,412 [INFO]   🔍 DDG: "Hotel Calle Real" colombia hotel "@"
2026-06-17 14:16:32,886 [INFO] response: https://www.bing.com/search?q=%22Hotel+Calle+Real%22+colombia+hotel+%22%40%22 200
2026-06-17 14:16:35,792 [INFO]   🌐 Visitando (DDG): https://www.hodelpa.com/
2026-06-17 14:16:35,936 [INFO]   ✅ Email en web DDG: reservas@hodelpa.com
2026-06-17 14:16:42,013 [INFO] 
[198/330] HOTEL MEDELLIN CONTINENTAL (Medellin)
2026-06-17 14:16:42,014 [INFO]   🔍 DDG: "HOTEL MEDELLIN CONTINENTAL" Medellin email contacto
2026-06-17 14:16:42,510 [INFO] response: https://www.bing.com/search?q=%22HOTEL+MEDELLIN+CONTINENTAL%22+Medellin+email+contacto 200
2026-06-17 14:16:46,945 [INFO]   🔍 DDG: "HOTEL MEDELLIN CONTINENTAL" Medellin correo reservas
2026-06-17 14:16:52,324 [INFO] response: https://www.bing.com/search?q=%22HOTEL+MEDELLIN+CONTINENTAL%22+Medellin+correo+reservas 200
2026-06-17 14:16:54,966 [INFO]   🔍 DDG: "HOTEL MEDELLIN CONTINENTAL" colombia hotel "@"
2026-06-17 14:16:56,947 [INFO] response: https://www.bing.com/search?q=%22HOTEL+MEDELLIN+CONTINENTAL%22+colombia+hotel+%22%40%22 200
2026-06-17 14:17:00,874 [INFO]   🌐 Visitando (DDG): https://www.hodelpa.com/
2026-06-17 14:17:01,002 [INFO]   ✅ Email en web DDG: reservas@hodelpa.com
2026-06-17 14:17:05,083 [INFO] 
[199/330] hotel alcazar (Medellin)
2026-06-17 14:17:05,084 [INFO]   🔍 DDG: "hotel alcazar" Medellin email contacto
2026-06-17 14:17:05,778 [INFO] response: https://www.bing.com/search?q=%22hotel+alcazar%22+Medellin+email+contacto 200
2026-06-17 14:17:09,755 [INFO]   🔍 DDG: "hotel alcazar" Medellin correo reservas
2026-06-17 14:17:10,195 [INFO] response: https://www.bing.com/search?q=%22hotel+alcazar%22+Medellin+correo+reservas 200
2026-06-17 14:17:13,915 [INFO]   🔍 DDG: "hotel alcazar" colombia hotel "@"
2026-06-17 14:17:14,333 [INFO] response: https://www.bing.com/search?q=%22hotel+alcazar%22+colombia+hotel+%22%40%22 200
2026-06-17 14:17:15,404 [INFO] response: https://www.bing.com/search?q=%22hotel+alcazar%22+colombia+hotel+%22%40%22&first=11&FORM=PERE 200
2026-06-17 14:17:16,594 [INFO] response: https://www.bing.com/search?q=%22hotel+alcazar%22+colombia+hotel+%22%40%22&first=21&FORM=PERE1 200
2026-06-17 14:17:17,644 [INFO] response: https://www.bing.com/search?q=%22hotel+alcazar%22+colombia+hotel+%22%40%22&first=31&FORM=PERE2 200
2026-06-17 14:17:18,692 [INFO] response: https://www.bing.com/search?q=%22hotel+alcazar%22+colombia+hotel+%22%40%22&first=41&FORM=PERE3 200
2026-06-17 14:17:23,094 [INFO]   🌐 Visitando (DDG): https://www.hodelpa.com/
2026-06-17 14:17:23,237 [INFO]   ✅ Email en web DDG: reservas@hodelpa.com
2026-06-17 14:17:27,724 [INFO] 
[200/330] Hotel Medellin 66 (Medellin)
2026-06-17 14:17:27,725 [INFO]   🔍 DDG: "Hotel Medellin 66" Medellin email contacto
2026-06-17 14:17:28,125 [INFO] response: https://www.bing.com/search?q=%22Hotel+Medellin+66%22+Medellin+email+contacto 200
2026-06-17 14:17:32,144 [INFO]   🔍 DDG: "Hotel Medellin 66" Medellin correo reservas
2026-06-17 14:17:32,629 [INFO] response: https://www.bing.com/search?q=%22Hotel+Medellin+66%22+Medellin+correo+reservas 200
2026-06-17 14:17:33,788 [INFO] response: https://www.bing.com/search?q=%22Hotel+Medellin+66%22+Medellin+correo+reservas&first=11&FORM=PERE 200
2026-06-17 14:17:35,025 [INFO] response: https://www.bing.com/search?q=%22Hotel+Medellin+66%22+Medellin+correo+reservas&first=21&FORM=PERE1 200
2026-06-17 14:17:36,006 [INFO] response: https://www.bing.com/search?q=%22Hotel+Medellin+66%22+Medellin+correo+reservas&first=31&FORM=PERE2 200
2026-06-17 14:17:37,048 [INFO] response: https://www.bing.com/search?q=%22Hotel+Medellin+66%22+Medellin+correo+reservas&first=41&FORM=PERE3 200
2026-06-17 14:17:40,737 [INFO]   🔍 DDG: "Hotel Medellin 66" colombia hotel "@"
2026-06-17 14:17:41,232 [INFO] response: https://www.bing.com/search?q=%22Hotel+Medellin+66%22+colombia+hotel+%22%40%22 200
2026-06-17 14:17:44,800 [INFO]   🌐 Visitando (DDG): https://www.hodelpa.com/
2026-06-17 14:17:44,960 [INFO]   ✅ Email en web DDG: reservas@hodelpa.com
2026-06-17 14:17:44,962 [INFO]   📊 Progreso 200/330 | Emails: 69 | Webs: 0 | Sin resultado: 131
2026-06-17 14:17:51,145 [INFO] 
[201/330] Hotel 79 Poblado (Medellin)
2026-06-17 14:17:51,145 [INFO]   🔍 DDG: "Hotel 79 Poblado" Medellin email contacto
2026-06-17 14:17:51,718 [INFO] response: https://www.bing.com/search?q=%22Hotel+79+Poblado%22+Medellin+email+contacto 200
2026-06-17 14:17:55,407 [INFO]   🔍 DDG: "Hotel 79 Poblado" Medellin correo reservas
2026-06-17 14:17:55,758 [INFO] response: https://www.bing.com/search?q=%22Hotel+79+Poblado%22+Medellin+correo+reservas 200
2026-06-17 14:17:58,303 [INFO]   🔍 DDG: "Hotel 79 Poblado" colombia hotel "@"
2026-06-17 14:17:58,624 [INFO] response: https://www.bing.com/search?q=%22Hotel+79+Poblado%22+colombia+hotel+%22%40%22 200
2026-06-17 14:18:00,969 [INFO]   🔗 LinkedIn DDG: "Hotel 79 Poblado" Medellin site:linkedin.com/company
2026-06-17 14:18:01,468 [INFO] response: https://www.bing.com/search?q=%22Hotel+79+Poblado%22+Medellin+site%3Alinkedin.com%2Fcompany 200
2026-06-17 14:18:02,901 [INFO] response: https://www.bing.com/search?q=%22Hotel+79+Poblado%22+Medellin+site%3Alinkedin.com%2Fcompany&first=11&FORM=PERE 200
2026-06-17 14:18:04,167 [INFO] response: https://www.bing.com/search?q=%22Hotel+79+Poblado%22+Medellin+site%3Alinkedin.com%2Fcompany&first=21&FORM=PERE1 200
2026-06-17 14:18:05,355 [INFO] response: https://www.bing.com/search?q=%22Hotel+79+Poblado%22+Medellin+site%3Alinkedin.com%2Fcompany&first=31&FORM=PERE2 200
2026-06-17 14:18:06,483 [INFO] response: https://www.bing.com/search?q=%22Hotel+79+Poblado%22+Medellin+site%3Alinkedin.com%2Fcompany&first=41&FORM=PERE3 200
2026-06-17 14:18:08,946 [INFO]   ❌ Sin resultado: Hotel 79 Poblado
2026-06-17 14:18:13,196 [INFO] 
[202/330] Hotel Villa Real Medellin la 70 (Medellin)
2026-06-17 14:18:13,196 [INFO]   🔍 DDG: "Hotel Villa Real Medellin la 70" Medellin email contacto
2026-06-17 14:18:13,624 [INFO] response: https://www.bing.com/search?q=%22Hotel+Villa+Real+Medellin+la+70%22+Medellin+email+contacto 200
2026-06-17 14:18:17,381 [INFO]   🔍 DDG: "Hotel Villa Real Medellin la 70" Medellin correo reservas
2026-06-17 14:18:17,812 [INFO] response: https://www.bing.com/search?q=%22Hotel+Villa+Real+Medellin+la+70%22+Medellin+correo+reservas 200
2026-06-17 14:18:18,862 [INFO] response: https://www.bing.com/search?q=%22Hotel+Villa+Real+Medellin+la+70%22+Medellin+correo+reservas&first=11&FORM=PERE 200
2026-06-17 14:18:20,027 [INFO] response: https://www.bing.com/search?q=%22Hotel+Villa+Real+Medellin+la+70%22+Medellin+correo+reservas&first=21&FORM=PERE1 200
2026-06-17 14:18:21,077 [INFO] response: https://www.bing.com/search?q=%22Hotel+Villa+Real+Medellin+la+70%22+Medellin+correo+reservas&first=31&FORM=PERE2 200
2026-06-17 14:18:22,175 [INFO] response: https://www.bing.com/search?q=%22Hotel+Villa+Real+Medellin+la+70%22+Medellin+correo+reservas&first=41&FORM=PERE3 200
2026-06-17 14:18:24,535 [INFO]   🔍 DDG: "Hotel Villa Real Medellin la 70" colombia hotel "@"
2026-06-17 14:18:29,997 [INFO] response: https://www.bing.com/search?q=%22Hotel+Villa+Real+Medellin+la+70%22+colombia+hotel+%22%40%22 200
2026-06-17 14:18:30,991 [INFO] response: https://www.bing.com/search?q=%22Hotel+Villa+Real+Medellin+la+70%22+colombia+hotel+%22%40%22&first=11&FORM=PERE 200
2026-06-17 14:18:33,770 [INFO]   🌐 Visitando (DDG): https://www.hodelpa.com/
2026-06-17 14:18:33,918 [INFO]   ✅ Email en web DDG: reservas@hodelpa.com
2026-06-17 14:18:39,200 [INFO] 
[203/330] Noah boutique hostels Medellin (Medellin)
2026-06-17 14:18:39,200 [INFO]   🔍 DDG: "Noah boutique hostels Medellin" Medellin email contacto
2026-06-17 14:18:39,634 [INFO] response: https://www.bing.com/search?q=%22Noah+boutique+hostels+Medellin%22+Medellin+email+contacto 200
2026-06-17 14:18:42,471 [INFO]   🔍 DDG: "Noah boutique hostels Medellin" Medellin correo reservas
2026-06-17 14:18:42,829 [INFO] response: https://www.bing.com/search?q=%22Noah+boutique+hostels+Medellin%22+Medellin+correo+reservas 200
2026-06-17 14:18:45,906 [INFO]   🔍 DDG: "Noah boutique hostels Medellin" colombia hotel "@"
2026-06-17 14:18:46,324 [INFO] response: https://www.bing.com/search?q=%22Noah+boutique+hostels+Medellin%22+colombia+hotel+%22%40%22 200
2026-06-17 14:18:49,313 [INFO]   🔗 LinkedIn DDG: "Noah boutique hostels Medellin" Medellin site:linkedin.com/company
2026-06-17 14:18:49,657 [INFO] response: https://www.bing.com/search?q=%22Noah+boutique+hostels+Medellin%22+Medellin+site%3Alinkedin.com%2Fcompany 200
2026-06-17 14:18:50,621 [INFO] response: https://www.bing.com/search?q=%22Noah+boutique+hostels+Medellin%22+Medellin+site%3Alinkedin.com%2Fcompany&first=11&FORM=PERE 200
2026-06-17 14:18:51,617 [INFO] response: https://www.bing.com/search?q=%22Noah+boutique+hostels+Medellin%22+Medellin+site%3Alinkedin.com%2Fcompany&first=21&FORM=PERE1 200
2026-06-17 14:18:52,603 [INFO] response: https://www.bing.com/search?q=%22Noah+boutique+hostels+Medellin%22+Medellin+site%3Alinkedin.com%2Fcompany&first=31&FORM=PERE2 200
2026-06-17 14:18:53,613 [INFO] response: https://www.bing.com/search?q=%22Noah+boutique+hostels+Medellin%22+Medellin+site%3Alinkedin.com%2Fcompany&first=41&FORM=PERE3 200
2026-06-17 14:18:57,707 [INFO]   ❌ Sin resultado: Noah boutique hostels Medellin
2026-06-17 14:19:03,552 [INFO] 
[204/330] Cloud9 Hostel (Medellin)
2026-06-17 14:19:03,553 [INFO]   🔍 DDG: "Cloud9 Hostel" Medellin email contacto
2026-06-17 14:19:08,952 [INFO] response: https://www.bing.com/search?q=%22Cloud9+Hostel%22+Medellin+email+contacto 200
2026-06-17 14:19:11,496 [INFO]   🔍 DDG: "Cloud9 Hostel" Medellin correo reservas
2026-06-17 14:19:11,824 [INFO] response: https://www.bing.com/search?q=%22Cloud9+Hostel%22+Medellin+correo+reservas 200
2026-06-17 14:19:12,850 [INFO] response: https://www.bing.com/search?q=%22Cloud9+Hostel%22+Medellin+correo+reservas&first=11&FORM=PERE 200
2026-06-17 14:19:16,613 [INFO]   🔍 DDG: "Cloud9 Hostel" colombia hotel "@"
2026-06-17 14:19:17,119 [INFO] response: https://www.bing.com/search?q=%22Cloud9+Hostel%22+colombia+hotel+%22%40%22 200
2026-06-17 14:19:20,610 [INFO]   🌐 Visitando (DDG): https://www.gas-price-check.com/
2026-06-17 14:19:22,720 [INFO]   ✅ Email en web DDG: contact@gas-price-check.com
2026-06-17 14:19:30,632 [INFO] 
[205/330] hostal lleras calle 8 (Medellin)
2026-06-17 14:19:30,632 [INFO]   🔍 DDG: "hostal lleras calle 8" Medellin email contacto
2026-06-17 14:19:30,928 [INFO] response: https://www.bing.com/search?q=%22hostal+lleras+calle+8%22+Medellin+email+contacto 200
2026-06-17 14:19:33,994 [INFO]   🔍 DDG: "hostal lleras calle 8" Medellin correo reservas
2026-06-17 14:19:34,364 [INFO] response: https://www.bing.com/search?q=%22hostal+lleras+calle+8%22+Medellin+correo+reservas 200
2026-06-17 14:19:38,044 [INFO]   🔍 DDG: "hostal lleras calle 8" colombia hotel "@"
2026-06-17 14:19:38,385 [INFO] response: https://www.bing.com/search?q=%22hostal+lleras+calle+8%22+colombia+hotel+%22%40%22 200
2026-06-17 14:19:42,694 [INFO]   🌐 Visitando (DDG): https://www.hostal.com.co/bogota-colombia
2026-06-17 14:20:13,523 [INFO]   🌐 Visitando (DDG): https://www.tripadvisor.co/Hotels-g294074-c3-zff26-Bogota-Hotels.html
2026-06-17 14:20:17,342 [INFO]   🌐 Visitando (DDG): https://www.hostales.com/Colombia/Bogotá
2026-06-17 14:20:56,317 [INFO]   🔗 LinkedIn DDG: "hostal lleras calle 8" Medellin site:linkedin.com/company
2026-06-17 14:20:56,602 [INFO] response: https://www.bing.com/search?q=%22hostal+lleras+calle+8%22+Medellin+site%3Alinkedin.com%2Fcompany 200
2026-06-17 14:20:57,697 [INFO] response: https://www.bing.com/search?q=%22hostal+lleras+calle+8%22+Medellin+site%3Alinkedin.com%2Fcompany&first=11&FORM=PERE 200
2026-06-17 14:20:58,635 [INFO] response: https://www.bing.com/search?q=%22hostal+lleras+calle+8%22+Medellin+site%3Alinkedin.com%2Fcompany&first=21&FORM=PERE1 200
2026-06-17 14:20:59,606 [INFO] response: https://www.bing.com/search?q=%22hostal+lleras+calle+8%22+Medellin+site%3Alinkedin.com%2Fcompany&first=31&FORM=PERE2 200
2026-06-17 14:21:00,662 [INFO] response: https://www.bing.com/search?q=%22hostal+lleras+calle+8%22+Medellin+site%3Alinkedin.com%2Fcompany&first=41&FORM=PERE3 200
2026-06-17 14:21:05,084 [INFO]   ❌ Sin resultado: hostal lleras calle 8
2026-06-17 14:21:11,684 [INFO] 
[206/330] Brána Hotel (Medellin)
2026-06-17 14:21:11,685 [INFO]   🔍 DDG: "Brána Hotel" Medellin email contacto
2026-06-17 14:21:12,020 [INFO] response: https://www.bing.com/search?q=%22Br%C3%A1na+Hotel%22+Medellin+email+contacto 200
2026-06-17 14:21:16,036 [INFO]   🔍 DDG: "Brána Hotel" Medellin correo reservas
2026-06-17 14:21:16,419 [INFO] response: https://www.bing.com/search?q=%22Br%C3%A1na+Hotel%22+Medellin+correo+reservas 200
2026-06-17 14:21:20,061 [INFO]   🔍 DDG: "Brána Hotel" colombia hotel "@"
2026-06-17 14:21:20,507 [INFO] response: https://www.bing.com/search?q=%22Br%C3%A1na+Hotel%22+colombia+hotel+%22%40%22 200
2026-06-17 14:21:23,373 [INFO]   🌐 Visitando (DDG): https://www.lightwaytraffic.com/basic-function-and-design-of-traffic-lights/
2026-06-17 14:21:35,630 [INFO]   🌐 Visitando (DDG): https://dribbble.com/tags/traffic-light
2026-06-17 14:21:38,766 [INFO]   🌐 Visitando (DDG): https://saferstreetmaker.org/
2026-06-17 14:21:48,562 [INFO]   🔗 LinkedIn DDG: "Brána Hotel" Medellin site:linkedin.com/company
2026-06-17 14:21:48,885 [INFO] response: https://www.bing.com/search?q=%22Br%C3%A1na+Hotel%22+Medellin+site%3Alinkedin.com%2Fcompany 200
2026-06-17 14:21:49,894 [INFO] response: https://www.bing.com/search?q=%22Br%C3%A1na+Hotel%22+Medellin+site%3Alinkedin.com%2Fcompany&first=11&FORM=PERE 200
2026-06-17 14:21:51,001 [INFO] response: https://www.bing.com/search?q=%22Br%C3%A1na+Hotel%22+Medellin+site%3Alinkedin.com%2Fcompany&first=21&FORM=PERE1 200
2026-06-17 14:21:52,006 [INFO] response: https://www.bing.com/search?q=%22Br%C3%A1na+Hotel%22+Medellin+site%3Alinkedin.com%2Fcompany&first=31&FORM=PERE2 200
2026-06-17 14:21:52,961 [INFO] response: https://www.bing.com/search?q=%22Br%C3%A1na+Hotel%22+Medellin+site%3Alinkedin.com%2Fcompany&first=41&FORM=PERE3 200
2026-06-17 14:21:56,064 [INFO]   ❌ Sin resultado: Brána Hotel
2026-06-17 14:22:00,896 [INFO] 
[207/330] HOTEL GRAN CONQUISTADOR 33 (Medellin)
2026-06-17 14:22:00,896 [INFO]   🔍 DDG: "HOTEL GRAN CONQUISTADOR 33" Medellin email contacto
2026-06-17 14:22:01,164 [INFO] response: https://www.bing.com/search?q=%22HOTEL+GRAN+CONQUISTADOR+33%22+Medellin+email+contacto 200
2026-06-17 14:22:04,786 [INFO]   🔍 DDG: "HOTEL GRAN CONQUISTADOR 33" Medellin correo reservas
2026-06-17 14:22:05,302 [INFO] response: https://www.bing.com/search?q=%22HOTEL+GRAN+CONQUISTADOR+33%22+Medellin+correo+reservas 200
2026-06-17 14:22:06,317 [INFO] response: https://www.bing.com/search?q=%22HOTEL+GRAN+CONQUISTADOR+33%22+Medellin+correo+reservas&first=11&FORM=PERE 200
2026-06-17 14:22:07,272 [INFO] response: https://www.bing.com/search?q=%22HOTEL+GRAN+CONQUISTADOR+33%22+Medellin+correo+reservas&first=21&FORM=PERE1 200
2026-06-17 14:22:08,300 [INFO] response: https://www.bing.com/search?q=%22HOTEL+GRAN+CONQUISTADOR+33%22+Medellin+correo+reservas&first=31&FORM=PERE2 200
2026-06-17 14:22:09,280 [INFO] response: https://www.bing.com/search?q=%22HOTEL+GRAN+CONQUISTADOR+33%22+Medellin+correo+reservas&first=41&FORM=PERE3 200
2026-06-17 14:22:13,383 [INFO]   🔍 DDG: "HOTEL GRAN CONQUISTADOR 33" colombia hotel "@"
2026-06-17 14:22:18,712 [INFO] response: https://www.bing.com/search?q=%22HOTEL+GRAN+CONQUISTADOR+33%22+colombia+hotel+%22%40%22 200
2026-06-17 14:22:19,749 [INFO] response: https://www.bing.com/search?q=%22HOTEL+GRAN+CONQUISTADOR+33%22+colombia+hotel+%22%40%22&first=11&FORM=PERE 200
2026-06-17 14:22:20,781 [INFO] response: https://www.bing.com/search?q=%22HOTEL+GRAN+CONQUISTADOR+33%22+colombia+hotel+%22%40%22&first=21&FORM=PERE1 200
2026-06-17 14:22:21,795 [INFO] response: https://www.bing.com/search?q=%22HOTEL+GRAN+CONQUISTADOR+33%22+colombia+hotel+%22%40%22&first=31&FORM=PERE2 200
2026-06-17 14:22:22,826 [INFO] response: https://www.bing.com/search?q=%22HOTEL+GRAN+CONQUISTADOR+33%22+colombia+hotel+%22%40%22&first=41&FORM=PERE3 200
2026-06-17 14:22:26,371 [INFO]   🌐 Visitando (DDG): https://www.hodelpa.com/
2026-06-17 14:22:26,819 [INFO]   ✅ Email en web DDG: reservas@hodelpa.com
2026-06-17 14:22:31,685 [INFO] 
[208/330] Hotel San Jose (Medellin)
2026-06-17 14:22:31,686 [INFO]   🔍 DDG: "Hotel San Jose" Medellin email contacto
2026-06-17 14:22:32,343 [INFO] response: https://www.bing.com/search?q=%22Hotel+San+Jose%22+Medellin+email+contacto 200
2026-06-17 14:22:34,601 [INFO]   🔍 DDG: "Hotel San Jose" Medellin correo reservas
2026-06-17 14:22:34,982 [INFO] response: https://www.bing.com/search?q=%22Hotel+San+Jose%22+Medellin+correo+reservas 200
2026-06-17 14:22:39,286 [INFO]   🔍 DDG: "Hotel San Jose" colombia hotel "@"
2026-06-17 14:22:39,647 [INFO] response: https://www.bing.com/search?q=%22Hotel+San+Jose%22+colombia+hotel+%22%40%22 200
2026-06-17 14:22:44,104 [INFO]   🔗 LinkedIn DDG: "Hotel San Jose" Medellin site:linkedin.com/company
2026-06-17 14:22:44,611 [INFO] response: https://www.bing.com/search?q=%22Hotel+San+Jose%22+Medellin+site%3Alinkedin.com%2Fcompany 200
2026-06-17 14:22:45,746 [INFO] response: https://www.bing.com/search?q=%22Hotel+San+Jose%22+Medellin+site%3Alinkedin.com%2Fcompany&first=11&FORM=PERE 200
2026-06-17 14:22:47,181 [INFO] response: https://www.bing.com/search?q=%22Hotel+San+Jose%22+Medellin+site%3Alinkedin.com%2Fcompany&first=21&FORM=PERE1 200
2026-06-17 14:22:48,232 [INFO] response: https://www.bing.com/search?q=%22Hotel+San+Jose%22+Medellin+site%3Alinkedin.com%2Fcompany&first=31&FORM=PERE2 200
2026-06-17 14:22:49,391 [INFO] response: https://www.bing.com/search?q=%22Hotel+San+Jose%22+Medellin+site%3Alinkedin.com%2Fcompany&first=41&FORM=PERE3 200
2026-06-17 14:22:52,963 [INFO]   ❌ Sin resultado: Hotel San Jose
2026-06-17 14:23:00,009 [INFO] 
[209/330] Hotel Buenos Aires Central (Medellin)
2026-06-17 14:23:00,010 [INFO]   🔍 DDG: "Hotel Buenos Aires Central" Medellin email contacto
2026-06-17 14:23:00,348 [INFO] response: https://www.bing.com/search?q=%22Hotel+Buenos+Aires+Central%22+Medellin+email+contacto 200
2026-06-17 14:23:04,399 [INFO]   🔍 DDG: "Hotel Buenos Aires Central" Medellin correo reservas
2026-06-17 14:23:04,727 [INFO] response: https://www.bing.com/search?q=%22Hotel+Buenos+Aires+Central%22+Medellin+correo+reservas 200
2026-06-17 14:23:09,063 [INFO]   🔍 DDG: "Hotel Buenos Aires Central" colombia hotel "@"
2026-06-17 14:23:09,480 [INFO] response: https://www.bing.com/search?q=%22Hotel+Buenos+Aires+Central%22+colombia+hotel+%22%40%22 200
2026-06-17 14:23:12,403 [INFO]   🌐 Visitando (DDG): https://www.hodelpa.com/
2026-06-17 14:23:12,534 [INFO]   ✅ Email en web DDG: reservas@hodelpa.com
2026-06-17 14:23:18,751 [INFO] 
[210/330] Hotel Stanza Medellin (Medellin)
2026-06-17 14:23:18,752 [INFO]   🔍 DDG: "Hotel Stanza Medellin" Medellin email contacto
2026-06-17 14:23:24,070 [INFO] response: https://www.bing.com/search?q=%22Hotel+Stanza+Medellin%22+Medellin+email+contacto 200
2026-06-17 14:23:28,175 [INFO]   🔍 DDG: "Hotel Stanza Medellin" Medellin correo reservas
2026-06-17 14:23:28,513 [INFO] response: https://www.bing.com/search?q=%22Hotel+Stanza+Medellin%22+Medellin+correo+reservas 200
2026-06-17 14:23:32,212 [INFO]   🔍 DDG: "Hotel Stanza Medellin" colombia hotel "@"
2026-06-17 14:23:32,614 [INFO] response: https://www.bing.com/search?q=%22Hotel+Stanza+Medellin%22+colombia+hotel+%22%40%22 200
2026-06-17 14:23:35,670 [INFO]   🔗 LinkedIn DDG: "Hotel Stanza Medellin" Medellin site:linkedin.com/company
2026-06-17 14:23:36,012 [INFO] response: https://www.bing.com/search?q=%22Hotel+Stanza+Medellin%22+Medellin+site%3Alinkedin.com%2Fcompany 200
2026-06-17 14:23:37,039 [INFO] response: https://www.bing.com/search?q=%22Hotel+Stanza+Medellin%22+Medellin+site%3Alinkedin.com%2Fcompany&first=11&FORM=PERE 200
2026-06-17 14:23:38,093 [INFO] response: https://www.bing.com/search?q=%22Hotel+Stanza+Medellin%22+Medellin+site%3Alinkedin.com%2Fcompany&first=21&FORM=PERE1 200
2026-06-17 14:23:39,658 [INFO] response: https://www.bing.com/search?q=%22Hotel+Stanza+Medellin%22+Medellin+site%3Alinkedin.com%2Fcompany&first=31&FORM=PERE2 200
2026-06-17 14:23:40,837 [INFO] response: https://www.bing.com/search?q=%22Hotel+Stanza+Medellin%22+Medellin+site%3Alinkedin.com%2Fcompany&first=41&FORM=PERE3 200
2026-06-17 14:23:43,012 [INFO]   ❌ Sin resultado: Hotel Stanza Medellin
2026-06-17 14:23:43,013 [INFO]   📊 Progreso 210/330 | Emails: 73 | Webs: 0 | Sin resultado: 137
2026-06-17 14:23:47,891 [INFO] 
[211/330] HOTEL Country (Medellin)
2026-06-17 14:23:47,891 [INFO]   🔍 DDG: "HOTEL Country" Medellin email contacto
2026-06-17 14:23:48,193 [INFO] response: https://www.bing.com/search?q=%22HOTEL+Country%22+Medellin+email+contacto 200
2026-06-17 14:23:51,039 [INFO]   🔍 DDG: "HOTEL Country" Medellin correo reservas
2026-06-17 14:23:56,342 [INFO] response: https://www.bing.com/search?q=%22HOTEL+Country%22+Medellin+correo+reservas 200
2026-06-17 14:24:00,252 [INFO]   🔍 DDG: "HOTEL Country" colombia hotel "@"
2026-06-17 14:24:00,612 [INFO] response: https://www.bing.com/search?q=%22HOTEL+Country%22+colombia+hotel+%22%40%22 200
2026-06-17 14:24:04,900 [INFO]   🔗 LinkedIn DDG: "HOTEL Country" Medellin site:linkedin.com/company
2026-06-17 14:24:05,229 [INFO] response: https://www.bing.com/search?q=%22HOTEL+Country%22+Medellin+site%3Alinkedin.com%2Fcompany 200
2026-06-17 14:24:06,222 [INFO] response: https://www.bing.com/search?q=%22HOTEL+Country%22+Medellin+site%3Alinkedin.com%2Fcompany&first=11&FORM=PERE 200
2026-06-17 14:24:07,353 [INFO] response: https://www.bing.com/search?q=%22HOTEL+Country%22+Medellin+site%3Alinkedin.com%2Fcompany&first=21&FORM=PERE1 200
2026-06-17 14:24:08,381 [INFO] response: https://www.bing.com/search?q=%22HOTEL+Country%22+Medellin+site%3Alinkedin.com%2Fcompany&first=31&FORM=PERE2 200
2026-06-17 14:24:09,411 [INFO] response: https://www.bing.com/search?q=%22HOTEL+Country%22+Medellin+site%3Alinkedin.com%2Fcompany&first=41&FORM=PERE3 200
2026-06-17 14:24:12,267 [INFO]   ❌ Sin resultado: HOTEL Country
2026-06-17 14:24:19,195 [INFO] 
[212/330] Hoteles Estelar S A (Cali)
2026-06-17 14:24:19,195 [INFO]   🔍 DDG: "Hoteles Estelar" Cali email contacto
2026-06-17 14:24:19,517 [INFO] response: https://www.bing.com/search?q=%22Hoteles+Estelar%22+Cali+email+contacto 200
2026-06-17 14:24:23,068 [INFO]   🔍 DDG: "Hoteles Estelar" Cali correo reservas
2026-06-17 14:24:23,416 [INFO] response: https://www.bing.com/search?q=%22Hoteles+Estelar%22+Cali+correo+reservas 200
2026-06-17 14:24:26,299 [INFO]   🔍 DDG: "Hoteles Estelar" colombia hotel "@"
2026-06-17 14:24:26,658 [INFO] response: https://www.bing.com/search?q=%22Hoteles+Estelar%22+colombia+hotel+%22%40%22 200
2026-06-17 14:24:29,027 [INFO]   🌐 Visitando (DDG): https://www.hoteles.com/
2026-06-17 14:24:33,917 [INFO]   📋 Web guardada: https://www.hoteles.com/
2026-06-17 14:24:35,802 [INFO]   🌐 Visitando (DDG): https://es.hoteles.com/
2026-06-17 14:24:39,358 [INFO]   🔗 LinkedIn DDG: "Hoteles Estelar" Cali site:linkedin.com/company
2026-06-17 14:24:39,695 [INFO] response: https://www.bing.com/search?q=%22Hoteles+Estelar%22+Cali+site%3Alinkedin.com%2Fcompany 200
2026-06-17 14:24:40,713 [INFO] response: https://www.bing.com/search?q=%22Hoteles+Estelar%22+Cali+site%3Alinkedin.com%2Fcompany&first=11&FORM=PERE 200
2026-06-17 14:24:41,662 [INFO] response: https://www.bing.com/search?q=%22Hoteles+Estelar%22+Cali+site%3Alinkedin.com%2Fcompany&first=21&FORM=PERE1 200
2026-06-17 14:24:42,671 [INFO] response: https://www.bing.com/search?q=%22Hoteles+Estelar%22+Cali+site%3Alinkedin.com%2Fcompany&first=31&FORM=PERE2 200
2026-06-17 14:24:43,686 [INFO] response: https://www.bing.com/search?q=%22Hoteles+Estelar%22+Cali+site%3Alinkedin.com%2Fcompany&first=41&FORM=PERE3 200
2026-06-17 14:24:47,202 [INFO]   ❌ Sin resultado: Hoteles Estelar S A
2026-06-17 14:24:53,557 [INFO] 
[213/330] Tour Vacation Hoteles Azul S A S Bic (Bogota D C)
2026-06-17 14:24:53,557 [INFO]   🔍 DDG: "Tour Vacation Hoteles Azul" Bogota D C email contacto
2026-06-17 14:24:53,860 [INFO] response: https://www.bing.com/search?q=%22Tour+Vacation+Hoteles+Azul%22+Bogota+D+C+email+contacto 200
2026-06-17 14:24:56,158 [INFO]   🔍 DDG: "Tour Vacation Hoteles Azul" Bogota D C correo reservas
2026-06-17 14:25:01,529 [INFO] response: https://www.bing.com/search?q=%22Tour+Vacation+Hoteles+Azul%22+Bogota+D+C+correo+reservas 200
2026-06-17 14:25:05,179 [INFO]   🔍 DDG: "Tour Vacation Hoteles Azul" colombia hotel "@"
2026-06-17 14:25:05,575 [INFO] response: https://www.bing.com/search?q=%22Tour+Vacation+Hoteles+Azul%22+colombia+hotel+%22%40%22 200
2026-06-17 14:25:09,718 [INFO]   🔗 LinkedIn DDG: "Tour Vacation Hoteles Azul" Bogota D C site:linkedin.com/company
2026-06-17 14:25:15,032 [INFO] response: https://www.bing.com/search?q=%22Tour+Vacation+Hoteles+Azul%22+Bogota+D+C+site%3Alinkedin.com%2Fcompany 200
2026-06-17 14:25:16,009 [INFO] response: https://www.bing.com/search?q=%22Tour+Vacation+Hoteles+Azul%22+Bogota+D+C+site%3Alinkedin.com%2Fcompany&first=11&FORM=PERE 200
2026-06-17 14:25:17,001 [INFO] response: https://www.bing.com/search?q=%22Tour+Vacation+Hoteles+Azul%22+Bogota+D+C+site%3Alinkedin.com%2Fcompany&first=21&FORM=PERE1 200
2026-06-17 14:25:17,972 [INFO] response: https://www.bing.com/search?q=%22Tour+Vacation+Hoteles+Azul%22+Bogota+D+C+site%3Alinkedin.com%2Fcompany&first=31&FORM=PERE2 200
2026-06-17 14:25:19,023 [INFO] response: https://www.bing.com/search?q=%22Tour+Vacation+Hoteles+Azul%22+Bogota+D+C+site%3Alinkedin.com%2Fcompany&first=41&FORM=PERE3 200
2026-06-17 14:25:22,277 [INFO]   ❌ Sin resultado: Tour Vacation Hoteles Azul S A S Bic
2026-06-17 14:25:28,226 [INFO] 
[214/330] Hoteles Royal S A (Bogota)
2026-06-17 14:25:28,226 [INFO]   🔍 DDG: "Hoteles Royal" Bogota email contacto
2026-06-17 14:25:28,530 [INFO] response: https://www.bing.com/search?q=%22Hoteles+Royal%22+Bogota+email+contacto 200
2026-06-17 14:25:32,362 [INFO]   🔍 DDG: "Hoteles Royal" Bogota correo reservas
2026-06-17 14:25:32,793 [INFO] response: https://www.bing.com/search?q=%22Hoteles+Royal%22+Bogota+correo+reservas 200
2026-06-17 14:25:37,377 [INFO]   🔍 DDG: "Hoteles Royal" colombia hotel "@"
2026-06-17 14:25:41,566 [INFO] response: https://www.bing.com/search?q=%22Hoteles+Royal%22+colombia+hotel+%22%40%22 200
2026-06-17 14:25:45,063 [INFO]   🔗 LinkedIn DDG: "Hoteles Royal" Bogota site:linkedin.com/company
2026-06-17 14:25:45,441 [INFO] response: https://www.bing.com/search?q=%22Hoteles+Royal%22+Bogota+site%3Alinkedin.com%2Fcompany 200
2026-06-17 14:25:46,467 [INFO] response: https://www.bing.com/search?q=%22Hoteles+Royal%22+Bogota+site%3Alinkedin.com%2Fcompany&first=11&FORM=PERE 200
2026-06-17 14:25:47,604 [INFO] response: https://www.bing.com/search?q=%22Hoteles+Royal%22+Bogota+site%3Alinkedin.com%2Fcompany&first=21&FORM=PERE1 200
2026-06-17 14:25:48,557 [INFO] response: https://www.bing.com/search?q=%22Hoteles+Royal%22+Bogota+site%3Alinkedin.com%2Fcompany&first=31&FORM=PERE2 200
2026-06-17 14:25:49,653 [INFO] response: https://www.bing.com/search?q=%22Hoteles+Royal%22+Bogota+site%3Alinkedin.com%2Fcompany&first=41&FORM=PERE3 200
2026-06-17 14:25:52,350 [INFO]   ❌ Sin resultado: Hoteles Royal S A
2026-06-17 14:25:59,427 [INFO] 
[215/330] Compania Hotelera De Cartagena De Indias S A (Cartagena)
2026-06-17 14:25:59,428 [INFO]   🔍 DDG: "Compania Hotelera De Cartagena De Indias" Cartagena email contacto
2026-06-17 14:25:59,760 [INFO] response: https://www.bing.com/search?q=%22Compania+Hotelera+De+Cartagena+De+Indias%22+Cartagena+email+contacto 200
2026-06-17 14:26:02,642 [INFO]   🔍 DDG: "Compania Hotelera De Cartagena De Indias" Cartagena correo reservas
2026-06-17 14:26:03,000 [INFO] response: https://www.bing.com/search?q=%22Compania+Hotelera+De+Cartagena+De+Indias%22+Cartagena+correo+reservas 200
2026-06-17 14:26:07,208 [INFO]   🔍 DDG: "Compania Hotelera De Cartagena De Indias" colombia hotel "@"
2026-06-17 14:26:07,549 [INFO] response: https://www.bing.com/search?q=%22Compania+Hotelera+De+Cartagena+De+Indias%22+colombia+hotel+%22%40%22 200
2026-06-17 14:26:11,705 [INFO]   🌐 Visitando (DDG): https://www.diccionariodedudas.com/compania-o-compania/
2026-06-17 14:26:27,855 [INFO]   📋 Web guardada: https://www.diccionariodedudas.com/compania-o-compania/
2026-06-17 14:26:29,449 [INFO]   🌐 Visitando (DDG): https://edu.japeru.org/lacompania
2026-06-17 14:26:41,352 [INFO]   🌐 Visitando (DDG): https://enciclopediaiberoamericana.com/compania-o-compania/
2026-06-17 14:26:55,231 [INFO]   🔗 LinkedIn DDG: "Compania Hotelera De Cartagena De Indias" Cartagena site:linkedin.com/company
2026-06-17 14:27:00,531 [INFO] response: https://www.bing.com/search?q=%22Compania+Hotelera+De+Cartagena+De+Indias%22+Cartagena+site%3Alinkedin.com%2Fcompany 200
2026-06-17 14:27:01,587 [INFO] response: https://www.bing.com/search?q=%22Compania+Hotelera+De+Cartagena+De+Indias%22+Cartagena+site%3Alinkedin.com%2Fcompany&first=11&FORM=PERE 200
2026-06-17 14:27:02,685 [INFO] response: https://www.bing.com/search?q=%22Compania+Hotelera+De+Cartagena+De+Indias%22+Cartagena+site%3Alinkedin.com%2Fcompany&first=21&FORM=PERE1 200
2026-06-17 14:27:03,692 [INFO] response: https://www.bing.com/search?q=%22Compania+Hotelera+De+Cartagena+De+Indias%22+Cartagena+site%3Alinkedin.com%2Fcompany&first=31&FORM=PERE2 200
2026-06-17 14:27:05,135 [INFO] response: https://www.bing.com/search?q=%22Compania+Hotelera+De+Cartagena+De+Indias%22+Cartagena+site%3Alinkedin.com%2Fcompany&first=41&FORM=PERE3 200
2026-06-17 14:27:08,227 [INFO]   ❌ Sin resultado: Compania Hotelera De Cartagena De Indias S A
2026-06-17 14:27:12,588 [INFO] 
[216/330] C B Hoteles Y Resorts S A (Santa Marta)
2026-06-17 14:27:12,589 [INFO]   🔍 DDG: "C B Hoteles Y Resorts" Santa Marta email contacto
2026-06-17 14:27:12,910 [INFO] response: https://www.bing.com/search?q=%22C+B+Hoteles+Y+Resorts%22+Santa+Marta+email+contacto 200
2026-06-17 14:27:16,493 [INFO]   🔍 DDG: "C B Hoteles Y Resorts" Santa Marta correo reservas
2026-06-17 14:27:16,839 [INFO] response: https://www.bing.com/search?q=%22C+B+Hoteles+Y+Resorts%22+Santa+Marta+correo+reservas 200
2026-06-17 14:27:19,267 [INFO]   🔍 DDG: "C B Hoteles Y Resorts" colombia hotel "@"
2026-06-17 14:27:19,600 [INFO] response: https://www.bing.com/search?q=%22C+B+Hoteles+Y+Resorts%22+colombia+hotel+%22%40%22 200
2026-06-17 14:27:22,584 [INFO]   🔗 LinkedIn DDG: "C B Hoteles Y Resorts" Santa Marta site:linkedin.com/company
2026-06-17 14:27:27,919 [INFO] response: https://www.bing.com/search?q=%22C+B+Hoteles+Y+Resorts%22+Santa+Marta+site%3Alinkedin.com%2Fcompany 200
2026-06-17 14:27:28,951 [INFO] response: https://www.bing.com/search?q=%22C+B+Hoteles+Y+Resorts%22+Santa+Marta+site%3Alinkedin.com%2Fcompany&first=11&FORM=PERE 200
2026-06-17 14:27:30,126 [INFO] response: https://www.bing.com/search?q=%22C+B+Hoteles+Y+Resorts%22+Santa+Marta+site%3Alinkedin.com%2Fcompany&first=21&FORM=PERE1 200
2026-06-17 14:27:31,156 [INFO] response: https://www.bing.com/search?q=%22C+B+Hoteles+Y+Resorts%22+Santa+Marta+site%3Alinkedin.com%2Fcompany&first=31&FORM=PERE2 200
2026-06-17 14:27:32,162 [INFO] response: https://www.bing.com/search?q=%22C+B+Hoteles+Y+Resorts%22+Santa+Marta+site%3Alinkedin.com%2Fcompany&first=41&FORM=PERE3 200
2026-06-17 14:27:34,617 [INFO]   ❌ Sin resultado: C B Hoteles Y Resorts S A
2026-06-17 14:27:39,696 [INFO] 
[217/330] Gestora Hotelera Bahia La Rada S A S (Monteria)
2026-06-17 14:27:39,697 [INFO]   🔍 DDG: "Gestora Hotelera Bahia La Rada" Monteria email contacto
2026-06-17 14:27:40,011 [INFO] response: https://www.bing.com/search?q=%22Gestora+Hotelera+Bahia+La+Rada%22+Monteria+email+contacto 200
2026-06-17 14:27:42,699 [INFO]   🔍 DDG: "Gestora Hotelera Bahia La Rada" Monteria correo reservas
2026-06-17 14:27:43,099 [INFO] response: https://www.bing.com/search?q=%22Gestora+Hotelera+Bahia+La+Rada%22+Monteria+correo+reservas 200
2026-06-17 14:27:47,497 [INFO]   🔍 DDG: "Gestora Hotelera Bahia La Rada" colombia hotel "@"
2026-06-17 14:27:48,232 [INFO] response: https://www.bing.com/search?q=%22Gestora+Hotelera+Bahia+La+Rada%22+colombia+hotel+%22%40%22 200
2026-06-17 14:27:51,787 [INFO]   🔗 LinkedIn DDG: "Gestora Hotelera Bahia La Rada" Monteria site:linkedin.com/company
2026-06-17 14:27:52,228 [INFO] response: https://www.bing.com/search?q=%22Gestora+Hotelera+Bahia+La+Rada%22+Monteria+site%3Alinkedin.com%2Fcompany 200
2026-06-17 14:27:53,454 [INFO] response: https://www.bing.com/search?q=%22Gestora+Hotelera+Bahia+La+Rada%22+Monteria+site%3Alinkedin.com%2Fcompany&first=11&FORM=PERE 200
2026-06-17 14:27:54,484 [INFO] response: https://www.bing.com/search?q=%22Gestora+Hotelera+Bahia+La+Rada%22+Monteria+site%3Alinkedin.com%2Fcompany&first=21&FORM=PERE1 200
2026-06-17 14:27:55,599 [INFO] response: https://www.bing.com/search?q=%22Gestora+Hotelera+Bahia+La+Rada%22+Monteria+site%3Alinkedin.com%2Fcompany&first=31&FORM=PERE2 200
2026-06-17 14:27:56,593 [INFO] response: https://www.bing.com/search?q=%22Gestora+Hotelera+Bahia+La+Rada%22+Monteria+site%3Alinkedin.com%2Fcompany&first=41&FORM=PERE3 200
2026-06-17 14:27:59,005 [INFO]   ❌ Sin resultado: Gestora Hotelera Bahia La Rada S A S
2026-06-17 14:28:04,527 [INFO] 
[218/330] Hoteles Cacique Internacional S A S (Bucaramanga)
2026-06-17 14:28:04,528 [INFO]   🔍 DDG: "Hoteles Cacique Internacional" Bucaramanga email contacto
2026-06-17 14:28:04,875 [INFO] response: https://www.bing.com/search?q=%22Hoteles+Cacique+Internacional%22+Bucaramanga+email+contacto 200
2026-06-17 14:28:08,379 [INFO]   🔍 DDG: "Hoteles Cacique Internacional" Bucaramanga correo reservas
2026-06-17 14:28:08,772 [INFO] response: https://www.bing.com/search?q=%22Hoteles+Cacique+Internacional%22+Bucaramanga+correo+reservas 200
2026-06-17 14:28:12,698 [INFO]   🔍 DDG: "Hoteles Cacique Internacional" colombia hotel "@"
2026-06-17 14:28:13,068 [INFO] response: https://www.bing.com/search?q=%22Hoteles+Cacique+Internacional%22+colombia+hotel+%22%40%22 200
2026-06-17 14:28:17,611 [INFO]   🔗 LinkedIn DDG: "Hoteles Cacique Internacional" Bucaramanga site:linkedin.com/company
2026-06-17 14:28:17,966 [INFO] response: https://www.bing.com/search?q=%22Hoteles+Cacique+Internacional%22+Bucaramanga+site%3Alinkedin.com%2Fcompany 200
2026-06-17 14:28:19,157 [INFO] response: https://www.bing.com/search?q=%22Hoteles+Cacique+Internacional%22+Bucaramanga+site%3Alinkedin.com%2Fcompany&first=11&FORM=PERE 200
2026-06-17 14:28:20,103 [INFO] response: https://www.bing.com/search?q=%22Hoteles+Cacique+Internacional%22+Bucaramanga+site%3Alinkedin.com%2Fcompany&first=21&FORM=PERE1 200
2026-06-17 14:28:21,141 [INFO] response: https://www.bing.com/search?q=%22Hoteles+Cacique+Internacional%22+Bucaramanga+site%3Alinkedin.com%2Fcompany&first=31&FORM=PERE2 200
2026-06-17 14:28:22,121 [INFO] response: https://www.bing.com/search?q=%22Hoteles+Cacique+Internacional%22+Bucaramanga+site%3Alinkedin.com%2Fcompany&first=41&FORM=PERE3 200
2026-06-17 14:28:24,331 [INFO]   ❌ Sin resultado: Hoteles Cacique Internacional S A S
2026-06-17 14:28:31,268 [INFO] 
[219/330] Hotel Casablanca San Andres S A S (San Andres)
2026-06-17 14:28:31,269 [INFO]   🔍 DDG: "Hotel Casablanca San Andres" San Andres email contacto
2026-06-17 14:28:31,689 [INFO] response: https://www.bing.com/search?q=%22Hotel+Casablanca+San+Andres%22+San+Andres+email+contacto 200
2026-06-17 14:28:35,167 [INFO]   🔍 DDG: "Hotel Casablanca San Andres" San Andres correo reservas
2026-06-17 14:28:35,491 [INFO] response: https://www.bing.com/search?q=%22Hotel+Casablanca+San+Andres%22+San+Andres+correo+reservas 200
2026-06-17 14:28:38,971 [INFO]   🔍 DDG: "Hotel Casablanca San Andres" colombia hotel "@"
2026-06-17 14:28:39,366 [INFO] response: https://www.bing.com/search?q=%22Hotel+Casablanca+San+Andres%22+colombia+hotel+%22%40%22 200
2026-06-17 14:28:41,674 [INFO]   🔗 LinkedIn DDG: "Hotel Casablanca San Andres" San Andres site:linkedin.com/company
2026-06-17 14:28:46,997 [INFO] response: https://www.bing.com/search?q=%22Hotel+Casablanca+San+Andres%22+San+Andres+site%3Alinkedin.com%2Fcompany 200
2026-06-17 14:28:48,010 [INFO] response: https://www.bing.com/search?q=%22Hotel+Casablanca+San+Andres%22+San+Andres+site%3Alinkedin.com%2Fcompany&first=11&FORM=PERE 200
2026-06-17 14:28:49,261 [INFO] response: https://www.bing.com/search?q=%22Hotel+Casablanca+San+Andres%22+San+Andres+site%3Alinkedin.com%2Fcompany&first=21&FORM=PERE1 200
2026-06-17 14:28:50,257 [INFO] response: https://www.bing.com/search?q=%22Hotel+Casablanca+San+Andres%22+San+Andres+site%3Alinkedin.com%2Fcompany&first=31&FORM=PERE2 200
2026-06-17 14:28:51,417 [INFO] response: https://www.bing.com/search?q=%22Hotel+Casablanca+San+Andres%22+San+Andres+site%3Alinkedin.com%2Fcompany&first=41&FORM=PERE3 200
2026-06-17 14:28:54,159 [INFO]   ❌ Sin resultado: Hotel Casablanca San Andres S A S
2026-06-17 14:28:59,943 [INFO] 
[220/330] Accorhotels Colombia S A (Bogota)
2026-06-17 14:28:59,944 [INFO]   🔍 DDG: "Accorhotels Colombia" Bogota email contacto
2026-06-17 14:29:05,314 [INFO] response: https://www.bing.com/search?q=%22Accorhotels+Colombia%22+Bogota+email+contacto 200
2026-06-17 14:29:08,872 [INFO]   🔍 DDG: "Accorhotels Colombia" Bogota correo reservas
2026-06-17 14:29:09,215 [INFO] response: https://www.bing.com/search?q=%22Accorhotels+Colombia%22+Bogota+correo+reservas 200
2026-06-17 14:29:12,579 [INFO]   🔍 DDG: "Accorhotels Colombia" colombia hotel "@"
2026-06-17 14:29:12,897 [INFO] response: https://www.bing.com/search?q=%22Accorhotels+Colombia%22+colombia+hotel+%22%40%22 200
2026-06-17 14:29:15,443 [INFO]   🌐 Visitando (DDG): https://ca.linkedin.com/in/lucnoiseux
2026-06-17 14:29:19,941 [INFO]   📋 Web guardada: https://ca.linkedin.com/in/lucnoiseux
2026-06-17 14:29:21,793 [INFO]   🌐 Visitando (DDG): https://www.linkedin.com/posts/kpmg-au-québec_cest-avec-grand-enthousiasme-que-nous-annonçons-activity-7150157451709874177-CMjd
2026-06-17 14:29:35,428 [INFO]   🌐 Visitando (DDG): https://kpmg.com/ca/en/contacts/n/luc-noiseux.html
2026-06-17 14:29:58,969 [INFO]   🔗 LinkedIn DDG: "Accorhotels Colombia" Bogota site:linkedin.com/company
2026-06-17 14:30:04,343 [INFO] response: https://www.bing.com/search?q=%22Accorhotels+Colombia%22+Bogota+site%3Alinkedin.com%2Fcompany 200
2026-06-17 14:30:05,319 [INFO] response: https://www.bing.com/search?q=%22Accorhotels+Colombia%22+Bogota+site%3Alinkedin.com%2Fcompany&first=11&FORM=PERE 200
2026-06-17 14:30:06,299 [INFO] response: https://www.bing.com/search?q=%22Accorhotels+Colombia%22+Bogota+site%3Alinkedin.com%2Fcompany&first=21&FORM=PERE1 200
2026-06-17 14:30:07,297 [INFO] response: https://www.bing.com/search?q=%22Accorhotels+Colombia%22+Bogota+site%3Alinkedin.com%2Fcompany&first=31&FORM=PERE2 200
2026-06-17 14:30:08,307 [INFO] response: https://www.bing.com/search?q=%22Accorhotels+Colombia%22+Bogota+site%3Alinkedin.com%2Fcompany&first=41&FORM=PERE3 200
2026-06-17 14:30:12,452 [INFO]   ❌ Sin resultado: Accorhotels Colombia S A
2026-06-17 14:30:12,454 [INFO]   📊 Progreso 220/330 | Emails: 73 | Webs: 3 | Sin resultado: 144
2026-06-17 14:30:19,592 [INFO] 
[221/330] Hoteles Ms S A S (Cali)
2026-06-17 14:30:19,593 [INFO]   🔍 DDG: "Hoteles Ms" Cali email contacto
2026-06-17 14:30:24,916 [INFO] response: https://www.bing.com/search?q=%22Hoteles+Ms%22+Cali+email+contacto 200
2026-06-17 14:30:27,189 [INFO]   🔍 DDG: "Hoteles Ms" Cali correo reservas
2026-06-17 14:30:32,654 [INFO] response: https://www.bing.com/search?q=%22Hoteles+Ms%22+Cali+correo+reservas 200
2026-06-17 14:30:35,326 [INFO]   🔍 DDG: "Hoteles Ms" colombia hotel "@"
2026-06-17 14:30:35,630 [INFO] response: https://www.bing.com/search?q=%22Hoteles+Ms%22+colombia+hotel+%22%40%22 200
2026-06-17 14:30:38,491 [INFO]   🔗 LinkedIn DDG: "Hoteles Ms" Cali site:linkedin.com/company
2026-06-17 14:30:39,475 [INFO] response: https://www.bing.com/search?q=%22Hoteles+Ms%22+Cali+site%3Alinkedin.com%2Fcompany 200
2026-06-17 14:30:40,445 [INFO] response: https://www.bing.com/search?q=%22Hoteles+Ms%22+Cali+site%3Alinkedin.com%2Fcompany&first=11&FORM=PERE 200
2026-06-17 14:30:41,522 [INFO] response: https://www.bing.com/search?q=%22Hoteles+Ms%22+Cali+site%3Alinkedin.com%2Fcompany&first=21&FORM=PERE1 200
2026-06-17 14:30:42,502 [INFO] response: https://www.bing.com/search?q=%22Hoteles+Ms%22+Cali+site%3Alinkedin.com%2Fcompany&first=31&FORM=PERE2 200
2026-06-17 14:30:43,562 [INFO] response: https://www.bing.com/search?q=%22Hoteles+Ms%22+Cali+site%3Alinkedin.com%2Fcompany&first=41&FORM=PERE3 200
2026-06-17 14:30:47,418 [INFO]   ❌ Sin resultado: Hoteles Ms S A S
2026-06-17 14:30:53,505 [INFO] 
[222/330] Hotel Calle 90 S A S (Bogota)
2026-06-17 14:30:53,505 [INFO]   🔍 DDG: "Hotel Calle 90" Bogota email contacto
2026-06-17 14:30:53,818 [INFO] response: https://www.bing.com/search?q=%22Hotel+Calle+90%22+Bogota+email+contacto 200
2026-06-17 14:30:57,907 [INFO]   🔍 DDG: "Hotel Calle 90" Bogota correo reservas
2026-06-17 14:30:58,270 [INFO] response: https://www.bing.com/search?q=%22Hotel+Calle+90%22+Bogota+correo+reservas 200
2026-06-17 14:31:00,381 [INFO]   🔍 DDG: "Hotel Calle 90" colombia hotel "@"
2026-06-17 14:31:00,718 [INFO] response: https://www.bing.com/search?q=%22Hotel+Calle+90%22+colombia+hotel+%22%40%22 200
2026-06-17 14:31:03,684 [INFO]   🔗 LinkedIn DDG: "Hotel Calle 90" Bogota site:linkedin.com/company
2026-06-17 14:31:03,982 [INFO] response: https://www.bing.com/search?q=%22Hotel+Calle+90%22+Bogota+site%3Alinkedin.com%2Fcompany 200
2026-06-17 14:31:04,986 [INFO] response: https://www.bing.com/search?q=%22Hotel+Calle+90%22+Bogota+site%3Alinkedin.com%2Fcompany&first=11&FORM=PERE 200
2026-06-17 14:31:06,121 [INFO] response: https://www.bing.com/search?q=%22Hotel+Calle+90%22+Bogota+site%3Alinkedin.com%2Fcompany&first=21&FORM=PERE1 200
2026-06-17 14:31:07,181 [INFO] response: https://www.bing.com/search?q=%22Hotel+Calle+90%22+Bogota+site%3Alinkedin.com%2Fcompany&first=31&FORM=PERE2 200
2026-06-17 14:31:08,229 [INFO] response: https://www.bing.com/search?q=%22Hotel+Calle+90%22+Bogota+site%3Alinkedin.com%2Fcompany&first=41&FORM=PERE3 200
2026-06-17 14:31:11,852 [INFO]   ❌ Sin resultado: Hotel Calle 90 S A S
2026-06-17 14:31:19,181 [INFO] 
[223/330] Hotel Tiuna Sas (San Andres)
2026-06-17 14:31:19,181 [INFO]   🔍 DDG: "Hotel Tiuna" San Andres email contacto
2026-06-17 14:31:24,664 [INFO] response: https://www.bing.com/search?q=%22Hotel+Tiuna%22+San+Andres+email+contacto 200
2026-06-17 14:31:26,996 [INFO]   🔍 DDG: "Hotel Tiuna" San Andres correo reservas
2026-06-17 14:31:27,371 [INFO] response: https://www.bing.com/search?q=%22Hotel+Tiuna%22+San+Andres+correo+reservas 200
2026-06-17 14:31:29,578 [INFO]   🔍 DDG: "Hotel Tiuna" colombia hotel "@"
2026-06-17 14:31:29,901 [INFO] response: https://www.bing.com/search?q=%22Hotel+Tiuna%22+colombia+hotel+%22%40%22 200
2026-06-17 14:31:34,601 [INFO]   🌐 Visitando (DDG): https://www.hodelpa.com/
2026-06-17 14:31:41,400 [INFO]   ✅ Email en web DDG: reservas@hodelpa.com
2026-06-17 14:31:45,850 [INFO] 
[224/330] Sociedad Hotelera Cien Internacional S A (Bogota)
2026-06-17 14:31:45,851 [INFO]   🔍 DDG: "Sociedad Hotelera Cien Internacional" Bogota email contacto
2026-06-17 14:31:46,203 [INFO] response: https://www.bing.com/search?q=%22Sociedad+Hotelera+Cien+Internacional%22+Bogota+email+contacto 200
2026-06-17 14:31:49,809 [INFO]   🔍 DDG: "Sociedad Hotelera Cien Internacional" Bogota correo reservas
2026-06-17 14:31:55,122 [INFO] response: https://www.bing.com/search?q=%22Sociedad+Hotelera+Cien+Internacional%22+Bogota+correo+reservas 200
2026-06-17 14:31:59,703 [INFO]   🔍 DDG: "Sociedad Hotelera Cien Internacional" colombia hotel "@"
2026-06-17 14:32:00,056 [INFO] response: https://www.bing.com/search?q=%22Sociedad+Hotelera+Cien+Internacional%22+colombia+hotel+%22%40%22 200
2026-06-17 14:32:03,697 [INFO]   🌐 Visitando (DDG): https://concepto.de/sociedad/
2026-06-17 14:32:11,383 [INFO]   📋 Web guardada: https://concepto.de/sociedad/
2026-06-17 14:32:13,281 [INFO]   🌐 Visitando (DDG): https://economipedia.com/definiciones/sociedad.html
2026-06-17 14:32:42,716 [INFO]   🌐 Visitando (DDG): https://humanidades.com/sociedad/
2026-06-17 14:33:06,507 [INFO]   🔗 LinkedIn DDG: "Sociedad Hotelera Cien Internacional" Bogota site:linkedin.com/company
2026-06-17 14:33:06,960 [INFO] response: https://www.bing.com/search?q=%22Sociedad+Hotelera+Cien+Internacional%22+Bogota+site%3Alinkedin.com%2Fcompany 200
2026-06-17 14:33:08,082 [INFO] response: https://www.bing.com/search?q=%22Sociedad+Hotelera+Cien+Internacional%22+Bogota+site%3Alinkedin.com%2Fcompany&first=11&FORM=PERE 200
2026-06-17 14:33:09,260 [INFO] response: https://www.bing.com/search?q=%22Sociedad+Hotelera+Cien+Internacional%22+Bogota+site%3Alinkedin.com%2Fcompany&first=21&FORM=PERE1 200
2026-06-17 14:33:10,308 [INFO] response: https://www.bing.com/search?q=%22Sociedad+Hotelera+Cien+Internacional%22+Bogota+site%3Alinkedin.com%2Fcompany&first=31&FORM=PERE2 200
2026-06-17 14:33:11,307 [INFO] response: https://www.bing.com/search?q=%22Sociedad+Hotelera+Cien+Internacional%22+Bogota+site%3Alinkedin.com%2Fcompany&first=41&FORM=PERE3 200
2026-06-17 14:33:15,114 [INFO]   ❌ Sin resultado: Sociedad Hotelera Cien Internacional S A
2026-06-17 14:33:20,622 [INFO] 
[225/330] Oxohotel Waya Wuajira Sas (Albania)
2026-06-17 14:33:20,622 [INFO]   🔍 DDG: "Oxohotel Waya Wuajira" Albania email contacto
2026-06-17 14:33:20,981 [INFO] response: https://www.bing.com/search?q=%22Oxohotel+Waya+Wuajira%22+Albania+email+contacto 200
2026-06-17 14:33:23,384 [INFO]   🔍 DDG: "Oxohotel Waya Wuajira" Albania correo reservas
2026-06-17 14:33:23,707 [INFO] response: https://www.bing.com/search?q=%22Oxohotel+Waya+Wuajira%22+Albania+correo+reservas 200
2026-06-17 14:33:27,683 [INFO]   🔍 DDG: "Oxohotel Waya Wuajira" colombia hotel "@"
2026-06-17 14:33:28,044 [INFO] response: https://www.bing.com/search?q=%22Oxohotel+Waya+Wuajira%22+colombia+hotel+%22%40%22 200
2026-06-17 14:33:31,739 [INFO]   🔗 LinkedIn DDG: "Oxohotel Waya Wuajira" Albania site:linkedin.com/company
2026-06-17 14:33:32,197 [INFO] response: https://www.bing.com/search?q=%22Oxohotel+Waya+Wuajira%22+Albania+site%3Alinkedin.com%2Fcompany 200
2026-06-17 14:33:33,258 [INFO] response: https://www.bing.com/search?q=%22Oxohotel+Waya+Wuajira%22+Albania+site%3Alinkedin.com%2Fcompany&first=11&FORM=PERE 200
2026-06-17 14:33:34,255 [INFO] response: https://www.bing.com/search?q=%22Oxohotel+Waya+Wuajira%22+Albania+site%3Alinkedin.com%2Fcompany&first=21&FORM=PERE1 200
2026-06-17 14:33:35,268 [INFO] response: https://www.bing.com/search?q=%22Oxohotel+Waya+Wuajira%22+Albania+site%3Alinkedin.com%2Fcompany&first=31&FORM=PERE2 200
2026-06-17 14:33:36,288 [INFO] response: https://www.bing.com/search?q=%22Oxohotel+Waya+Wuajira%22+Albania+site%3Alinkedin.com%2Fcompany&first=41&FORM=PERE3 200
2026-06-17 14:33:39,870 [INFO]   ❌ Sin resultado: Oxohotel Waya Wuajira Sas
2026-06-17 14:33:46,632 [INFO] 
[226/330] Cucuta Suites S A S (Cucuta)
2026-06-17 14:33:46,633 [INFO]   🔍 DDG: "Cucuta Suites" Cucuta email contacto
2026-06-17 14:33:46,983 [INFO] response: https://www.bing.com/search?q=%22Cucuta+Suites%22+Cucuta+email+contacto 200
2026-06-17 14:33:49,252 [INFO]   🔍 DDG: "Cucuta Suites" Cucuta correo reservas
2026-06-17 14:33:49,850 [INFO] response: https://www.bing.com/search?q=%22Cucuta+Suites%22+Cucuta+correo+reservas 200
2026-06-17 14:33:52,579 [INFO]   🔍 DDG: "Cucuta Suites" colombia hotel "@"
2026-06-17 14:33:52,929 [INFO] response: https://www.bing.com/search?q=%22Cucuta+Suites%22+colombia+hotel+%22%40%22 200
2026-06-17 14:33:56,411 [INFO]   ✅ Email en snippet DDG: notificaciones_judiciales@cucuta.gov.co
2026-06-17 14:34:03,139 [INFO] 
[227/330] Hotel Gran Marina S A S (Santa Marta)
2026-06-17 14:34:03,139 [INFO]   🔍 DDG: "Hotel Gran Marina" Santa Marta email contacto
2026-06-17 14:34:03,481 [INFO] response: https://www.bing.com/search?q=%22Hotel+Gran+Marina%22+Santa+Marta+email+contacto 200
2026-06-17 14:34:07,358 [INFO]   🔍 DDG: "Hotel Gran Marina" Santa Marta correo reservas
2026-06-17 14:34:07,714 [INFO] response: https://www.bing.com/search?q=%22Hotel+Gran+Marina%22+Santa+Marta+correo+reservas 200
2026-06-17 14:34:10,413 [INFO]   🔍 DDG: "Hotel Gran Marina" colombia hotel "@"
2026-06-17 14:34:10,707 [INFO] response: https://www.bing.com/search?q=%22Hotel+Gran+Marina%22+colombia+hotel+%22%40%22 200
2026-06-17 14:34:14,854 [INFO]   🔗 LinkedIn DDG: "Hotel Gran Marina" Santa Marta site:linkedin.com/company
2026-06-17 14:34:15,176 [INFO] response: https://www.bing.com/search?q=%22Hotel+Gran+Marina%22+Santa+Marta+site%3Alinkedin.com%2Fcompany 200
2026-06-17 14:34:16,512 [INFO] response: https://www.bing.com/search?q=%22Hotel+Gran+Marina%22+Santa+Marta+site%3Alinkedin.com%2Fcompany&first=11&FORM=PERE 200
2026-06-17 14:34:17,770 [INFO] response: https://www.bing.com/search?q=%22Hotel+Gran+Marina%22+Santa+Marta+site%3Alinkedin.com%2Fcompany&first=21&FORM=PERE1 200
2026-06-17 14:34:18,759 [INFO] response: https://www.bing.com/search?q=%22Hotel+Gran+Marina%22+Santa+Marta+site%3Alinkedin.com%2Fcompany&first=31&FORM=PERE2 200
2026-06-17 14:34:19,753 [INFO] response: https://www.bing.com/search?q=%22Hotel+Gran+Marina%22+Santa+Marta+site%3Alinkedin.com%2Fcompany&first=41&FORM=PERE3 200
2026-06-17 14:34:23,655 [INFO]   ❌ Sin resultado: Hotel Gran Marina S A S
2026-06-17 14:34:31,202 [INFO] 
[228/330] Poblado Hoteles S A (Medellin)
2026-06-17 14:34:31,203 [INFO]   🔍 DDG: "Poblado Hoteles" Medellin email contacto
2026-06-17 14:34:31,535 [INFO] response: https://www.bing.com/search?q=%22Poblado+Hoteles%22+Medellin+email+contacto 200
2026-06-17 14:34:33,873 [INFO]   🔍 DDG: "Poblado Hoteles" Medellin correo reservas
2026-06-17 14:34:34,141 [INFO] response: https://www.bing.com/search?q=%22Poblado+Hoteles%22+Medellin+correo+reservas 200
2026-06-17 14:34:38,659 [INFO]   🔍 DDG: "Poblado Hoteles" colombia hotel "@"
2026-06-17 14:34:38,986 [INFO] response: https://www.bing.com/search?q=%22Poblado+Hoteles%22+colombia+hotel+%22%40%22 200
2026-06-17 14:34:42,249 [INFO]   🔗 LinkedIn DDG: "Poblado Hoteles" Medellin site:linkedin.com/company
2026-06-17 14:34:42,525 [INFO] response: https://www.bing.com/search?q=%22Poblado+Hoteles%22+Medellin+site%3Alinkedin.com%2Fcompany 200
2026-06-17 14:34:43,569 [INFO] response: https://www.bing.com/search?q=%22Poblado+Hoteles%22+Medellin+site%3Alinkedin.com%2Fcompany&first=11&FORM=PERE 200
2026-06-17 14:34:44,529 [INFO] response: https://www.bing.com/search?q=%22Poblado+Hoteles%22+Medellin+site%3Alinkedin.com%2Fcompany&first=21&FORM=PERE1 200
2026-06-17 14:34:45,560 [INFO] response: https://www.bing.com/search?q=%22Poblado+Hoteles%22+Medellin+site%3Alinkedin.com%2Fcompany&first=31&FORM=PERE2 200
2026-06-17 14:34:46,594 [INFO] response: https://www.bing.com/search?q=%22Poblado+Hoteles%22+Medellin+site%3Alinkedin.com%2Fcompany&first=41&FORM=PERE3 200
2026-06-17 14:34:50,480 [INFO]   ❌ Sin resultado: Poblado Hoteles S A
2026-06-17 14:34:54,842 [INFO] 
[229/330] Hotel Lagoon S A S (Rionegro)
2026-06-17 14:34:54,842 [INFO]   🔍 DDG: "Hotel Lagoon" Rionegro email contacto
2026-06-17 14:34:55,278 [INFO] response: https://www.bing.com/search?q=%22Hotel+Lagoon%22+Rionegro+email+contacto 200
2026-06-17 14:34:57,906 [INFO]   🔍 DDG: "Hotel Lagoon" Rionegro correo reservas
2026-06-17 14:35:03,278 [INFO] response: https://www.bing.com/search?q=%22Hotel+Lagoon%22+Rionegro+correo+reservas 200
2026-06-17 14:35:05,886 [INFO]   🔍 DDG: "Hotel Lagoon" colombia hotel "@"
2026-06-17 14:35:11,230 [INFO] response: https://www.bing.com/search?q=%22Hotel+Lagoon%22+colombia+hotel+%22%40%22 200
2026-06-17 14:35:13,640 [INFO]   🔗 LinkedIn DDG: "Hotel Lagoon" Rionegro site:linkedin.com/company
2026-06-17 14:35:14,088 [INFO] response: https://www.bing.com/search?q=%22Hotel+Lagoon%22+Rionegro+site%3Alinkedin.com%2Fcompany 200
2026-06-17 14:35:15,072 [INFO] response: https://www.bing.com/search?q=%22Hotel+Lagoon%22+Rionegro+site%3Alinkedin.com%2Fcompany&first=11&FORM=PERE 200
2026-06-17 14:35:16,130 [INFO] response: https://www.bing.com/search?q=%22Hotel+Lagoon%22+Rionegro+site%3Alinkedin.com%2Fcompany&first=21&FORM=PERE1 200
2026-06-17 14:35:17,078 [INFO] response: https://www.bing.com/search?q=%22Hotel+Lagoon%22+Rionegro+site%3Alinkedin.com%2Fcompany&first=31&FORM=PERE2 200
2026-06-17 14:35:18,069 [INFO] response: https://www.bing.com/search?q=%22Hotel+Lagoon%22+Rionegro+site%3Alinkedin.com%2Fcompany&first=41&FORM=PERE3 200
2026-06-17 14:35:21,596 [INFO]   ❌ Sin resultado: Hotel Lagoon S A S
2026-06-17 14:35:29,064 [INFO] 
[230/330] Hoteles De Lujo S A S (Medellin)
2026-06-17 14:35:29,064 [INFO]   🔍 DDG: "Hoteles De Lujo" Medellin email contacto
2026-06-17 14:35:29,442 [INFO] response: https://www.bing.com/search?q=%22Hoteles+De+Lujo%22+Medellin+email+contacto 200
2026-06-17 14:35:32,388 [INFO]   🔍 DDG: "Hoteles De Lujo" Medellin correo reservas
2026-06-17 14:35:33,053 [INFO] response: https://www.bing.com/search?q=%22Hoteles+De+Lujo%22+Medellin+correo+reservas 200
2026-06-17 14:35:34,081 [INFO] response: https://www.bing.com/search?q=%22Hoteles+De+Lujo%22+Medellin+correo+reservas&first=11&FORM=PERE 200
2026-06-17 14:35:35,149 [INFO] response: https://www.bing.com/search?q=%22Hoteles+De+Lujo%22+Medellin+correo+reservas&first=21&FORM=PERE1 200
2026-06-17 14:35:36,139 [INFO] response: https://www.bing.com/search?q=%22Hoteles+De+Lujo%22+Medellin+correo+reservas&first=31&FORM=PERE2 200
2026-06-17 14:35:37,195 [INFO] response: https://www.bing.com/search?q=%22Hoteles+De+Lujo%22+Medellin+correo+reservas&first=41&FORM=PERE3 200
2026-06-17 14:35:39,714 [INFO]   🔍 DDG: "Hoteles De Lujo" colombia hotel "@"
2026-06-17 14:35:40,236 [INFO] response: https://www.bing.com/search?q=%22Hoteles+De+Lujo%22+colombia+hotel+%22%40%22 200
2026-06-17 14:35:42,480 [INFO]   🌐 Visitando (DDG): https://www.hoteles.com/
2026-06-17 14:36:07,745 [INFO]   📋 Web guardada: https://www.hoteles.com/
2026-06-17 14:36:08,945 [INFO]   🌐 Visitando (DDG): https://es.hoteles.com/
2026-06-17 14:36:35,779 [INFO]   🔗 LinkedIn DDG: "Hoteles De Lujo" Medellin site:linkedin.com/company
2026-06-17 14:36:36,281 [INFO] response: https://www.bing.com/search?q=%22Hoteles+De+Lujo%22+Medellin+site%3Alinkedin.com%2Fcompany 200
2026-06-17 14:36:37,396 [INFO] response: https://www.bing.com/search?q=%22Hoteles+De+Lujo%22+Medellin+site%3Alinkedin.com%2Fcompany&first=11&FORM=PERE 200
2026-06-17 14:36:38,470 [INFO] response: https://www.bing.com/search?q=%22Hoteles+De+Lujo%22+Medellin+site%3Alinkedin.com%2Fcompany&first=21&FORM=PERE1 200
2026-06-17 14:36:39,527 [INFO] response: https://www.bing.com/search?q=%22Hoteles+De+Lujo%22+Medellin+site%3Alinkedin.com%2Fcompany&first=31&FORM=PERE2 200
2026-06-17 14:36:40,589 [INFO] response: https://www.bing.com/search?q=%22Hoteles+De+Lujo%22+Medellin+site%3Alinkedin.com%2Fcompany&first=41&FORM=PERE3 200
2026-06-17 14:36:43,417 [INFO]   ❌ Sin resultado: Hoteles De Lujo S A S
2026-06-17 14:36:43,420 [INFO]   📊 Progreso 230/330 | Emails: 75 | Webs: 5 | Sin resultado: 150
2026-06-17 14:36:48,266 [INFO] 
[231/330] Inversiones Hoteleras Y Servicios Logisticos Ihl S A S (Sitionuevo)
2026-06-17 14:36:48,266 [INFO]   🔍 DDG: "Inversiones Hoteleras Y Servicios Logisticos Ihl" Sitionuevo email contacto
2026-06-17 14:36:48,659 [INFO] response: https://www.bing.com/search?q=%22Inversiones+Hoteleras+Y+Servicios+Logisticos+Ihl%22+Sitionuevo+email+contacto 200
2026-06-17 14:36:51,463 [INFO]   🔍 DDG: "Inversiones Hoteleras Y Servicios Logisticos Ihl" Sitionuevo correo reservas
2026-06-17 14:36:51,982 [INFO] response: https://www.bing.com/search?q=%22Inversiones+Hoteleras+Y+Servicios+Logisticos+Ihl%22+Sitionuevo+correo+reservas 200
2026-06-17 14:36:55,148 [INFO]   🔍 DDG: "Inversiones Hoteleras Y Servicios Logisticos Ihl" colombia hotel "@"
2026-06-17 14:36:55,510 [INFO] response: https://www.bing.com/search?q=%22Inversiones+Hoteleras+Y+Servicios+Logisticos+Ihl%22+colombia+hotel+%22%40%22 200
2026-06-17 14:36:59,655 [INFO]   🔗 LinkedIn DDG: "Inversiones Hoteleras Y Servicios Logisticos Ihl" Sitionuevo site:linkedin.com/company
2026-06-17 14:37:00,149 [INFO] response: https://www.bing.com/search?q=%22Inversiones+Hoteleras+Y+Servicios+Logisticos+Ihl%22+Sitionuevo+site%3Alinkedin.com%2Fcompany 200
2026-06-17 14:37:01,181 [INFO] response: https://www.bing.com/search?q=%22Inversiones+Hoteleras+Y+Servicios+Logisticos+Ihl%22+Sitionuevo+site%3Alinkedin.com%2Fcompany&first=11&FORM=PERE 200
2026-06-17 14:37:02,210 [INFO] response: https://www.bing.com/search?q=%22Inversiones+Hoteleras+Y+Servicios+Logisticos+Ihl%22+Sitionuevo+site%3Alinkedin.com%2Fcompany&first=21&FORM=PERE1 200
2026-06-17 14:37:03,345 [INFO] response: https://www.bing.com/search?q=%22Inversiones+Hoteleras+Y+Servicios+Logisticos+Ihl%22+Sitionuevo+site%3Alinkedin.com%2Fcompany&first=31&FORM=PERE2 200
2026-06-17 14:37:04,415 [INFO] response: https://www.bing.com/search?q=%22Inversiones+Hoteleras+Y+Servicios+Logisticos+Ihl%22+Sitionuevo+site%3Alinkedin.com%2Fcompany&first=41&FORM=PERE3 200
2026-06-17 14:37:06,681 [INFO]   ❌ Sin resultado: Inversiones Hoteleras Y Servicios Logisticos Ihl S A S
2026-06-17 14:37:11,822 [INFO] 
[232/330] Hotel Casa Lola S A S (Cartagena)
2026-06-17 14:37:11,823 [INFO]   🔍 DDG: "Hotel Casa Lola" Cartagena email contacto
2026-06-17 14:37:12,108 [INFO] response: https://www.bing.com/search?q=%22Hotel+Casa+Lola%22+Cartagena+email+contacto 200
2026-06-17 14:37:14,661 [INFO]   🔍 DDG: "Hotel Casa Lola" Cartagena correo reservas
2026-06-17 14:37:14,993 [INFO] response: https://www.bing.com/search?q=%22Hotel+Casa+Lola%22+Cartagena+correo+reservas 200
2026-06-17 14:37:18,711 [INFO]   🔍 DDG: "Hotel Casa Lola" colombia hotel "@"
2026-06-17 14:37:19,236 [INFO] response: https://www.bing.com/search?q=%22Hotel+Casa+Lola%22+colombia+hotel+%22%40%22 200
2026-06-17 14:37:21,708 [INFO]   🔗 LinkedIn DDG: "Hotel Casa Lola" Cartagena site:linkedin.com/company
2026-06-17 14:37:22,087 [INFO] response: https://www.bing.com/search?q=%22Hotel+Casa+Lola%22+Cartagena+site%3Alinkedin.com%2Fcompany 200
2026-06-17 14:37:23,141 [INFO] response: https://www.bing.com/search?q=%22Hotel+Casa+Lola%22+Cartagena+site%3Alinkedin.com%2Fcompany&first=11&FORM=PERE 200
2026-06-17 14:37:24,239 [INFO] response: https://www.bing.com/search?q=%22Hotel+Casa+Lola%22+Cartagena+site%3Alinkedin.com%2Fcompany&first=21&FORM=PERE1 200
2026-06-17 14:37:25,274 [INFO] response: https://www.bing.com/search?q=%22Hotel+Casa+Lola%22+Cartagena+site%3Alinkedin.com%2Fcompany&first=31&FORM=PERE2 200
2026-06-17 14:37:26,307 [INFO] response: https://www.bing.com/search?q=%22Hotel+Casa+Lola%22+Cartagena+site%3Alinkedin.com%2Fcompany&first=41&FORM=PERE3 200
2026-06-17 14:37:30,731 [INFO]   ❌ Sin resultado: Hotel Casa Lola S A S
2026-06-17 14:37:37,931 [INFO] 
[233/330] Charleston Hotels Group S A S (Bogota)
2026-06-17 14:37:37,931 [INFO]   🔍 DDG: "Charleston Hotels Group" Bogota email contacto
2026-06-17 14:37:38,335 [INFO] response: https://www.bing.com/search?q=%22Charleston+Hotels+Group%22+Bogota+email+contacto 200
2026-06-17 14:37:40,911 [INFO]   🔍 DDG: "Charleston Hotels Group" Bogota correo reservas
2026-06-17 14:37:41,467 [INFO] response: https://www.bing.com/search?q=%22Charleston+Hotels+Group%22+Bogota+correo+reservas 200
2026-06-17 14:37:43,903 [INFO]   🔍 DDG: "Charleston Hotels Group" colombia hotel "@"
2026-06-17 14:37:49,298 [INFO] response: https://www.bing.com/search?q=%22Charleston+Hotels+Group%22+colombia+hotel+%22%40%22 200
2026-06-17 14:37:53,452 [INFO]   🌐 Visitando (DDG): https://www.reuter.de/themen/sanitaer.html
2026-06-17 14:37:54,582 [INFO]   📋 Web guardada: https://www.reuter.de/themen/sanitaer.html
2026-06-17 14:37:56,013 [INFO]   🌐 Visitando (DDG): https://www.heima24.de/
2026-06-17 14:37:57,027 [INFO]   ✅ Email en web DDG: info@heima24.de
2026-06-17 14:38:01,665 [INFO] 
[234/330] Hotel Maguipi S A S (Buenaventura)
2026-06-17 14:38:01,666 [INFO]   🔍 DDG: "Hotel Maguipi" Buenaventura email contacto
2026-06-17 14:38:07,102 [INFO] response: https://www.bing.com/search?q=%22Hotel+Maguipi%22+Buenaventura+email+contacto 200
2026-06-17 14:38:11,264 [INFO]   🔍 DDG: "Hotel Maguipi" Buenaventura correo reservas
2026-06-17 14:38:11,660 [INFO] response: https://www.bing.com/search?q=%22Hotel+Maguipi%22+Buenaventura+correo+reservas 200
2026-06-17 14:38:14,355 [INFO]   🔍 DDG: "Hotel Maguipi" colombia hotel "@"
2026-06-17 14:38:14,737 [INFO] response: https://www.bing.com/search?q=%22Hotel+Maguipi%22+colombia+hotel+%22%40%22 200
2026-06-17 14:38:18,434 [INFO]   🔗 LinkedIn DDG: "Hotel Maguipi" Buenaventura site:linkedin.com/company
2026-06-17 14:38:23,789 [INFO] response: https://www.bing.com/search?q=%22Hotel+Maguipi%22+Buenaventura+site%3Alinkedin.com%2Fcompany 200
2026-06-17 14:38:24,799 [INFO] response: https://www.bing.com/search?q=%22Hotel+Maguipi%22+Buenaventura+site%3Alinkedin.com%2Fcompany&first=11&FORM=PERE 200
2026-06-17 14:38:25,817 [INFO] response: https://www.bing.com/search?q=%22Hotel+Maguipi%22+Buenaventura+site%3Alinkedin.com%2Fcompany&first=21&FORM=PERE1 200
2026-06-17 14:38:26,735 [INFO] response: https://www.bing.com/search?q=%22Hotel+Maguipi%22+Buenaventura+site%3Alinkedin.com%2Fcompany&first=31&FORM=PERE2 200
2026-06-17 14:38:27,709 [INFO] response: https://www.bing.com/search?q=%22Hotel+Maguipi%22+Buenaventura+site%3Alinkedin.com%2Fcompany&first=41&FORM=PERE3 200
2026-06-17 14:38:30,023 [INFO]   ❌ Sin resultado: Hotel Maguipi S A S
2026-06-17 14:38:37,613 [INFO] 
[235/330] Hoteles B3 Corp Colombia (Bogota)
2026-06-17 14:38:37,614 [INFO]   🔍 DDG: "Hoteles B3 Corp Colombia" Bogota email contacto
2026-06-17 14:38:37,924 [INFO] response: https://www.bing.com/search?q=%22Hoteles+B3+Corp+Colombia%22+Bogota+email+contacto 200
2026-06-17 14:38:41,555 [INFO]   🔍 DDG: "Hoteles B3 Corp Colombia" Bogota correo reservas
2026-06-17 14:38:41,830 [INFO] response: https://www.bing.com/search?q=%22Hoteles+B3+Corp+Colombia%22+Bogota+correo+reservas 200
2026-06-17 14:38:44,167 [INFO]   🔍 DDG: "Hoteles B3 Corp Colombia" colombia hotel "@"
2026-06-17 14:38:44,491 [INFO] response: https://www.bing.com/search?q=%22Hoteles+B3+Corp+Colombia%22+colombia+hotel+%22%40%22 200
2026-06-17 14:38:47,787 [INFO]   🔗 LinkedIn DDG: "Hoteles B3 Corp Colombia" Bogota site:linkedin.com/company
2026-06-17 14:38:48,185 [INFO] response: https://www.bing.com/search?q=%22Hoteles+B3+Corp+Colombia%22+Bogota+site%3Alinkedin.com%2Fcompany 200
2026-06-17 14:38:49,255 [INFO] response: https://www.bing.com/search?q=%22Hoteles+B3+Corp+Colombia%22+Bogota+site%3Alinkedin.com%2Fcompany&first=11&FORM=PERE 200
2026-06-17 14:38:50,252 [INFO] response: https://www.bing.com/search?q=%22Hoteles+B3+Corp+Colombia%22+Bogota+site%3Alinkedin.com%2Fcompany&first=21&FORM=PERE1 200
2026-06-17 14:38:51,318 [INFO] response: https://www.bing.com/search?q=%22Hoteles+B3+Corp+Colombia%22+Bogota+site%3Alinkedin.com%2Fcompany&first=31&FORM=PERE2 200
2026-06-17 14:38:52,345 [INFO] response: https://www.bing.com/search?q=%22Hoteles+B3+Corp+Colombia%22+Bogota+site%3Alinkedin.com%2Fcompany&first=41&FORM=PERE3 200
2026-06-17 14:38:56,348 [INFO]   ❌ Sin resultado: Hoteles B3 Corp Colombia
2026-06-17 14:39:04,135 [INFO] 
[236/330] Hotel Sabaneta Medellin S A S (Sabaneta)
2026-06-17 14:39:04,136 [INFO]   🔍 DDG: "Hotel Sabaneta Medellin" Sabaneta email contacto
2026-06-17 14:39:04,494 [INFO] response: https://www.bing.com/search?q=%22Hotel+Sabaneta+Medellin%22+Sabaneta+email+contacto 200
2026-06-17 14:39:08,231 [INFO]   🔍 DDG: "Hotel Sabaneta Medellin" Sabaneta correo reservas
2026-06-17 14:39:08,598 [INFO] response: https://www.bing.com/search?q=%22Hotel+Sabaneta+Medellin%22+Sabaneta+correo+reservas 200
2026-06-17 14:39:11,610 [INFO]   🔍 DDG: "Hotel Sabaneta Medellin" colombia hotel "@"
2026-06-17 14:39:16,926 [INFO] response: https://www.bing.com/search?q=%22Hotel+Sabaneta+Medellin%22+colombia+hotel+%22%40%22 200
2026-06-17 14:39:19,445 [INFO]   🔗 LinkedIn DDG: "Hotel Sabaneta Medellin" Sabaneta site:linkedin.com/company
2026-06-17 14:39:19,801 [INFO] response: https://www.bing.com/search?q=%22Hotel+Sabaneta+Medellin%22+Sabaneta+site%3Alinkedin.com%2Fcompany 200
2026-06-17 14:39:20,828 [INFO] response: https://www.bing.com/search?q=%22Hotel+Sabaneta+Medellin%22+Sabaneta+site%3Alinkedin.com%2Fcompany&first=11&FORM=PERE 200
2026-06-17 14:39:21,882 [INFO] response: https://www.bing.com/search?q=%22Hotel+Sabaneta+Medellin%22+Sabaneta+site%3Alinkedin.com%2Fcompany&first=21&FORM=PERE1 200
2026-06-17 14:39:22,872 [INFO] response: https://www.bing.com/search?q=%22Hotel+Sabaneta+Medellin%22+Sabaneta+site%3Alinkedin.com%2Fcompany&first=31&FORM=PERE2 200
2026-06-17 14:39:23,869 [INFO] response: https://www.bing.com/search?q=%22Hotel+Sabaneta+Medellin%22+Sabaneta+site%3Alinkedin.com%2Fcompany&first=41&FORM=PERE3 200
2026-06-17 14:39:26,226 [INFO]   ❌ Sin resultado: Hotel Sabaneta Medellin S A S
2026-06-17 14:39:31,246 [INFO] 
[237/330] Samarii Resort Hotel Sas (Villagarzon)
2026-06-17 14:39:31,247 [INFO]   🔍 DDG: "Samarii Resort Hotel" Villagarzon email contacto
2026-06-17 14:39:31,581 [INFO] response: https://www.bing.com/search?q=%22Samarii+Resort+Hotel%22+Villagarzon+email+contacto 200
2026-06-17 14:39:35,218 [INFO]   🔍 DDG: "Samarii Resort Hotel" Villagarzon correo reservas
2026-06-17 14:39:35,557 [INFO] response: https://www.bing.com/search?q=%22Samarii+Resort+Hotel%22+Villagarzon+correo+reservas 200
2026-06-17 14:39:38,561 [INFO]   🔍 DDG: "Samarii Resort Hotel" colombia hotel "@"
2026-06-17 14:39:39,105 [INFO] response: https://www.bing.com/search?q=%22Samarii+Resort+Hotel%22+colombia+hotel+%22%40%22 200
2026-06-17 14:39:41,321 [INFO]   🔗 LinkedIn DDG: "Samarii Resort Hotel" Villagarzon site:linkedin.com/company
2026-06-17 14:39:41,657 [INFO] response: https://www.bing.com/search?q=%22Samarii+Resort+Hotel%22+Villagarzon+site%3Alinkedin.com%2Fcompany 200
2026-06-17 14:39:42,672 [INFO] response: https://www.bing.com/search?q=%22Samarii+Resort+Hotel%22+Villagarzon+site%3Alinkedin.com%2Fcompany&first=11&FORM=PERE 200
2026-06-17 14:39:43,643 [INFO] response: https://www.bing.com/search?q=%22Samarii+Resort+Hotel%22+Villagarzon+site%3Alinkedin.com%2Fcompany&first=21&FORM=PERE1 200
2026-06-17 14:39:44,609 [INFO] response: https://www.bing.com/search?q=%22Samarii+Resort+Hotel%22+Villagarzon+site%3Alinkedin.com%2Fcompany&first=31&FORM=PERE2 200
2026-06-17 14:39:45,754 [INFO] response: https://www.bing.com/search?q=%22Samarii+Resort+Hotel%22+Villagarzon+site%3Alinkedin.com%2Fcompany&first=41&FORM=PERE3 200
2026-06-17 14:39:48,145 [INFO]   ❌ Sin resultado: Samarii Resort Hotel Sas
2026-06-17 14:39:53,020 [INFO] 
[238/330] Inversiones Hoteleras Buenaventura S A S (Yumbo)
2026-06-17 14:39:53,022 [INFO]   🔍 DDG: "Inversiones Hoteleras Buenaventura" Yumbo email contacto
2026-06-17 14:39:53,324 [INFO] response: https://www.bing.com/search?q=%22Inversiones+Hoteleras+Buenaventura%22+Yumbo+email+contacto 200
2026-06-17 14:39:56,126 [INFO]   🔍 DDG: "Inversiones Hoteleras Buenaventura" Yumbo correo reservas
2026-06-17 14:40:01,727 [INFO] response: https://www.bing.com/search?q=%22Inversiones+Hoteleras+Buenaventura%22+Yumbo+correo+reservas 200
2026-06-17 14:40:02,743 [INFO] response: https://www.bing.com/search?q=%22Inversiones+Hoteleras+Buenaventura%22+Yumbo+correo+reservas&first=11&FORM=PERE 200
2026-06-17 14:40:03,872 [INFO] response: https://www.bing.com/search?q=%22Inversiones+Hoteleras+Buenaventura%22+Yumbo+correo+reservas&first=21&FORM=PERE1 200
2026-06-17 14:40:05,025 [INFO] response: https://www.bing.com/search?q=%22Inversiones+Hoteleras+Buenaventura%22+Yumbo+correo+reservas&first=31&FORM=PERE2 200
2026-06-17 14:40:06,055 [INFO] response: https://www.bing.com/search?q=%22Inversiones+Hoteleras+Buenaventura%22+Yumbo+correo+reservas&first=41&FORM=PERE3 200
2026-06-17 14:40:08,350 [INFO]   🔍 DDG: "Inversiones Hoteleras Buenaventura" colombia hotel "@"
2026-06-17 14:40:08,702 [INFO] response: https://www.bing.com/search?q=%22Inversiones+Hoteleras+Buenaventura%22+colombia+hotel+%22%40%22 200
2026-06-17 14:40:11,328 [INFO]   🌐 Visitando (DDG): https://github.com/
2026-06-17 14:40:26,325 [INFO]   📋 Web guardada: https://github.com/
2026-06-17 14:40:27,860 [INFO]   🌐 Visitando (DDG): https://github.com/features/copilot
2026-06-17 14:40:28,042 [INFO]   ✅ Email en web DDG: copilot-safety@github.com
2026-06-17 14:40:34,123 [INFO] 
[239/330] Hotel Calle 94 S A S (Bogota)
2026-06-17 14:40:34,124 [INFO]   🔍 DDG: "Hotel Calle 94" Bogota email contacto
2026-06-17 14:40:34,441 [INFO] response: https://www.bing.com/search?q=%22Hotel+Calle+94%22+Bogota+email+contacto 200
2026-06-17 14:40:38,662 [INFO]   🔍 DDG: "Hotel Calle 94" Bogota correo reservas
2026-06-17 14:40:38,966 [INFO] response: https://www.bing.com/search?q=%22Hotel+Calle+94%22+Bogota+correo+reservas 200
2026-06-17 14:40:43,541 [INFO]   🔍 DDG: "Hotel Calle 94" colombia hotel "@"
2026-06-17 14:40:43,856 [INFO] response: https://www.bing.com/search?q=%22Hotel+Calle+94%22+colombia+hotel+%22%40%22 200
2026-06-17 14:40:47,528 [INFO]   🔗 LinkedIn DDG: "Hotel Calle 94" Bogota site:linkedin.com/company
2026-06-17 14:40:52,806 [INFO] response: https://www.bing.com/search?q=%22Hotel+Calle+94%22+Bogota+site%3Alinkedin.com%2Fcompany 200
2026-06-17 14:40:53,782 [INFO] response: https://www.bing.com/search?q=%22Hotel+Calle+94%22+Bogota+site%3Alinkedin.com%2Fcompany&first=11&FORM=PERE 200
2026-06-17 14:40:54,780 [INFO] response: https://www.bing.com/search?q=%22Hotel+Calle+94%22+Bogota+site%3Alinkedin.com%2Fcompany&first=21&FORM=PERE1 200
2026-06-17 14:40:55,735 [INFO] response: https://www.bing.com/search?q=%22Hotel+Calle+94%22+Bogota+site%3Alinkedin.com%2Fcompany&first=31&FORM=PERE2 200
2026-06-17 14:40:56,723 [INFO] response: https://www.bing.com/search?q=%22Hotel+Calle+94%22+Bogota+site%3Alinkedin.com%2Fcompany&first=41&FORM=PERE3 200
2026-06-17 14:40:59,735 [INFO]   ❌ Sin resultado: Hotel Calle 94 S A S
2026-06-17 14:41:05,727 [INFO] 
[240/330] Country International Hotel Ltda (Barranquilla)
2026-06-17 14:41:05,727 [INFO]   🔍 DDG: "Country International Hotel" Barranquilla email contacto
2026-06-17 14:41:06,070 [INFO] response: https://www.bing.com/search?q=%22Country+International+Hotel%22+Barranquilla+email+contacto 200
2026-06-17 14:41:09,176 [INFO]   🔍 DDG: "Country International Hotel" Barranquilla correo reservas
2026-06-17 14:41:09,489 [INFO] response: https://www.bing.com/search?q=%22Country+International+Hotel%22+Barranquilla+correo+reservas 200
2026-06-17 14:41:10,446 [INFO] response: https://www.bing.com/search?q=%22Country+International+Hotel%22+Barranquilla+correo+reservas&first=11&FORM=PERE 200
2026-06-17 14:41:11,421 [INFO] response: https://www.bing.com/search?q=%22Country+International+Hotel%22+Barranquilla+correo+reservas&first=21&FORM=PERE1 200
2026-06-17 14:41:12,491 [INFO] response: https://www.bing.com/search?q=%22Country+International+Hotel%22+Barranquilla+correo+reservas&first=31&FORM=PERE2 200
2026-06-17 14:41:13,532 [INFO] response: https://www.bing.com/search?q=%22Country+International+Hotel%22+Barranquilla+correo+reservas&first=41&FORM=PERE3 200
2026-06-17 14:41:17,745 [INFO]   🔍 DDG: "Country International Hotel" colombia hotel "@"
2026-06-17 14:41:23,059 [INFO] response: https://www.bing.com/search?q=%22Country+International+Hotel%22+colombia+hotel+%22%40%22 200
2026-06-17 14:41:24,096 [INFO] response: https://www.bing.com/search?q=%22Country+International+Hotel%22+colombia+hotel+%22%40%22&first=11&FORM=PERE 200
2026-06-17 14:41:25,149 [INFO] response: https://www.bing.com/search?q=%22Country+International+Hotel%22+colombia+hotel+%22%40%22&first=21&FORM=PERE1 200
2026-06-17 14:41:26,251 [INFO] response: https://www.bing.com/search?q=%22Country+International+Hotel%22+colombia+hotel+%22%40%22&first=31&FORM=PERE2 200
2026-06-17 14:41:27,242 [INFO] response: https://www.bing.com/search?q=%22Country+International+Hotel%22+colombia+hotel+%22%40%22&first=41&FORM=PERE3 200
2026-06-17 14:41:31,759 [INFO]   🌐 Visitando (DDG): https://www.clinicadelcountry.com/
2026-06-17 14:41:32,874 [INFO]   ✅ Email en web DDG: centro.diagnostico@clinicadelcountry.com
2026-06-17 14:41:32,875 [INFO]   📊 Progreso 240/330 | Emails: 78 | Webs: 5 | Sin resultado: 157
2026-06-17 14:41:39,205 [INFO] 
[241/330] Hotel Poblado Alejandria S A S (Medellin)
2026-06-17 14:41:39,206 [INFO]   🔍 DDG: "Hotel Poblado Alejandria" Medellin email contacto
2026-06-17 14:41:39,526 [INFO] response: https://www.bing.com/search?q=%22Hotel+Poblado+Alejandria%22+Medellin+email+contacto 200
2026-06-17 14:41:44,026 [INFO]   🔍 DDG: "Hotel Poblado Alejandria" Medellin correo reservas
2026-06-17 14:41:49,419 [INFO] response: https://www.bing.com/search?q=%22Hotel+Poblado+Alejandria%22+Medellin+correo+reservas 200
2026-06-17 14:41:53,738 [INFO]   🔍 DDG: "Hotel Poblado Alejandria" colombia hotel "@"
2026-06-17 14:41:54,096 [INFO] response: https://www.bing.com/search?q=%22Hotel+Poblado+Alejandria%22+colombia+hotel+%22%40%22 200
2026-06-17 14:41:57,823 [INFO]   🔗 LinkedIn DDG: "Hotel Poblado Alejandria" Medellin site:linkedin.com/company
2026-06-17 14:41:58,149 [INFO] response: https://www.bing.com/search?q=%22Hotel+Poblado+Alejandria%22+Medellin+site%3Alinkedin.com%2Fcompany 200
2026-06-17 14:41:59,162 [INFO] response: https://www.bing.com/search?q=%22Hotel+Poblado+Alejandria%22+Medellin+site%3Alinkedin.com%2Fcompany&first=11&FORM=PERE 200
2026-06-17 14:42:00,134 [INFO] response: https://www.bing.com/search?q=%22Hotel+Poblado+Alejandria%22+Medellin+site%3Alinkedin.com%2Fcompany&first=21&FORM=PERE1 200
2026-06-17 14:42:01,245 [INFO] response: https://www.bing.com/search?q=%22Hotel+Poblado+Alejandria%22+Medellin+site%3Alinkedin.com%2Fcompany&first=31&FORM=PERE2 200
2026-06-17 14:42:02,428 [INFO] response: https://www.bing.com/search?q=%22Hotel+Poblado+Alejandria%22+Medellin+site%3Alinkedin.com%2Fcompany&first=41&FORM=PERE3 200
2026-06-17 14:42:06,760 [INFO]   ❌ Sin resultado: Hotel Poblado Alejandria S A S
2026-06-17 14:42:12,997 [INFO] 
[242/330] Lars Hoteles S A S (Medellin)
2026-06-17 14:42:12,997 [INFO]   🔍 DDG: "Lars Hoteles" Medellin email contacto
2026-06-17 14:42:13,359 [INFO] response: https://www.bing.com/search?q=%22Lars+Hoteles%22+Medellin+email+contacto 200
2026-06-17 14:42:16,642 [INFO]   🔍 DDG: "Lars Hoteles" Medellin correo reservas
2026-06-17 14:42:17,046 [INFO] response: https://www.bing.com/search?q=%22Lars+Hoteles%22+Medellin+correo+reservas 200
2026-06-17 14:42:19,617 [INFO]   🔍 DDG: "Lars Hoteles" colombia hotel "@"
2026-06-17 14:42:25,043 [INFO] response: https://www.bing.com/search?q=%22Lars+Hoteles%22+colombia+hotel+%22%40%22 200
2026-06-17 14:42:28,949 [INFO]   🌐 Visitando (DDG): https://my.clevelandclinic.org/health/diseases/low-anterior-resection-syndrome
2026-06-17 14:42:38,071 [INFO]   ✅ Email en web DDG: editorial@ccf.org
2026-06-17 14:42:44,614 [INFO] 
[243/330] Atton Hoteles Colombia S A S (Bogota)
2026-06-17 14:42:44,615 [INFO]   🔍 DDG: "Atton Hoteles Colombia" Bogota email contacto
2026-06-17 14:42:44,970 [INFO] response: https://www.bing.com/search?q=%22Atton+Hoteles+Colombia%22+Bogota+email+contacto 200
2026-06-17 14:42:48,182 [INFO]   🔍 DDG: "Atton Hoteles Colombia" Bogota correo reservas
2026-06-17 14:42:48,616 [INFO] response: https://www.bing.com/search?q=%22Atton+Hoteles+Colombia%22+Bogota+correo+reservas 200
2026-06-17 14:42:52,608 [INFO]   🔍 DDG: "Atton Hoteles Colombia" colombia hotel "@"
2026-06-17 14:42:52,881 [INFO] response: https://www.bing.com/search?q=%22Atton+Hoteles+Colombia%22+colombia+hotel+%22%40%22 200
2026-06-17 14:42:56,937 [INFO]   🌐 Visitando (DDG): https://www.walmart.com/store/2243-redmond-or
2026-06-17 14:43:11,119 [INFO]   📋 Web guardada: https://www.walmart.com/store/2243-redmond-or
2026-06-17 14:43:13,045 [INFO]   🌐 Visitando (DDG): https://www.walmart.com/store/2243-redmond-or/shopping-services
2026-06-17 14:43:28,053 [INFO]   🌐 Visitando (DDG): https://www.storeopeninghours.com/walmart-redmond-or
2026-06-17 14:43:42,256 [INFO]   🔗 LinkedIn DDG: "Atton Hoteles Colombia" Bogota site:linkedin.com/company
2026-06-17 14:43:42,618 [INFO] response: https://www.bing.com/search?q=%22Atton+Hoteles+Colombia%22+Bogota+site%3Alinkedin.com%2Fcompany 200
2026-06-17 14:43:43,667 [INFO] response: https://www.bing.com/search?q=%22Atton+Hoteles+Colombia%22+Bogota+site%3Alinkedin.com%2Fcompany&first=11&FORM=PERE 200
2026-06-17 14:43:44,690 [INFO] response: https://www.bing.com/search?q=%22Atton+Hoteles+Colombia%22+Bogota+site%3Alinkedin.com%2Fcompany&first=21&FORM=PERE1 200
2026-06-17 14:43:45,850 [INFO] response: https://www.bing.com/search?q=%22Atton+Hoteles+Colombia%22+Bogota+site%3Alinkedin.com%2Fcompany&first=31&FORM=PERE2 200
2026-06-17 14:43:46,812 [INFO] response: https://www.bing.com/search?q=%22Atton+Hoteles+Colombia%22+Bogota+site%3Alinkedin.com%2Fcompany&first=41&FORM=PERE3 200
2026-06-17 14:43:49,640 [INFO]   ❌ Sin resultado: Atton Hoteles Colombia S A S
2026-06-17 14:43:57,615 [INFO] 
[244/330] Sociedad Hotelera Los Balsos S A S (Medellin)
2026-06-17 14:43:57,616 [INFO]   🔍 DDG: "Sociedad Hotelera Los Balsos" Medellin email contacto
2026-06-17 14:43:57,995 [INFO] response: https://www.bing.com/search?q=%22Sociedad+Hotelera+Los+Balsos%22+Medellin+email+contacto 200
2026-06-17 14:44:01,467 [INFO]   🔍 DDG: "Sociedad Hotelera Los Balsos" Medellin correo reservas
2026-06-17 14:44:01,882 [INFO] response: https://www.bing.com/search?q=%22Sociedad+Hotelera+Los+Balsos%22+Medellin+correo+reservas 200
2026-06-17 14:44:04,222 [INFO]   🔍 DDG: "Sociedad Hotelera Los Balsos" colombia hotel "@"
2026-06-17 14:44:04,523 [INFO] response: https://www.bing.com/search?q=%22Sociedad+Hotelera+Los+Balsos%22+colombia+hotel+%22%40%22 200
2026-06-17 14:44:09,074 [INFO]   🌐 Visitando (DDG): https://concepto.de/sociedad/
2026-06-17 14:44:17,292 [INFO]   📋 Web guardada: https://concepto.de/sociedad/
2026-06-17 14:44:19,122 [INFO]   🌐 Visitando (DDG): https://economipedia.com/definiciones/sociedad.html
2026-06-17 14:44:48,523 [INFO]   🌐 Visitando (DDG): https://humanidades.com/sociedad/
2026-06-17 14:45:06,199 [INFO]   🔗 LinkedIn DDG: "Sociedad Hotelera Los Balsos" Medellin site:linkedin.com/company
2026-06-17 14:45:06,610 [INFO] response: https://www.bing.com/search?q=%22Sociedad+Hotelera+Los+Balsos%22+Medellin+site%3Alinkedin.com%2Fcompany 200
2026-06-17 14:45:07,644 [INFO] response: https://www.bing.com/search?q=%22Sociedad+Hotelera+Los+Balsos%22+Medellin+site%3Alinkedin.com%2Fcompany&first=11&FORM=PERE 200
2026-06-17 14:45:08,782 [INFO] response: https://www.bing.com/search?q=%22Sociedad+Hotelera+Los+Balsos%22+Medellin+site%3Alinkedin.com%2Fcompany&first=21&FORM=PERE1 200
2026-06-17 14:45:09,870 [INFO] response: https://www.bing.com/search?q=%22Sociedad+Hotelera+Los+Balsos%22+Medellin+site%3Alinkedin.com%2Fcompany&first=31&FORM=PERE2 200
2026-06-17 14:45:10,916 [INFO] response: https://www.bing.com/search?q=%22Sociedad+Hotelera+Los+Balsos%22+Medellin+site%3Alinkedin.com%2Fcompany&first=41&FORM=PERE3 200
2026-06-17 14:45:13,361 [INFO]   ❌ Sin resultado: Sociedad Hotelera Los Balsos S A S
2026-06-17 14:45:19,463 [INFO] 
[245/330] Promotora Hoteles Uraba S A S (Apartado)
2026-06-17 14:45:19,463 [INFO]   🔍 DDG: "Promotora Hoteles Uraba" Apartado email contacto
2026-06-17 14:45:19,859 [INFO] response: https://www.bing.com/search?q=%22Promotora+Hoteles+Uraba%22+Apartado+email+contacto 200
2026-06-17 14:45:22,795 [INFO]   🔍 DDG: "Promotora Hoteles Uraba" Apartado correo reservas
2026-06-17 14:45:28,162 [INFO] response: https://www.bing.com/search?q=%22Promotora+Hoteles+Uraba%22+Apartado+correo+reservas 200
2026-06-17 14:45:31,061 [INFO]   🔍 DDG: "Promotora Hoteles Uraba" colombia hotel "@"
2026-06-17 14:45:36,516 [INFO] response: https://www.bing.com/search?q=%22Promotora+Hoteles+Uraba%22+colombia+hotel+%22%40%22 200
2026-06-17 14:45:39,856 [INFO]   🌐 Visitando (DDG): https://py.acciontrabajo.com/empleos-de-promotoras
2026-06-17 14:45:41,316 [INFO]   📋 Web guardada: https://py.acciontrabajo.com/empleos-de-promotoras
2026-06-17 14:45:42,645 [INFO]   🌐 Visitando (DDG): https://py.acciontrabajo.com/empleos-de-promotora-en-paraguay
2026-06-17 14:45:44,898 [INFO]   🌐 Visitando (DDG): https://www.indeed.com/orientacion-profesional/como-encontrar-empleo/que-es-un-promotor
2026-06-17 14:45:47,096 [INFO]   🔗 LinkedIn DDG: "Promotora Hoteles Uraba" Apartado site:linkedin.com/company
2026-06-17 14:45:47,472 [INFO] response: https://www.bing.com/search?q=%22Promotora+Hoteles+Uraba%22+Apartado+site%3Alinkedin.com%2Fcompany 200
2026-06-17 14:45:48,448 [INFO] response: https://www.bing.com/search?q=%22Promotora+Hoteles+Uraba%22+Apartado+site%3Alinkedin.com%2Fcompany&first=11&FORM=PERE 200
2026-06-17 14:45:49,451 [INFO] response: https://www.bing.com/search?q=%22Promotora+Hoteles+Uraba%22+Apartado+site%3Alinkedin.com%2Fcompany&first=21&FORM=PERE1 200
2026-06-17 14:45:50,493 [INFO] response: https://www.bing.com/search?q=%22Promotora+Hoteles+Uraba%22+Apartado+site%3Alinkedin.com%2Fcompany&first=31&FORM=PERE2 200
2026-06-17 14:45:51,495 [INFO] response: https://www.bing.com/search?q=%22Promotora+Hoteles+Uraba%22+Apartado+site%3Alinkedin.com%2Fcompany&first=41&FORM=PERE3 200
2026-06-17 14:45:55,200 [INFO]   ❌ Sin resultado: Promotora Hoteles Uraba S A S
2026-06-17 14:46:01,870 [INFO] 
[246/330] Hotel Cuellar Pasto Sas (Pasto)
2026-06-17 14:46:01,871 [INFO]   🔍 DDG: "Hotel Cuellar Pasto" Pasto email contacto
2026-06-17 14:46:02,227 [INFO] response: https://www.bing.com/search?q=%22Hotel+Cuellar+Pasto%22+Pasto+email+contacto 200
2026-06-17 14:46:06,564 [INFO]   🔍 DDG: "Hotel Cuellar Pasto" Pasto correo reservas
2026-06-17 14:46:07,355 [INFO] response: https://www.bing.com/search?q=%22Hotel+Cuellar+Pasto%22+Pasto+correo+reservas 200
2026-06-17 14:46:10,353 [INFO]   🔍 DDG: "Hotel Cuellar Pasto" colombia hotel "@"
2026-06-17 14:46:10,693 [INFO] response: https://www.bing.com/search?q=%22Hotel+Cuellar+Pasto%22+colombia+hotel+%22%40%22 200
2026-06-17 14:46:11,731 [INFO] response: https://www.bing.com/search?q=%22Hotel+Cuellar+Pasto%22+colombia+hotel+%22%40%22&first=11&FORM=PERE 200
2026-06-17 14:46:16,231 [INFO]   🌐 Visitando (DDG): https://www.hodelpa.com/
2026-06-17 14:46:23,069 [INFO]   ✅ Email en web DDG: reservas@hodelpa.com
2026-06-17 14:46:27,882 [INFO] 
[247/330] Buendia Hotel Sas (Barrancabermeja)
2026-06-17 14:46:27,882 [INFO]   🔍 DDG: "Buendia Hotel" Barrancabermeja email contacto
2026-06-17 14:46:28,289 [INFO] response: https://www.bing.com/search?q=%22Buendia+Hotel%22+Barrancabermeja+email+contacto 200
2026-06-17 14:46:31,866 [INFO]   🔍 DDG: "Buendia Hotel" Barrancabermeja correo reservas
2026-06-17 14:46:32,224 [INFO] response: https://www.bing.com/search?q=%22Buendia+Hotel%22+Barrancabermeja+correo+reservas 200
2026-06-17 14:46:34,412 [INFO]   🔍 DDG: "Buendia Hotel" colombia hotel "@"
2026-06-17 14:46:34,790 [INFO] response: https://www.bing.com/search?q=%22Buendia+Hotel%22+colombia+hotel+%22%40%22 200
2026-06-17 14:46:37,596 [INFO]   🔗 LinkedIn DDG: "Buendia Hotel" Barrancabermeja site:linkedin.com/company
2026-06-17 14:46:42,913 [INFO] response: https://www.bing.com/search?q=%22Buendia+Hotel%22+Barrancabermeja+site%3Alinkedin.com%2Fcompany 200
2026-06-17 14:46:43,881 [INFO] response: https://www.bing.com/search?q=%22Buendia+Hotel%22+Barrancabermeja+site%3Alinkedin.com%2Fcompany&first=11&FORM=PERE 200
2026-06-17 14:46:44,968 [INFO] response: https://www.bing.com/search?q=%22Buendia+Hotel%22+Barrancabermeja+site%3Alinkedin.com%2Fcompany&first=21&FORM=PERE1 200
2026-06-17 14:46:46,082 [INFO] response: https://www.bing.com/search?q=%22Buendia+Hotel%22+Barrancabermeja+site%3Alinkedin.com%2Fcompany&first=31&FORM=PERE2 200
2026-06-17 14:46:47,275 [INFO] response: https://www.bing.com/search?q=%22Buendia+Hotel%22+Barrancabermeja+site%3Alinkedin.com%2Fcompany&first=41&FORM=PERE3 200
2026-06-17 14:46:51,878 [INFO]   ❌ Sin resultado: Buendia Hotel Sas
2026-06-17 14:46:58,378 [INFO] 
[248/330] Hoteles De Los Heroes S A (Cota)
2026-06-17 14:46:58,378 [INFO]   🔍 DDG: "Hoteles De Los Heroes" Cota email contacto
2026-06-17 14:46:58,674 [INFO] response: https://www.bing.com/search?q=%22Hoteles+De+Los+Heroes%22+Cota+email+contacto 200
2026-06-17 14:47:00,831 [INFO]   🔍 DDG: "Hoteles De Los Heroes" Cota correo reservas
2026-06-17 14:47:01,178 [INFO] response: https://www.bing.com/search?q=%22Hoteles+De+Los+Heroes%22+Cota+correo+reservas 200
2026-06-17 14:47:04,135 [INFO]   🔍 DDG: "Hoteles De Los Heroes" colombia hotel "@"
2026-06-17 14:47:04,450 [INFO] response: https://www.bing.com/search?q=%22Hoteles+De+Los+Heroes%22+colombia+hotel+%22%40%22 200
2026-06-17 14:47:06,799 [INFO]   🔗 LinkedIn DDG: "Hoteles De Los Heroes" Cota site:linkedin.com/company
2026-06-17 14:47:07,124 [INFO] response: https://www.bing.com/search?q=%22Hoteles+De+Los+Heroes%22+Cota+site%3Alinkedin.com%2Fcompany 200
2026-06-17 14:47:08,192 [INFO] response: https://www.bing.com/search?q=%22Hoteles+De+Los+Heroes%22+Cota+site%3Alinkedin.com%2Fcompany&first=11&FORM=PERE 200
2026-06-17 14:47:09,202 [INFO] response: https://www.bing.com/search?q=%22Hoteles+De+Los+Heroes%22+Cota+site%3Alinkedin.com%2Fcompany&first=21&FORM=PERE1 200
2026-06-17 14:47:10,239 [INFO] response: https://www.bing.com/search?q=%22Hoteles+De+Los+Heroes%22+Cota+site%3Alinkedin.com%2Fcompany&first=31&FORM=PERE2 200
2026-06-17 14:47:11,232 [INFO] response: https://www.bing.com/search?q=%22Hoteles+De+Los+Heroes%22+Cota+site%3Alinkedin.com%2Fcompany&first=41&FORM=PERE3 200
2026-06-17 14:47:14,570 [INFO]   ❌ Sin resultado: Hoteles De Los Heroes S A
2026-06-17 14:47:20,114 [INFO] 
[249/330] Hotel Vizcaya Real Sociedad Por Acciones Simplificada (Cali)
2026-06-17 14:47:20,114 [INFO]   🔍 DDG: "Hotel Vizcaya Real Sociedad Por Acciones Simplificada" Cali email contacto
2026-06-17 14:47:25,401 [INFO] response: https://www.bing.com/search?q=%22Hotel+Vizcaya+Real+Sociedad+Por+Acciones+Simplificada%22+Cali+email+contacto 200
2026-06-17 14:47:28,315 [INFO]   🔍 DDG: "Hotel Vizcaya Real Sociedad Por Acciones Simplificada" Cali correo reservas
2026-06-17 14:47:28,664 [INFO] response: https://www.bing.com/search?q=%22Hotel+Vizcaya+Real+Sociedad+Por+Acciones+Simplificada%22+Cali+correo+reservas 200
2026-06-17 14:47:32,713 [INFO]   🔍 DDG: "Hotel Vizcaya Real Sociedad Por Acciones Simplificada" colombia hotel "@"
2026-06-17 14:47:33,083 [INFO] response: https://www.bing.com/search?q=%22Hotel+Vizcaya+Real+Sociedad+Por+Acciones+Simplificada%22+colombia+hotel+%22%40%22 200
2026-06-17 14:47:36,642 [INFO]   🔗 LinkedIn DDG: "Hotel Vizcaya Real Sociedad Por Acciones Simplificada" Cali site:linkedin.com/company
2026-06-17 14:47:37,621 [INFO] response: https://www.bing.com/search?q=%22Hotel+Vizcaya+Real+Sociedad+Por+Acciones+Simplificada%22+Cali+site%3Alinkedin.com%2Fcompany 200
2026-06-17 14:47:38,601 [INFO] response: https://www.bing.com/search?q=%22Hotel+Vizcaya+Real+Sociedad+Por+Acciones+Simplificada%22+Cali+site%3Alinkedin.com%2Fcompany&first=11&FORM=PERE 200
2026-06-17 14:47:39,760 [INFO] response: https://www.bing.com/search?q=%22Hotel+Vizcaya+Real+Sociedad+Por+Acciones+Simplificada%22+Cali+site%3Alinkedin.com%2Fcompany&first=21&FORM=PERE1 200
2026-06-17 14:47:40,774 [INFO] response: https://www.bing.com/search?q=%22Hotel+Vizcaya+Real+Sociedad+Por+Acciones+Simplificada%22+Cali+site%3Alinkedin.com%2Fcompany&first=31&FORM=PERE2 200
2026-06-17 14:47:41,796 [INFO] response: https://www.bing.com/search?q=%22Hotel+Vizcaya+Real+Sociedad+Por+Acciones+Simplificada%22+Cali+site%3Alinkedin.com%2Fcompany&first=41&FORM=PERE3 200
2026-06-17 14:47:43,937 [INFO]   ❌ Sin resultado: Hotel Vizcaya Real Sociedad Por Acciones Simplificada
2026-06-17 14:47:49,087 [INFO] 
[250/330] Villeta Resort Hotel Ltda (Villeta)
2026-06-17 14:47:49,088 [INFO]   🔍 DDG: "Villeta Resort Hotel" Villeta email contacto
2026-06-17 14:47:49,433 [INFO] response: https://www.bing.com/search?q=%22Villeta+Resort+Hotel%22+Villeta+email+contacto 200
2026-06-17 14:47:52,005 [INFO]   🔍 DDG: "Villeta Resort Hotel" Villeta correo reservas
2026-06-17 14:47:52,349 [INFO] response: https://www.bing.com/search?q=%22Villeta+Resort+Hotel%22+Villeta+correo+reservas 200
2026-06-17 14:47:57,026 [INFO]   🔍 DDG: "Villeta Resort Hotel" colombia hotel "@"
2026-06-17 14:48:02,370 [INFO] response: https://www.bing.com/search?q=%22Villeta+Resort+Hotel%22+colombia+hotel+%22%40%22 200
2026-06-17 14:48:06,897 [INFO]   🔗 LinkedIn DDG: "Villeta Resort Hotel" Villeta site:linkedin.com/company
2026-06-17 14:48:07,376 [INFO] response: https://www.bing.com/search?q=%22Villeta+Resort+Hotel%22+Villeta+site%3Alinkedin.com%2Fcompany 200
2026-06-17 14:48:08,361 [INFO] response: https://www.bing.com/search?q=%22Villeta+Resort+Hotel%22+Villeta+site%3Alinkedin.com%2Fcompany&first=11&FORM=PERE 200
2026-06-17 14:48:09,386 [INFO] response: https://www.bing.com/search?q=%22Villeta+Resort+Hotel%22+Villeta+site%3Alinkedin.com%2Fcompany&first=21&FORM=PERE1 200
2026-06-17 14:48:10,447 [INFO] response: https://www.bing.com/search?q=%22Villeta+Resort+Hotel%22+Villeta+site%3Alinkedin.com%2Fcompany&first=31&FORM=PERE2 200
2026-06-17 14:48:11,449 [INFO] response: https://www.bing.com/search?q=%22Villeta+Resort+Hotel%22+Villeta+site%3Alinkedin.com%2Fcompany&first=41&FORM=PERE3 200
2026-06-17 14:48:14,323 [INFO]   ❌ Sin resultado: Villeta Resort Hotel Ltda
2026-06-17 14:48:14,325 [INFO]   📊 Progreso 250/330 | Emails: 80 | Webs: 8 | Sin resultado: 162
2026-06-17 14:48:20,987 [INFO] 
[251/330] Econo Hotel Group S A S (Cartagena)
2026-06-17 14:48:20,987 [INFO]   🔍 DDG: "Econo Hotel Group" Cartagena email contacto
2026-06-17 14:48:21,302 [INFO] response: https://www.bing.com/search?q=%22Econo+Hotel+Group%22+Cartagena+email+contacto 200
2026-06-17 14:48:24,746 [INFO]   🔍 DDG: "Econo Hotel Group" Cartagena correo reservas
2026-06-17 14:48:25,046 [INFO] response: https://www.bing.com/search?q=%22Econo+Hotel+Group%22+Cartagena+correo+reservas 200
2026-06-17 14:48:29,107 [INFO]   🔍 DDG: "Econo Hotel Group" colombia hotel "@"
2026-06-17 14:48:29,433 [INFO] response: https://www.bing.com/search?q=%22Econo+Hotel+Group%22+colombia+hotel+%22%40%22 200
2026-06-17 14:48:33,111 [INFO]   🔗 LinkedIn DDG: "Econo Hotel Group" Cartagena site:linkedin.com/company
2026-06-17 14:48:33,457 [INFO] response: https://www.bing.com/search?q=%22Econo+Hotel+Group%22+Cartagena+site%3Alinkedin.com%2Fcompany 200
2026-06-17 14:48:34,478 [INFO] response: https://www.bing.com/search?q=%22Econo+Hotel+Group%22+Cartagena+site%3Alinkedin.com%2Fcompany&first=11&FORM=PERE 200
2026-06-17 14:48:35,486 [INFO] response: https://www.bing.com/search?q=%22Econo+Hotel+Group%22+Cartagena+site%3Alinkedin.com%2Fcompany&first=21&FORM=PERE1 200
2026-06-17 14:48:36,629 [INFO] response: https://www.bing.com/search?q=%22Econo+Hotel+Group%22+Cartagena+site%3Alinkedin.com%2Fcompany&first=31&FORM=PERE2 200
2026-06-17 14:48:37,646 [INFO] response: https://www.bing.com/search?q=%22Econo+Hotel+Group%22+Cartagena+site%3Alinkedin.com%2Fcompany&first=41&FORM=PERE3 200
2026-06-17 14:48:41,242 [INFO]   ❌ Sin resultado: Econo Hotel Group S A S
2026-06-17 14:48:49,008 [INFO] 
[252/330] Hotel Gold Stars S A S (Barrancabermeja)
2026-06-17 14:48:49,008 [INFO]   🔍 DDG: "Hotel Gold Stars" Barrancabermeja email contacto
2026-06-17 14:48:49,450 [INFO] response: https://www.bing.com/search?q=%22Hotel+Gold+Stars%22+Barrancabermeja+email+contacto 200
2026-06-17 14:48:53,355 [INFO]   🔍 DDG: "Hotel Gold Stars" Barrancabermeja correo reservas
2026-06-17 14:48:53,737 [INFO] response: https://www.bing.com/search?q=%22Hotel+Gold+Stars%22+Barrancabermeja+correo+reservas 200
2026-06-17 14:48:57,939 [INFO]   🔍 DDG: "Hotel Gold Stars" colombia hotel "@"
2026-06-17 14:49:03,310 [INFO] response: https://www.bing.com/search?q=%22Hotel+Gold+Stars%22+colombia+hotel+%22%40%22 200
2026-06-17 14:49:06,249 [INFO]   🌐 Visitando (DDG): https://www.hodelpa.com/
2026-06-17 14:49:06,411 [INFO]   ✅ Email en web DDG: reservas@hodelpa.com
2026-06-17 14:49:12,452 [INFO] 
[253/330] Th Hotel S A S (Medellin)
2026-06-17 14:49:12,453 [INFO]   🔍 DDG: "Th Hotel" Medellin email contacto
2026-06-17 14:49:13,042 [INFO] response: https://www.bing.com/search?q=%22Th+Hotel%22+Medellin+email+contacto 200
2026-06-17 14:49:14,355 [INFO] response: https://www.bing.com/search?q=%22Th+Hotel%22+Medellin+email+contacto&first=11&FORM=PERE 200
2026-06-17 14:49:15,778 [INFO] response: https://www.bing.com/search?q=%22Th+Hotel%22+Medellin+email+contacto&first=21&FORM=PERE1 200
2026-06-17 14:49:16,732 [INFO] response: https://www.bing.com/search?q=%22Th+Hotel%22+Medellin+email+contacto&first=31&FORM=PERE2 200
2026-06-17 14:49:17,753 [INFO] response: https://www.bing.com/search?q=%22Th+Hotel%22+Medellin+email+contacto&first=41&FORM=PERE3 200
2026-06-17 14:49:20,743 [INFO]   🔍 DDG: "Th Hotel" Medellin correo reservas
2026-06-17 14:49:21,159 [INFO] response: https://www.bing.com/search?q=%22Th+Hotel%22+Medellin+correo+reservas 200
2026-06-17 14:49:23,811 [INFO]   🔍 DDG: "Th Hotel" colombia hotel "@"
2026-06-17 14:49:29,273 [INFO] response: https://www.bing.com/search?q=%22Th+Hotel%22+colombia+hotel+%22%40%22 200
2026-06-17 14:49:33,086 [INFO]   🌐 Visitando (DDG): https://www.ejerciciosinglesonline.com/sonido-th
2026-06-17 14:50:10,563 [INFO]   📋 Web guardada: https://www.ejerciciosinglesonline.com/sonido-th
2026-06-17 14:50:12,462 [INFO]   🌐 Visitando (DDG): https://www.abaenglish.com/es/fonetica-inglesa/th/
2026-06-17 14:50:19,469 [INFO]   ✅ Email en web DDG: press@abaenglish.com
2026-06-17 14:50:24,800 [INFO] 
[254/330] Hoteles Y Turismo S A S (Cartagena)
2026-06-17 14:50:24,801 [INFO]   🔍 DDG: "Hoteles Y Turismo" Cartagena email contacto
2026-06-17 14:50:25,312 [INFO] response: https://www.bing.com/search?q=%22Hoteles+Y+Turismo%22+Cartagena+email+contacto 200
2026-06-17 14:50:29,539 [INFO]   🔍 DDG: "Hoteles Y Turismo" Cartagena correo reservas
2026-06-17 14:50:29,894 [INFO] response: https://www.bing.com/search?q=%22Hoteles+Y+Turismo%22+Cartagena+correo+reservas 200
2026-06-17 14:50:33,855 [INFO]   🔍 DDG: "Hoteles Y Turismo" colombia hotel "@"
2026-06-17 14:50:39,354 [INFO] response: https://www.bing.com/search?q=%22Hoteles+Y+Turismo%22+colombia+hotel+%22%40%22 200
2026-06-17 14:50:43,603 [INFO]   🔗 LinkedIn DDG: "Hoteles Y Turismo" Cartagena site:linkedin.com/company
2026-06-17 14:50:43,894 [INFO] response: https://www.bing.com/search?q=%22Hoteles+Y+Turismo%22+Cartagena+site%3Alinkedin.com%2Fcompany 200
2026-06-17 14:50:44,950 [INFO] response: https://www.bing.com/search?q=%22Hoteles+Y+Turismo%22+Cartagena+site%3Alinkedin.com%2Fcompany&first=11&FORM=PERE 200
2026-06-17 14:50:46,405 [INFO] response: https://www.bing.com/search?q=%22Hoteles+Y+Turismo%22+Cartagena+site%3Alinkedin.com%2Fcompany&first=21&FORM=PERE1 200
2026-06-17 14:50:47,406 [INFO] response: https://www.bing.com/search?q=%22Hoteles+Y+Turismo%22+Cartagena+site%3Alinkedin.com%2Fcompany&first=31&FORM=PERE2 200
2026-06-17 14:50:48,555 [INFO] response: https://www.bing.com/search?q=%22Hoteles+Y+Turismo%22+Cartagena+site%3Alinkedin.com%2Fcompany&first=41&FORM=PERE3 200
2026-06-17 14:50:52,435 [INFO]   ❌ Sin resultado: Hoteles Y Turismo S A S
2026-06-17 14:50:57,624 [INFO] 
[255/330] Hoteles Porton S A (Bogota)
2026-06-17 14:50:57,624 [INFO]   🔍 DDG: "Hoteles Porton" Bogota email contacto
2026-06-17 14:50:57,914 [INFO] response: https://www.bing.com/search?q=%22Hoteles+Porton%22+Bogota+email+contacto 200
2026-06-17 14:51:02,375 [INFO]   🔍 DDG: "Hoteles Porton" Bogota correo reservas
2026-06-17 14:51:02,769 [INFO] response: https://www.bing.com/search?q=%22Hoteles+Porton%22+Bogota+correo+reservas 200
2026-06-17 14:51:06,277 [INFO]   🔍 DDG: "Hoteles Porton" colombia hotel "@"
2026-06-17 14:51:06,612 [INFO] response: https://www.bing.com/search?q=%22Hoteles+Porton%22+colombia+hotel+%22%40%22 200
2026-06-17 14:51:09,400 [INFO]   🔗 LinkedIn DDG: "Hoteles Porton" Bogota site:linkedin.com/company
2026-06-17 14:51:09,718 [INFO] response: https://www.bing.com/search?q=%22Hoteles+Porton%22+Bogota+site%3Alinkedin.com%2Fcompany 200
2026-06-17 14:51:10,718 [INFO] response: https://www.bing.com/search?q=%22Hoteles+Porton%22+Bogota+site%3Alinkedin.com%2Fcompany&first=11&FORM=PERE 200
2026-06-17 14:51:11,718 [INFO] response: https://www.bing.com/search?q=%22Hoteles+Porton%22+Bogota+site%3Alinkedin.com%2Fcompany&first=21&FORM=PERE1 200
2026-06-17 14:51:12,716 [INFO] response: https://www.bing.com/search?q=%22Hoteles+Porton%22+Bogota+site%3Alinkedin.com%2Fcompany&first=31&FORM=PERE2 200
2026-06-17 14:51:13,846 [INFO] response: https://www.bing.com/search?q=%22Hoteles+Porton%22+Bogota+site%3Alinkedin.com%2Fcompany&first=41&FORM=PERE3 200
2026-06-17 14:51:17,183 [INFO]   ❌ Sin resultado: Hoteles Porton S A
2026-06-17 14:51:23,099 [INFO] 
[256/330] Qp Hoteles S A S (Cali)
2026-06-17 14:51:23,100 [INFO]   🔍 DDG: "Qp Hoteles" Cali email contacto
2026-06-17 14:51:23,435 [INFO] response: https://www.bing.com/search?q=%22Qp+Hoteles%22+Cali+email+contacto 200
2026-06-17 14:51:26,008 [INFO]   🔍 DDG: "Qp Hoteles" Cali correo reservas
2026-06-17 14:51:26,326 [INFO] response: https://www.bing.com/search?q=%22Qp+Hoteles%22+Cali+correo+reservas 200
2026-06-17 14:51:29,261 [INFO]   🔍 DDG: "Qp Hoteles" colombia hotel "@"
2026-06-17 14:51:29,628 [INFO] response: https://www.bing.com/search?q=%22Qp+Hoteles%22+colombia+hotel+%22%40%22 200
2026-06-17 14:51:32,413 [INFO]   🔗 LinkedIn DDG: "Qp Hoteles" Cali site:linkedin.com/company
2026-06-17 14:51:37,717 [INFO] response: https://www.bing.com/search?q=%22Qp+Hoteles%22+Cali+site%3Alinkedin.com%2Fcompany 200
2026-06-17 14:51:38,689 [INFO] response: https://www.bing.com/search?q=%22Qp+Hoteles%22+Cali+site%3Alinkedin.com%2Fcompany&first=11&FORM=PERE 200
2026-06-17 14:51:39,688 [INFO] response: https://www.bing.com/search?q=%22Qp+Hoteles%22+Cali+site%3Alinkedin.com%2Fcompany&first=21&FORM=PERE1 200
2026-06-17 14:51:40,745 [INFO] response: https://www.bing.com/search?q=%22Qp+Hoteles%22+Cali+site%3Alinkedin.com%2Fcompany&first=31&FORM=PERE2 200
2026-06-17 14:51:41,698 [INFO] response: https://www.bing.com/search?q=%22Qp+Hoteles%22+Cali+site%3Alinkedin.com%2Fcompany&first=41&FORM=PERE3 200
2026-06-17 14:51:44,397 [INFO]   ❌ Sin resultado: Qp Hoteles S A S
2026-06-17 14:51:50,146 [INFO] 
[257/330] Innova Ideas Y Proyectos Sas (Bogota)
2026-06-17 14:51:50,146 [INFO]   🔍 DDG: "Innova Ideas Y Proyectos" Bogota email contacto
2026-06-17 14:51:50,463 [INFO] response: https://www.bing.com/search?q=%22Innova+Ideas+Y+Proyectos%22+Bogota+email+contacto 200
2026-06-17 14:51:53,495 [INFO]   🔍 DDG: "Innova Ideas Y Proyectos" Bogota correo reservas
2026-06-17 14:51:53,873 [INFO] response: https://www.bing.com/search?q=%22Innova+Ideas+Y+Proyectos%22+Bogota+correo+reservas 200
2026-06-17 14:51:57,626 [INFO]   🔍 DDG: "Innova Ideas Y Proyectos" colombia hotel "@"
2026-06-17 14:51:57,952 [INFO] response: https://www.bing.com/search?q=%22Innova+Ideas+Y+Proyectos%22+colombia+hotel+%22%40%22 200
2026-06-17 14:52:00,358 [INFO]   🔗 LinkedIn DDG: "Innova Ideas Y Proyectos" Bogota site:linkedin.com/company
2026-06-17 14:52:00,684 [INFO] response: https://www.bing.com/search?q=%22Innova+Ideas+Y+Proyectos%22+Bogota+site%3Alinkedin.com%2Fcompany 200
2026-06-17 14:52:01,666 [INFO] response: https://www.bing.com/search?q=%22Innova+Ideas+Y+Proyectos%22+Bogota+site%3Alinkedin.com%2Fcompany&first=11&FORM=PERE 200
2026-06-17 14:52:02,800 [INFO] response: https://www.bing.com/search?q=%22Innova+Ideas+Y+Proyectos%22+Bogota+site%3Alinkedin.com%2Fcompany&first=21&FORM=PERE1 200
2026-06-17 14:52:03,721 [INFO] response: https://www.bing.com/search?q=%22Innova+Ideas+Y+Proyectos%22+Bogota+site%3Alinkedin.com%2Fcompany&first=31&FORM=PERE2 200
2026-06-17 14:52:04,781 [INFO] response: https://www.bing.com/search?q=%22Innova+Ideas+Y+Proyectos%22+Bogota+site%3Alinkedin.com%2Fcompany&first=41&FORM=PERE3 200
2026-06-17 14:52:07,253 [INFO]   ❌ Sin resultado: Innova Ideas Y Proyectos Sas
2026-06-17 14:52:12,196 [INFO] 
[258/330] Hotel San Martin Popayan Sas (Popayan)
2026-06-17 14:52:12,197 [INFO]   🔍 DDG: "Hotel San Martin Popayan" Popayan email contacto
2026-06-17 14:52:12,512 [INFO] response: https://www.bing.com/search?q=%22Hotel+San+Martin+Popayan%22+Popayan+email+contacto 200
2026-06-17 14:52:16,427 [INFO]   🔍 DDG: "Hotel San Martin Popayan" Popayan correo reservas
2026-06-17 14:52:21,741 [INFO] response: https://www.bing.com/search?q=%22Hotel+San+Martin+Popayan%22+Popayan+correo+reservas 200
2026-06-17 14:52:25,129 [INFO]   🔍 DDG: "Hotel San Martin Popayan" colombia hotel "@"
2026-06-17 14:52:30,457 [INFO] response: https://www.bing.com/search?q=%22Hotel+San+Martin+Popayan%22+colombia+hotel+%22%40%22 200
2026-06-17 14:52:34,750 [INFO]   🌐 Visitando (DDG): https://www.hodelpa.com/
2026-06-17 14:52:34,911 [INFO]   ✅ Email en web DDG: reservas@hodelpa.com
2026-06-17 14:52:39,275 [INFO] 
[259/330] Blue Suites Hotel S A (Bogota)
2026-06-17 14:52:39,275 [INFO]   🔍 DDG: "Blue Suites Hotel" Bogota email contacto
2026-06-17 14:52:39,610 [INFO] response: https://www.bing.com/search?q=%22Blue+Suites+Hotel%22+Bogota+email+contacto 200
2026-06-17 14:52:42,683 [INFO]   🔍 DDG: "Blue Suites Hotel" Bogota correo reservas
2026-06-17 14:52:43,017 [INFO] response: https://www.bing.com/search?q=%22Blue+Suites+Hotel%22+Bogota+correo+reservas 200
2026-06-17 14:52:46,899 [INFO]   🔍 DDG: "Blue Suites Hotel" colombia hotel "@"
2026-06-17 14:52:47,192 [INFO] response: https://www.bing.com/search?q=%22Blue+Suites+Hotel%22+colombia+hotel+%22%40%22 200
2026-06-17 14:52:50,632 [INFO]   🔗 LinkedIn DDG: "Blue Suites Hotel" Bogota site:linkedin.com/company
2026-06-17 14:52:50,956 [INFO] response: https://www.bing.com/search?q=%22Blue+Suites+Hotel%22+Bogota+site%3Alinkedin.com%2Fcompany 200
2026-06-17 14:52:52,039 [INFO] response: https://www.bing.com/search?q=%22Blue+Suites+Hotel%22+Bogota+site%3Alinkedin.com%2Fcompany&first=11&FORM=PERE 200
2026-06-17 14:52:53,012 [INFO] response: https://www.bing.com/search?q=%22Blue+Suites+Hotel%22+Bogota+site%3Alinkedin.com%2Fcompany&first=21&FORM=PERE1 200
2026-06-17 14:52:53,995 [INFO] response: https://www.bing.com/search?q=%22Blue+Suites+Hotel%22+Bogota+site%3Alinkedin.com%2Fcompany&first=31&FORM=PERE2 200
2026-06-17 14:52:55,012 [INFO] response: https://www.bing.com/search?q=%22Blue+Suites+Hotel%22+Bogota+site%3Alinkedin.com%2Fcompany&first=41&FORM=PERE3 200
2026-06-17 14:52:57,130 [INFO]   ❌ Sin resultado: Blue Suites Hotel S A
2026-06-17 14:53:01,675 [INFO] 
[260/330] Los Patios Hostal Boutique S A S (Medellin)
2026-06-17 14:53:01,675 [INFO]   🔍 DDG: "Los Patios Hostal Boutique" Medellin email contacto
2026-06-17 14:53:01,982 [INFO] response: https://www.bing.com/search?q=%22Los+Patios+Hostal+Boutique%22+Medellin+email+contacto 200
2026-06-17 14:53:04,087 [INFO]   🔍 DDG: "Los Patios Hostal Boutique" Medellin correo reservas
2026-06-17 14:53:09,384 [INFO] response: https://www.bing.com/search?q=%22Los+Patios+Hostal+Boutique%22+Medellin+correo+reservas 200
2026-06-17 14:53:12,238 [INFO]   🔍 DDG: "Los Patios Hostal Boutique" colombia hotel "@"
2026-06-17 14:53:12,564 [INFO] response: https://www.bing.com/search?q=%22Los+Patios+Hostal+Boutique%22+colombia+hotel+%22%40%22 200
2026-06-17 14:53:16,632 [INFO]   🔗 LinkedIn DDG: "Los Patios Hostal Boutique" Medellin site:linkedin.com/company
2026-06-17 14:53:21,981 [INFO] response: https://www.bing.com/search?q=%22Los+Patios+Hostal+Boutique%22+Medellin+site%3Alinkedin.com%2Fcompany 200
2026-06-17 14:53:23,000 [INFO] response: https://www.bing.com/search?q=%22Los+Patios+Hostal+Boutique%22+Medellin+site%3Alinkedin.com%2Fcompany&first=11&FORM=PERE 200
2026-06-17 14:53:24,040 [INFO] response: https://www.bing.com/search?q=%22Los+Patios+Hostal+Boutique%22+Medellin+site%3Alinkedin.com%2Fcompany&first=21&FORM=PERE1 200
2026-06-17 14:53:25,008 [INFO] response: https://www.bing.com/search?q=%22Los+Patios+Hostal+Boutique%22+Medellin+site%3Alinkedin.com%2Fcompany&first=31&FORM=PERE2 200
2026-06-17 14:53:26,026 [INFO] response: https://www.bing.com/search?q=%22Los+Patios+Hostal+Boutique%22+Medellin+site%3Alinkedin.com%2Fcompany&first=41&FORM=PERE3 200
2026-06-17 14:53:30,027 [INFO]   ❌ Sin resultado: Los Patios Hostal Boutique S A S
2026-06-17 14:53:30,029 [INFO]   📊 Progreso 260/330 | Emails: 83 | Webs: 8 | Sin resultado: 169
2026-06-17 14:53:36,754 [INFO] 
[261/330] Hotel Puerta Del Sol S A S (Barranquilla)
2026-06-17 14:53:36,754 [INFO]   🔍 DDG: "Hotel Puerta Del Sol" Barranquilla email contacto
2026-06-17 14:53:37,090 [INFO] response: https://www.bing.com/search?q=%22Hotel+Puerta+Del+Sol%22+Barranquilla+email+contacto 200
2026-06-17 14:53:41,690 [INFO]   🔍 DDG: "Hotel Puerta Del Sol" Barranquilla correo reservas
2026-06-17 14:53:42,088 [INFO] response: https://www.bing.com/search?q=%22Hotel+Puerta+Del+Sol%22+Barranquilla+correo+reservas 200
2026-06-17 14:53:46,513 [INFO]   🔍 DDG: "Hotel Puerta Del Sol" colombia hotel "@"
2026-06-17 14:53:46,853 [INFO] response: https://www.bing.com/search?q=%22Hotel+Puerta+Del+Sol%22+colombia+hotel+%22%40%22 200
2026-06-17 14:53:50,951 [INFO]   🔗 LinkedIn DDG: "Hotel Puerta Del Sol" Barranquilla site:linkedin.com/company
2026-06-17 14:53:56,249 [INFO] response: https://www.bing.com/search?q=%22Hotel+Puerta+Del+Sol%22+Barranquilla+site%3Alinkedin.com%2Fcompany 200
2026-06-17 14:53:57,478 [INFO] response: https://www.bing.com/search?q=%22Hotel+Puerta+Del+Sol%22+Barranquilla+site%3Alinkedin.com%2Fcompany&first=11&FORM=PERE 200
2026-06-17 14:53:58,398 [INFO] response: https://www.bing.com/search?q=%22Hotel+Puerta+Del+Sol%22+Barranquilla+site%3Alinkedin.com%2Fcompany&first=21&FORM=PERE1 200
2026-06-17 14:53:59,404 [INFO] response: https://www.bing.com/search?q=%22Hotel+Puerta+Del+Sol%22+Barranquilla+site%3Alinkedin.com%2Fcompany&first=31&FORM=PERE2 200
2026-06-17 14:54:00,654 [INFO] response: https://www.bing.com/search?q=%22Hotel+Puerta+Del+Sol%22+Barranquilla+site%3Alinkedin.com%2Fcompany&first=41&FORM=PERE3 200
2026-06-17 14:54:03,623 [INFO]   ❌ Sin resultado: Hotel Puerta Del Sol S A S
2026-06-17 14:54:11,094 [INFO] 
[262/330] Hotel Campestre El Campanario Ltda (Villavicencio)
2026-06-17 14:54:11,094 [INFO]   🔍 DDG: "Hotel Campestre El Campanario" Villavicencio email contacto
2026-06-17 14:54:11,429 [INFO] response: https://www.bing.com/search?q=%22Hotel+Campestre+El+Campanario%22+Villavicencio+email+contacto 200
2026-06-17 14:54:14,828 [INFO]   🔍 DDG: "Hotel Campestre El Campanario" Villavicencio correo reservas
2026-06-17 14:54:15,174 [INFO] response: https://www.bing.com/search?q=%22Hotel+Campestre+El+Campanario%22+Villavicencio+correo+reservas 200
2026-06-17 14:54:19,010 [INFO]   🔍 DDG: "Hotel Campestre El Campanario" colombia hotel "@"
2026-06-17 14:54:19,394 [INFO] response: https://www.bing.com/search?q=%22Hotel+Campestre+El+Campanario%22+colombia+hotel+%22%40%22 200
2026-06-17 14:54:23,373 [INFO]   🔗 LinkedIn DDG: "Hotel Campestre El Campanario" Villavicencio site:linkedin.com/company
2026-06-17 14:54:23,686 [INFO] response: https://www.bing.com/search?q=%22Hotel+Campestre+El+Campanario%22+Villavicencio+site%3Alinkedin.com%2Fcompany 200
2026-06-17 14:54:24,822 [INFO] response: https://www.bing.com/search?q=%22Hotel+Campestre+El+Campanario%22+Villavicencio+site%3Alinkedin.com%2Fcompany&first=11&FORM=PERE 200
2026-06-17 14:54:25,848 [INFO] response: https://www.bing.com/search?q=%22Hotel+Campestre+El+Campanario%22+Villavicencio+site%3Alinkedin.com%2Fcompany&first=21&FORM=PERE1 200
2026-06-17 14:54:26,870 [INFO] response: https://www.bing.com/search?q=%22Hotel+Campestre+El+Campanario%22+Villavicencio+site%3Alinkedin.com%2Fcompany&first=31&FORM=PERE2 200
2026-06-17 14:54:27,864 [INFO] response: https://www.bing.com/search?q=%22Hotel+Campestre+El+Campanario%22+Villavicencio+site%3Alinkedin.com%2Fcompany&first=41&FORM=PERE3 200
2026-06-17 14:54:31,373 [INFO]   ❌ Sin resultado: Hotel Campestre El Campanario Ltda
2026-06-17 14:54:36,767 [INFO] 
[263/330] Hotel Hacienda San Jose Sas (Pereira)
2026-06-17 14:54:36,768 [INFO]   🔍 DDG: "Hotel Hacienda San Jose" Pereira email contacto
2026-06-17 14:54:37,063 [INFO] response: https://www.bing.com/search?q=%22Hotel+Hacienda+San+Jose%22+Pereira+email+contacto 200
2026-06-17 14:54:40,437 [INFO]   🔍 DDG: "Hotel Hacienda San Jose" Pereira correo reservas
2026-06-17 14:54:40,891 [INFO] response: https://www.bing.com/search?q=%22Hotel+Hacienda+San+Jose%22+Pereira+correo+reservas 200
2026-06-17 14:54:42,143 [INFO] response: https://www.bing.com/search?q=%22Hotel+Hacienda+San+Jose%22+Pereira+correo+reservas&first=11&FORM=PERE 200
2026-06-17 14:54:43,235 [INFO] response: https://www.bing.com/search?q=%22Hotel+Hacienda+San+Jose%22+Pereira+correo+reservas&first=21&FORM=PERE1 200
2026-06-17 14:54:44,301 [INFO] response: https://www.bing.com/search?q=%22Hotel+Hacienda+San+Jose%22+Pereira+correo+reservas&first=31&FORM=PERE2 200
2026-06-17 14:54:45,265 [INFO] response: https://www.bing.com/search?q=%22Hotel+Hacienda+San+Jose%22+Pereira+correo+reservas&first=41&FORM=PERE3 200
2026-06-17 14:54:49,629 [INFO]   🔍 DDG: "Hotel Hacienda San Jose" colombia hotel "@"
2026-06-17 14:54:49,928 [INFO] response: https://www.bing.com/search?q=%22Hotel+Hacienda+San+Jose%22+colombia+hotel+%22%40%22 200
2026-06-17 14:54:50,912 [INFO] response: https://www.bing.com/search?q=%22Hotel+Hacienda+San+Jose%22+colombia+hotel+%22%40%22&first=11&FORM=PERE 200
2026-06-17 14:54:51,936 [INFO] response: https://www.bing.com/search?q=%22Hotel+Hacienda+San+Jose%22+colombia+hotel+%22%40%22&first=21&FORM=PERE1 200
2026-06-17 14:54:53,101 [INFO] response: https://www.bing.com/search?q=%22Hotel+Hacienda+San+Jose%22+colombia+hotel+%22%40%22&first=31&FORM=PERE2 200
2026-06-17 14:54:54,101 [INFO] response: https://www.bing.com/search?q=%22Hotel+Hacienda+San+Jose%22+colombia+hotel+%22%40%22&first=41&FORM=PERE3 200
2026-06-17 14:54:58,005 [INFO]   🌐 Visitando (DDG): https://www.hodelpa.com/
2026-06-17 14:54:58,132 [INFO]   ✅ Email en web DDG: reservas@hodelpa.com
2026-06-17 14:55:05,221 [INFO] 
[264/330] Hoteleria Ss Sas (Bogota)
2026-06-17 14:55:05,221 [INFO]   🔍 DDG: "Hoteleria Ss" Bogota email contacto
2026-06-17 14:55:05,963 [INFO] response: https://www.bing.com/search?q=%22Hoteleria+Ss%22+Bogota+email+contacto 200
2026-06-17 14:55:09,426 [INFO]   🔍 DDG: "Hoteleria Ss" Bogota correo reservas
2026-06-17 14:55:09,962 [INFO] response: https://www.bing.com/search?q=%22Hoteleria+Ss%22+Bogota+correo+reservas 200
2026-06-17 14:55:12,174 [INFO]   🔍 DDG: "Hoteleria Ss" colombia hotel "@"
2026-06-17 14:55:12,586 [INFO] response: https://www.bing.com/search?q=%22Hoteleria+Ss%22+colombia+hotel+%22%40%22 200
2026-06-17 14:55:15,943 [INFO]   🌐 Visitando (DDG): https://www.ceupe.com/blog/hoteleria.html
2026-06-17 14:55:17,288 [INFO]   ✅ Email en web DDG: info@ceupe.com
2026-06-17 14:55:23,810 [INFO] 
[265/330] Hotel Chicala S A S (Bogota)
2026-06-17 14:55:23,812 [INFO]   🔍 DDG: "Hotel Chicala" Bogota email contacto
2026-06-17 14:55:24,078 [INFO] response: https://www.bing.com/search?q=%22Hotel+Chicala%22+Bogota+email+contacto 200
2026-06-17 14:55:27,356 [INFO]   🔍 DDG: "Hotel Chicala" Bogota correo reservas
2026-06-17 14:55:27,748 [INFO] response: https://www.bing.com/search?q=%22Hotel+Chicala%22+Bogota+correo+reservas 200
2026-06-17 14:55:30,369 [INFO]   🔍 DDG: "Hotel Chicala" colombia hotel "@"
2026-06-17 14:55:30,705 [INFO] response: https://www.bing.com/search?q=%22Hotel+Chicala%22+colombia+hotel+%22%40%22 200
2026-06-17 14:55:33,772 [INFO]   🔗 LinkedIn DDG: "Hotel Chicala" Bogota site:linkedin.com/company
2026-06-17 14:55:34,125 [INFO] response: https://www.bing.com/search?q=%22Hotel+Chicala%22+Bogota+site%3Alinkedin.com%2Fcompany 200
2026-06-17 14:55:35,175 [INFO] response: https://www.bing.com/search?q=%22Hotel+Chicala%22+Bogota+site%3Alinkedin.com%2Fcompany&first=11&FORM=PERE 200
2026-06-17 14:55:36,169 [INFO] response: https://www.bing.com/search?q=%22Hotel+Chicala%22+Bogota+site%3Alinkedin.com%2Fcompany&first=21&FORM=PERE1 200
2026-06-17 14:55:37,445 [INFO] response: https://www.bing.com/search?q=%22Hotel+Chicala%22+Bogota+site%3Alinkedin.com%2Fcompany&first=31&FORM=PERE2 200
2026-06-17 14:55:38,401 [INFO] response: https://www.bing.com/search?q=%22Hotel+Chicala%22+Bogota+site%3Alinkedin.com%2Fcompany&first=41&FORM=PERE3 200
2026-06-17 14:55:41,630 [INFO]   ❌ Sin resultado: Hotel Chicala S A S
2026-06-17 14:55:47,874 [INFO] 
[266/330] The Journey Hostel S A S (Santa Marta)
2026-06-17 14:55:47,874 [INFO]   🔍 DDG: "The Journey Hostel" Santa Marta email contacto
2026-06-17 14:55:48,229 [INFO] response: https://www.bing.com/search?q=%22The+Journey+Hostel%22+Santa+Marta+email+contacto 200
2026-06-17 14:55:52,086 [INFO]   🔍 DDG: "The Journey Hostel" Santa Marta correo reservas
2026-06-17 14:55:52,472 [INFO] response: https://www.bing.com/search?q=%22The+Journey+Hostel%22+Santa+Marta+correo+reservas 200
2026-06-17 14:55:55,797 [INFO]   🔍 DDG: "The Journey Hostel" colombia hotel "@"
2026-06-17 14:55:56,117 [INFO] response: https://www.bing.com/search?q=%22The+Journey+Hostel%22+colombia+hotel+%22%40%22 200
2026-06-17 14:55:59,370 [INFO]   🌐 Visitando (DDG): https://dictionary.cambridge.org/es/diccionario/ingles-espanol/the
2026-06-17 14:56:12,296 [INFO]   📋 Web guardada: https://dictionary.cambridge.org/es/diccionario/ingles-espanol/the
2026-06-17 14:56:13,890 [INFO]   🌐 Visitando (DDG): https://www.aprenderinglesrapidoyfacil.com/2014/02/19/el-articulo-determinado-the-en-ingles-definite-article/
2026-06-17 14:56:33,354 [INFO]   🌐 Visitando (DDG): https://www.ingles.com/guia/el-articulo-definido-the-en-ingles
2026-06-17 14:56:44,093 [INFO]   🔗 LinkedIn DDG: "The Journey Hostel" Santa Marta site:linkedin.com/company
2026-06-17 14:56:44,439 [INFO] response: https://www.bing.com/search?q=%22The+Journey+Hostel%22+Santa+Marta+site%3Alinkedin.com%2Fcompany 200
2026-06-17 14:56:45,450 [INFO] response: https://www.bing.com/search?q=%22The+Journey+Hostel%22+Santa+Marta+site%3Alinkedin.com%2Fcompany&first=11&FORM=PERE 200
2026-06-17 14:56:46,871 [INFO] response: https://www.bing.com/search?q=%22The+Journey+Hostel%22+Santa+Marta+site%3Alinkedin.com%2Fcompany&first=21&FORM=PERE1 200
2026-06-17 14:56:48,558 [INFO] response: https://www.bing.com/search?q=%22The+Journey+Hostel%22+Santa+Marta+site%3Alinkedin.com%2Fcompany&first=31&FORM=PERE2 200
2026-06-17 14:56:49,739 [INFO] response: https://www.bing.com/search?q=%22The+Journey+Hostel%22+Santa+Marta+site%3Alinkedin.com%2Fcompany&first=41&FORM=PERE3 200
2026-06-17 14:56:53,383 [INFO]   ❌ Sin resultado: The Journey Hostel S A S
2026-06-17 14:57:00,467 [INFO] 
[267/330] Hoteles Gps S A S (Cali)
2026-06-17 14:57:00,468 [INFO]   🔍 DDG: "Hoteles Gps" Cali email contacto
2026-06-17 14:57:01,004 [INFO] response: https://www.bing.com/search?q=%22Hoteles+Gps%22+Cali+email+contacto 200
2026-06-17 14:57:03,973 [INFO]   🔍 DDG: "Hoteles Gps" Cali correo reservas
2026-06-17 14:57:04,425 [INFO] response: https://www.bing.com/search?q=%22Hoteles+Gps%22+Cali+correo+reservas 200
2026-06-17 14:57:07,385 [INFO]   🔍 DDG: "Hoteles Gps" colombia hotel "@"
2026-06-17 14:57:07,727 [INFO] response: https://www.bing.com/search?q=%22Hoteles+Gps%22+colombia+hotel+%22%40%22 200
2026-06-17 14:57:10,409 [INFO]   🔗 LinkedIn DDG: "Hoteles Gps" Cali site:linkedin.com/company
2026-06-17 14:57:10,844 [INFO] response: https://www.bing.com/search?q=%22Hoteles+Gps%22+Cali+site%3Alinkedin.com%2Fcompany 200
2026-06-17 14:57:11,981 [INFO] response: https://www.bing.com/search?q=%22Hoteles+Gps%22+Cali+site%3Alinkedin.com%2Fcompany&first=11&FORM=PERE 200
2026-06-17 14:57:13,141 [INFO] response: https://www.bing.com/search?q=%22Hoteles+Gps%22+Cali+site%3Alinkedin.com%2Fcompany&first=21&FORM=PERE1 200
2026-06-17 14:57:14,086 [INFO] response: https://www.bing.com/search?q=%22Hoteles+Gps%22+Cali+site%3Alinkedin.com%2Fcompany&first=31&FORM=PERE2 200
2026-06-17 14:57:15,251 [INFO] response: https://www.bing.com/search?q=%22Hoteles+Gps%22+Cali+site%3Alinkedin.com%2Fcompany&first=41&FORM=PERE3 200
2026-06-17 14:57:19,361 [INFO]   ❌ Sin resultado: Hoteles Gps S A S
2026-06-17 14:57:27,059 [INFO] 
[268/330] Hotel Sicarare S A S (Valledupar)
2026-06-17 14:57:27,059 [INFO]   🔍 DDG: "Hotel Sicarare" Valledupar email contacto
2026-06-17 14:57:27,772 [INFO] response: https://www.bing.com/search?q=%22Hotel+Sicarare%22+Valledupar+email+contacto 200
2026-06-17 14:57:30,372 [INFO]   🔍 DDG: "Hotel Sicarare" Valledupar correo reservas
2026-06-17 14:57:30,660 [INFO] response: https://www.bing.com/search?q=%22Hotel+Sicarare%22+Valledupar+correo+reservas 200
2026-06-17 14:57:33,664 [INFO]   🔍 DDG: "Hotel Sicarare" colombia hotel "@"
2026-06-17 14:57:33,971 [INFO] response: https://www.bing.com/search?q=%22Hotel+Sicarare%22+colombia+hotel+%22%40%22 200
2026-06-17 14:57:36,527 [INFO]   🔗 LinkedIn DDG: "Hotel Sicarare" Valledupar site:linkedin.com/company
2026-06-17 14:57:36,831 [INFO] response: https://www.bing.com/search?q=%22Hotel+Sicarare%22+Valledupar+site%3Alinkedin.com%2Fcompany 200
2026-06-17 14:57:37,813 [INFO] response: https://www.bing.com/search?q=%22Hotel+Sicarare%22+Valledupar+site%3Alinkedin.com%2Fcompany&first=11&FORM=PERE 200
2026-06-17 14:57:38,800 [INFO] response: https://www.bing.com/search?q=%22Hotel+Sicarare%22+Valledupar+site%3Alinkedin.com%2Fcompany&first=21&FORM=PERE1 200
2026-06-17 14:57:39,762 [INFO] response: https://www.bing.com/search?q=%22Hotel+Sicarare%22+Valledupar+site%3Alinkedin.com%2Fcompany&first=31&FORM=PERE2 200
2026-06-17 14:57:40,811 [INFO] response: https://www.bing.com/search?q=%22Hotel+Sicarare%22+Valledupar+site%3Alinkedin.com%2Fcompany&first=41&FORM=PERE3 200
2026-06-17 14:57:45,137 [INFO]   ❌ Sin resultado: Hotel Sicarare S A S
2026-06-17 14:57:49,202 [INFO] 
[269/330] Administradora De Hoteles G M H S A (Santa Marta)
2026-06-17 14:57:49,203 [INFO]   🔍 DDG: "Administradora De Hoteles G M H" Santa Marta email contacto
2026-06-17 14:57:49,579 [INFO] response: https://www.bing.com/search?q=%22Administradora+De+Hoteles+G+M+H%22+Santa+Marta+email+contacto 200
2026-06-17 14:57:52,953 [INFO]   🔍 DDG: "Administradora De Hoteles G M H" Santa Marta correo reservas
2026-06-17 14:57:58,280 [INFO] response: https://www.bing.com/search?q=%22Administradora+De+Hoteles+G+M+H%22+Santa+Marta+correo+reservas 200
2026-06-17 14:58:00,686 [INFO]   🔍 DDG: "Administradora De Hoteles G M H" colombia hotel "@"
2026-06-17 14:58:01,022 [INFO] response: https://www.bing.com/search?q=%22Administradora+De+Hoteles+G+M+H%22+colombia+hotel+%22%40%22 200
2026-06-17 14:58:03,462 [INFO]   🔗 LinkedIn DDG: "Administradora De Hoteles G M H" Santa Marta site:linkedin.com/company
2026-06-17 14:58:03,849 [INFO] response: https://www.bing.com/search?q=%22Administradora+De+Hoteles+G+M+H%22+Santa+Marta+site%3Alinkedin.com%2Fcompany 200
2026-06-17 14:58:04,882 [INFO] response: https://www.bing.com/search?q=%22Administradora+De+Hoteles+G+M+H%22+Santa+Marta+site%3Alinkedin.com%2Fcompany&first=11&FORM=PERE 200
2026-06-17 14:58:05,868 [INFO] response: https://www.bing.com/search?q=%22Administradora+De+Hoteles+G+M+H%22+Santa+Marta+site%3Alinkedin.com%2Fcompany&first=21&FORM=PERE1 200
2026-06-17 14:58:06,887 [INFO] response: https://www.bing.com/search?q=%22Administradora+De+Hoteles+G+M+H%22+Santa+Marta+site%3Alinkedin.com%2Fcompany&first=31&FORM=PERE2 200
2026-06-17 14:58:07,929 [INFO] response: https://www.bing.com/search?q=%22Administradora+De+Hoteles+G+M+H%22+Santa+Marta+site%3Alinkedin.com%2Fcompany&first=41&FORM=PERE3 200
2026-06-17 14:58:10,931 [INFO]   ❌ Sin resultado: Administradora De Hoteles G M H S A
2026-06-17 14:58:18,219 [INFO] 
[270/330] Operador Hotelero Cali S A S (Bogota)
2026-06-17 14:58:18,220 [INFO]   🔍 DDG: "Operador Hotelero Cali" Bogota email contacto
2026-06-17 14:58:18,628 [INFO] response: https://www.bing.com/search?q=%22Operador+Hotelero+Cali%22+Bogota+email+contacto 200
2026-06-17 14:58:21,574 [INFO]   🔍 DDG: "Operador Hotelero Cali" Bogota correo reservas
2026-06-17 14:58:21,909 [INFO] response: https://www.bing.com/search?q=%22Operador+Hotelero+Cali%22+Bogota+correo+reservas 200
2026-06-17 14:58:26,369 [INFO]   🔍 DDG: "Operador Hotelero Cali" colombia hotel "@"
2026-06-17 14:58:31,767 [INFO] response: https://www.bing.com/search?q=%22Operador+Hotelero+Cali%22+colombia+hotel+%22%40%22 200
2026-06-17 14:58:35,747 [INFO]   🌐 Visitando (DDG): https://developer.mozilla.org/es/docs/Web/JavaScript/Reference/Operators/Logical_OR
2026-06-17 14:58:49,980 [INFO]   📋 Web guardada: https://developer.mozilla.org/es/docs/Web/JavaScript/Reference/Operators/Logical_OR
2026-06-17 14:58:51,592 [INFO]   🌐 Visitando (DDG): https://learn.microsoft.com/es-es/dotnet/csharp/language-reference/operators/null-coalescing-operator
2026-06-17 14:59:08,112 [INFO]   🌐 Visitando (DDG): https://www.guru99.com/es/cpp-operators.html
2026-06-17 14:59:58,343 [INFO]   🔗 LinkedIn DDG: "Operador Hotelero Cali" Bogota site:linkedin.com/company
2026-06-17 14:59:58,841 [INFO] response: https://www.bing.com/search?q=%22Operador+Hotelero+Cali%22+Bogota+site%3Alinkedin.com%2Fcompany 200
2026-06-17 15:00:00,105 [INFO] response: https://www.bing.com/search?q=%22Operador+Hotelero+Cali%22+Bogota+site%3Alinkedin.com%2Fcompany&first=11&FORM=PERE 200
2026-06-17 15:00:01,161 [INFO] response: https://www.bing.com/search?q=%22Operador+Hotelero+Cali%22+Bogota+site%3Alinkedin.com%2Fcompany&first=21&FORM=PERE1 200
2026-06-17 15:00:02,868 [INFO] response: https://www.bing.com/search?q=%22Operador+Hotelero+Cali%22+Bogota+site%3Alinkedin.com%2Fcompany&first=31&FORM=PERE2 200
2026-06-17 15:00:03,889 [INFO] response: https://www.bing.com/search?q=%22Operador+Hotelero+Cali%22+Bogota+site%3Alinkedin.com%2Fcompany&first=41&FORM=PERE3 200
2026-06-17 15:00:07,195 [INFO]   ❌ Sin resultado: Operador Hotelero Cali S A S
2026-06-17 15:00:07,198 [INFO]   📊 Progreso 270/330 | Emails: 85 | Webs: 10 | Sin resultado: 175
2026-06-17 15:00:15,083 [INFO] 
[271/330] Jfriascos Operadores Hoteleros Sas (Cucuta)
2026-06-17 15:00:15,084 [INFO]   🔍 DDG: "Jfriascos Operadores Hoteleros" Cucuta email contacto
2026-06-17 15:00:15,482 [INFO] response: https://www.bing.com/search?q=%22Jfriascos+Operadores+Hoteleros%22+Cucuta+email+contacto 200
2026-06-17 15:00:19,297 [INFO]   🔍 DDG: "Jfriascos Operadores Hoteleros" Cucuta correo reservas
2026-06-17 15:00:19,659 [INFO] response: https://www.bing.com/search?q=%22Jfriascos+Operadores+Hoteleros%22+Cucuta+correo+reservas 200
2026-06-17 15:00:22,649 [INFO]   🔍 DDG: "Jfriascos Operadores Hoteleros" colombia hotel "@"
2026-06-17 15:00:22,996 [INFO] response: https://www.bing.com/search?q=%22Jfriascos+Operadores+Hoteleros%22+colombia+hotel+%22%40%22 200
2026-06-17 15:00:26,410 [INFO]   🌐 Visitando (DDG): https://slashdot.org/
2026-06-17 15:00:33,425 [INFO]   ✅ Email en web DDG: feedback@slashdot.org
2026-06-17 15:00:40,275 [INFO] 
[272/330] Hotel Casa India Catalina S A S (Cartagena)
2026-06-17 15:00:40,276 [INFO]   🔍 DDG: "Hotel Casa India Catalina" Cartagena email contacto
2026-06-17 15:00:45,603 [INFO] response: https://www.bing.com/search?q=%22Hotel+Casa+India+Catalina%22+Cartagena+email+contacto 200
2026-06-17 15:00:48,766 [INFO]   🔍 DDG: "Hotel Casa India Catalina" Cartagena correo reservas
2026-06-17 15:00:49,170 [INFO] response: https://www.bing.com/search?q=%22Hotel+Casa+India+Catalina%22+Cartagena+correo+reservas 200
2026-06-17 15:00:52,705 [INFO]   🔍 DDG: "Hotel Casa India Catalina" colombia hotel "@"
2026-06-17 15:00:53,193 [INFO] response: https://www.bing.com/search?q=%22Hotel+Casa+India+Catalina%22+colombia+hotel+%22%40%22 200
2026-06-17 15:00:57,057 [INFO]   🌐 Visitando (DDG): https://www.hodelpa.com/
2026-06-17 15:00:57,531 [INFO]   ✅ Email en web DDG: reservas@hodelpa.com
2026-06-17 15:01:03,001 [INFO] 
[273/330] Inversiones Hoteleras Los Sauces S A S (Medellin)
2026-06-17 15:01:03,002 [INFO]   🔍 DDG: "Inversiones Hoteleras Los Sauces" Medellin email contacto
2026-06-17 15:01:03,472 [INFO] response: https://www.bing.com/search?q=%22Inversiones+Hoteleras+Los+Sauces%22+Medellin+email+contacto 200
2026-06-17 15:01:04,729 [INFO] response: https://www.bing.com/search?q=%22Inversiones+Hoteleras+Los+Sauces%22+Medellin+email+contacto&first=11&FORM=PERE 200
2026-06-17 15:01:05,966 [INFO] response: https://www.bing.com/search?q=%22Inversiones+Hoteleras+Los+Sauces%22+Medellin+email+contacto&first=21&FORM=PERE1 200
2026-06-17 15:01:07,115 [INFO] response: https://www.bing.com/search?q=%22Inversiones+Hoteleras+Los+Sauces%22+Medellin+email+contacto&first=31&FORM=PERE2 200
2026-06-17 15:01:08,148 [INFO] response: https://www.bing.com/search?q=%22Inversiones+Hoteleras+Los+Sauces%22+Medellin+email+contacto&first=41&FORM=PERE3 200
2026-06-17 15:01:11,084 [INFO]   🔍 DDG: "Inversiones Hoteleras Los Sauces" Medellin correo reservas
2026-06-17 15:01:11,680 [INFO] response: https://www.bing.com/search?q=%22Inversiones+Hoteleras+Los+Sauces%22+Medellin+correo+reservas 200
2026-06-17 15:01:14,653 [INFO]   🔍 DDG: "Inversiones Hoteleras Los Sauces" colombia hotel "@"
2026-06-17 15:01:15,066 [INFO] response: https://www.bing.com/search?q=%22Inversiones+Hoteleras+Los+Sauces%22+colombia+hotel+%22%40%22 200
2026-06-17 15:01:18,741 [INFO]   🌐 Visitando (DDG): https://economipedia.com/definiciones/inversion.html
2026-06-17 15:01:48,763 [INFO]   📋 Web guardada: https://economipedia.com/definiciones/inversion.html
2026-06-17 15:01:50,292 [INFO]   🌐 Visitando (DDG): https://www.pichincha.com/detalle-catalogo/personas-inversiones
2026-06-17 15:02:20,643 [INFO]   🌐 Visitando (DDG): https://www.forbes.com.ec/money/donde-invertir-ecuador-us-100-us-500-o-us-1000-esto-responde-experto-n74284
2026-06-17 15:02:30,865 [INFO]   🔗 LinkedIn DDG: "Inversiones Hoteleras Los Sauces" Medellin site:linkedin.com/company
2026-06-17 15:02:31,270 [INFO] response: https://www.bing.com/search?q=%22Inversiones+Hoteleras+Los+Sauces%22+Medellin+site%3Alinkedin.com%2Fcompany 200
2026-06-17 15:02:32,315 [INFO] response: https://www.bing.com/search?q=%22Inversiones+Hoteleras+Los+Sauces%22+Medellin+site%3Alinkedin.com%2Fcompany&first=11&FORM=PERE 200
2026-06-17 15:02:33,324 [INFO] response: https://www.bing.com/search?q=%22Inversiones+Hoteleras+Los+Sauces%22+Medellin+site%3Alinkedin.com%2Fcompany&first=21&FORM=PERE1 200
2026-06-17 15:02:34,506 [INFO] response: https://www.bing.com/search?q=%22Inversiones+Hoteleras+Los+Sauces%22+Medellin+site%3Alinkedin.com%2Fcompany&first=31&FORM=PERE2 200
2026-06-17 15:02:35,508 [INFO] response: https://www.bing.com/search?q=%22Inversiones+Hoteleras+Los+Sauces%22+Medellin+site%3Alinkedin.com%2Fcompany&first=41&FORM=PERE3 200
2026-06-17 15:02:39,957 [INFO]   ❌ Sin resultado: Inversiones Hoteleras Los Sauces S A S
2026-06-17 15:02:45,058 [INFO] 
[274/330] Hotel Turismo Sin Fronteras S A S (Cucuta)
2026-06-17 15:02:45,059 [INFO]   🔍 DDG: "Hotel Turismo Sin Fronteras" Cucuta email contacto
2026-06-17 15:02:45,412 [INFO] response: https://www.bing.com/search?q=%22Hotel+Turismo+Sin+Fronteras%22+Cucuta+email+contacto 200
2026-06-17 15:02:48,705 [INFO]   🔍 DDG: "Hotel Turismo Sin Fronteras" Cucuta correo reservas
2026-06-17 15:02:49,162 [INFO] response: https://www.bing.com/search?q=%22Hotel+Turismo+Sin+Fronteras%22+Cucuta+correo+reservas 200
2026-06-17 15:02:51,558 [INFO]   🔍 DDG: "Hotel Turismo Sin Fronteras" colombia hotel "@"
2026-06-17 15:02:51,882 [INFO] response: https://www.bing.com/search?q=%22Hotel+Turismo+Sin+Fronteras%22+colombia+hotel+%22%40%22 200
2026-06-17 15:02:56,065 [INFO]   🔗 LinkedIn DDG: "Hotel Turismo Sin Fronteras" Cucuta site:linkedin.com/company
2026-06-17 15:03:01,463 [INFO] response: https://www.bing.com/search?q=%22Hotel+Turismo+Sin+Fronteras%22+Cucuta+site%3Alinkedin.com%2Fcompany 200
2026-06-17 15:03:02,452 [INFO] response: https://www.bing.com/search?q=%22Hotel+Turismo+Sin+Fronteras%22+Cucuta+site%3Alinkedin.com%2Fcompany&first=11&FORM=PERE 200
2026-06-17 15:03:03,522 [INFO] response: https://www.bing.com/search?q=%22Hotel+Turismo+Sin+Fronteras%22+Cucuta+site%3Alinkedin.com%2Fcompany&first=21&FORM=PERE1 200
2026-06-17 15:03:04,546 [INFO] response: https://www.bing.com/search?q=%22Hotel+Turismo+Sin+Fronteras%22+Cucuta+site%3Alinkedin.com%2Fcompany&first=31&FORM=PERE2 200
2026-06-17 15:03:05,562 [INFO] response: https://www.bing.com/search?q=%22Hotel+Turismo+Sin+Fronteras%22+Cucuta+site%3Alinkedin.com%2Fcompany&first=41&FORM=PERE3 200
2026-06-17 15:03:09,192 [INFO]   ❌ Sin resultado: Hotel Turismo Sin Fronteras S A S
2026-06-17 15:03:15,789 [INFO] 
[275/330] Ecolodge El Almejal S A S (Medellin)
2026-06-17 15:03:15,789 [INFO]   🔍 DDG: "Ecolodge El Almejal" Medellin email contacto
2026-06-17 15:03:16,200 [INFO] response: https://www.bing.com/search?q=%22Ecolodge+El+Almejal%22+Medellin+email+contacto 200
2026-06-17 15:03:20,308 [INFO]   🔍 DDG: "Ecolodge El Almejal" Medellin correo reservas
2026-06-17 15:03:20,700 [INFO] response: https://www.bing.com/search?q=%22Ecolodge+El+Almejal%22+Medellin+correo+reservas 200
2026-06-17 15:03:25,000 [INFO]   🔍 DDG: "Ecolodge El Almejal" colombia hotel "@"
2026-06-17 15:03:25,342 [INFO] response: https://www.bing.com/search?q=%22Ecolodge+El+Almejal%22+colombia+hotel+%22%40%22 200
2026-06-17 15:03:29,595 [INFO]   🔗 LinkedIn DDG: "Ecolodge El Almejal" Medellin site:linkedin.com/company
2026-06-17 15:03:29,931 [INFO] response: https://www.bing.com/search?q=%22Ecolodge+El+Almejal%22+Medellin+site%3Alinkedin.com%2Fcompany 200
2026-06-17 15:03:30,955 [INFO] response: https://www.bing.com/search?q=%22Ecolodge+El+Almejal%22+Medellin+site%3Alinkedin.com%2Fcompany&first=11&FORM=PERE 200
2026-06-17 15:03:31,965 [INFO] response: https://www.bing.com/search?q=%22Ecolodge+El+Almejal%22+Medellin+site%3Alinkedin.com%2Fcompany&first=21&FORM=PERE1 200
2026-06-17 15:03:33,001 [INFO] response: https://www.bing.com/search?q=%22Ecolodge+El+Almejal%22+Medellin+site%3Alinkedin.com%2Fcompany&first=31&FORM=PERE2 200
2026-06-17 15:03:34,011 [INFO] response: https://www.bing.com/search?q=%22Ecolodge+El+Almejal%22+Medellin+site%3Alinkedin.com%2Fcompany&first=41&FORM=PERE3 200
2026-06-17 15:03:37,205 [INFO]   ❌ Sin resultado: Ecolodge El Almejal S A S
2026-06-17 15:03:41,627 [INFO] 
[276/330] Hotel Vivre S A S (Medellin)
2026-06-17 15:03:41,627 [INFO]   🔍 DDG: "Hotel Vivre" Medellin email contacto
2026-06-17 15:03:42,684 [INFO] response: https://www.bing.com/search?q=%22Hotel+Vivre%22+Medellin+email+contacto 200
2026-06-17 15:03:43,903 [INFO] response: https://www.bing.com/search?q=%22Hotel+Vivre%22+Medellin+email+contacto&first=11&FORM=PERE 200
2026-06-17 15:03:44,938 [INFO] response: https://www.bing.com/search?q=%22Hotel+Vivre%22+Medellin+email+contacto&first=21&FORM=PERE1 200
2026-06-17 15:03:45,961 [INFO] response: https://www.bing.com/search?q=%22Hotel+Vivre%22+Medellin+email+contacto&first=31&FORM=PERE2 200
2026-06-17 15:03:47,003 [INFO] response: https://www.bing.com/search?q=%22Hotel+Vivre%22+Medellin+email+contacto&first=41&FORM=PERE3 200
2026-06-17 15:03:51,015 [INFO]   🔍 DDG: "Hotel Vivre" Medellin correo reservas
2026-06-17 15:03:51,376 [INFO] response: https://www.bing.com/search?q=%22Hotel+Vivre%22+Medellin+correo+reservas 200
2026-06-17 15:03:54,442 [INFO]   🔍 DDG: "Hotel Vivre" colombia hotel "@"
2026-06-17 15:03:59,798 [INFO] response: https://www.bing.com/search?q=%22Hotel+Vivre%22+colombia+hotel+%22%40%22 200
2026-06-17 15:04:03,570 [INFO]   🌐 Visitando (DDG): https://www.hodelpa.com/
2026-06-17 15:04:03,782 [INFO]   ✅ Email en web DDG: reservas@hodelpa.com
2026-06-17 15:04:10,945 [INFO] 
[277/330] Inversiones Y Proyecciones Posada Hernandez S A S (Medellin)
2026-06-17 15:04:10,945 [INFO]   🔍 DDG: "Inversiones Y Proyecciones Posada Hernandez" Medellin email contacto
2026-06-17 15:04:16,289 [INFO] response: https://www.bing.com/search?q=%22Inversiones+Y+Proyecciones+Posada+Hernandez%22+Medellin+email+contacto 200
2026-06-17 15:04:20,314 [INFO]   🔍 DDG: "Inversiones Y Proyecciones Posada Hernandez" Medellin correo reservas
2026-06-17 15:04:20,674 [INFO] response: https://www.bing.com/search?q=%22Inversiones+Y+Proyecciones+Posada+Hernandez%22+Medellin+correo+reservas 200
2026-06-17 15:04:23,474 [INFO]   🔍 DDG: "Inversiones Y Proyecciones Posada Hernandez" colombia hotel "@"
2026-06-17 15:04:23,833 [INFO] response: https://www.bing.com/search?q=%22Inversiones+Y+Proyecciones+Posada+Hernandez%22+colombia+hotel+%22%40%22 200
2026-06-17 15:04:28,121 [INFO]   🔗 LinkedIn DDG: "Inversiones Y Proyecciones Posada Hernandez" Medellin site:linkedin.com/company
2026-06-17 15:04:28,429 [INFO] response: https://www.bing.com/search?q=%22Inversiones+Y+Proyecciones+Posada+Hernandez%22+Medellin+site%3Alinkedin.com%2Fcompany 200
2026-06-17 15:04:29,535 [INFO] response: https://www.bing.com/search?q=%22Inversiones+Y+Proyecciones+Posada+Hernandez%22+Medellin+site%3Alinkedin.com%2Fcompany&first=11&FORM=PERE 200
2026-06-17 15:04:30,534 [INFO] response: https://www.bing.com/search?q=%22Inversiones+Y+Proyecciones+Posada+Hernandez%22+Medellin+site%3Alinkedin.com%2Fcompany&first=21&FORM=PERE1 200
2026-06-17 15:04:31,518 [INFO] response: https://www.bing.com/search?q=%22Inversiones+Y+Proyecciones+Posada+Hernandez%22+Medellin+site%3Alinkedin.com%2Fcompany&first=31&FORM=PERE2 200
2026-06-17 15:04:32,528 [INFO] response: https://www.bing.com/search?q=%22Inversiones+Y+Proyecciones+Posada+Hernandez%22+Medellin+site%3Alinkedin.com%2Fcompany&first=41&FORM=PERE3 200
2026-06-17 15:04:36,386 [INFO]   ❌ Sin resultado: Inversiones Y Proyecciones Posada Hernandez S A S
2026-06-17 15:04:41,339 [INFO] 
[278/330] Organizacion Hotelera Arcos Y Compania S A S (Cucuta)
2026-06-17 15:04:41,339 [INFO]   🔍 DDG: "Organizacion Hotelera Arcos" Cucuta email contacto
2026-06-17 15:04:41,754 [INFO] response: https://www.bing.com/search?q=%22Organizacion+Hotelera+Arcos%22+Cucuta+email+contacto 200
2026-06-17 15:04:44,004 [INFO]   🔍 DDG: "Organizacion Hotelera Arcos" Cucuta correo reservas
2026-06-17 15:04:44,408 [INFO] response: https://www.bing.com/search?q=%22Organizacion+Hotelera+Arcos%22+Cucuta+correo+reservas 200
2026-06-17 15:04:47,869 [INFO]   🔍 DDG: "Organizacion Hotelera Arcos" colombia hotel "@"
2026-06-17 15:04:48,209 [INFO] response: https://www.bing.com/search?q=%22Organizacion+Hotelera+Arcos%22+colombia+hotel+%22%40%22 200
2026-06-17 15:04:52,432 [INFO]   🔗 LinkedIn DDG: "Organizacion Hotelera Arcos" Cucuta site:linkedin.com/company
2026-06-17 15:04:52,766 [INFO] response: https://www.bing.com/search?q=%22Organizacion+Hotelera+Arcos%22+Cucuta+site%3Alinkedin.com%2Fcompany 200
2026-06-17 15:04:53,786 [INFO] response: https://www.bing.com/search?q=%22Organizacion+Hotelera+Arcos%22+Cucuta+site%3Alinkedin.com%2Fcompany&first=11&FORM=PERE 200
2026-06-17 15:04:54,744 [INFO] response: https://www.bing.com/search?q=%22Organizacion+Hotelera+Arcos%22+Cucuta+site%3Alinkedin.com%2Fcompany&first=21&FORM=PERE1 200
2026-06-17 15:04:55,744 [INFO] response: https://www.bing.com/search?q=%22Organizacion+Hotelera+Arcos%22+Cucuta+site%3Alinkedin.com%2Fcompany&first=31&FORM=PERE2 200
2026-06-17 15:04:56,931 [INFO] response: https://www.bing.com/search?q=%22Organizacion+Hotelera+Arcos%22+Cucuta+site%3Alinkedin.com%2Fcompany&first=41&FORM=PERE3 200
2026-06-17 15:05:01,116 [INFO]   ❌ Sin resultado: Organizacion Hotelera Arcos Y Compania S A S
2026-06-17 15:05:07,515 [INFO] 
[279/330] Compania Turistica Y Hotelera S A S (Girardot)
2026-06-17 15:05:07,516 [INFO]   🔍 DDG: "Compania Turistica Y Hotelera" Girardot email contacto
2026-06-17 15:05:07,884 [INFO] response: https://www.bing.com/search?q=%22Compania+Turistica+Y+Hotelera%22+Girardot+email+contacto 200
2026-06-17 15:05:12,365 [INFO]   🔍 DDG: "Compania Turistica Y Hotelera" Girardot correo reservas
2026-06-17 15:05:17,682 [INFO] response: https://www.bing.com/search?q=%22Compania+Turistica+Y+Hotelera%22+Girardot+correo+reservas 200
2026-06-17 15:05:20,870 [INFO]   🔍 DDG: "Compania Turistica Y Hotelera" colombia hotel "@"
2026-06-17 15:05:21,241 [INFO] response: https://www.bing.com/search?q=%22Compania+Turistica+Y+Hotelera%22+colombia+hotel+%22%40%22 200
2026-06-17 15:05:25,731 [INFO]   🔗 LinkedIn DDG: "Compania Turistica Y Hotelera" Girardot site:linkedin.com/company
2026-06-17 15:05:26,134 [INFO] response: https://www.bing.com/search?q=%22Compania+Turistica+Y+Hotelera%22+Girardot+site%3Alinkedin.com%2Fcompany 200
2026-06-17 15:05:27,173 [INFO] response: https://www.bing.com/search?q=%22Compania+Turistica+Y+Hotelera%22+Girardot+site%3Alinkedin.com%2Fcompany&first=11&FORM=PERE 200
2026-06-17 15:05:28,284 [INFO] response: https://www.bing.com/search?q=%22Compania+Turistica+Y+Hotelera%22+Girardot+site%3Alinkedin.com%2Fcompany&first=21&FORM=PERE1 200
2026-06-17 15:05:29,306 [INFO] response: https://www.bing.com/search?q=%22Compania+Turistica+Y+Hotelera%22+Girardot+site%3Alinkedin.com%2Fcompany&first=31&FORM=PERE2 200
2026-06-17 15:05:30,410 [INFO] response: https://www.bing.com/search?q=%22Compania+Turistica+Y+Hotelera%22+Girardot+site%3Alinkedin.com%2Fcompany&first=41&FORM=PERE3 200
2026-06-17 15:05:33,126 [INFO]   ❌ Sin resultado: Compania Turistica Y Hotelera S A S
2026-06-17 15:05:40,438 [INFO] 
[280/330] Operadora Hotelera Quadrifolio S A (Bogota)
2026-06-17 15:05:40,439 [INFO]   🔍 DDG: "Operadora Hotelera Quadrifolio" Bogota email contacto
2026-06-17 15:05:45,784 [INFO] response: https://www.bing.com/search?q=%22Operadora+Hotelera+Quadrifolio%22+Bogota+email+contacto 200
2026-06-17 15:05:48,659 [INFO]   🔍 DDG: "Operadora Hotelera Quadrifolio" Bogota correo reservas
2026-06-17 15:05:49,100 [INFO] response: https://www.bing.com/search?q=%22Operadora+Hotelera+Quadrifolio%22+Bogota+correo+reservas 200
2026-06-17 15:05:51,340 [INFO]   🔍 DDG: "Operadora Hotelera Quadrifolio" colombia hotel "@"
2026-06-17 15:05:51,644 [INFO] response: https://www.bing.com/search?q=%22Operadora+Hotelera+Quadrifolio%22+colombia+hotel+%22%40%22 200
2026-06-17 15:05:55,477 [INFO]   🌐 Visitando (DDG): https://www.movistar.com.ve/Particulares/home-particulares.html
2026-06-17 15:06:08,301 [INFO]   📋 Web guardada: https://www.movistar.com.ve/Particulares/home-particulares.html
2026-06-17 15:06:09,408 [INFO]   🌐 Visitando (DDG): https://laoperadora.com/
2026-06-17 15:06:18,765 [INFO]   🌐 Visitando (DDG): https://operadora.xyz/
2026-06-17 15:06:19,845 [INFO]   ✅ Email en web DDG: info@operadora.xyz
2026-06-17 15:06:19,848 [INFO]   📊 Progreso 280/330 | Emails: 89 | Webs: 11 | Sin resultado: 180
2026-06-17 15:06:26,305 [INFO] 
[281/330] Hotel Nido De Loros Sas (Medellin)
2026-06-17 15:06:26,305 [INFO]   🔍 DDG: "Hotel Nido De Loros" Medellin email contacto
2026-06-17 15:06:31,596 [INFO] response: https://www.bing.com/search?q=%22Hotel+Nido+De+Loros%22+Medellin+email+contacto 200
2026-06-17 15:06:35,592 [INFO]   🔍 DDG: "Hotel Nido De Loros" Medellin correo reservas
2026-06-17 15:06:35,995 [INFO] response: https://www.bing.com/search?q=%22Hotel+Nido+De+Loros%22+Medellin+correo+reservas 200
2026-06-17 15:06:39,971 [INFO]   🔍 DDG: "Hotel Nido De Loros" colombia hotel "@"
2026-06-17 15:06:40,269 [INFO] response: https://www.bing.com/search?q=%22Hotel+Nido+De+Loros%22+colombia+hotel+%22%40%22 200
2026-06-17 15:06:42,998 [INFO]   🔗 LinkedIn DDG: "Hotel Nido De Loros" Medellin site:linkedin.com/company
2026-06-17 15:06:43,403 [INFO] response: https://www.bing.com/search?q=%22Hotel+Nido+De+Loros%22+Medellin+site%3Alinkedin.com%2Fcompany 200
2026-06-17 15:06:44,435 [INFO] response: https://www.bing.com/search?q=%22Hotel+Nido+De+Loros%22+Medellin+site%3Alinkedin.com%2Fcompany&first=11&FORM=PERE 200
2026-06-17 15:06:45,538 [INFO] response: https://www.bing.com/search?q=%22Hotel+Nido+De+Loros%22+Medellin+site%3Alinkedin.com%2Fcompany&first=21&FORM=PERE1 200
2026-06-17 15:06:46,734 [INFO] response: https://www.bing.com/search?q=%22Hotel+Nido+De+Loros%22+Medellin+site%3Alinkedin.com%2Fcompany&first=31&FORM=PERE2 200
2026-06-17 15:06:47,861 [INFO] response: https://www.bing.com/search?q=%22Hotel+Nido+De+Loros%22+Medellin+site%3Alinkedin.com%2Fcompany&first=41&FORM=PERE3 200
2026-06-17 15:06:52,107 [INFO]   ❌ Sin resultado: Hotel Nido De Loros Sas
2026-06-17 15:06:59,198 [INFO] 
[282/330] Hotel Laureles Plaza S A S (Medellin)
2026-06-17 15:06:59,198 [INFO]   🔍 DDG: "Hotel Laureles Plaza" Medellin email contacto
2026-06-17 15:06:59,603 [INFO] response: https://www.bing.com/search?q=%22Hotel+Laureles+Plaza%22+Medellin+email+contacto 200
2026-06-17 15:07:03,687 [INFO]   🔍 DDG: "Hotel Laureles Plaza" Medellin correo reservas
2026-06-17 15:07:04,001 [INFO] response: https://www.bing.com/search?q=%22Hotel+Laureles+Plaza%22+Medellin+correo+reservas 200
2026-06-17 15:07:07,106 [INFO]   🔍 DDG: "Hotel Laureles Plaza" colombia hotel "@"
2026-06-17 15:07:07,470 [INFO] response: https://www.bing.com/search?q=%22Hotel+Laureles+Plaza%22+colombia+hotel+%22%40%22 200
2026-06-17 15:07:11,296 [INFO]   🔗 LinkedIn DDG: "Hotel Laureles Plaza" Medellin site:linkedin.com/company
2026-06-17 15:07:11,621 [INFO] response: https://www.bing.com/search?q=%22Hotel+Laureles+Plaza%22+Medellin+site%3Alinkedin.com%2Fcompany 200
2026-06-17 15:07:12,667 [INFO] response: https://www.bing.com/search?q=%22Hotel+Laureles+Plaza%22+Medellin+site%3Alinkedin.com%2Fcompany&first=11&FORM=PERE 200
2026-06-17 15:07:13,874 [INFO] response: https://www.bing.com/search?q=%22Hotel+Laureles+Plaza%22+Medellin+site%3Alinkedin.com%2Fcompany&first=21&FORM=PERE1 200
2026-06-17 15:07:14,842 [INFO] response: https://www.bing.com/search?q=%22Hotel+Laureles+Plaza%22+Medellin+site%3Alinkedin.com%2Fcompany&first=31&FORM=PERE2 200
2026-06-17 15:07:16,121 [INFO] response: https://www.bing.com/search?q=%22Hotel+Laureles+Plaza%22+Medellin+site%3Alinkedin.com%2Fcompany&first=41&FORM=PERE3 200
2026-06-17 15:07:18,316 [INFO]   ❌ Sin resultado: Hotel Laureles Plaza S A S
2026-06-17 15:07:23,661 [INFO] 
[283/330] Tolima Hotels Colombia S A S (Bogota)
2026-06-17 15:07:23,662 [INFO]   🔍 DDG: "Tolima Hotels Colombia" Bogota email contacto
2026-06-17 15:07:24,001 [INFO] response: https://www.bing.com/search?q=%22Tolima+Hotels+Colombia%22+Bogota+email+contacto 200
2026-06-17 15:07:25,000 [INFO] response: https://www.bing.com/search?q=%22Tolima+Hotels+Colombia%22+Bogota+email+contacto&first=11&FORM=PERE 200
2026-06-17 15:07:26,063 [INFO] response: https://www.bing.com/search?q=%22Tolima+Hotels+Colombia%22+Bogota+email+contacto&first=21&FORM=PERE1 200
2026-06-17 15:07:27,065 [INFO] response: https://www.bing.com/search?q=%22Tolima+Hotels+Colombia%22+Bogota+email+contacto&first=31&FORM=PERE2 200
2026-06-17 15:07:28,160 [INFO] response: https://www.bing.com/search?q=%22Tolima+Hotels+Colombia%22+Bogota+email+contacto&first=41&FORM=PERE3 200
2026-06-17 15:07:30,688 [INFO]   🔍 DDG: "Tolima Hotels Colombia" Bogota correo reservas
2026-06-17 15:07:30,998 [INFO] response: https://www.bing.com/search?q=%22Tolima+Hotels+Colombia%22+Bogota+correo+reservas 200
2026-06-17 15:07:33,760 [INFO]   🔍 DDG: "Tolima Hotels Colombia" colombia hotel "@"
2026-06-17 15:07:34,091 [INFO] response: https://www.bing.com/search?q=%22Tolima+Hotels+Colombia%22+colombia+hotel+%22%40%22 200
2026-06-17 15:07:37,100 [INFO]   🌐 Visitando (DDG): https://tolima.gov.co/
2026-06-17 15:08:02,138 [INFO]   📋 Web guardada: https://tolima.gov.co/
2026-06-17 15:08:03,717 [INFO]   🌐 Visitando (DDG): https://encolombia.com/educacion-cultura/geografia-colombiana/departamentos/tolima/
2026-06-17 15:08:06,172 [INFO]   ✅ Email en web DDG: marketing@encolombia.com
2026-06-17 15:08:11,195 [INFO] 
[284/330] Hotel Don Lolo Ltda (Villavicencio)
2026-06-17 15:08:11,196 [INFO]   🔍 DDG: "Hotel Don Lolo" Villavicencio email contacto
2026-06-17 15:08:11,633 [INFO] response: https://www.bing.com/search?q=%22Hotel+Don+Lolo%22+Villavicencio+email+contacto 200
2026-06-17 15:08:14,100 [INFO]   🔍 DDG: "Hotel Don Lolo" Villavicencio correo reservas
2026-06-17 15:08:14,484 [INFO] response: https://www.bing.com/search?q=%22Hotel+Don+Lolo%22+Villavicencio+correo+reservas 200
2026-06-17 15:08:16,772 [INFO]   🔍 DDG: "Hotel Don Lolo" colombia hotel "@"
2026-06-17 15:08:17,080 [INFO] response: https://www.bing.com/search?q=%22Hotel+Don+Lolo%22+colombia+hotel+%22%40%22 200
2026-06-17 15:08:19,823 [INFO]   🌐 Visitando (DDG): https://www.hodelpa.com/
2026-06-17 15:08:20,027 [INFO]   ✅ Email en web DDG: reservas@hodelpa.com
2026-06-17 15:08:27,749 [INFO] 
[285/330] Awia Lodge & Camp Sas (Medellin)
2026-06-17 15:08:27,750 [INFO]   🔍 DDG: "Awia Lodge & Camp" Medellin email contacto
2026-06-17 15:08:28,109 [INFO] response: https://www.bing.com/search?q=%22Awia+Lodge+%26+Camp%22+Medellin+email+contacto 200
2026-06-17 15:08:31,802 [INFO]   🔍 DDG: "Awia Lodge & Camp" Medellin correo reservas
2026-06-17 15:08:32,226 [INFO] response: https://www.bing.com/search?q=%22Awia+Lodge+%26+Camp%22+Medellin+correo+reservas 200
2026-06-17 15:08:36,369 [INFO]   🔍 DDG: "Awia Lodge & Camp" colombia hotel "@"
2026-06-17 15:08:41,691 [INFO] response: https://www.bing.com/search?q=%22Awia+Lodge+%26+Camp%22+colombia+hotel+%22%40%22 200
2026-06-17 15:08:45,862 [INFO]   🔗 LinkedIn DDG: "Awia Lodge & Camp" Medellin site:linkedin.com/company
2026-06-17 15:08:46,173 [INFO] response: https://www.bing.com/search?q=%22Awia+Lodge+%26+Camp%22+Medellin+site%3Alinkedin.com%2Fcompany 200
2026-06-17 15:08:47,205 [INFO] response: https://www.bing.com/search?q=%22Awia+Lodge+%26+Camp%22+Medellin+site%3Alinkedin.com%2Fcompany&first=11&FORM=PERE 200
2026-06-17 15:08:48,186 [INFO] response: https://www.bing.com/search?q=%22Awia+Lodge+%26+Camp%22+Medellin+site%3Alinkedin.com%2Fcompany&first=21&FORM=PERE1 200
2026-06-17 15:08:49,267 [INFO] response: https://www.bing.com/search?q=%22Awia+Lodge+%26+Camp%22+Medellin+site%3Alinkedin.com%2Fcompany&first=31&FORM=PERE2 200
2026-06-17 15:08:50,271 [INFO] response: https://www.bing.com/search?q=%22Awia+Lodge+%26+Camp%22+Medellin+site%3Alinkedin.com%2Fcompany&first=41&FORM=PERE3 200
2026-06-17 15:08:53,560 [INFO]   ❌ Sin resultado: Awia Lodge & Camp Sas
2026-06-17 15:08:59,318 [INFO] 
[286/330] Blue Doors 93 Luxury Suites Sas (Bogota)
2026-06-17 15:08:59,319 [INFO]   🔍 DDG: "Blue Doors 93 Luxury Suites" Bogota email contacto
2026-06-17 15:09:00,085 [INFO] response: https://www.bing.com/search?q=%22Blue+Doors+93+Luxury+Suites%22+Bogota+email+contacto 200
2026-06-17 15:09:04,164 [INFO]   🔍 DDG: "Blue Doors 93 Luxury Suites" Bogota correo reservas
2026-06-17 15:09:04,505 [INFO] response: https://www.bing.com/search?q=%22Blue+Doors+93+Luxury+Suites%22+Bogota+correo+reservas 200
2026-06-17 15:09:06,909 [INFO]   🔍 DDG: "Blue Doors 93 Luxury Suites" colombia hotel "@"
2026-06-17 15:09:07,297 [INFO] response: https://www.bing.com/search?q=%22Blue+Doors+93+Luxury+Suites%22+colombia+hotel+%22%40%22 200
2026-06-17 15:09:11,174 [INFO]   🌐 Visitando (DDG): https://www.dolarbluebolivia.click/
2026-06-17 15:09:15,093 [INFO]   ✅ Email en web DDG: captaindisrupt2208@protonmail.com
2026-06-17 15:09:21,977 [INFO] 
[287/330] A Ramirez Y Compania Hotel Pinares Plaza S C A (Pereira)
2026-06-17 15:09:21,977 [INFO]   🔍 DDG: "A Ramirez" Pereira email contacto
2026-06-17 15:09:27,355 [INFO] response: https://www.bing.com/search?q=%22A+Ramirez%22+Pereira+email+contacto 200
2026-06-17 15:09:28,402 [INFO] response: https://www.bing.com/search?q=%22A+Ramirez%22+Pereira+email+contacto&first=11&FORM=PERE 200
2026-06-17 15:09:29,441 [INFO] response: https://www.bing.com/search?q=%22A+Ramirez%22+Pereira+email+contacto&first=21&FORM=PERE1 200
2026-06-17 15:09:30,509 [INFO] response: https://www.bing.com/search?q=%22A+Ramirez%22+Pereira+email+contacto&first=31&FORM=PERE2 200
2026-06-17 15:09:31,575 [INFO] response: https://www.bing.com/search?q=%22A+Ramirez%22+Pereira+email+contacto&first=41&FORM=PERE3 200
2026-06-17 15:09:34,660 [INFO]   🔍 DDG: "A Ramirez" Pereira correo reservas
2026-06-17 15:09:34,982 [INFO] response: https://www.bing.com/search?q=%22A+Ramirez%22+Pereira+correo+reservas 200
2026-06-17 15:09:38,062 [INFO]   🔍 DDG: "A Ramirez" colombia hotel "@"
2026-06-17 15:09:38,403 [INFO] response: https://www.bing.com/search?q=%22A+Ramirez%22+colombia+hotel+%22%40%22 200
2026-06-17 15:09:41,627 [INFO]   🌐 Visitando (DDG): https://www.rae.es/dpd/a
2026-06-17 15:09:43,418 [INFO]   ✅ Email en web DDG: biblioteca@rae.es
2026-06-17 15:09:48,220 [INFO] 
[288/330] Hotel & Resort Agua Azul S A S (Cartagena)
2026-06-17 15:09:48,221 [INFO]   🔍 DDG: "Hotel & Resort Agua Azul" Cartagena email contacto
2026-06-17 15:09:48,554 [INFO] response: https://www.bing.com/search?q=%22Hotel+%26+Resort+Agua+Azul%22+Cartagena+email+contacto 200
2026-06-17 15:09:49,580 [INFO] response: https://www.bing.com/search?q=%22Hotel+%26+Resort+Agua+Azul%22+Cartagena+email+contacto&first=11&FORM=PERE 200
2026-06-17 15:09:50,642 [INFO] response: https://www.bing.com/search?q=%22Hotel+%26+Resort+Agua+Azul%22+Cartagena+email+contacto&first=21&FORM=PERE1 200
2026-06-17 15:09:51,766 [INFO] response: https://www.bing.com/search?q=%22Hotel+%26+Resort+Agua+Azul%22+Cartagena+email+contacto&first=31&FORM=PERE2 200
2026-06-17 15:09:52,773 [INFO] response: https://www.bing.com/search?q=%22Hotel+%26+Resort+Agua+Azul%22+Cartagena+email+contacto&first=41&FORM=PERE3 200
2026-06-17 15:09:55,582 [INFO]   🔍 DDG: "Hotel & Resort Agua Azul" Cartagena correo reservas
2026-06-17 15:09:56,090 [INFO] response: https://www.bing.com/search?q=%22Hotel+%26+Resort+Agua+Azul%22+Cartagena+correo+reservas 200
2026-06-17 15:09:59,955 [INFO]   🔍 DDG: "Hotel & Resort Agua Azul" colombia hotel "@"
2026-06-17 15:10:00,299 [INFO] response: https://www.bing.com/search?q=%22Hotel+%26+Resort+Agua+Azul%22+colombia+hotel+%22%40%22 200
2026-06-17 15:10:04,618 [INFO]   🌐 Visitando (DDG): https://www.hodelpa.com/
2026-06-17 15:10:04,926 [INFO]   ✅ Email en web DDG: reservas@hodelpa.com
2026-06-17 15:10:11,225 [INFO] 
[289/330] Operadora Hotelera San Pedro Del Fuerte S A S (Medellin)
2026-06-17 15:10:11,226 [INFO]   🔍 DDG: "Operadora Hotelera San Pedro Del Fuerte" Medellin email contacto
2026-06-17 15:10:16,534 [INFO] response: https://www.bing.com/search?q=%22Operadora+Hotelera+San+Pedro+Del+Fuerte%22+Medellin+email+contacto 200
2026-06-17 15:10:18,964 [INFO]   🔍 DDG: "Operadora Hotelera San Pedro Del Fuerte" Medellin correo reservas
2026-06-17 15:10:24,262 [INFO] response: https://www.bing.com/search?q=%22Operadora+Hotelera+San+Pedro+Del+Fuerte%22+Medellin+correo+reservas 200
2026-06-17 15:10:28,317 [INFO]   🔍 DDG: "Operadora Hotelera San Pedro Del Fuerte" colombia hotel "@"
2026-06-17 15:10:33,724 [INFO] response: https://www.bing.com/search?q=%22Operadora+Hotelera+San+Pedro+Del+Fuerte%22+colombia+hotel+%22%40%22 200
2026-06-17 15:10:35,917 [INFO]   🔗 LinkedIn DDG: "Operadora Hotelera San Pedro Del Fuerte" Medellin site:linkedin.com/company
2026-06-17 15:10:36,295 [INFO] response: https://www.bing.com/search?q=%22Operadora+Hotelera+San+Pedro+Del+Fuerte%22+Medellin+site%3Alinkedin.com%2Fcompany 200
2026-06-17 15:10:37,259 [INFO] response: https://www.bing.com/search?q=%22Operadora+Hotelera+San+Pedro+Del+Fuerte%22+Medellin+site%3Alinkedin.com%2Fcompany&first=11&FORM=PERE 200
2026-06-17 15:10:38,269 [INFO] response: https://www.bing.com/search?q=%22Operadora+Hotelera+San+Pedro+Del+Fuerte%22+Medellin+site%3Alinkedin.com%2Fcompany&first=21&FORM=PERE1 200
2026-06-17 15:10:39,390 [INFO] response: https://www.bing.com/search?q=%22Operadora+Hotelera+San+Pedro+Del+Fuerte%22+Medellin+site%3Alinkedin.com%2Fcompany&first=31&FORM=PERE2 200
2026-06-17 15:10:40,431 [INFO] response: https://www.bing.com/search?q=%22Operadora+Hotelera+San+Pedro+Del+Fuerte%22+Medellin+site%3Alinkedin.com%2Fcompany&first=41&FORM=PERE3 200
2026-06-17 15:10:43,614 [INFO]   ❌ Sin resultado: Operadora Hotelera San Pedro Del Fuerte S A S
2026-06-17 15:10:49,984 [INFO] 
[290/330] Hotel Fontamar (Barranquilla)
2026-06-17 15:10:49,984 [INFO]   🔍 DDG: "Hotel Fontamar" Barranquilla email contacto
2026-06-17 15:10:55,307 [INFO] response: https://www.bing.com/search?q=%22Hotel+Fontamar%22+Barranquilla+email+contacto 200
2026-06-17 15:10:59,224 [INFO]   🔍 DDG: "Hotel Fontamar" Barranquilla correo reservas
2026-06-17 15:11:04,533 [INFO] response: https://www.bing.com/search?q=%22Hotel+Fontamar%22+Barranquilla+correo+reservas 200
2026-06-17 15:11:05,604 [INFO] response: https://www.bing.com/search?q=%22Hotel+Fontamar%22+Barranquilla+correo+reservas&first=11&FORM=PERE 200
2026-06-17 15:11:06,610 [INFO] response: https://www.bing.com/search?q=%22Hotel+Fontamar%22+Barranquilla+correo+reservas&first=21&FORM=PERE1 200
2026-06-17 15:11:07,610 [INFO] response: https://www.bing.com/search?q=%22Hotel+Fontamar%22+Barranquilla+correo+reservas&first=31&FORM=PERE2 200
2026-06-17 15:11:08,619 [INFO] response: https://www.bing.com/search?q=%22Hotel+Fontamar%22+Barranquilla+correo+reservas&first=41&FORM=PERE3 200
2026-06-17 15:11:12,291 [INFO]   🔍 DDG: "Hotel Fontamar" colombia hotel "@"
2026-06-17 15:11:12,681 [INFO] response: https://www.bing.com/search?q=%22Hotel+Fontamar%22+colombia+hotel+%22%40%22 200
2026-06-17 15:11:16,650 [INFO]   🌐 Visitando (DDG): https://www.hodelpa.com/
2026-06-17 15:11:16,812 [INFO]   ✅ Email en web DDG: reservas@hodelpa.com
2026-06-17 15:11:16,813 [INFO]   📊 Progreso 290/330 | Emails: 95 | Webs: 11 | Sin resultado: 184
2026-06-17 15:11:22,407 [INFO] 
[291/330] Hostal barrio abajo (Barranquilla)
2026-06-17 15:11:22,408 [INFO]   🔍 DDG: "Hostal barrio abajo" Barranquilla email contacto
2026-06-17 15:11:22,732 [INFO] response: https://www.bing.com/search?q=%22Hostal+barrio+abajo%22+Barranquilla+email+contacto 200
2026-06-17 15:11:25,489 [INFO]   🔍 DDG: "Hostal barrio abajo" Barranquilla correo reservas
2026-06-17 15:11:25,815 [INFO] response: https://www.bing.com/search?q=%22Hostal+barrio+abajo%22+Barranquilla+correo+reservas 200
2026-06-17 15:11:28,829 [INFO]   🔍 DDG: "Hostal barrio abajo" colombia hotel "@"
2026-06-17 15:11:29,141 [INFO] response: https://www.bing.com/search?q=%22Hostal+barrio+abajo%22+colombia+hotel+%22%40%22 200
2026-06-17 15:11:31,720 [INFO]   🔗 LinkedIn DDG: "Hostal barrio abajo" Barranquilla site:linkedin.com/company
2026-06-17 15:11:37,091 [INFO] response: https://www.bing.com/search?q=%22Hostal+barrio+abajo%22+Barranquilla+site%3Alinkedin.com%2Fcompany 200
2026-06-17 15:11:38,064 [INFO] response: https://www.bing.com/search?q=%22Hostal+barrio+abajo%22+Barranquilla+site%3Alinkedin.com%2Fcompany&first=11&FORM=PERE 200
2026-06-17 15:11:39,048 [INFO] response: https://www.bing.com/search?q=%22Hostal+barrio+abajo%22+Barranquilla+site%3Alinkedin.com%2Fcompany&first=21&FORM=PERE1 200
2026-06-17 15:11:40,028 [INFO] response: https://www.bing.com/search?q=%22Hostal+barrio+abajo%22+Barranquilla+site%3Alinkedin.com%2Fcompany&first=31&FORM=PERE2 200
2026-06-17 15:11:40,994 [INFO] response: https://www.bing.com/search?q=%22Hostal+barrio+abajo%22+Barranquilla+site%3Alinkedin.com%2Fcompany&first=41&FORM=PERE3 200
2026-06-17 15:11:43,365 [INFO]   ❌ Sin resultado: Hostal barrio abajo
2026-06-17 15:11:48,316 [INFO] 
[292/330] Ayenda Brisas Del Río (Barranquilla)
2026-06-17 15:11:48,316 [INFO]   🔍 DDG: "Ayenda Brisas Del Río" Barranquilla email contacto
2026-06-17 15:11:48,846 [INFO] response: https://www.bing.com/search?q=%22Ayenda+Brisas+Del+R%C3%ADo%22+Barranquilla+email+contacto 200
2026-06-17 15:11:51,912 [INFO]   🔍 DDG: "Ayenda Brisas Del Río" Barranquilla correo reservas
2026-06-17 15:11:52,223 [INFO] response: https://www.bing.com/search?q=%22Ayenda+Brisas+Del+R%C3%ADo%22+Barranquilla+correo+reservas 200
2026-06-17 15:11:56,003 [INFO]   🔍 DDG: "Ayenda Brisas Del Río" colombia hotel "@"
2026-06-17 15:11:56,347 [INFO] response: https://www.bing.com/search?q=%22Ayenda+Brisas+Del+R%C3%ADo%22+colombia+hotel+%22%40%22 200
2026-06-17 15:11:59,202 [INFO]   🔗 LinkedIn DDG: "Ayenda Brisas Del Río" Barranquilla site:linkedin.com/company
2026-06-17 15:11:59,570 [INFO] response: https://www.bing.com/search?q=%22Ayenda+Brisas+Del+R%C3%ADo%22+Barranquilla+site%3Alinkedin.com%2Fcompany 200
2026-06-17 15:12:00,652 [INFO] response: https://www.bing.com/search?q=%22Ayenda+Brisas+Del+R%C3%ADo%22+Barranquilla+site%3Alinkedin.com%2Fcompany&first=11&FORM=PERE 200
2026-06-17 15:12:01,858 [INFO] response: https://www.bing.com/search?q=%22Ayenda+Brisas+Del+R%C3%ADo%22+Barranquilla+site%3Alinkedin.com%2Fcompany&first=21&FORM=PERE1 200
2026-06-17 15:12:02,972 [INFO] response: https://www.bing.com/search?q=%22Ayenda+Brisas+Del+R%C3%ADo%22+Barranquilla+site%3Alinkedin.com%2Fcompany&first=31&FORM=PERE2 200
2026-06-17 15:12:03,966 [INFO] response: https://www.bing.com/search?q=%22Ayenda+Brisas+Del+R%C3%ADo%22+Barranquilla+site%3Alinkedin.com%2Fcompany&first=41&FORM=PERE3 200
2026-06-17 15:12:07,919 [INFO]   ❌ Sin resultado: Ayenda Brisas Del Río
2026-06-17 15:12:12,326 [INFO] 
[293/330] La Quinta Bacana La Campiña (Barranquilla)
2026-06-17 15:12:12,326 [INFO]   🔍 DDG: "La Quinta Bacana La Campiña" Barranquilla email contacto
2026-06-17 15:12:12,655 [INFO] response: https://www.bing.com/search?q=%22La+Quinta+Bacana+La+Campi%C3%B1a%22+Barranquilla+email+contacto 200
2026-06-17 15:12:15,369 [INFO]   🔍 DDG: "La Quinta Bacana La Campiña" Barranquilla correo reservas
2026-06-17 15:12:15,660 [INFO] response: https://www.bing.com/search?q=%22La+Quinta+Bacana+La+Campi%C3%B1a%22+Barranquilla+correo+reservas 200
2026-06-17 15:12:16,676 [INFO] response: https://www.bing.com/search?q=%22La+Quinta+Bacana+La+Campi%C3%B1a%22+Barranquilla+correo+reservas&first=11&FORM=PERE 200
2026-06-17 15:12:17,767 [INFO] response: https://www.bing.com/search?q=%22La+Quinta+Bacana+La+Campi%C3%B1a%22+Barranquilla+correo+reservas&first=21&FORM=PERE1 200
2026-06-17 15:12:18,734 [INFO] response: https://www.bing.com/search?q=%22La+Quinta+Bacana+La+Campi%C3%B1a%22+Barranquilla+correo+reservas&first=31&FORM=PERE2 200
2026-06-17 15:12:19,766 [INFO] response: https://www.bing.com/search?q=%22La+Quinta+Bacana+La+Campi%C3%B1a%22+Barranquilla+correo+reservas&first=41&FORM=PERE3 200
2026-06-17 15:12:23,818 [INFO]   🔍 DDG: "La Quinta Bacana La Campiña" colombia hotel "@"
2026-06-17 15:12:24,297 [INFO] response: https://www.bing.com/search?q=%22La+Quinta+Bacana+La+Campi%C3%B1a%22+colombia+hotel+%22%40%22 200
2026-06-17 15:12:27,931 [INFO]   🌐 Visitando (DDG): https://www.wradio.com.co/
2026-06-17 15:12:54,550 [INFO]   🌐 Visitando (DDG): https://abcdario.org/alfabeto-en-espanol/
2026-06-17 15:13:09,631 [INFO]   🌐 Visitando (DDG): https://www.canalrcn.com/co/player/67535f2a8e10fec44f483a50
2026-06-17 15:13:18,241 [INFO]   🔗 LinkedIn DDG: "La Quinta Bacana La Campiña" Barranquilla site:linkedin.com/company
2026-06-17 15:13:23,585 [INFO] response: https://www.bing.com/search?q=%22La+Quinta+Bacana+La+Campi%C3%B1a%22+Barranquilla+site%3Alinkedin.com%2Fcompany 200
2026-06-17 15:13:24,598 [INFO] response: https://www.bing.com/search?q=%22La+Quinta+Bacana+La+Campi%C3%B1a%22+Barranquilla+site%3Alinkedin.com%2Fcompany&first=11&FORM=PERE 200
2026-06-17 15:13:25,632 [INFO] response: https://www.bing.com/search?q=%22La+Quinta+Bacana+La+Campi%C3%B1a%22+Barranquilla+site%3Alinkedin.com%2Fcompany&first=21&FORM=PERE1 200
2026-06-17 15:13:26,587 [INFO] response: https://www.bing.com/search?q=%22La+Quinta+Bacana+La+Campi%C3%B1a%22+Barranquilla+site%3Alinkedin.com%2Fcompany&first=31&FORM=PERE2 200
2026-06-17 15:13:27,870 [INFO] response: https://www.bing.com/search?q=%22La+Quinta+Bacana+La+Campi%C3%B1a%22+Barranquilla+site%3Alinkedin.com%2Fcompany&first=41&FORM=PERE3 200
2026-06-17 15:13:32,443 [INFO]   ❌ Sin resultado: La Quinta Bacana La Campiña
2026-06-17 15:13:38,327 [INFO] 
[294/330] CASA TROPICALIA HOSTEL (Barranquilla)
2026-06-17 15:13:38,327 [INFO]   🔍 DDG: "CASA TROPICALIA HOSTEL" Barranquilla email contacto
2026-06-17 15:13:38,736 [INFO] response: https://www.bing.com/search?q=%22CASA+TROPICALIA+HOSTEL%22+Barranquilla+email+contacto 200
2026-06-17 15:13:42,013 [INFO]   🔍 DDG: "CASA TROPICALIA HOSTEL" Barranquilla correo reservas
2026-06-17 15:13:42,519 [INFO] response: https://www.bing.com/search?q=%22CASA+TROPICALIA+HOSTEL%22+Barranquilla+correo+reservas 200
2026-06-17 15:13:44,761 [INFO]   🔍 DDG: "CASA TROPICALIA HOSTEL" colombia hotel "@"
2026-06-17 15:13:45,113 [INFO] response: https://www.bing.com/search?q=%22CASA+TROPICALIA+HOSTEL%22+colombia+hotel+%22%40%22 200
2026-06-17 15:13:48,261 [INFO]   🔗 LinkedIn DDG: "CASA TROPICALIA HOSTEL" Barranquilla site:linkedin.com/company
2026-06-17 15:13:48,817 [INFO] response: https://www.bing.com/search?q=%22CASA+TROPICALIA+HOSTEL%22+Barranquilla+site%3Alinkedin.com%2Fcompany 200
2026-06-17 15:13:49,932 [INFO] response: https://www.bing.com/search?q=%22CASA+TROPICALIA+HOSTEL%22+Barranquilla+site%3Alinkedin.com%2Fcompany&first=11&FORM=PERE 200
2026-06-17 15:13:50,916 [INFO] response: https://www.bing.com/search?q=%22CASA+TROPICALIA+HOSTEL%22+Barranquilla+site%3Alinkedin.com%2Fcompany&first=21&FORM=PERE1 200
2026-06-17 15:13:51,978 [INFO] response: https://www.bing.com/search?q=%22CASA+TROPICALIA+HOSTEL%22+Barranquilla+site%3Alinkedin.com%2Fcompany&first=31&FORM=PERE2 200
2026-06-17 15:13:53,041 [INFO] response: https://www.bing.com/search?q=%22CASA+TROPICALIA+HOSTEL%22+Barranquilla+site%3Alinkedin.com%2Fcompany&first=41&FORM=PERE3 200
2026-06-17 15:13:57,618 [INFO]   ❌ Sin resultado: CASA TROPICALIA HOSTEL
2026-06-17 15:14:03,693 [INFO] 
[295/330] Hotel prado alto inn (Barranquilla)
2026-06-17 15:14:03,694 [INFO]   🔍 DDG: "Hotel prado alto inn" Barranquilla email contacto
2026-06-17 15:14:04,026 [INFO] response: https://www.bing.com/search?q=%22Hotel+prado+alto+inn%22+Barranquilla+email+contacto 200
2026-06-17 15:14:08,341 [INFO]   🔍 DDG: "Hotel prado alto inn" Barranquilla correo reservas
2026-06-17 15:14:08,723 [INFO] response: https://www.bing.com/search?q=%22Hotel+prado+alto+inn%22+Barranquilla+correo+reservas 200
2026-06-17 15:14:11,956 [INFO]   🔍 DDG: "Hotel prado alto inn" colombia hotel "@"
2026-06-17 15:14:17,269 [INFO] response: https://www.bing.com/search?q=%22Hotel+prado+alto+inn%22+colombia+hotel+%22%40%22 200
2026-06-17 15:14:18,289 [INFO] response: https://www.bing.com/search?q=%22Hotel+prado+alto+inn%22+colombia+hotel+%22%40%22&first=11&FORM=PERE 200
2026-06-17 15:14:19,531 [INFO] response: https://www.bing.com/search?q=%22Hotel+prado+alto+inn%22+colombia+hotel+%22%40%22&first=21&FORM=PERE1 200
2026-06-17 15:14:22,011 [INFO]   🌐 Visitando (DDG): https://www.hodelpa.com/
2026-06-17 15:14:22,173 [INFO]   ✅ Email en web DDG: reservas@hodelpa.com
2026-06-17 15:14:27,646 [INFO] 
[296/330] Hotel Villa Giron (Barranquilla)
2026-06-17 15:14:27,646 [INFO]   🔍 DDG: "Hotel Villa Giron" Barranquilla email contacto
2026-06-17 15:14:27,958 [INFO] response: https://www.bing.com/search?q=%22Hotel+Villa+Giron%22+Barranquilla+email+contacto 200
2026-06-17 15:14:30,496 [INFO]   🔍 DDG: "Hotel Villa Giron" Barranquilla correo reservas
2026-06-17 15:14:30,770 [INFO] response: https://www.bing.com/search?q=%22Hotel+Villa+Giron%22+Barranquilla+correo+reservas 200
2026-06-17 15:14:33,753 [INFO]   🔍 DDG: "Hotel Villa Giron" colombia hotel "@"
2026-06-17 15:14:34,313 [INFO] response: https://www.bing.com/search?q=%22Hotel+Villa+Giron%22+colombia+hotel+%22%40%22 200
2026-06-17 15:14:36,892 [INFO]   🌐 Visitando (DDG): https://www.hodelpa.com/
2026-06-17 15:14:37,030 [INFO]   ✅ Email en web DDG: reservas@hodelpa.com
2026-06-17 15:14:43,842 [INFO] 
[297/330] Buenavista class (Barranquilla)
2026-06-17 15:14:43,843 [INFO]   🔍 DDG: "Buenavista class" Barranquilla email contacto
2026-06-17 15:14:44,216 [INFO] response: https://www.bing.com/search?q=%22Buenavista+class%22+Barranquilla+email+contacto 200
2026-06-17 15:14:47,007 [INFO]   🔍 DDG: "Buenavista class" Barranquilla correo reservas
2026-06-17 15:14:52,380 [INFO] response: https://www.bing.com/search?q=%22Buenavista+class%22+Barranquilla+correo+reservas 200
2026-06-17 15:14:56,837 [INFO]   🔍 DDG: "Buenavista class" colombia hotel "@"
2026-06-17 15:14:57,599 [INFO] response: https://www.bing.com/search?q=%22Buenavista+class%22+colombia+hotel+%22%40%22 200
2026-06-17 15:15:00,610 [INFO]   🌐 Visitando (DDG): https://clientesbuenavista.tmovil.co/js/
2026-06-17 15:15:04,135 [INFO]   ✅ Email en web DDG: soportebuenavista@gmail.com
2026-06-17 15:15:09,734 [INFO] 
[298/330] Sun suite (Barranquilla)
2026-06-17 15:15:09,734 [INFO]   🔍 DDG: "Sun suite" Barranquilla email contacto
2026-06-17 15:15:15,187 [INFO] response: https://www.bing.com/search?q=%22Sun+suite%22+Barranquilla+email+contacto 200
2026-06-17 15:15:19,432 [INFO]   🔍 DDG: "Sun suite" Barranquilla correo reservas
2026-06-17 15:15:19,845 [INFO] response: https://www.bing.com/search?q=%22Sun+suite%22+Barranquilla+correo+reservas 200
2026-06-17 15:15:22,234 [INFO]   🔍 DDG: "Sun suite" colombia hotel "@"
2026-06-17 15:15:22,624 [INFO] response: https://www.bing.com/search?q=%22Sun+suite%22+colombia+hotel+%22%40%22 200
2026-06-17 15:15:26,776 [INFO]   🔗 LinkedIn DDG: "Sun suite" Barranquilla site:linkedin.com/company
2026-06-17 15:15:27,268 [INFO] response: https://www.bing.com/search?q=%22Sun+suite%22+Barranquilla+site%3Alinkedin.com%2Fcompany 200
2026-06-17 15:15:28,347 [INFO] response: https://www.bing.com/search?q=%22Sun+suite%22+Barranquilla+site%3Alinkedin.com%2Fcompany&first=11&FORM=PERE 200
2026-06-17 15:15:29,424 [INFO] response: https://www.bing.com/search?q=%22Sun+suite%22+Barranquilla+site%3Alinkedin.com%2Fcompany&first=21&FORM=PERE1 200
2026-06-17 15:15:30,407 [INFO] response: https://www.bing.com/search?q=%22Sun+suite%22+Barranquilla+site%3Alinkedin.com%2Fcompany&first=31&FORM=PERE2 200
2026-06-17 15:15:31,401 [INFO] response: https://www.bing.com/search?q=%22Sun+suite%22+Barranquilla+site%3Alinkedin.com%2Fcompany&first=41&FORM=PERE3 200
2026-06-17 15:15:34,791 [INFO]   ❌ Sin resultado: Sun suite
2026-06-17 15:15:42,429 [INFO] 
[299/330] Cecil Aparta Estudios (Barranquilla)
2026-06-17 15:15:42,430 [INFO]   🔍 DDG: "Cecil Aparta Estudios" Barranquilla email contacto
2026-06-17 15:15:42,813 [INFO] response: https://www.bing.com/search?q=%22Cecil+Aparta+Estudios%22+Barranquilla+email+contacto 200
2026-06-17 15:15:45,873 [INFO]   🔍 DDG: "Cecil Aparta Estudios" Barranquilla correo reservas
2026-06-17 15:15:46,240 [INFO] response: https://www.bing.com/search?q=%22Cecil+Aparta+Estudios%22+Barranquilla+correo+reservas 200
2026-06-17 15:15:48,707 [INFO]   🔍 DDG: "Cecil Aparta Estudios" colombia hotel "@"
2026-06-17 15:15:48,998 [INFO] response: https://www.bing.com/search?q=%22Cecil+Aparta+Estudios%22+colombia+hotel+%22%40%22 200
2026-06-17 15:15:53,474 [INFO]   🔗 LinkedIn DDG: "Cecil Aparta Estudios" Barranquilla site:linkedin.com/company
2026-06-17 15:15:53,899 [INFO] response: https://www.bing.com/search?q=%22Cecil+Aparta+Estudios%22+Barranquilla+site%3Alinkedin.com%2Fcompany 200
2026-06-17 15:15:54,927 [INFO] response: https://www.bing.com/search?q=%22Cecil+Aparta+Estudios%22+Barranquilla+site%3Alinkedin.com%2Fcompany&first=11&FORM=PERE 200
2026-06-17 15:15:55,980 [INFO] response: https://www.bing.com/search?q=%22Cecil+Aparta+Estudios%22+Barranquilla+site%3Alinkedin.com%2Fcompany&first=21&FORM=PERE1 200
2026-06-17 15:15:57,323 [INFO] response: https://www.bing.com/search?q=%22Cecil+Aparta+Estudios%22+Barranquilla+site%3Alinkedin.com%2Fcompany&first=31&FORM=PERE2 200
2026-06-17 15:15:58,366 [INFO] response: https://www.bing.com/search?q=%22Cecil+Aparta+Estudios%22+Barranquilla+site%3Alinkedin.com%2Fcompany&first=41&FORM=PERE3 200
2026-06-17 15:16:01,982 [INFO]   ❌ Sin resultado: Cecil Aparta Estudios
2026-06-17 15:16:06,600 [INFO] 
[300/330] Aerosuites Silver (Bogota)
2026-06-17 15:16:06,600 [INFO]   🔍 DDG: "Aerosuites Silver" Bogota email contacto
2026-06-17 15:16:06,961 [INFO] response: https://www.bing.com/search?q=%22Aerosuites+Silver%22+Bogota+email+contacto 200
2026-06-17 15:16:10,076 [INFO]   🔍 DDG: "Aerosuites Silver" Bogota correo reservas
2026-06-17 15:16:10,381 [INFO] response: https://www.bing.com/search?q=%22Aerosuites+Silver%22+Bogota+correo+reservas 200
2026-06-17 15:16:11,554 [INFO] response: https://www.bing.com/search?q=%22Aerosuites+Silver%22+Bogota+correo+reservas&first=11&FORM=PERE 200
2026-06-17 15:16:15,886 [INFO]   🔍 DDG: "Aerosuites Silver" colombia hotel "@"
2026-06-17 15:16:16,405 [INFO] response: https://www.bing.com/search?q=%22Aerosuites+Silver%22+colombia+hotel+%22%40%22 200
2026-06-17 15:16:18,750 [INFO]   🌐 Visitando (DDG): https://www.mercadolivre.com.br/
2026-06-17 15:16:40,231 [INFO]   🌐 Visitando (DDG): https://www.mercadolivre.com.br/loja/mercado-livre]
2026-06-17 15:16:53,425 [INFO]   🌐 Visitando (DDG): https://www.mercadolibre.com/
2026-06-17 15:17:04,101 [INFO]   🔗 LinkedIn DDG: "Aerosuites Silver" Bogota site:linkedin.com/company
2026-06-17 15:17:04,509 [INFO] response: https://www.bing.com/search?q=%22Aerosuites+Silver%22+Bogota+site%3Alinkedin.com%2Fcompany 200
2026-06-17 15:17:05,597 [INFO] response: https://www.bing.com/search?q=%22Aerosuites+Silver%22+Bogota+site%3Alinkedin.com%2Fcompany&first=11&FORM=PERE 200
2026-06-17 15:17:06,605 [INFO] response: https://www.bing.com/search?q=%22Aerosuites+Silver%22+Bogota+site%3Alinkedin.com%2Fcompany&first=21&FORM=PERE1 200
2026-06-17 15:17:07,637 [INFO] response: https://www.bing.com/search?q=%22Aerosuites+Silver%22+Bogota+site%3Alinkedin.com%2Fcompany&first=31&FORM=PERE2 200
2026-06-17 15:17:08,799 [INFO] response: https://www.bing.com/search?q=%22Aerosuites+Silver%22+Bogota+site%3Alinkedin.com%2Fcompany&first=41&FORM=PERE3 200
2026-06-17 15:17:12,124 [INFO]   ❌ Sin resultado: Aerosuites Silver
2026-06-17 15:17:12,125 [INFO]   📊 Progreso 300/330 | Emails: 98 | Webs: 11 | Sin resultado: 191
2026-06-17 15:17:16,186 [INFO] 
[301/330] Hotel Santa Bárbara Usaquén Inn (Bogota)
2026-06-17 15:17:16,187 [INFO]   🔍 DDG: "Hotel Santa Bárbara Usaquén Inn" Bogota email contacto
2026-06-17 15:17:16,642 [INFO] response: https://www.bing.com/search?q=%22Hotel+Santa+B%C3%A1rbara+Usaqu%C3%A9n+Inn%22+Bogota+email+contacto 200
2026-06-17 15:17:18,741 [INFO]   🔍 DDG: "Hotel Santa Bárbara Usaquén Inn" Bogota correo reservas
2026-06-17 15:17:19,121 [INFO] response: https://www.bing.com/search?q=%22Hotel+Santa+B%C3%A1rbara+Usaqu%C3%A9n+Inn%22+Bogota+correo+reservas 200
2026-06-17 15:17:23,489 [INFO]   🔍 DDG: "Hotel Santa Bárbara Usaquén Inn" colombia hotel "@"
2026-06-17 15:17:23,994 [INFO] response: https://www.bing.com/search?q=%22Hotel+Santa+B%C3%A1rbara+Usaqu%C3%A9n+Inn%22+colombia+hotel+%22%40%22 200
2026-06-17 15:17:26,424 [INFO]   🌐 Visitando (DDG): https://www.hodelpa.com/
2026-06-17 15:17:26,778 [INFO]   ✅ Email en web DDG: reservas@hodelpa.com
2026-06-17 15:17:31,595 [INFO] 
[302/330] Villa Suite Emanuel (Bogota)
2026-06-17 15:17:31,597 [INFO]   🔍 DDG: "Villa Suite Emanuel" Bogota email contacto
2026-06-17 15:17:32,001 [INFO] response: https://www.bing.com/search?q=%22Villa+Suite+Emanuel%22+Bogota+email+contacto 200
2026-06-17 15:17:35,042 [INFO]   🔍 DDG: "Villa Suite Emanuel" Bogota correo reservas
2026-06-17 15:17:35,474 [INFO] response: https://www.bing.com/search?q=%22Villa+Suite+Emanuel%22+Bogota+correo+reservas 200
2026-06-17 15:17:38,859 [INFO]   🔍 DDG: "Villa Suite Emanuel" colombia hotel "@"
2026-06-17 15:17:39,368 [INFO] response: https://www.bing.com/search?q=%22Villa+Suite+Emanuel%22+colombia+hotel+%22%40%22 200
2026-06-17 15:17:42,224 [INFO]   🌐 Visitando (DDG): https://www.lagranjavilla.com/
2026-06-17 15:17:52,798 [INFO]   ✅ Email en web DDG: atencionalcliente@lagranjavilla.com
2026-06-17 15:17:59,282 [INFO] 
[303/330] HOTEL EL SOL BOGOTA (Bogota)
2026-06-17 15:17:59,282 [INFO]   🔍 DDG: "HOTEL EL SOL BOGOTA" Bogota email contacto
2026-06-17 15:17:59,764 [INFO] response: https://www.bing.com/search?q=%22HOTEL+EL+SOL+BOGOTA%22+Bogota+email+contacto 200
2026-06-17 15:18:03,993 [INFO]   🔍 DDG: "HOTEL EL SOL BOGOTA" Bogota correo reservas
2026-06-17 15:18:04,427 [INFO] response: https://www.bing.com/search?q=%22HOTEL+EL+SOL+BOGOTA%22+Bogota+correo+reservas 200
2026-06-17 15:18:06,566 [INFO]   🔍 DDG: "HOTEL EL SOL BOGOTA" colombia hotel "@"
2026-06-17 15:18:07,002 [INFO] response: https://www.bing.com/search?q=%22HOTEL+EL+SOL+BOGOTA%22+colombia+hotel+%22%40%22 200
2026-06-17 15:18:10,690 [INFO]   🔗 LinkedIn DDG: "HOTEL EL SOL BOGOTA" Bogota site:linkedin.com/company
2026-06-17 15:18:11,180 [INFO] response: https://www.bing.com/search?q=%22HOTEL+EL+SOL+BOGOTA%22+Bogota+site%3Alinkedin.com%2Fcompany 200
2026-06-17 15:18:12,233 [INFO] response: https://www.bing.com/search?q=%22HOTEL+EL+SOL+BOGOTA%22+Bogota+site%3Alinkedin.com%2Fcompany&first=11&FORM=PERE 200
2026-06-17 15:18:13,223 [INFO] response: https://www.bing.com/search?q=%22HOTEL+EL+SOL+BOGOTA%22+Bogota+site%3Alinkedin.com%2Fcompany&first=21&FORM=PERE1 200
2026-06-17 15:18:14,257 [INFO] response: https://www.bing.com/search?q=%22HOTEL+EL+SOL+BOGOTA%22+Bogota+site%3Alinkedin.com%2Fcompany&first=31&FORM=PERE2 200
2026-06-17 15:18:15,289 [INFO] response: https://www.bing.com/search?q=%22HOTEL+EL+SOL+BOGOTA%22+Bogota+site%3Alinkedin.com%2Fcompany&first=41&FORM=PERE3 200
2026-06-17 15:18:17,558 [INFO]   ❌ Sin resultado: HOTEL EL SOL BOGOTA
2026-06-17 15:18:22,195 [INFO] 
[304/330] Hotel Bestmark Platino (Bogota)
2026-06-17 15:18:22,196 [INFO]   🔍 DDG: "Hotel Bestmark Platino" Bogota email contacto
2026-06-17 15:18:22,504 [INFO] response: https://www.bing.com/search?q=%22Hotel+Bestmark+Platino%22+Bogota+email+contacto 200
2026-06-17 15:18:25,300 [INFO]   🔍 DDG: "Hotel Bestmark Platino" Bogota correo reservas
2026-06-17 15:18:25,815 [INFO] response: https://www.bing.com/search?q=%22Hotel+Bestmark+Platino%22+Bogota+correo+reservas 200
2026-06-17 15:18:29,826 [INFO]   🔍 DDG: "Hotel Bestmark Platino" colombia hotel "@"
2026-06-17 15:18:30,206 [INFO] response: https://www.bing.com/search?q=%22Hotel+Bestmark+Platino%22+colombia+hotel+%22%40%22 200
2026-06-17 15:18:34,975 [INFO]   🌐 Visitando (DDG): https://www.hodelpa.com/
2026-06-17 15:18:35,159 [INFO]   ✅ Email en web DDG: reservas@hodelpa.com
2026-06-17 15:18:43,085 [INFO] 
[305/330] Noah Boutique Hostels Bogota (Bogota)
2026-06-17 15:18:43,085 [INFO]   🔍 DDG: "Noah Boutique Hostels Bogota" Bogota email contacto
2026-06-17 15:18:43,468 [INFO] response: https://www.bing.com/search?q=%22Noah+Boutique+Hostels+Bogota%22+Bogota+email+contacto 200
2026-06-17 15:18:44,587 [INFO] response: https://www.bing.com/search?q=%22Noah+Boutique+Hostels+Bogota%22+Bogota+email+contacto&first=11&FORM=PERE 200
2026-06-17 15:18:45,556 [INFO] response: https://www.bing.com/search?q=%22Noah+Boutique+Hostels+Bogota%22+Bogota+email+contacto&first=21&FORM=PERE1 200
2026-06-17 15:18:46,527 [INFO] response: https://www.bing.com/search?q=%22Noah+Boutique+Hostels+Bogota%22+Bogota+email+contacto&first=31&FORM=PERE2 200
2026-06-17 15:18:47,608 [INFO] response: https://www.bing.com/search?q=%22Noah+Boutique+Hostels+Bogota%22+Bogota+email+contacto&first=41&FORM=PERE3 200
2026-06-17 15:18:51,942 [INFO]   🔍 DDG: "Noah Boutique Hostels Bogota" Bogota correo reservas
2026-06-17 15:18:52,330 [INFO] response: https://www.bing.com/search?q=%22Noah+Boutique+Hostels+Bogota%22+Bogota+correo+reservas 200
2026-06-17 15:18:56,717 [INFO]   🔍 DDG: "Noah Boutique Hostels Bogota" colombia hotel "@"
2026-06-17 15:18:57,151 [INFO] response: https://www.bing.com/search?q=%22Noah+Boutique+Hostels+Bogota%22+colombia+hotel+%22%40%22 200
2026-06-17 15:18:59,458 [INFO]   🌐 Visitando (DDG): https://www.imdb.com/title/tt1959490/
2026-06-17 15:19:11,223 [INFO]   🔗 LinkedIn DDG: "Noah Boutique Hostels Bogota" Bogota site:linkedin.com/company
2026-06-17 15:19:11,740 [INFO] response: https://www.bing.com/search?q=%22Noah+Boutique+Hostels+Bogota%22+Bogota+site%3Alinkedin.com%2Fcompany 200
2026-06-17 15:19:12,803 [INFO] response: https://www.bing.com/search?q=%22Noah+Boutique+Hostels+Bogota%22+Bogota+site%3Alinkedin.com%2Fcompany&first=11&FORM=PERE 200
2026-06-17 15:19:13,833 [INFO] response: https://www.bing.com/search?q=%22Noah+Boutique+Hostels+Bogota%22+Bogota+site%3Alinkedin.com%2Fcompany&first=21&FORM=PERE1 200
2026-06-17 15:19:14,885 [INFO] response: https://www.bing.com/search?q=%22Noah+Boutique+Hostels+Bogota%22+Bogota+site%3Alinkedin.com%2Fcompany&first=31&FORM=PERE2 200
2026-06-17 15:19:15,940 [INFO] response: https://www.bing.com/search?q=%22Noah+Boutique+Hostels+Bogota%22+Bogota+site%3Alinkedin.com%2Fcompany&first=41&FORM=PERE3 200
2026-06-17 15:19:19,072 [INFO]   ❌ Sin resultado: Noah Boutique Hostels Bogota
2026-06-17 15:19:23,672 [INFO] 
[306/330] Hotel Arena Suites Bogota (Bogota)
2026-06-17 15:19:23,672 [INFO]   🔍 DDG: "Hotel Arena Suites Bogota" Bogota email contacto
2026-06-17 15:19:24,123 [INFO] response: https://www.bing.com/search?q=%22Hotel+Arena+Suites+Bogota%22+Bogota+email+contacto 200
2026-06-17 15:19:28,654 [INFO]   🔍 DDG: "Hotel Arena Suites Bogota" Bogota correo reservas
2026-06-17 15:19:29,114 [INFO] response: https://www.bing.com/search?q=%22Hotel+Arena+Suites+Bogota%22+Bogota+correo+reservas 200
2026-06-17 15:19:31,807 [INFO]   🔍 DDG: "Hotel Arena Suites Bogota" colombia hotel "@"
2026-06-17 15:19:32,203 [INFO] response: https://www.bing.com/search?q=%22Hotel+Arena+Suites+Bogota%22+colombia+hotel+%22%40%22 200
2026-06-17 15:19:34,719 [INFO]   🌐 Visitando (DDG): https://www.hodelpa.com/
2026-06-17 15:19:34,905 [INFO]   ✅ Email en web DDG: reservas@hodelpa.com
2026-06-17 15:19:39,189 [INFO] 
[307/330] Ferias Park Hotel, Bogota (Bogota)
2026-06-17 15:19:39,190 [INFO]   🔍 DDG: "Ferias Park Hotel, Bogota" Bogota email contacto
2026-06-17 15:19:44,612 [INFO] response: https://www.bing.com/search?q=%22Ferias+Park+Hotel%2C+Bogota%22+Bogota+email+contacto 200
2026-06-17 15:19:48,874 [INFO]   🔍 DDG: "Ferias Park Hotel, Bogota" Bogota correo reservas
2026-06-17 15:19:49,332 [INFO] response: https://www.bing.com/search?q=%22Ferias+Park+Hotel%2C+Bogota%22+Bogota+correo+reservas 200
2026-06-17 15:19:51,701 [INFO]   🔍 DDG: "Ferias Park Hotel, Bogota" colombia hotel "@"
2026-06-17 15:19:57,057 [INFO] response: https://www.bing.com/search?q=%22Ferias+Park+Hotel%2C+Bogota%22+colombia+hotel+%22%40%22 200
2026-06-17 15:20:00,830 [INFO]   🔗 LinkedIn DDG: "Ferias Park Hotel, Bogota" Bogota site:linkedin.com/company
2026-06-17 15:20:01,271 [INFO] response: https://www.bing.com/search?q=%22Ferias+Park+Hotel%2C+Bogota%22+Bogota+site%3Alinkedin.com%2Fcompany 200
2026-06-17 15:20:02,256 [INFO] response: https://www.bing.com/search?q=%22Ferias+Park+Hotel%2C+Bogota%22+Bogota+site%3Alinkedin.com%2Fcompany&first=11&FORM=PERE 200
2026-06-17 15:20:03,297 [INFO] response: https://www.bing.com/search?q=%22Ferias+Park+Hotel%2C+Bogota%22+Bogota+site%3Alinkedin.com%2Fcompany&first=21&FORM=PERE1 200
2026-06-17 15:20:04,438 [INFO] response: https://www.bing.com/search?q=%22Ferias+Park+Hotel%2C+Bogota%22+Bogota+site%3Alinkedin.com%2Fcompany&first=31&FORM=PERE2 200
2026-06-17 15:20:05,505 [INFO] response: https://www.bing.com/search?q=%22Ferias+Park+Hotel%2C+Bogota%22+Bogota+site%3Alinkedin.com%2Fcompany&first=41&FORM=PERE3 200
2026-06-17 15:20:08,331 [INFO]   ❌ Sin resultado: Ferias Park Hotel, Bogota
2026-06-17 15:20:12,938 [INFO] 
[308/330] North House Hostel (Bogota)
2026-06-17 15:20:12,939 [INFO]   🔍 DDG: "North House Hostel" Bogota email contacto
2026-06-17 15:20:13,258 [INFO] response: https://www.bing.com/search?q=%22North+House+Hostel%22+Bogota+email+contacto 200
2026-06-17 15:20:15,821 [INFO]   🔍 DDG: "North House Hostel" Bogota correo reservas
2026-06-17 15:20:16,290 [INFO] response: https://www.bing.com/search?q=%22North+House+Hostel%22+Bogota+correo+reservas 200
2026-06-17 15:20:19,123 [INFO]   🔍 DDG: "North House Hostel" colombia hotel "@"
2026-06-17 15:20:20,751 [INFO] response: https://www.bing.com/search?q=%22North+House+Hostel%22+colombia+hotel+%22%40%22 200
2026-06-17 15:20:24,984 [INFO]   🌐 Visitando (DDG): https://www.thenorthface.com.pe/
2026-06-17 15:20:55,660 [INFO]   🌐 Visitando (DDG): https://compuempresa.com/info/north-nutrition-supplements-rn-eirl-FE577613F6F54B14
2026-06-17 15:21:11,069 [INFO]   🌐 Visitando (DDG): https://compuempresa.com/info/north-peruvian-services-srl-D92FAF5A3A338954
2026-06-17 15:21:27,145 [INFO]   🔗 LinkedIn DDG: "North House Hostel" Bogota site:linkedin.com/company
2026-06-17 15:21:32,479 [INFO] response: https://www.bing.com/search?q=%22North+House+Hostel%22+Bogota+site%3Alinkedin.com%2Fcompany 200
2026-06-17 15:21:33,511 [INFO] response: https://www.bing.com/search?q=%22North+House+Hostel%22+Bogota+site%3Alinkedin.com%2Fcompany&first=11&FORM=PERE 200
2026-06-17 15:21:34,777 [INFO] response: https://www.bing.com/search?q=%22North+House+Hostel%22+Bogota+site%3Alinkedin.com%2Fcompany&first=21&FORM=PERE1 200
2026-06-17 15:21:35,790 [INFO] response: https://www.bing.com/search?q=%22North+House+Hostel%22+Bogota+site%3Alinkedin.com%2Fcompany&first=31&FORM=PERE2 200
2026-06-17 15:21:36,838 [INFO] response: https://www.bing.com/search?q=%22North+House+Hostel%22+Bogota+site%3Alinkedin.com%2Fcompany&first=41&FORM=PERE3 200
2026-06-17 15:21:39,707 [INFO]   ❌ Sin resultado: North House Hostel
2026-06-17 15:21:46,537 [INFO] 
[309/330] A Bogota On Holidays (Bogota)
2026-06-17 15:21:46,539 [INFO]   🔍 DDG: "A Bogota On Holidays" Bogota email contacto
2026-06-17 15:21:46,975 [INFO] response: https://www.bing.com/search?q=%22A+Bogota+On+Holidays%22+Bogota+email+contacto 200
2026-06-17 15:21:49,482 [INFO]   🔍 DDG: "A Bogota On Holidays" Bogota correo reservas
2026-06-17 15:21:49,994 [INFO] response: https://www.bing.com/search?q=%22A+Bogota+On+Holidays%22+Bogota+correo+reservas 200
2026-06-17 15:21:52,770 [INFO]   🔍 DDG: "A Bogota On Holidays" colombia hotel "@"
2026-06-17 15:21:53,218 [INFO] response: https://www.bing.com/search?q=%22A+Bogota+On+Holidays%22+colombia+hotel+%22%40%22 200
2026-06-17 15:21:56,008 [INFO]   🌐 Visitando (DDG): https://www.rae.es/dpd/a
2026-06-17 15:22:04,146 [INFO]   ✅ Email en web DDG: biblioteca@rae.es
2026-06-17 15:22:11,929 [INFO] 
[310/330] Hotel Bogotá House (Bogota)
2026-06-17 15:22:11,931 [INFO]   🔍 DDG: "Hotel Bogotá House" Bogota email contacto
2026-06-17 15:22:12,442 [INFO] response: https://www.bing.com/search?q=%22Hotel+Bogot%C3%A1+House%22+Bogota+email+contacto 200
2026-06-17 15:22:15,991 [INFO]   🔍 DDG: "Hotel Bogotá House" Bogota correo reservas
2026-06-17 15:22:16,365 [INFO] response: https://www.bing.com/search?q=%22Hotel+Bogot%C3%A1+House%22+Bogota+correo+reservas 200
2026-06-17 15:22:20,592 [INFO]   🔍 DDG: "Hotel Bogotá House" colombia hotel "@"
2026-06-17 15:22:20,884 [INFO] response: https://www.bing.com/search?q=%22Hotel+Bogot%C3%A1+House%22+colombia+hotel+%22%40%22 200
2026-06-17 15:22:24,085 [INFO]   🔗 LinkedIn DDG: "Hotel Bogotá House" Bogota site:linkedin.com/company
2026-06-17 15:22:29,492 [INFO] response: https://www.bing.com/search?q=%22Hotel+Bogot%C3%A1+House%22+Bogota+site%3Alinkedin.com%2Fcompany 200
2026-06-17 15:22:30,518 [INFO] response: https://www.bing.com/search?q=%22Hotel+Bogot%C3%A1+House%22+Bogota+site%3Alinkedin.com%2Fcompany&first=11&FORM=PERE 200
2026-06-17 15:22:31,641 [INFO] response: https://www.bing.com/search?q=%22Hotel+Bogot%C3%A1+House%22+Bogota+site%3Alinkedin.com%2Fcompany&first=21&FORM=PERE1 200
2026-06-17 15:22:32,667 [INFO] response: https://www.bing.com/search?q=%22Hotel+Bogot%C3%A1+House%22+Bogota+site%3Alinkedin.com%2Fcompany&first=31&FORM=PERE2 200
2026-06-17 15:22:33,691 [INFO] response: https://www.bing.com/search?q=%22Hotel+Bogot%C3%A1+House%22+Bogota+site%3Alinkedin.com%2Fcompany&first=41&FORM=PERE3 200
2026-06-17 15:22:36,229 [INFO]   ❌ Sin resultado: Hotel Bogotá House
2026-06-17 15:22:36,231 [INFO]   📊 Progreso 310/330 | Emails: 103 | Webs: 11 | Sin resultado: 196
2026-06-17 15:22:41,785 [INFO] 
[311/330] Hotel de la Salle (Bogota)
2026-06-17 15:22:41,786 [INFO]   🔍 DDG: "Hotel de la Salle" Bogota email contacto
2026-06-17 15:22:47,134 [INFO] response: https://www.bing.com/search?q=%22Hotel+de+la+Salle%22+Bogota+email+contacto 200
2026-06-17 15:22:48,165 [INFO] response: https://www.bing.com/search?q=%22Hotel+de+la+Salle%22+Bogota+email+contacto&first=11&FORM=PERE 200
2026-06-17 15:22:49,398 [INFO] response: https://www.bing.com/search?q=%22Hotel+de+la+Salle%22+Bogota+email+contacto&first=21&FORM=PERE1 200
2026-06-17 15:22:50,384 [INFO] response: https://www.bing.com/search?q=%22Hotel+de+la+Salle%22+Bogota+email+contacto&first=31&FORM=PERE2 200
2026-06-17 15:22:51,434 [INFO] response: https://www.bing.com/search?q=%22Hotel+de+la+Salle%22+Bogota+email+contacto&first=41&FORM=PERE3 200
2026-06-17 15:22:54,089 [INFO]   🔍 DDG: "Hotel de la Salle" Bogota correo reservas
2026-06-17 15:22:54,542 [INFO] response: https://www.bing.com/search?q=%22Hotel+de+la+Salle%22+Bogota+correo+reservas 200
2026-06-17 15:22:57,760 [INFO]   🔍 DDG: "Hotel de la Salle" colombia hotel "@"
2026-06-17 15:22:58,098 [INFO] response: https://www.bing.com/search?q=%22Hotel+de+la+Salle%22+colombia+hotel+%22%40%22 200
2026-06-17 15:23:02,209 [INFO]   🌐 Visitando (DDG): https://www.hodelpa.com/
2026-06-17 15:23:02,419 [INFO]   ✅ Email en web DDG: reservas@hodelpa.com
2026-06-17 15:23:06,950 [INFO] 
[312/330] Niza Colonial (Bogota)
2026-06-17 15:23:06,952 [INFO]   🔍 DDG: "Niza Colonial" Bogota email contacto
2026-06-17 15:23:07,429 [INFO] response: https://www.bing.com/search?q=%22Niza+Colonial%22+Bogota+email+contacto 200
2026-06-17 15:23:10,345 [INFO]   🔍 DDG: "Niza Colonial" Bogota correo reservas
2026-06-17 15:23:10,730 [INFO] response: https://www.bing.com/search?q=%22Niza+Colonial%22+Bogota+correo+reservas 200
2026-06-17 15:23:12,938 [INFO]   🔍 DDG: "Niza Colonial" colombia hotel "@"
2026-06-17 15:23:18,506 [INFO] response: https://www.bing.com/search?q=%22Niza+Colonial%22+colombia+hotel+%22%40%22 200
2026-06-17 15:23:20,862 [INFO]   🔗 LinkedIn DDG: "Niza Colonial" Bogota site:linkedin.com/company
2026-06-17 15:23:21,217 [INFO] response: https://www.bing.com/search?q=%22Niza+Colonial%22+Bogota+site%3Alinkedin.com%2Fcompany 200
2026-06-17 15:23:22,223 [INFO] response: https://www.bing.com/search?q=%22Niza+Colonial%22+Bogota+site%3Alinkedin.com%2Fcompany&first=11&FORM=PERE 200
2026-06-17 15:23:23,307 [INFO] response: https://www.bing.com/search?q=%22Niza+Colonial%22+Bogota+site%3Alinkedin.com%2Fcompany&first=21&FORM=PERE1 200
2026-06-17 15:23:24,337 [INFO] response: https://www.bing.com/search?q=%22Niza+Colonial%22+Bogota+site%3Alinkedin.com%2Fcompany&first=31&FORM=PERE2 200
2026-06-17 15:23:25,339 [INFO] response: https://www.bing.com/search?q=%22Niza+Colonial%22+Bogota+site%3Alinkedin.com%2Fcompany&first=41&FORM=PERE3 200
2026-06-17 15:23:28,760 [INFO]   ❌ Sin resultado: Niza Colonial
2026-06-17 15:23:34,503 [INFO] 
[313/330] STAY IN BOGOTÁ (Bogota)
2026-06-17 15:23:34,504 [INFO]   🔍 DDG: "STAY IN BOGOTÁ" Bogota email contacto
2026-06-17 15:23:34,813 [INFO] response: https://www.bing.com/search?q=%22STAY+IN+BOGOT%C3%81%22+Bogota+email+contacto 200
2026-06-17 15:23:38,638 [INFO]   🔍 DDG: "STAY IN BOGOTÁ" Bogota correo reservas
2026-06-17 15:23:38,971 [INFO] response: https://www.bing.com/search?q=%22STAY+IN+BOGOT%C3%81%22+Bogota+correo+reservas 200
2026-06-17 15:23:42,420 [INFO]   🔍 DDG: "STAY IN BOGOTÁ" colombia hotel "@"
2026-06-17 15:23:47,860 [INFO] response: https://www.bing.com/search?q=%22STAY+IN+BOGOT%C3%81%22+colombia+hotel+%22%40%22 200
2026-06-17 15:23:51,754 [INFO]   🌐 Visitando (DDG): https://www.letras.com/the-kid-laroi/stay/traduccion.html
2026-06-17 15:24:05,869 [INFO]   🌐 Visitando (DDG): https://www.stay-app.com/es/
2026-06-17 15:24:55,872 [INFO]   🌐 Visitando (DDG): https://www.letras.com/justin-bieber/stay-feat-the-kid-laroi/
2026-06-17 15:25:06,837 [INFO]   🔗 LinkedIn DDG: "STAY IN BOGOTÁ" Bogota site:linkedin.com/company
2026-06-17 15:25:07,242 [INFO] response: https://www.bing.com/search?q=%22STAY+IN+BOGOT%C3%81%22+Bogota+site%3Alinkedin.com%2Fcompany 200
2026-06-17 15:25:08,321 [INFO] response: https://www.bing.com/search?q=%22STAY+IN+BOGOT%C3%81%22+Bogota+site%3Alinkedin.com%2Fcompany&first=11&FORM=PERE 200
2026-06-17 15:25:09,385 [INFO] response: https://www.bing.com/search?q=%22STAY+IN+BOGOT%C3%81%22+Bogota+site%3Alinkedin.com%2Fcompany&first=21&FORM=PERE1 200
2026-06-17 15:25:10,355 [INFO] response: https://www.bing.com/search?q=%22STAY+IN+BOGOT%C3%81%22+Bogota+site%3Alinkedin.com%2Fcompany&first=31&FORM=PERE2 200
2026-06-17 15:25:11,391 [INFO] response: https://www.bing.com/search?q=%22STAY+IN+BOGOT%C3%81%22+Bogota+site%3Alinkedin.com%2Fcompany&first=41&FORM=PERE3 200
2026-06-17 15:25:15,056 [INFO]   ❌ Sin resultado: STAY IN BOGOTÁ
2026-06-17 15:25:22,835 [INFO] 
[314/330] hotel parkway inn 58street (Bogota)
2026-06-17 15:25:22,835 [INFO]   🔍 DDG: "hotel parkway inn 58street" Bogota email contacto
2026-06-17 15:25:28,197 [INFO] response: https://www.bing.com/search?q=%22hotel+parkway+inn+58street%22+Bogota+email+contacto 200
2026-06-17 15:25:32,313 [INFO]   🔍 DDG: "hotel parkway inn 58street" Bogota correo reservas
2026-06-17 15:25:32,716 [INFO] response: https://www.bing.com/search?q=%22hotel+parkway+inn+58street%22+Bogota+correo+reservas 200
2026-06-17 15:25:35,145 [INFO]   🔍 DDG: "hotel parkway inn 58street" colombia hotel "@"
2026-06-17 15:25:35,551 [INFO] response: https://www.bing.com/search?q=%22hotel+parkway+inn+58street%22+colombia+hotel+%22%40%22 200
2026-06-17 15:25:38,962 [INFO]   🌐 Visitando (DDG): https://www.hodelpa.com/
2026-06-17 15:25:39,140 [INFO]   ✅ Email en web DDG: reservas@hodelpa.com
2026-06-17 15:25:45,115 [INFO] 
[315/330] Hotel calle 100 (Bogota)
2026-06-17 15:25:45,115 [INFO]   🔍 DDG: "Hotel calle 100" Bogota email contacto
2026-06-17 15:25:45,603 [INFO] response: https://www.bing.com/search?q=%22Hotel+calle+100%22+Bogota+email+contacto 200
2026-06-17 15:25:47,866 [INFO]   🔍 DDG: "Hotel calle 100" Bogota correo reservas
2026-06-17 15:25:53,213 [INFO] response: https://www.bing.com/search?q=%22Hotel+calle+100%22+Bogota+correo+reservas 200
2026-06-17 15:25:55,748 [INFO]   🔍 DDG: "Hotel calle 100" colombia hotel "@"
2026-06-17 15:25:56,168 [INFO] response: https://www.bing.com/search?q=%22Hotel+calle+100%22+colombia+hotel+%22%40%22 200
2026-06-17 15:25:59,620 [INFO]   🌐 Visitando (DDG): https://www.hodelpa.com/
2026-06-17 15:25:59,811 [INFO]   ✅ Email en web DDG: reservas@hodelpa.com
2026-06-17 15:26:04,668 [INFO] 
[316/330] Hotel Casa La Riviera (Bogota)
2026-06-17 15:26:04,669 [INFO]   🔍 DDG: "Hotel Casa La Riviera" Bogota email contacto
2026-06-17 15:26:04,987 [INFO] response: https://www.bing.com/search?q=%22Hotel+Casa+La+Riviera%22+Bogota+email+contacto 200
2026-06-17 15:26:09,109 [INFO]   🔍 DDG: "Hotel Casa La Riviera" Bogota correo reservas
2026-06-17 15:26:09,451 [INFO] response: https://www.bing.com/search?q=%22Hotel+Casa+La+Riviera%22+Bogota+correo+reservas 200
2026-06-17 15:26:13,148 [INFO]   🔍 DDG: "Hotel Casa La Riviera" colombia hotel "@"
2026-06-17 15:26:13,512 [INFO] response: https://www.bing.com/search?q=%22Hotel+Casa+La+Riviera%22+colombia+hotel+%22%40%22 200
2026-06-17 15:26:17,264 [INFO]   🔗 LinkedIn DDG: "Hotel Casa La Riviera" Bogota site:linkedin.com/company
2026-06-17 15:26:18,474 [INFO] response: https://www.bing.com/search?q=%22Hotel+Casa+La+Riviera%22+Bogota+site%3Alinkedin.com%2Fcompany 200
2026-06-17 15:26:19,578 [INFO] response: https://www.bing.com/search?q=%22Hotel+Casa+La+Riviera%22+Bogota+site%3Alinkedin.com%2Fcompany&first=11&FORM=PERE 200
2026-06-17 15:26:20,604 [INFO] response: https://www.bing.com/search?q=%22Hotel+Casa+La+Riviera%22+Bogota+site%3Alinkedin.com%2Fcompany&first=21&FORM=PERE1 200
2026-06-17 15:26:21,694 [INFO] response: https://www.bing.com/search?q=%22Hotel+Casa+La+Riviera%22+Bogota+site%3Alinkedin.com%2Fcompany&first=31&FORM=PERE2 200
2026-06-17 15:26:22,725 [INFO] response: https://www.bing.com/search?q=%22Hotel+Casa+La+Riviera%22+Bogota+site%3Alinkedin.com%2Fcompany&first=41&FORM=PERE3 200
2026-06-17 15:26:25,694 [INFO]   ❌ Sin resultado: Hotel Casa La Riviera
2026-06-17 15:26:33,101 [INFO] 
[317/330] Hotel Nuevo Siboney (Bogota)
2026-06-17 15:26:33,102 [INFO]   🔍 DDG: "Hotel Nuevo Siboney" Bogota email contacto
2026-06-17 15:26:33,489 [INFO] response: https://www.bing.com/search?q=%22Hotel+Nuevo+Siboney%22+Bogota+email+contacto 200
2026-06-17 15:26:35,797 [INFO]   🔍 DDG: "Hotel Nuevo Siboney" Bogota correo reservas
2026-06-17 15:26:36,122 [INFO] response: https://www.bing.com/search?q=%22Hotel+Nuevo+Siboney%22+Bogota+correo+reservas 200
2026-06-17 15:26:39,184 [INFO]   🔍 DDG: "Hotel Nuevo Siboney" colombia hotel "@"
2026-06-17 15:26:39,550 [INFO] response: https://www.bing.com/search?q=%22Hotel+Nuevo+Siboney%22+colombia+hotel+%22%40%22 200
2026-06-17 15:26:44,084 [INFO]   🔗 LinkedIn DDG: "Hotel Nuevo Siboney" Bogota site:linkedin.com/company
2026-06-17 15:26:44,458 [INFO] response: https://www.bing.com/search?q=%22Hotel+Nuevo+Siboney%22+Bogota+site%3Alinkedin.com%2Fcompany 200
2026-06-17 15:26:45,577 [INFO] response: https://www.bing.com/search?q=%22Hotel+Nuevo+Siboney%22+Bogota+site%3Alinkedin.com%2Fcompany&first=11&FORM=PERE 200
2026-06-17 15:26:46,625 [INFO] response: https://www.bing.com/search?q=%22Hotel+Nuevo+Siboney%22+Bogota+site%3Alinkedin.com%2Fcompany&first=21&FORM=PERE1 200
2026-06-17 15:26:47,608 [INFO] response: https://www.bing.com/search?q=%22Hotel+Nuevo+Siboney%22+Bogota+site%3Alinkedin.com%2Fcompany&first=31&FORM=PERE2 200
2026-06-17 15:26:48,758 [INFO] response: https://www.bing.com/search?q=%22Hotel+Nuevo+Siboney%22+Bogota+site%3Alinkedin.com%2Fcompany&first=41&FORM=PERE3 200
2026-06-17 15:26:52,822 [INFO]   ❌ Sin resultado: Hotel Nuevo Siboney
2026-06-17 15:26:59,586 [INFO] 
[318/330] Hotel HTL (Bogota)
2026-06-17 15:26:59,587 [INFO]   🔍 DDG: "Hotel HTL" Bogota email contacto
2026-06-17 15:27:00,050 [INFO] response: https://www.bing.com/search?q=%22Hotel+HTL%22+Bogota+email+contacto 200
2026-06-17 15:27:03,389 [INFO]   🔍 DDG: "Hotel HTL" Bogota correo reservas
2026-06-17 15:27:08,702 [INFO] response: https://www.bing.com/search?q=%22Hotel+HTL%22+Bogota+correo+reservas 200
2026-06-17 15:27:11,423 [INFO]   🔍 DDG: "Hotel HTL" colombia hotel "@"
2026-06-17 15:27:11,807 [INFO] response: https://www.bing.com/search?q=%22Hotel+HTL%22+colombia+hotel+%22%40%22 200
2026-06-17 15:27:16,301 [INFO]   🌐 Visitando (DDG): https://www.hodelpa.com/
2026-06-17 15:27:16,592 [INFO]   ✅ Email en web DDG: reservas@hodelpa.com
2026-06-17 15:27:23,005 [INFO] 
[319/330] Hotel Ariston Embassy (Bogota)
2026-06-17 15:27:23,005 [INFO]   🔍 DDG: "Hotel Ariston Embassy" Bogota email contacto
2026-06-17 15:27:23,313 [INFO] response: https://www.bing.com/search?q=%22Hotel+Ariston+Embassy%22+Bogota+email+contacto 200
2026-06-17 15:27:25,605 [INFO]   🔍 DDG: "Hotel Ariston Embassy" Bogota correo reservas
2026-06-17 15:27:30,995 [INFO] response: https://www.bing.com/search?q=%22Hotel+Ariston+Embassy%22+Bogota+correo+reservas 200
2026-06-17 15:27:34,233 [INFO]   🔍 DDG: "Hotel Ariston Embassy" colombia hotel "@"
2026-06-17 15:27:39,630 [INFO] response: https://www.bing.com/search?q=%22Hotel+Ariston+Embassy%22+colombia+hotel+%22%40%22 200
2026-06-17 15:27:43,202 [INFO]   🔗 LinkedIn DDG: "Hotel Ariston Embassy" Bogota site:linkedin.com/company
2026-06-17 15:27:43,613 [INFO] response: https://www.bing.com/search?q=%22Hotel+Ariston+Embassy%22+Bogota+site%3Alinkedin.com%2Fcompany 200
2026-06-17 15:27:44,722 [INFO] response: https://www.bing.com/search?q=%22Hotel+Ariston+Embassy%22+Bogota+site%3Alinkedin.com%2Fcompany&first=11&FORM=PERE 200
2026-06-17 15:27:45,821 [INFO] response: https://www.bing.com/search?q=%22Hotel+Ariston+Embassy%22+Bogota+site%3Alinkedin.com%2Fcompany&first=21&FORM=PERE1 200
2026-06-17 15:27:46,953 [INFO] response: https://www.bing.com/search?q=%22Hotel+Ariston+Embassy%22+Bogota+site%3Alinkedin.com%2Fcompany&first=31&FORM=PERE2 200
2026-06-17 15:27:47,946 [INFO] response: https://www.bing.com/search?q=%22Hotel+Ariston+Embassy%22+Bogota+site%3Alinkedin.com%2Fcompany&first=41&FORM=PERE3 200
2026-06-17 15:27:50,883 [INFO]   ❌ Sin resultado: Hotel Ariston Embassy
2026-06-17 15:27:58,026 [INFO] 
[320/330] Hotel Fontanar Usaquén (Bogota)
2026-06-17 15:27:58,027 [INFO]   🔍 DDG: "Hotel Fontanar Usaquén" Bogota email contacto
2026-06-17 15:27:58,561 [INFO] response: https://www.bing.com/search?q=%22Hotel+Fontanar+Usaqu%C3%A9n%22+Bogota+email+contacto 200
2026-06-17 15:27:59,638 [INFO] response: https://www.bing.com/search?q=%22Hotel+Fontanar+Usaqu%C3%A9n%22+Bogota+email+contacto&first=11&FORM=PERE 200
2026-06-17 15:28:00,657 [INFO] response: https://www.bing.com/search?q=%22Hotel+Fontanar+Usaqu%C3%A9n%22+Bogota+email+contacto&first=21&FORM=PERE1 200
2026-06-17 15:28:01,695 [INFO] response: https://www.bing.com/search?q=%22Hotel+Fontanar+Usaqu%C3%A9n%22+Bogota+email+contacto&first=31&FORM=PERE2 200
2026-06-17 15:28:02,801 [INFO] response: https://www.bing.com/search?q=%22Hotel+Fontanar+Usaqu%C3%A9n%22+Bogota+email+contacto&first=41&FORM=PERE3 200
2026-06-17 15:28:05,685 [INFO]   🔍 DDG: "Hotel Fontanar Usaquén" Bogota correo reservas
2026-06-17 15:28:11,144 [INFO] response: https://www.bing.com/search?q=%22Hotel+Fontanar+Usaqu%C3%A9n%22+Bogota+correo+reservas 200
2026-06-17 15:28:15,223 [INFO]   🔍 DDG: "Hotel Fontanar Usaquén" colombia hotel "@"
2026-06-17 15:28:15,621 [INFO] response: https://www.bing.com/search?q=%22Hotel+Fontanar+Usaqu%C3%A9n%22+colombia+hotel+%22%40%22 200
2026-06-17 15:28:20,100 [INFO]   🌐 Visitando (DDG): https://www.hodelpa.com/
2026-06-17 15:28:20,262 [INFO]   ✅ Email en web DDG: reservas@hodelpa.com
2026-06-17 15:28:20,264 [INFO]   📊 Progreso 320/330 | Emails: 108 | Webs: 11 | Sin resultado: 201
2026-06-17 15:28:26,886 [INFO] 
[321/330] Casa Bianca (Bogota)
2026-06-17 15:28:26,886 [INFO]   🔍 DDG: "Casa Bianca" Bogota email contacto
2026-06-17 15:28:27,215 [INFO] response: https://www.bing.com/search?q=%22Casa+Bianca%22+Bogota+email+contacto 200
2026-06-17 15:28:30,149 [INFO]   🔍 DDG: "Casa Bianca" Bogota correo reservas
2026-06-17 15:28:35,513 [INFO] response: https://www.bing.com/search?q=%22Casa+Bianca%22+Bogota+correo+reservas 200
2026-06-17 15:28:36,616 [INFO] response: https://www.bing.com/search?q=%22Casa+Bianca%22+Bogota+correo+reservas&first=11&FORM=PERE 200
2026-06-17 15:28:38,761 [INFO]   🔍 DDG: "Casa Bianca" colombia hotel "@"
2026-06-17 15:28:39,090 [INFO] response: https://www.bing.com/search?q=%22Casa+Bianca%22+colombia+hotel+%22%40%22 200
2026-06-17 15:28:42,928 [INFO]   🌐 Visitando (DDG): https://casa.com.co/
2026-06-17 15:28:50,603 [INFO]   ✅ Email en web DDG: general@casa.com.co
2026-06-17 15:28:56,320 [INFO] 
[322/330] Hotel Tower (Bogota)
2026-06-17 15:28:56,321 [INFO]   🔍 DDG: "Hotel Tower" Bogota email contacto
2026-06-17 15:29:01,638 [INFO] response: https://www.bing.com/search?q=%22Hotel+Tower%22+Bogota+email+contacto 200
2026-06-17 15:29:05,767 [INFO]   🔍 DDG: "Hotel Tower" Bogota correo reservas
2026-06-17 15:29:11,201 [INFO] response: https://www.bing.com/search?q=%22Hotel+Tower%22+Bogota+correo+reservas 200
2026-06-17 15:29:12,238 [INFO] response: https://www.bing.com/search?q=%22Hotel+Tower%22+Bogota+correo+reservas&first=11&FORM=PERE 200
2026-06-17 15:29:13,261 [INFO] response: https://www.bing.com/search?q=%22Hotel+Tower%22+Bogota+correo+reservas&first=21&FORM=PERE1 200
2026-06-17 15:29:14,194 [INFO] response: https://www.bing.com/search?q=%22Hotel+Tower%22+Bogota+correo+reservas&first=31&FORM=PERE2 200
2026-06-17 15:29:15,287 [INFO] response: https://www.bing.com/search?q=%22Hotel+Tower%22+Bogota+correo+reservas&first=41&FORM=PERE3 200
2026-06-17 15:29:18,118 [INFO]   🔍 DDG: "Hotel Tower" colombia hotel "@"
2026-06-17 15:29:18,536 [INFO] response: https://www.bing.com/search?q=%22Hotel+Tower%22+colombia+hotel+%22%40%22 200
2026-06-17 15:29:22,583 [INFO]   🌐 Visitando (DDG): https://www.hodelpa.com/
2026-06-17 15:29:22,808 [INFO]   ✅ Email en web DDG: reservas@hodelpa.com
2026-06-17 15:29:27,993 [INFO] 
[323/330] HOTEL RADEL SUPERIOR (Bogota)
2026-06-17 15:29:27,993 [INFO]   🔍 DDG: "HOTEL RADEL SUPERIOR" Bogota email contacto
2026-06-17 15:29:28,376 [INFO] response: https://www.bing.com/search?q=%22HOTEL+RADEL+SUPERIOR%22+Bogota+email+contacto 200
2026-06-17 15:29:31,242 [INFO]   🔍 DDG: "HOTEL RADEL SUPERIOR" Bogota correo reservas
2026-06-17 15:29:31,722 [INFO] response: https://www.bing.com/search?q=%22HOTEL+RADEL+SUPERIOR%22+Bogota+correo+reservas 200
2026-06-17 15:29:33,911 [INFO]   🔍 DDG: "HOTEL RADEL SUPERIOR" colombia hotel "@"
2026-06-17 15:29:34,275 [INFO] response: https://www.bing.com/search?q=%22HOTEL+RADEL+SUPERIOR%22+colombia+hotel+%22%40%22 200
2026-06-17 15:29:38,774 [INFO]   🔗 LinkedIn DDG: "HOTEL RADEL SUPERIOR" Bogota site:linkedin.com/company
2026-06-17 15:29:39,222 [INFO] response: https://www.bing.com/search?q=%22HOTEL+RADEL+SUPERIOR%22+Bogota+site%3Alinkedin.com%2Fcompany 200
2026-06-17 15:29:40,330 [INFO] response: https://www.bing.com/search?q=%22HOTEL+RADEL+SUPERIOR%22+Bogota+site%3Alinkedin.com%2Fcompany&first=11&FORM=PERE 200
2026-06-17 15:29:41,311 [INFO] response: https://www.bing.com/search?q=%22HOTEL+RADEL+SUPERIOR%22+Bogota+site%3Alinkedin.com%2Fcompany&first=21&FORM=PERE1 200
2026-06-17 15:29:42,360 [INFO] response: https://www.bing.com/search?q=%22HOTEL+RADEL+SUPERIOR%22+Bogota+site%3Alinkedin.com%2Fcompany&first=31&FORM=PERE2 200
2026-06-17 15:29:43,467 [INFO] response: https://www.bing.com/search?q=%22HOTEL+RADEL+SUPERIOR%22+Bogota+site%3Alinkedin.com%2Fcompany&first=41&FORM=PERE3 200
2026-06-17 15:29:47,016 [INFO]   ❌ Sin resultado: HOTEL RADEL SUPERIOR
2026-06-17 15:29:52,008 [INFO] 
[324/330] Embassy On Holidays (Bogota)
2026-06-17 15:29:52,009 [INFO]   🔍 DDG: "Embassy On Holidays" Bogota email contacto
2026-06-17 15:29:52,351 [INFO] response: https://www.bing.com/search?q=%22Embassy+On+Holidays%22+Bogota+email+contacto 200
2026-06-17 15:29:56,034 [INFO]   🔍 DDG: "Embassy On Holidays" Bogota correo reservas
2026-06-17 15:29:56,388 [INFO] response: https://www.bing.com/search?q=%22Embassy+On+Holidays%22+Bogota+correo+reservas 200
2026-06-17 15:29:59,803 [INFO]   🔍 DDG: "Embassy On Holidays" colombia hotel "@"
2026-06-17 15:30:00,170 [INFO] response: https://www.bing.com/search?q=%22Embassy+On+Holidays%22+colombia+hotel+%22%40%22 200
2026-06-17 15:30:04,663 [INFO]   🔗 LinkedIn DDG: "Embassy On Holidays" Bogota site:linkedin.com/company
2026-06-17 15:30:05,169 [INFO] response: https://www.bing.com/search?q=%22Embassy+On+Holidays%22+Bogota+site%3Alinkedin.com%2Fcompany 200
2026-06-17 15:30:06,214 [INFO] response: https://www.bing.com/search?q=%22Embassy+On+Holidays%22+Bogota+site%3Alinkedin.com%2Fcompany&first=11&FORM=PERE 200
2026-06-17 15:30:07,232 [INFO] response: https://www.bing.com/search?q=%22Embassy+On+Holidays%22+Bogota+site%3Alinkedin.com%2Fcompany&first=21&FORM=PERE1 200
2026-06-17 15:30:08,240 [INFO] response: https://www.bing.com/search?q=%22Embassy+On+Holidays%22+Bogota+site%3Alinkedin.com%2Fcompany&first=31&FORM=PERE2 200
2026-06-17 15:30:09,259 [INFO] response: https://www.bing.com/search?q=%22Embassy+On+Holidays%22+Bogota+site%3Alinkedin.com%2Fcompany&first=41&FORM=PERE3 200
2026-06-17 15:30:13,632 [INFO]   ❌ Sin resultado: Embassy On Holidays
2026-06-17 15:30:18,495 [INFO] 
[325/330] Hotel Bogotá Airport Dorado (Bogota)
2026-06-17 15:30:18,496 [INFO]   🔍 DDG: "Hotel Bogotá Airport Dorado" Bogota email contacto
2026-06-17 15:30:19,361 [INFO] response: https://www.bing.com/search?q=%22Hotel+Bogot%C3%A1+Airport+Dorado%22+Bogota+email+contacto 200
2026-06-17 15:30:21,975 [INFO]   🔍 DDG: "Hotel Bogotá Airport Dorado" Bogota correo reservas
2026-06-17 15:30:22,405 [INFO] response: https://www.bing.com/search?q=%22Hotel+Bogot%C3%A1+Airport+Dorado%22+Bogota+correo+reservas 200
2026-06-17 15:30:25,121 [INFO]   🔍 DDG: "Hotel Bogotá Airport Dorado" colombia hotel "@"
2026-06-17 15:30:25,645 [INFO] response: https://www.bing.com/search?q=%22Hotel+Bogot%C3%A1+Airport+Dorado%22+colombia+hotel+%22%40%22 200
2026-06-17 15:30:30,065 [INFO]   🔗 LinkedIn DDG: "Hotel Bogotá Airport Dorado" Bogota site:linkedin.com/company
2026-06-17 15:30:30,499 [INFO] response: https://www.bing.com/search?q=%22Hotel+Bogot%C3%A1+Airport+Dorado%22+Bogota+site%3Alinkedin.com%2Fcompany 200
2026-06-17 15:30:31,568 [INFO] response: https://www.bing.com/search?q=%22Hotel+Bogot%C3%A1+Airport+Dorado%22+Bogota+site%3Alinkedin.com%2Fcompany&first=11&FORM=PERE 200
2026-06-17 15:30:32,618 [INFO] response: https://www.bing.com/search?q=%22Hotel+Bogot%C3%A1+Airport+Dorado%22+Bogota+site%3Alinkedin.com%2Fcompany&first=21&FORM=PERE1 200
2026-06-17 15:30:33,592 [INFO] response: https://www.bing.com/search?q=%22Hotel+Bogot%C3%A1+Airport+Dorado%22+Bogota+site%3Alinkedin.com%2Fcompany&first=31&FORM=PERE2 200
2026-06-17 15:30:34,754 [INFO] response: https://www.bing.com/search?q=%22Hotel+Bogot%C3%A1+Airport+Dorado%22+Bogota+site%3Alinkedin.com%2Fcompany&first=41&FORM=PERE3 200
2026-06-17 15:30:38,559 [INFO]   ❌ Sin resultado: Hotel Bogotá Airport Dorado
2026-06-17 15:30:43,541 [INFO] 
[326/330] Hotel Portofino (Bogota)
2026-06-17 15:30:43,541 [INFO]   🔍 DDG: "Hotel Portofino" Bogota email contacto
2026-06-17 15:30:43,848 [INFO] response: https://www.bing.com/search?q=%22Hotel+Portofino%22+Bogota+email+contacto 200
2026-06-17 15:30:46,994 [INFO]   🔍 DDG: "Hotel Portofino" Bogota correo reservas
2026-06-17 15:30:47,363 [INFO] response: https://www.bing.com/search?q=%22Hotel+Portofino%22+Bogota+correo+reservas 200
2026-06-17 15:30:51,176 [INFO]   🔍 DDG: "Hotel Portofino" colombia hotel "@"
2026-06-17 15:30:51,581 [INFO] response: https://www.bing.com/search?q=%22Hotel+Portofino%22+colombia+hotel+%22%40%22 200
2026-06-17 15:30:54,586 [INFO]   🌐 Visitando (DDG): https://www.hodelpa.com/
2026-06-17 15:30:54,731 [INFO]   ✅ Email en web DDG: reservas@hodelpa.com
2026-06-17 15:30:59,575 [INFO] 
[327/330] Apartahotel Barú - Usaquén (Bogota)
2026-06-17 15:30:59,575 [INFO]   🔍 DDG: "Apartahotel Barú - Usaquén" Bogota email contacto
2026-06-17 15:30:59,917 [INFO] response: https://www.bing.com/search?q=%22Apartahotel+Bar%C3%BA+-+Usaqu%C3%A9n%22+Bogota+email+contacto 200
2026-06-17 15:31:03,844 [INFO]   🔍 DDG: "Apartahotel Barú - Usaquén" Bogota correo reservas
2026-06-17 15:31:04,289 [INFO] response: https://www.bing.com/search?q=%22Apartahotel+Bar%C3%BA+-+Usaqu%C3%A9n%22+Bogota+correo+reservas 200
2026-06-17 15:31:08,390 [INFO]   🔍 DDG: "Apartahotel Barú - Usaquén" colombia hotel "@"
2026-06-17 15:31:08,728 [INFO] response: https://www.bing.com/search?q=%22Apartahotel+Bar%C3%BA+-+Usaqu%C3%A9n%22+colombia+hotel+%22%40%22 200
2026-06-17 15:31:11,549 [INFO]   🌐 Visitando (DDG): https://coinalertnews.com/news/2026/06/04/boj-expected-rate-hike-june
2026-06-17 15:31:23,743 [INFO]   🌐 Visitando (DDG): https://www.reuters.com/world/asia-pacific/weak-yen-hawkish-fed-adds-pressure-boj-accelerate-hikes-2026-06-09/
2026-06-17 15:31:26,632 [INFO]   🌐 Visitando (DDG): https://forexsentiment.live/news/2026-05-27/usdjpy-risk-japan-rate-hike-threatens
2026-06-17 15:31:41,364 [INFO]   🔗 LinkedIn DDG: "Apartahotel Barú - Usaquén" Bogota site:linkedin.com/company
2026-06-17 15:31:46,779 [INFO] response: https://www.bing.com/search?q=%22Apartahotel+Bar%C3%BA+-+Usaqu%C3%A9n%22+Bogota+site%3Alinkedin.com%2Fcompany 200
2026-06-17 15:31:47,905 [INFO] response: https://www.bing.com/search?q=%22Apartahotel+Bar%C3%BA+-+Usaqu%C3%A9n%22+Bogota+site%3Alinkedin.com%2Fcompany&first=11&FORM=PERE 200
2026-06-17 15:31:48,828 [INFO] response: https://www.bing.com/search?q=%22Apartahotel+Bar%C3%BA+-+Usaqu%C3%A9n%22+Bogota+site%3Alinkedin.com%2Fcompany&first=21&FORM=PERE1 200
2026-06-17 15:31:49,817 [INFO] response: https://www.bing.com/search?q=%22Apartahotel+Bar%C3%BA+-+Usaqu%C3%A9n%22+Bogota+site%3Alinkedin.com%2Fcompany&first=31&FORM=PERE2 200
2026-06-17 15:31:50,855 [INFO] response: https://www.bing.com/search?q=%22Apartahotel+Bar%C3%BA+-+Usaqu%C3%A9n%22+Bogota+site%3Alinkedin.com%2Fcompany&first=41&FORM=PERE3 200
2026-06-17 15:31:54,099 [INFO]   ❌ Sin resultado: Apartahotel Barú - Usaquén
2026-06-17 15:31:59,706 [INFO] 
[328/330] Royal Cid Hotel Corferias (Bogota)
2026-06-17 15:31:59,707 [INFO]   🔍 DDG: "Royal Cid Hotel Corferias" Bogota email contacto
2026-06-17 15:31:59,991 [INFO] response: https://www.bing.com/search?q=%22Royal+Cid+Hotel+Corferias%22+Bogota+email+contacto 200
2026-06-17 15:32:02,455 [INFO]   🔍 DDG: "Royal Cid Hotel Corferias" Bogota correo reservas
2026-06-17 15:32:03,113 [INFO] response: https://www.bing.com/search?q=%22Royal+Cid+Hotel+Corferias%22+Bogota+correo+reservas 200
2026-06-17 15:32:07,382 [INFO]   🔍 DDG: "Royal Cid Hotel Corferias" colombia hotel "@"
2026-06-17 15:32:07,754 [INFO] response: https://www.bing.com/search?q=%22Royal+Cid+Hotel+Corferias%22+colombia+hotel+%22%40%22 200
2026-06-17 15:32:12,318 [INFO]   🌐 Visitando (DDG): https://www.apuestasroyal.com/app.php
2026-06-17 15:33:09,509 [INFO]   ✅ Email en web DDG: soytransparente@coljuegos.gov.co
2026-06-17 15:33:15,700 [INFO] 
[329/330] Hotel Embajada Real (Bogota)
2026-06-17 15:33:15,700 [INFO]   🔍 DDG: "Hotel Embajada Real" Bogota email contacto
2026-06-17 15:33:16,185 [INFO] response: https://www.bing.com/search?q=%22Hotel+Embajada+Real%22+Bogota+email+contacto 200
2026-06-17 15:33:19,628 [INFO]   🔍 DDG: "Hotel Embajada Real" Bogota correo reservas
2026-06-17 15:33:24,955 [INFO] response: https://www.bing.com/search?q=%22Hotel+Embajada+Real%22+Bogota+correo+reservas 200
2026-06-17 15:33:25,947 [INFO] response: https://www.bing.com/search?q=%22Hotel+Embajada+Real%22+Bogota+correo+reservas&first=11&FORM=PERE 200
2026-06-17 15:33:26,971 [INFO] response: https://www.bing.com/search?q=%22Hotel+Embajada+Real%22+Bogota+correo+reservas&first=21&FORM=PERE1 200
2026-06-17 15:33:27,986 [INFO] response: https://www.bing.com/search?q=%22Hotel+Embajada+Real%22+Bogota+correo+reservas&first=31&FORM=PERE2 200
2026-06-17 15:33:28,974 [INFO] response: https://www.bing.com/search?q=%22Hotel+Embajada+Real%22+Bogota+correo+reservas&first=41&FORM=PERE3 200
2026-06-17 15:33:32,088 [INFO]   🔍 DDG: "Hotel Embajada Real" colombia hotel "@"
2026-06-17 15:33:33,521 [INFO] response: https://www.bing.com/search?q=%22Hotel+Embajada+Real%22+colombia+hotel+%22%40%22 200
2026-06-17 15:33:37,184 [INFO]   🌐 Visitando (DDG): https://www.hodelpa.com/
2026-06-17 15:33:37,351 [INFO]   ✅ Email en web DDG: reservas@hodelpa.com
2026-06-17 15:33:42,588 [INFO] 
[330/330] Casa Quinta Hotel Embajada (Bogota)
2026-06-17 15:33:42,588 [INFO]   🔍 DDG: "Casa Quinta Hotel Embajada" Bogota email contacto
2026-06-17 15:33:42,888 [INFO] response: https://www.bing.com/search?q=%22Casa+Quinta+Hotel+Embajada%22+Bogota+email+contacto 200
2026-06-17 15:33:45,876 [INFO]   🔍 DDG: "Casa Quinta Hotel Embajada" Bogota correo reservas
2026-06-17 15:33:46,303 [INFO] response: https://www.bing.com/search?q=%22Casa+Quinta+Hotel+Embajada%22+Bogota+correo+reservas 200
2026-06-17 15:33:50,436 [INFO]   🔍 DDG: "Casa Quinta Hotel Embajada" colombia hotel "@"
2026-06-17 15:33:50,845 [INFO] response: https://www.bing.com/search?q=%22Casa+Quinta+Hotel+Embajada%22+colombia+hotel+%22%40%22 200
2026-06-17 15:33:54,180 [INFO]   🔗 LinkedIn DDG: "Casa Quinta Hotel Embajada" Bogota site:linkedin.com/company
2026-06-17 15:33:54,503 [INFO] response: https://www.bing.com/search?q=%22Casa+Quinta+Hotel+Embajada%22+Bogota+site%3Alinkedin.com%2Fcompany 200
2026-06-17 15:33:55,518 [INFO] response: https://www.bing.com/search?q=%22Casa+Quinta+Hotel+Embajada%22+Bogota+site%3Alinkedin.com%2Fcompany&first=11&FORM=PERE 200
2026-06-17 15:33:56,533 [INFO] response: https://www.bing.com/search?q=%22Casa+Quinta+Hotel+Embajada%22+Bogota+site%3Alinkedin.com%2Fcompany&first=21&FORM=PERE1 200
2026-06-17 15:33:57,536 [INFO] response: https://www.bing.com/search?q=%22Casa+Quinta+Hotel+Embajada%22+Bogota+site%3Alinkedin.com%2Fcompany&first=31&FORM=PERE2 200
2026-06-17 15:33:58,687 [INFO] response: https://www.bing.com/search?q=%22Casa+Quinta+Hotel+Embajada%22+Bogota+site%3Alinkedin.com%2Fcompany&first=41&FORM=PERE3 200
2026-06-17 15:34:00,920 [INFO]   ❌ Sin resultado: Casa Quinta Hotel Embajada
2026-06-17 15:34:00,922 [INFO]   📊 Progreso 330/330 | Emails: 113 | Webs: 11 | Sin resultado: 206
2026-06-17 15:34:08,091 [INFO] 
============================================================
RESUMEN FINAL - BUSCAR EMAILS FALTANTES
============================================================
Total procesados   : 330
Emails encontrados : 113
Solo web guardada  : 11
Sin resultado      : 206
============================================================

