2026-07-17 08:36:29,205 [INFO] ====== WebDriver manager ======
2026-07-17 08:36:29,638 [INFO] Driver [/Users/danielaamaya/.wdm/drivers/chromedriver/mac-arm64/150.0.7871.124/chromedriver-mac-arm64/chromedriver] found in cache by browser version
2026-07-17 08:36:31,334 [INFO] 
🔹 Retail / Comercio
2026-07-17 08:36:31,351 [INFO]    Total sin ciudad: 2072
2026-07-17 08:36:31,351 [INFO] [1/2072]  FEI
2026-07-17 08:36:31,530 [WARNING] Retrying (Retry(total=1, connect=None, read=None, redirect=None, status=None)) after connection broken by 'SSLError(SSLCertVerificationError(1, '[SSL: CERTIFICATE_VERIFY_FAILED] certificate verify failed: unable to get local issuer certificate (_ssl.c:1077)'))': /search?q=+FEI%2C+Colombia&format=json&limit=1
2026-07-17 08:36:31,630 [WARNING] Retrying (Retry(total=0, connect=None, read=None, redirect=None, status=None)) after connection broken by 'SSLError(SSLCertVerificationError(1, '[SSL: CERTIFICATE_VERIFY_FAILED] certificate verify failed: unable to get local issuer certificate (_ssl.c:1077)'))': /search?q=+FEI%2C+Colombia&format=json&limit=1
2026-07-17 08:36:31,729 [INFO]   📍 Nominatim no encontró, intentando Google Maps...
2026-07-17 08:36:36,770 [INFO]   ✅ Google Maps, Colombia
2026-07-17 08:36:37,463 [INFO] [2/2072]  FULL HOGAR 
2026-07-17 08:36:37,592 [WARNING] Retrying (Retry(total=1, connect=None, read=None, redirect=None, status=None)) after connection broken by 'SSLError(SSLCertVerificationError(1, '[SSL: CERTIFICATE_VERIFY_FAILED] certificate verify failed: unable to get local issuer certificate (_ssl.c:1077)'))': /search?q=+FULL+HOGAR+%2C+Colombia&format=json&limit=1
2026-07-17 08:36:37,697 [WARNING] Retrying (Retry(total=0, connect=None, read=None, redirect=None, status=None)) after connection broken by 'SSLError(SSLCertVerificationError(1, '[SSL: CERTIFICATE_VERIFY_FAILED] certificate verify failed: unable to get local issuer certificate (_ssl.c:1077)'))': /search?q=+FULL+HOGAR+%2C+Colombia&format=json&limit=1
2026-07-17 08:36:37,786 [INFO]   📍 Nominatim no encontró, intentando Google Maps...
2026-07-17 08:36:41,306 [INFO]   ✅ Google Maps, Colombia
2026-07-17 08:36:41,888 [INFO] [3/2072] "C.I." GUILLERMO MUNOZ Y COMPANIA LIMITADA.
2026-07-17 08:36:41,995 [WARNING] Retrying (Retry(total=1, connect=None, read=None, redirect=None, status=None)) after connection broken by 'SSLError(SSLCertVerificationError(1, '[SSL: CERTIFICATE_VERIFY_FAILED] certificate verify failed: unable to get local issuer certificate (_ssl.c:1077)'))': /search?q=%22C.I.%22+GUILLERMO+MUNOZ+Y+COMPANIA+LIMITADA.%2C+Colombia&format=json&limit=1
2026-07-17 08:36:42,092 [WARNING] Retrying (Retry(total=0, connect=None, read=None, redirect=None, status=None)) after connection broken by 'SSLError(SSLCertVerificationError(1, '[SSL: CERTIFICATE_VERIFY_FAILED] certificate verify failed: unable to get local issuer certificate (_ssl.c:1077)'))': /search?q=%22C.I.%22+GUILLERMO+MUNOZ+Y+COMPANIA+LIMITADA.%2C+Colombia&format=json&limit=1
2026-07-17 08:36:42,207 [INFO]   📍 Nominatim no encontró, intentando Google Maps...
2026-07-17 08:36:45,607 [INFO]   ✅ Google Maps, Colombia
2026-07-17 08:36:46,172 [INFO] [4/2072] 180 CONSULTING PENSAMIENTO PRODUCTIVO
2026-07-17 08:36:46,337 [WARNING] Retrying (Retry(total=1, connect=None, read=None, redirect=None, status=None)) after connection broken by 'SSLError(SSLCertVerificationError(1, '[SSL: CERTIFICATE_VERIFY_FAILED] certificate verify failed: unable to get local issuer certificate (_ssl.c:1077)'))': /search?q=180+CONSULTING+PENSAMIENTO+PRODUCTIVO%2C+Colombia&format=json&limit=1
2026-07-17 08:36:46,478 [WARNING] Retrying (Retry(total=0, connect=None, read=None, redirect=None, status=None)) after connection broken by 'SSLError(SSLCertVerificationError(1, '[SSL: CERTIFICATE_VERIFY_FAILED] certificate verify failed: unable to get local issuer certificate (_ssl.c:1077)'))': /search?q=180+CONSULTING+PENSAMIENTO+PRODUCTIVO%2C+Colombia&format=json&limit=1
2026-07-17 08:36:46,632 [INFO]   📍 Nominatim no encontró, intentando Google Maps...
2026-07-17 08:36:49,988 [INFO]   ✅ Google Maps, Colombia
2026-07-17 08:36:50,984 [INFO] [5/2072] 2112 Marketing Ltd
2026-07-17 08:36:51,073 [WARNING] Retrying (Retry(total=1, connect=None, read=None, redirect=None, status=None)) after connection broken by 'SSLError(SSLCertVerificationError(1, '[SSL: CERTIFICATE_VERIFY_FAILED] certificate verify failed: unable to get local issuer certificate (_ssl.c:1077)'))': /search?q=2112+Marketing+Ltd%2C+Colombia&format=json&limit=1
2026-07-17 08:36:51,169 [WARNING] Retrying (Retry(total=0, connect=None, read=None, redirect=None, status=None)) after connection broken by 'SSLError(SSLCertVerificationError(1, '[SSL: CERTIFICATE_VERIFY_FAILED] certificate verify failed: unable to get local issuer certificate (_ssl.c:1077)'))': /search?q=2112+Marketing+Ltd%2C+Colombia&format=json&limit=1
2026-07-17 08:36:51,269 [INFO]   📍 Nominatim no encontró, intentando Google Maps...
2026-07-17 08:36:54,634 [INFO]   ✅ Google Maps, Colombia
2026-07-17 08:36:55,223 [INFO] [6/2072] 2CO EVENTS
2026-07-17 08:36:55,347 [WARNING] Retrying (Retry(total=1, connect=None, read=None, redirect=None, status=None)) after connection broken by 'SSLError(SSLCertVerificationError(1, '[SSL: CERTIFICATE_VERIFY_FAILED] certificate verify failed: unable to get local issuer certificate (_ssl.c:1077)'))': /search?q=2CO+EVENTS%2C+Colombia&format=json&limit=1
2026-07-17 08:36:55,468 [WARNING] Retrying (Retry(total=0, connect=None, read=None, redirect=None, status=None)) after connection broken by 'SSLError(SSLCertVerificationError(1, '[SSL: CERTIFICATE_VERIFY_FAILED] certificate verify failed: unable to get local issuer certificate (_ssl.c:1077)'))': /search?q=2CO+EVENTS%2C+Colombia&format=json&limit=1
2026-07-17 08:36:55,580 [INFO]   📍 Nominatim no encontró, intentando Google Maps...
2026-07-17 08:41:26,734 [INFO] ====== WebDriver manager ======
2026-07-17 08:41:27,096 [INFO] Driver [/Users/danielaamaya/.wdm/drivers/chromedriver/mac-arm64/150.0.7871.124/chromedriver-mac-arm64/chromedriver] found in cache by browser version
2026-07-17 08:41:28,314 [INFO] 
🔹 Retail / Comercio
2026-07-17 08:41:28,326 [INFO]    Total sin ciudad: 2164
2026-07-17 08:41:28,326 [INFO] [1/2164] 2CO EVENTS
2026-07-17 08:41:28,443 [WARNING] Retrying (Retry(total=1, connect=None, read=None, redirect=None, status=None)) after connection broken by 'SSLError(SSLCertVerificationError(1, '[SSL: CERTIFICATE_VERIFY_FAILED] certificate verify failed: unable to get local issuer certificate (_ssl.c:1077)'))': /search?q=2CO+EVENTS%2C+Colombia&format=json&limit=1
2026-07-17 08:41:28,528 [WARNING] Retrying (Retry(total=0, connect=None, read=None, redirect=None, status=None)) after connection broken by 'SSLError(SSLCertVerificationError(1, '[SSL: CERTIFICATE_VERIFY_FAILED] certificate verify failed: unable to get local issuer certificate (_ssl.c:1077)'))': /search?q=2CO+EVENTS%2C+Colombia&format=json&limit=1
2026-07-17 08:41:28,612 [INFO]   📍 Nominatim no encontró, intentando Google Maps...
2026-07-17 08:41:32,855 [INFO]   ⚠️  No encontrada
2026-07-17 08:41:33,395 [INFO] [2/2164] 3M COLOMBIA SA
2026-07-17 08:41:33,490 [WARNING] Retrying (Retry(total=1, connect=None, read=None, redirect=None, status=None)) after connection broken by 'SSLError(SSLCertVerificationError(1, '[SSL: CERTIFICATE_VERIFY_FAILED] certificate verify failed: unable to get local issuer certificate (_ssl.c:1077)'))': /search?q=3M+COLOMBIA+SA%2C+Colombia&format=json&limit=1
2026-07-17 08:41:33,607 [WARNING] Retrying (Retry(total=0, connect=None, read=None, redirect=None, status=None)) after connection broken by 'SSLError(SSLCertVerificationError(1, '[SSL: CERTIFICATE_VERIFY_FAILED] certificate verify failed: unable to get local issuer certificate (_ssl.c:1077)'))': /search?q=3M+COLOMBIA+SA%2C+Colombia&format=json&limit=1
2026-07-17 08:41:33,723 [INFO]   📍 Nominatim no encontró, intentando Google Maps...
2026-07-17 08:41:37,258 [INFO]   ✅ Ac. 26 #75-93, Colombia
2026-07-17 08:41:38,009 [INFO] [3/2164] 3M COLOMBIA SA
2026-07-17 08:41:38,110 [WARNING] Retrying (Retry(total=1, connect=None, read=None, redirect=None, status=None)) after connection broken by 'SSLError(SSLCertVerificationError(1, '[SSL: CERTIFICATE_VERIFY_FAILED] certificate verify failed: unable to get local issuer certificate (_ssl.c:1077)'))': /search?q=3M+COLOMBIA+SA%2C+Colombia&format=json&limit=1
2026-07-17 08:41:38,207 [WARNING] Retrying (Retry(total=0, connect=None, read=None, redirect=None, status=None)) after connection broken by 'SSLError(SSLCertVerificationError(1, '[SSL: CERTIFICATE_VERIFY_FAILED] certificate verify failed: unable to get local issuer certificate (_ssl.c:1077)'))': /search?q=3M+COLOMBIA+SA%2C+Colombia&format=json&limit=1
2026-07-17 08:41:38,306 [INFO]   📍 Nominatim no encontró, intentando Google Maps...
2026-07-17 08:41:41,756 [INFO]   ✅ Ac. 26 #75-93, Colombia
2026-07-17 08:41:42,580 [INFO] [4/2164] 7 SEAS ENERGY SAS - SEVEN SEAS
2026-07-17 08:41:42,684 [WARNING] Retrying (Retry(total=1, connect=None, read=None, redirect=None, status=None)) after connection broken by 'SSLError(SSLCertVerificationError(1, '[SSL: CERTIFICATE_VERIFY_FAILED] certificate verify failed: unable to get local issuer certificate (_ssl.c:1077)'))': /search?q=7+SEAS+ENERGY+SAS+-+SEVEN+SEAS%2C+Colombia&format=json&limit=1
2026-07-17 08:41:42,828 [WARNING] Retrying (Retry(total=0, connect=None, read=None, redirect=None, status=None)) after connection broken by 'SSLError(SSLCertVerificationError(1, '[SSL: CERTIFICATE_VERIFY_FAILED] certificate verify failed: unable to get local issuer certificate (_ssl.c:1077)'))': /search?q=7+SEAS+ENERGY+SAS+-+SEVEN+SEAS%2C+Colombia&format=json&limit=1
2026-07-17 08:41:43,020 [INFO]   📍 Nominatim no encontró, intentando Google Maps...
2026-07-17 08:41:47,139 [INFO]   ✅ Cartagena de Indias, Colombia
2026-07-17 08:41:47,958 [INFO] [5/2164] 7 SEAS ENERGY SAS - SEVEN SEAS
2026-07-17 08:41:48,078 [WARNING] Retrying (Retry(total=1, connect=None, read=None, redirect=None, status=None)) after connection broken by 'SSLError(SSLCertVerificationError(1, '[SSL: CERTIFICATE_VERIFY_FAILED] certificate verify failed: unable to get local issuer certificate (_ssl.c:1077)'))': /search?q=7+SEAS+ENERGY+SAS+-+SEVEN+SEAS%2C+Colombia&format=json&limit=1
2026-07-17 08:41:48,169 [WARNING] Retrying (Retry(total=0, connect=None, read=None, redirect=None, status=None)) after connection broken by 'SSLError(SSLCertVerificationError(1, '[SSL: CERTIFICATE_VERIFY_FAILED] certificate verify failed: unable to get local issuer certificate (_ssl.c:1077)'))': /search?q=7+SEAS+ENERGY+SAS+-+SEVEN+SEAS%2C+Colombia&format=json&limit=1
2026-07-17 08:41:48,262 [INFO]   📍 Nominatim no encontró, intentando Google Maps...
2026-07-17 08:41:51,639 [INFO]   ✅ Cartagena de Indias, Colombia
2026-07-17 08:41:52,595 [INFO] [6/2164] 7BD Broadcast Depot
2026-07-17 08:41:52,704 [WARNING] Retrying (Retry(total=1, connect=None, read=None, redirect=None, status=None)) after connection broken by 'SSLError(SSLCertVerificationError(1, '[SSL: CERTIFICATE_VERIFY_FAILED] certificate verify failed: unable to get local issuer certificate (_ssl.c:1077)'))': /search?q=7BD+Broadcast+Depot%2C+Colombia&format=json&limit=1
2026-07-17 08:41:52,805 [WARNING] Retrying (Retry(total=0, connect=None, read=None, redirect=None, status=None)) after connection broken by 'SSLError(SSLCertVerificationError(1, '[SSL: CERTIFICATE_VERIFY_FAILED] certificate verify failed: unable to get local issuer certificate (_ssl.c:1077)'))': /search?q=7BD+Broadcast+Depot%2C+Colombia&format=json&limit=1
2026-07-17 08:41:52,905 [INFO]   📍 Nominatim no encontró, intentando Google Maps...
2026-07-17 08:41:56,306 [INFO]   ⚠️  No encontrada
2026-07-17 08:41:57,168 [INFO] [7/2164] A Classic Tours Collections
2026-07-17 08:41:57,348 [WARNING] Retrying (Retry(total=1, connect=None, read=None, redirect=None, status=None)) after connection broken by 'SSLError(SSLCertVerificationError(1, '[SSL: CERTIFICATE_VERIFY_FAILED] certificate verify failed: unable to get local issuer certificate (_ssl.c:1077)'))': /search?q=A+Classic+Tours+Collections%2C+Colombia&format=json&limit=1
2026-07-17 08:41:57,464 [WARNING] Retrying (Retry(total=0, connect=None, read=None, redirect=None, status=None)) after connection broken by 'SSLError(SSLCertVerificationError(1, '[SSL: CERTIFICATE_VERIFY_FAILED] certificate verify failed: unable to get local issuer certificate (_ssl.c:1077)'))': /search?q=A+Classic+Tours+Collections%2C+Colombia&format=json&limit=1
2026-07-17 08:41:57,580 [INFO]   📍 Nominatim no encontró, intentando Google Maps...
2026-07-17 08:42:00,935 [INFO]   ✅ CA 90277, Colombia
2026-07-17 08:42:01,469 [INFO] [8/2164] A LA PEPA SAS 
2026-07-17 08:42:01,565 [WARNING] Retrying (Retry(total=1, connect=None, read=None, redirect=None, status=None)) after connection broken by 'SSLError(SSLCertVerificationError(1, '[SSL: CERTIFICATE_VERIFY_FAILED] certificate verify failed: unable to get local issuer certificate (_ssl.c:1077)'))': /search?q=A+LA+PEPA+SAS+%2C+Colombia&format=json&limit=1
2026-07-17 08:42:01,672 [WARNING] Retrying (Retry(total=0, connect=None, read=None, redirect=None, status=None)) after connection broken by 'SSLError(SSLCertVerificationError(1, '[SSL: CERTIFICATE_VERIFY_FAILED] certificate verify failed: unable to get local issuer certificate (_ssl.c:1077)'))': /search?q=A+LA+PEPA+SAS+%2C+Colombia&format=json&limit=1
2026-07-17 08:42:01,797 [INFO]   📍 Nominatim no encontró, intentando Google Maps...
2026-07-17 08:42:05,206 [INFO]   ✅ Cra. 62 #103 27, Colombia
2026-07-17 08:42:06,168 [INFO] [9/2164] A MENARINI LATIN AMERICA S L U SUCURSAL COLOMBIA
2026-07-17 08:42:06,260 [WARNING] Retrying (Retry(total=1, connect=None, read=None, redirect=None, status=None)) after connection broken by 'SSLError(SSLCertVerificationError(1, '[SSL: CERTIFICATE_VERIFY_FAILED] certificate verify failed: unable to get local issuer certificate (_ssl.c:1077)'))': /search?q=A+MENARINI+LATIN+AMERICA+S+L+U+SUCURSAL+COLOMBIA%2C+Colombia&format=json&limit=1
2026-07-17 08:42:06,355 [WARNING] Retrying (Retry(total=0, connect=None, read=None, redirect=None, status=None)) after connection broken by 'SSLError(SSLCertVerificationError(1, '[SSL: CERTIFICATE_VERIFY_FAILED] certificate verify failed: unable to get local issuer certificate (_ssl.c:1077)'))': /search?q=A+MENARINI+LATIN+AMERICA+S+L+U+SUCURSAL+COLOMBIA%2C+Colombia&format=json&limit=1
2026-07-17 08:42:06,448 [INFO]   📍 Nominatim no encontró, intentando Google Maps...
2026-07-17 08:42:09,871 [INFO]   ✅ Cra. 9 #80-45 Piso 7, Colombia
2026-07-17 08:42:10,397 [INFO] [10/2164] A&R SERVICE PRODUCT
2026-07-17 08:42:10,541 [WARNING] Retrying (Retry(total=1, connect=None, read=None, redirect=None, status=None)) after connection broken by 'SSLError(SSLCertVerificationError(1, '[SSL: CERTIFICATE_VERIFY_FAILED] certificate verify failed: unable to get local issuer certificate (_ssl.c:1077)'))': /search?q=A%26R+SERVICE+PRODUCT%2C+Colombia&format=json&limit=1
2026-07-17 08:42:10,637 [WARNING] Retrying (Retry(total=0, connect=None, read=None, redirect=None, status=None)) after connection broken by 'SSLError(SSLCertVerificationError(1, '[SSL: CERTIFICATE_VERIFY_FAILED] certificate verify failed: unable to get local issuer certificate (_ssl.c:1077)'))': /search?q=A%26R+SERVICE+PRODUCT%2C+Colombia&format=json&limit=1
2026-07-17 08:42:10,751 [INFO]   📍 Nominatim no encontró, intentando Google Maps...
2026-07-17 08:42:14,653 [INFO]   ⚠️  No encontrada
2026-07-17 08:42:15,658 [INFO] [11/2164] A. MENENDEZ & COMPANIA LIMITADA
2026-07-17 08:42:15,765 [WARNING] Retrying (Retry(total=1, connect=None, read=None, redirect=None, status=None)) after connection broken by 'SSLError(SSLCertVerificationError(1, '[SSL: CERTIFICATE_VERIFY_FAILED] certificate verify failed: unable to get local issuer certificate (_ssl.c:1077)'))': /search?q=A.+MENENDEZ+%26+COMPANIA+LIMITADA%2C+Colombia&format=json&limit=1
2026-07-17 08:42:15,869 [WARNING] Retrying (Retry(total=0, connect=None, read=None, redirect=None, status=None)) after connection broken by 'SSLError(SSLCertVerificationError(1, '[SSL: CERTIFICATE_VERIFY_FAILED] certificate verify failed: unable to get local issuer certificate (_ssl.c:1077)'))': /search?q=A.+MENENDEZ+%26+COMPANIA+LIMITADA%2C+Colombia&format=json&limit=1
2026-07-17 08:42:15,969 [INFO]   📍 Nominatim no encontró, intentando Google Maps...
2026-07-17 08:42:19,344 [INFO]   ✅ Barranquilla, Colombia
2026-07-17 08:42:20,266 [INFO] [12/2164] A.R. Los Restrepos S.A.
2026-07-17 08:42:20,373 [WARNING] Retrying (Retry(total=1, connect=None, read=None, redirect=None, status=None)) after connection broken by 'SSLError(SSLCertVerificationError(1, '[SSL: CERTIFICATE_VERIFY_FAILED] certificate verify failed: unable to get local issuer certificate (_ssl.c:1077)'))': /search?q=A.R.+Los+Restrepos+S.A.%2C+Colombia&format=json&limit=1
2026-07-17 08:42:20,455 [WARNING] Retrying (Retry(total=0, connect=None, read=None, redirect=None, status=None)) after connection broken by 'SSLError(SSLCertVerificationError(1, '[SSL: CERTIFICATE_VERIFY_FAILED] certificate verify failed: unable to get local issuer certificate (_ssl.c:1077)'))': /search?q=A.R.+Los+Restrepos+S.A.%2C+Colombia&format=json&limit=1
2026-07-17 08:42:20,542 [INFO]   📍 Nominatim no encontró, intentando Google Maps...
2026-07-17 08:42:23,974 [INFO]   ⚠️  No encontrada
2026-07-17 08:42:24,496 [INFO] [13/2164] A.R.G. CONSTRUCCIONES Y CIA. LIMITADA
2026-07-17 08:42:24,593 [WARNING] Retrying (Retry(total=1, connect=None, read=None, redirect=None, status=None)) after connection broken by 'SSLError(SSLCertVerificationError(1, '[SSL: CERTIFICATE_VERIFY_FAILED] certificate verify failed: unable to get local issuer certificate (_ssl.c:1077)'))': /search?q=A.R.G.+CONSTRUCCIONES+Y+CIA.+LIMITADA%2C+Colombia&format=json&limit=1
2026-07-17 08:42:24,690 [WARNING] Retrying (Retry(total=0, connect=None, read=None, redirect=None, status=None)) after connection broken by 'SSLError(SSLCertVerificationError(1, '[SSL: CERTIFICATE_VERIFY_FAILED] certificate verify failed: unable to get local issuer certificate (_ssl.c:1077)'))': /search?q=A.R.G.+CONSTRUCCIONES+Y+CIA.+LIMITADA%2C+Colombia&format=json&limit=1
2026-07-17 08:42:24,783 [INFO]   📍 Nominatim no encontró, intentando Google Maps...
2026-07-17 08:42:28,309 [INFO]   ✅ Cra. 64 #100-35, Colombia
2026-07-17 08:42:29,133 [INFO] [14/2164] A.S. CONSTRUCCIONES LIMITADA
2026-07-17 08:42:29,367 [WARNING] Retrying (Retry(total=1, connect=None, read=None, redirect=None, status=None)) after connection broken by 'SSLError(SSLCertVerificationError(1, '[SSL: CERTIFICATE_VERIFY_FAILED] certificate verify failed: unable to get local issuer certificate (_ssl.c:1077)'))': /search?q=A.S.+CONSTRUCCIONES+LIMITADA%2C+Colombia&format=json&limit=1
2026-07-17 08:42:29,470 [WARNING] Retrying (Retry(total=0, connect=None, read=None, redirect=None, status=None)) after connection broken by 'SSLError(SSLCertVerificationError(1, '[SSL: CERTIFICATE_VERIFY_FAILED] certificate verify failed: unable to get local issuer certificate (_ssl.c:1077)'))': /search?q=A.S.+CONSTRUCCIONES+LIMITADA%2C+Colombia&format=json&limit=1
2026-07-17 08:42:29,553 [INFO]   📍 Nominatim no encontró, intentando Google Maps...
2026-07-17 08:42:32,982 [INFO]   ⚠️  No encontrada
2026-07-17 08:42:33,927 [INFO] [15/2164] A.W. FABER-CASTELL & T.H. REFORESTATION S.A.S.
2026-07-17 08:42:34,058 [WARNING] Retrying (Retry(total=1, connect=None, read=None, redirect=None, status=None)) after connection broken by 'SSLError(SSLCertVerificationError(1, '[SSL: CERTIFICATE_VERIFY_FAILED] certificate verify failed: unable to get local issuer certificate (_ssl.c:1077)'))': /search?q=A.W.+FABER-CASTELL+%26+T.H.+REFORESTATION+S.A.S.%2C+Colombia&format=json&limit=1
2026-07-17 08:42:34,165 [WARNING] Retrying (Retry(total=0, connect=None, read=None, redirect=None, status=None)) after connection broken by 'SSLError(SSLCertVerificationError(1, '[SSL: CERTIFICATE_VERIFY_FAILED] certificate verify failed: unable to get local issuer certificate (_ssl.c:1077)'))': /search?q=A.W.+FABER-CASTELL+%26+T.H.+REFORESTATION+S.A.S.%2C+Colombia&format=json&limit=1
2026-07-17 08:42:34,258 [INFO]   📍 Nominatim no encontró, intentando Google Maps...
2026-07-17 08:42:37,895 [INFO]   ⚠️  No encontrada
2026-07-17 08:42:38,739 [INFO] [16/2164] AAA
2026-07-17 08:42:38,836 [WARNING] Retrying (Retry(total=1, connect=None, read=None, redirect=None, status=None)) after connection broken by 'SSLError(SSLCertVerificationError(1, '[SSL: CERTIFICATE_VERIFY_FAILED] certificate verify failed: unable to get local issuer certificate (_ssl.c:1077)'))': /search?q=AAA%2C+Colombia&format=json&limit=1
2026-07-17 08:42:38,938 [WARNING] Retrying (Retry(total=0, connect=None, read=None, redirect=None, status=None)) after connection broken by 'SSLError(SSLCertVerificationError(1, '[SSL: CERTIFICATE_VERIFY_FAILED] certificate verify failed: unable to get local issuer certificate (_ssl.c:1077)'))': /search?q=AAA%2C+Colombia&format=json&limit=1
2026-07-17 08:42:39,063 [INFO]   📍 Nominatim no encontró, intentando Google Maps...
2026-07-17 08:42:42,448 [INFO]   ⚠️  No encontrada
2026-07-17 08:42:43,428 [INFO] [17/2164] ABAOS S.A.S.
2026-07-17 08:42:43,511 [WARNING] Retrying (Retry(total=1, connect=None, read=None, redirect=None, status=None)) after connection broken by 'SSLError(SSLCertVerificationError(1, '[SSL: CERTIFICATE_VERIFY_FAILED] certificate verify failed: unable to get local issuer certificate (_ssl.c:1077)'))': /search?q=ABAOS+S.A.S.%2C+Colombia&format=json&limit=1
2026-07-17 08:42:43,619 [WARNING] Retrying (Retry(total=0, connect=None, read=None, redirect=None, status=None)) after connection broken by 'SSLError(SSLCertVerificationError(1, '[SSL: CERTIFICATE_VERIFY_FAILED] certificate verify failed: unable to get local issuer certificate (_ssl.c:1077)'))': /search?q=ABAOS+S.A.S.%2C+Colombia&format=json&limit=1
2026-07-17 08:42:43,717 [INFO]   📍 Nominatim no encontró, intentando Google Maps...
2026-07-17 08:42:47,229 [INFO]   ✅ Barranquilla, Colombia
2026-07-17 08:42:48,102 [INFO] [18/2164] ABB LTDA 
2026-07-17 08:42:48,218 [WARNING] Retrying (Retry(total=1, connect=None, read=None, redirect=None, status=None)) after connection broken by 'SSLError(SSLCertVerificationError(1, '[SSL: CERTIFICATE_VERIFY_FAILED] certificate verify failed: unable to get local issuer certificate (_ssl.c:1077)'))': /search?q=ABB+LTDA+%2C+Colombia&format=json&limit=1
2026-07-17 08:42:48,295 [WARNING] Retrying (Retry(total=0, connect=None, read=None, redirect=None, status=None)) after connection broken by 'SSLError(SSLCertVerificationError(1, '[SSL: CERTIFICATE_VERIFY_FAILED] certificate verify failed: unable to get local issuer certificate (_ssl.c:1077)'))': /search?q=ABB+LTDA+%2C+Colombia&format=json&limit=1
2026-07-17 08:42:48,408 [INFO]   📍 Nominatim no encontró, intentando Google Maps...
2026-07-17 08:42:51,873 [INFO]   ⚠️  No encontrada
2026-07-17 08:42:52,449 [INFO] [19/2164] ABBVIE SAS
2026-07-17 08:42:52,587 [WARNING] Retrying (Retry(total=1, connect=None, read=None, redirect=None, status=None)) after connection broken by 'SSLError(SSLCertVerificationError(1, '[SSL: CERTIFICATE_VERIFY_FAILED] certificate verify failed: unable to get local issuer certificate (_ssl.c:1077)'))': /search?q=ABBVIE+SAS%2C+Colombia&format=json&limit=1
2026-07-17 08:42:52,701 [WARNING] Retrying (Retry(total=0, connect=None, read=None, redirect=None, status=None)) after connection broken by 'SSLError(SSLCertVerificationError(1, '[SSL: CERTIFICATE_VERIFY_FAILED] certificate verify failed: unable to get local issuer certificate (_ssl.c:1077)'))': /search?q=ABBVIE+SAS%2C+Colombia&format=json&limit=1
2026-07-17 08:42:52,805 [INFO]   📍 Nominatim no encontró, intentando Google Maps...
2026-07-17 08:42:56,237 [INFO]   ✅ Bogotá, Colombia
2026-07-17 08:42:57,146 [INFO] [20/2164] ABBVIE SAS
2026-07-17 08:42:57,247 [WARNING] Retrying (Retry(total=1, connect=None, read=None, redirect=None, status=None)) after connection broken by 'SSLError(SSLCertVerificationError(1, '[SSL: CERTIFICATE_VERIFY_FAILED] certificate verify failed: unable to get local issuer certificate (_ssl.c:1077)'))': /search?q=ABBVIE+SAS%2C+Colombia&format=json&limit=1
2026-07-17 08:42:57,360 [WARNING] Retrying (Retry(total=0, connect=None, read=None, redirect=None, status=None)) after connection broken by 'SSLError(SSLCertVerificationError(1, '[SSL: CERTIFICATE_VERIFY_FAILED] certificate verify failed: unable to get local issuer certificate (_ssl.c:1077)'))': /search?q=ABBVIE+SAS%2C+Colombia&format=json&limit=1
2026-07-17 08:42:57,471 [INFO]   📍 Nominatim no encontró, intentando Google Maps...
2026-07-17 09:05:48,411 [INFO] ====== WebDriver manager ======
2026-07-17 09:05:48,819 [INFO] Driver [/Users/danielaamaya/.wdm/drivers/chromedriver/mac-arm64/150.0.7871.124/chromedriver-mac-arm64/chromedriver] found in cache by browser version
2026-07-17 09:05:50,668 [INFO] 
🔹 Retail / Comercio
2026-07-17 09:05:50,683 [INFO]    Total SIN ciudad: 2056
2026-07-17 09:05:50,684 [INFO] [1/2056] 2CO EVENTS
2026-07-17 09:05:50,813 [WARNING] Retrying (Retry(total=1, connect=None, read=None, redirect=None, status=None)) after connection broken by 'SSLError(SSLCertVerificationError(1, '[SSL: CERTIFICATE_VERIFY_FAILED] certificate verify failed: unable to get local issuer certificate (_ssl.c:1077)'))': /search?q=2CO+EVENTS%2C+Colombia&format=json&limit=1
2026-07-17 09:05:50,945 [WARNING] Retrying (Retry(total=0, connect=None, read=None, redirect=None, status=None)) after connection broken by 'SSLError(SSLCertVerificationError(1, '[SSL: CERTIFICATE_VERIFY_FAILED] certificate verify failed: unable to get local issuer certificate (_ssl.c:1077)'))': /search?q=2CO+EVENTS%2C+Colombia&format=json&limit=1
2026-07-17 09:05:51,031 [INFO]   📍 Nominatim sin resultado, intentando Google Maps...
2026-07-17 09:05:55,476 [INFO]   ❌ No encontrada en Nominatim ni Google Maps
2026-07-17 09:05:56,133 [INFO] [2/2056] 7BD Broadcast Depot
2026-07-17 09:05:56,245 [WARNING] Retrying (Retry(total=1, connect=None, read=None, redirect=None, status=None)) after connection broken by 'SSLError(SSLCertVerificationError(1, '[SSL: CERTIFICATE_VERIFY_FAILED] certificate verify failed: unable to get local issuer certificate (_ssl.c:1077)'))': /search?q=7BD+Broadcast+Depot%2C+Colombia&format=json&limit=1
2026-07-17 09:05:56,358 [WARNING] Retrying (Retry(total=0, connect=None, read=None, redirect=None, status=None)) after connection broken by 'SSLError(SSLCertVerificationError(1, '[SSL: CERTIFICATE_VERIFY_FAILED] certificate verify failed: unable to get local issuer certificate (_ssl.c:1077)'))': /search?q=7BD+Broadcast+Depot%2C+Colombia&format=json&limit=1
2026-07-17 09:05:56,452 [INFO]   📍 Nominatim sin resultado, intentando Google Maps...
2026-07-17 09:05:59,964 [INFO]   ❌ No encontrada en Nominatim ni Google Maps
2026-07-17 09:06:00,847 [INFO] [3/2056] A&R SERVICE PRODUCT
2026-07-17 09:06:00,956 [WARNING] Retrying (Retry(total=1, connect=None, read=None, redirect=None, status=None)) after connection broken by 'SSLError(SSLCertVerificationError(1, '[SSL: CERTIFICATE_VERIFY_FAILED] certificate verify failed: unable to get local issuer certificate (_ssl.c:1077)'))': /search?q=A%26R+SERVICE+PRODUCT%2C+Colombia&format=json&limit=1
2026-07-17 09:06:01,068 [WARNING] Retrying (Retry(total=0, connect=None, read=None, redirect=None, status=None)) after connection broken by 'SSLError(SSLCertVerificationError(1, '[SSL: CERTIFICATE_VERIFY_FAILED] certificate verify failed: unable to get local issuer certificate (_ssl.c:1077)'))': /search?q=A%26R+SERVICE+PRODUCT%2C+Colombia&format=json&limit=1
2026-07-17 09:06:01,184 [INFO]   📍 Nominatim sin resultado, intentando Google Maps...
2026-07-17 09:06:04,624 [INFO]   ❌ No encontrada en Nominatim ni Google Maps
2026-07-17 09:06:05,556 [INFO] [4/2056] A.R. Los Restrepos S.A.
2026-07-17 09:06:05,650 [WARNING] Retrying (Retry(total=1, connect=None, read=None, redirect=None, status=None)) after connection broken by 'SSLError(SSLCertVerificationError(1, '[SSL: CERTIFICATE_VERIFY_FAILED] certificate verify failed: unable to get local issuer certificate (_ssl.c:1077)'))': /search?q=A.R.+Los+Restrepos+S.A.%2C+Colombia&format=json&limit=1
2026-07-17 09:06:05,723 [WARNING] Retrying (Retry(total=0, connect=None, read=None, redirect=None, status=None)) after connection broken by 'SSLError(SSLCertVerificationError(1, '[SSL: CERTIFICATE_VERIFY_FAILED] certificate verify failed: unable to get local issuer certificate (_ssl.c:1077)'))': /search?q=A.R.+Los+Restrepos+S.A.%2C+Colombia&format=json&limit=1
2026-07-17 09:06:05,824 [INFO]   📍 Nominatim sin resultado, intentando Google Maps...
2026-07-17 09:06:09,333 [INFO]   ❌ No encontrada en Nominatim ni Google Maps
2026-07-17 09:06:10,019 [INFO] [5/2056] A.S. CONSTRUCCIONES LIMITADA
2026-07-17 09:06:10,118 [WARNING] Retrying (Retry(total=1, connect=None, read=None, redirect=None, status=None)) after connection broken by 'SSLError(SSLCertVerificationError(1, '[SSL: CERTIFICATE_VERIFY_FAILED] certificate verify failed: unable to get local issuer certificate (_ssl.c:1077)'))': /search?q=A.S.+CONSTRUCCIONES+LIMITADA%2C+Colombia&format=json&limit=1
2026-07-17 09:06:10,222 [WARNING] Retrying (Retry(total=0, connect=None, read=None, redirect=None, status=None)) after connection broken by 'SSLError(SSLCertVerificationError(1, '[SSL: CERTIFICATE_VERIFY_FAILED] certificate verify failed: unable to get local issuer certificate (_ssl.c:1077)'))': /search?q=A.S.+CONSTRUCCIONES+LIMITADA%2C+Colombia&format=json&limit=1
2026-07-17 09:06:10,332 [INFO]   📍 Nominatim sin resultado, intentando Google Maps...
2026-07-17 09:06:13,691 [INFO]   ❌ No encontrada en Nominatim ni Google Maps
2026-07-17 09:06:14,293 [INFO] [6/2056] A.W. FABER-CASTELL & T.H. REFORESTATION S.A.S.
2026-07-17 09:06:14,386 [WARNING] Retrying (Retry(total=1, connect=None, read=None, redirect=None, status=None)) after connection broken by 'SSLError(SSLCertVerificationError(1, '[SSL: CERTIFICATE_VERIFY_FAILED] certificate verify failed: unable to get local issuer certificate (_ssl.c:1077)'))': /search?q=A.W.+FABER-CASTELL+%26+T.H.+REFORESTATION+S.A.S.%2C+Colombia&format=json&limit=1
2026-07-17 09:06:14,494 [WARNING] Retrying (Retry(total=0, connect=None, read=None, redirect=None, status=None)) after connection broken by 'SSLError(SSLCertVerificationError(1, '[SSL: CERTIFICATE_VERIFY_FAILED] certificate verify failed: unable to get local issuer certificate (_ssl.c:1077)'))': /search?q=A.W.+FABER-CASTELL+%26+T.H.+REFORESTATION+S.A.S.%2C+Colombia&format=json&limit=1
2026-07-17 09:06:14,601 [INFO]   📍 Nominatim sin resultado, intentando Google Maps...
2026-07-17 09:06:17,964 [INFO]   ❌ No encontrada en Nominatim ni Google Maps
2026-07-17 09:06:18,864 [INFO] [7/2056] AAA
2026-07-17 09:06:19,026 [WARNING] Retrying (Retry(total=1, connect=None, read=None, redirect=None, status=None)) after connection broken by 'SSLError(SSLCertVerificationError(1, '[SSL: CERTIFICATE_VERIFY_FAILED] certificate verify failed: unable to get local issuer certificate (_ssl.c:1077)'))': /search?q=AAA%2C+Colombia&format=json&limit=1
2026-07-17 09:06:19,119 [WARNING] Retrying (Retry(total=0, connect=None, read=None, redirect=None, status=None)) after connection broken by 'SSLError(SSLCertVerificationError(1, '[SSL: CERTIFICATE_VERIFY_FAILED] certificate verify failed: unable to get local issuer certificate (_ssl.c:1077)'))': /search?q=AAA%2C+Colombia&format=json&limit=1
2026-07-17 09:06:19,199 [INFO]   📍 Nominatim sin resultado, intentando Google Maps...
2026-07-17 09:06:22,611 [INFO]   ❌ No encontrada en Nominatim ni Google Maps
2026-07-17 09:06:23,547 [INFO] [8/2056] ABB LTDA 
2026-07-17 09:06:23,679 [WARNING] Retrying (Retry(total=1, connect=None, read=None, redirect=None, status=None)) after connection broken by 'SSLError(SSLCertVerificationError(1, '[SSL: CERTIFICATE_VERIFY_FAILED] certificate verify failed: unable to get local issuer certificate (_ssl.c:1077)'))': /search?q=ABB+LTDA+%2C+Colombia&format=json&limit=1
2026-07-17 09:06:23,812 [WARNING] Retrying (Retry(total=0, connect=None, read=None, redirect=None, status=None)) after connection broken by 'SSLError(SSLCertVerificationError(1, '[SSL: CERTIFICATE_VERIFY_FAILED] certificate verify failed: unable to get local issuer certificate (_ssl.c:1077)'))': /search?q=ABB+LTDA+%2C+Colombia&format=json&limit=1
2026-07-17 09:06:23,953 [INFO]   📍 Nominatim sin resultado, intentando Google Maps...
2026-07-17 09:06:27,358 [INFO]   ❌ No encontrada en Nominatim ni Google Maps
2026-07-17 09:06:28,146 [INFO] [9/2056] ABBVIE SAS
2026-07-17 09:06:28,261 [WARNING] Retrying (Retry(total=1, connect=None, read=None, redirect=None, status=None)) after connection broken by 'SSLError(SSLCertVerificationError(1, '[SSL: CERTIFICATE_VERIFY_FAILED] certificate verify failed: unable to get local issuer certificate (_ssl.c:1077)'))': /search?q=ABBVIE+SAS%2C+Colombia&format=json&limit=1
2026-07-17 09:06:28,367 [WARNING] Retrying (Retry(total=0, connect=None, read=None, redirect=None, status=None)) after connection broken by 'SSLError(SSLCertVerificationError(1, '[SSL: CERTIFICATE_VERIFY_FAILED] certificate verify failed: unable to get local issuer certificate (_ssl.c:1077)'))': /search?q=ABBVIE+SAS%2C+Colombia&format=json&limit=1
2026-07-17 09:06:28,459 [INFO]   📍 Nominatim sin resultado, intentando Google Maps...
2026-07-17 09:06:31,965 [INFO]   ✅ Ciudad: Bogotá, País: Colombia
2026-07-17 09:06:31,965 [INFO]      Dirección: Bogotá
2026-07-17 09:06:32,876 [INFO] [10/2056] ABC ACABADOS LIMITADA                             
2026-07-17 09:06:32,974 [WARNING] Retrying (Retry(total=1, connect=None, read=None, redirect=None, status=None)) after connection broken by 'SSLError(SSLCertVerificationError(1, '[SSL: CERTIFICATE_VERIFY_FAILED] certificate verify failed: unable to get local issuer certificate (_ssl.c:1077)'))': /search?q=ABC+ACABADOS+LIMITADA+++++++++++++++++++++++++++++++++++++++++++++++++++++++++++%2C+Colombia&format=json&limit=1
2026-07-17 09:06:33,070 [WARNING] Retrying (Retry(total=0, connect=None, read=None, redirect=None, status=None)) after connection broken by 'SSLError(SSLCertVerificationError(1, '[SSL: CERTIFICATE_VERIFY_FAILED] certificate verify failed: unable to get local issuer certificate (_ssl.c:1077)'))': /search?q=ABC+ACABADOS+LIMITADA+++++++++++++++++++++++++++++++++++++++++++++++++++++++++++%2C+Colombia&format=json&limit=1
2026-07-17 09:06:33,169 [INFO]   📍 Nominatim sin resultado, intentando Google Maps...
2026-07-17 09:06:36,600 [INFO]   ✅ Ciudad: Bogotá, País: Colombia
2026-07-17 09:06:36,600 [INFO]      Dirección: Cra. 64A#3-84 Bogotá cund, Cra. 64a #3-84, Bogotá
2026-07-17 09:06:37,197 [INFO] [11/2056] ABC EL AVISPON
2026-07-17 09:06:37,306 [WARNING] Retrying (Retry(total=1, connect=None, read=None, redirect=None, status=None)) after connection broken by 'SSLError(SSLCertVerificationError(1, '[SSL: CERTIFICATE_VERIFY_FAILED] certificate verify failed: unable to get local issuer certificate (_ssl.c:1077)'))': /search?q=ABC+EL+AVISPON%2C+Colombia&format=json&limit=1
2026-07-17 09:06:37,418 [WARNING] Retrying (Retry(total=0, connect=None, read=None, redirect=None, status=None)) after connection broken by 'SSLError(SSLCertVerificationError(1, '[SSL: CERTIFICATE_VERIFY_FAILED] certificate verify failed: unable to get local issuer certificate (_ssl.c:1077)'))': /search?q=ABC+EL+AVISPON%2C+Colombia&format=json&limit=1
2026-07-17 09:06:37,507 [INFO]   📍 Nominatim sin resultado, intentando Google Maps...
2026-07-17 09:06:39,319 [WARNING] Retrying (Retry(total=2, connect=None, read=None, redirect=None, status=None)) after connection broken by 'ConnectionResetError(54, 'Connection reset by peer')': /session/768f67134c4e2be51915b41f09fc7dac
2026-07-17 09:06:39,321 [WARNING] Retrying (Retry(total=1, connect=None, read=None, redirect=None, status=None)) after connection broken by 'NewConnectionError("HTTPConnection(host='localhost', port=51978): Failed to establish a new connection: [Errno 61] Connection refused")': /session/768f67134c4e2be51915b41f09fc7dac
2026-07-17 09:06:39,322 [WARNING] Retrying (Retry(total=0, connect=None, read=None, redirect=None, status=None)) after connection broken by 'NewConnectionError("HTTPConnection(host='localhost', port=51978): Failed to establish a new connection: [Errno 61] Connection refused")': /session/768f67134c4e2be51915b41f09fc7dac
2026-07-17 09:06:39,323 [INFO] 
✅ Completado. Checkpoint guardado.
2026-07-17 09:15:01,804 [INFO] ====== WebDriver manager ======
2026-07-17 09:15:02,217 [INFO] Driver [/Users/danielaamaya/.wdm/drivers/chromedriver/mac-arm64/150.0.7871.124/chromedriver-mac-arm64/chromedriver] found in cache by browser version
2026-07-17 09:15:04,062 [INFO] 
🔹 Retail / Comercio
2026-07-17 09:15:04,076 [INFO]    Total SIN ciudad: 2054
2026-07-17 09:15:04,076 [INFO] [9/2054] ABC EL AVISPON
2026-07-17 09:15:04,192 [WARNING] Retrying (Retry(total=1, connect=None, read=None, redirect=None, status=None)) after connection broken by 'SSLError(SSLCertVerificationError(1, '[SSL: CERTIFICATE_VERIFY_FAILED] certificate verify failed: unable to get local issuer certificate (_ssl.c:1077)'))': /search?q=abc+el+avispon%2C+Colombia&format=json&limit=1
2026-07-17 09:15:04,276 [WARNING] Retrying (Retry(total=0, connect=None, read=None, redirect=None, status=None)) after connection broken by 'SSLError(SSLCertVerificationError(1, '[SSL: CERTIFICATE_VERIFY_FAILED] certificate verify failed: unable to get local issuer certificate (_ssl.c:1077)'))': /search?q=abc+el+avispon%2C+Colombia&format=json&limit=1
2026-07-17 09:15:04,441 [WARNING] Retrying (Retry(total=1, connect=None, read=None, redirect=None, status=None)) after connection broken by 'SSLError(SSLCertVerificationError(1, '[SSL: CERTIFICATE_VERIFY_FAILED] certificate verify failed: unable to get local issuer certificate (_ssl.c:1077)'))': /search?q=abc+l+avispon%2C+Colombia&format=json&limit=1
2026-07-17 09:15:04,547 [WARNING] Retrying (Retry(total=0, connect=None, read=None, redirect=None, status=None)) after connection broken by 'SSLError(SSLCertVerificationError(1, '[SSL: CERTIFICATE_VERIFY_FAILED] certificate verify failed: unable to get local issuer certificate (_ssl.c:1077)'))': /search?q=abc+l+avispon%2C+Colombia&format=json&limit=1
2026-07-17 09:15:04,731 [WARNING] Retrying (Retry(total=1, connect=None, read=None, redirect=None, status=None)) after connection broken by 'SSLError(SSLCertVerificationError(1, '[SSL: CERTIFICATE_VERIFY_FAILED] certificate verify failed: unable to get local issuer certificate (_ssl.c:1077)'))': /search?q=avispon%2C+Colombia&format=json&limit=1
2026-07-17 09:15:04,821 [WARNING] Retrying (Retry(total=0, connect=None, read=None, redirect=None, status=None)) after connection broken by 'SSLError(SSLCertVerificationError(1, '[SSL: CERTIFICATE_VERIFY_FAILED] certificate verify failed: unable to get local issuer certificate (_ssl.c:1077)'))': /search?q=avispon%2C+Colombia&format=json&limit=1
2026-07-17 09:15:05,001 [WARNING] Retrying (Retry(total=1, connect=None, read=None, redirect=None, status=None)) after connection broken by 'SSLError(SSLCertVerificationError(1, '[SSL: CERTIFICATE_VERIFY_FAILED] certificate verify failed: unable to get local issuer certificate (_ssl.c:1077)'))': /search?q=abc+avispon%2C+Colombia&format=json&limit=1
2026-07-17 09:15:05,090 [WARNING] Retrying (Retry(total=0, connect=None, read=None, redirect=None, status=None)) after connection broken by 'SSLError(SSLCertVerificationError(1, '[SSL: CERTIFICATE_VERIFY_FAILED] certificate verify failed: unable to get local issuer certificate (_ssl.c:1077)'))': /search?q=abc+avispon%2C+Colombia&format=json&limit=1
2026-07-17 09:15:05,169 [INFO]   📍 Nominatim sin resultado, intentando Google Maps...
2026-07-17 09:15:15,495 [INFO]   ❌ No encontrada en Nominatim ni Google Maps
2026-07-17 09:15:16,050 [INFO] [10/2054] ABRAHAM OSMAN Y COMPANIA S. EN C.
2026-07-17 09:15:16,120 [WARNING] Retrying (Retry(total=1, connect=None, read=None, redirect=None, status=None)) after connection broken by 'SSLError(SSLCertVerificationError(1, '[SSL: CERTIFICATE_VERIFY_FAILED] certificate verify failed: unable to get local issuer certificate (_ssl.c:1077)'))': /search?q=abraham+osman+y+compania+s.+en+c.%2C+Colombia&format=json&limit=1
2026-07-17 09:15:16,202 [WARNING] Retrying (Retry(total=0, connect=None, read=None, redirect=None, status=None)) after connection broken by 'SSLError(SSLCertVerificationError(1, '[SSL: CERTIFICATE_VERIFY_FAILED] certificate verify failed: unable to get local issuer certificate (_ssl.c:1077)'))': /search?q=abraham+osman+y+compania+s.+en+c.%2C+Colombia&format=json&limit=1
2026-07-17 09:15:16,367 [WARNING] Retrying (Retry(total=1, connect=None, read=None, redirect=None, status=None)) after connection broken by 'SSLError(SSLCertVerificationError(1, '[SSL: CERTIFICATE_VERIFY_FAILED] certificate verify failed: unable to get local issuer certificate (_ssl.c:1077)'))': /search?q=abraham+osman+mpania+s.+n+c.%2C+Colombia&format=json&limit=1
2026-07-17 09:15:16,454 [WARNING] Retrying (Retry(total=0, connect=None, read=None, redirect=None, status=None)) after connection broken by 'SSLError(SSLCertVerificationError(1, '[SSL: CERTIFICATE_VERIFY_FAILED] certificate verify failed: unable to get local issuer certificate (_ssl.c:1077)'))': /search?q=abraham+osman+mpania+s.+n+c.%2C+Colombia&format=json&limit=1
2026-07-17 09:15:16,655 [WARNING] Retrying (Retry(total=1, connect=None, read=None, redirect=None, status=None)) after connection broken by 'SSLError(SSLCertVerificationError(1, '[SSL: CERTIFICATE_VERIFY_FAILED] certificate verify failed: unable to get local issuer certificate (_ssl.c:1077)'))': /search?q=abraham+osman+y+compania+s+en+c%2C+Colombia&format=json&limit=1
2026-07-17 09:15:16,782 [WARNING] Retrying (Retry(total=0, connect=None, read=None, redirect=None, status=None)) after connection broken by 'SSLError(SSLCertVerificationError(1, '[SSL: CERTIFICATE_VERIFY_FAILED] certificate verify failed: unable to get local issuer certificate (_ssl.c:1077)'))': /search?q=abraham+osman+y+compania+s+en+c%2C+Colombia&format=json&limit=1
2026-07-17 09:15:17,001 [WARNING] Retrying (Retry(total=1, connect=None, read=None, redirect=None, status=None)) after connection broken by 'SSLError(SSLCertVerificationError(1, '[SSL: CERTIFICATE_VERIFY_FAILED] certificate verify failed: unable to get local issuer certificate (_ssl.c:1077)'))': /search?q=mpania%2C+Colombia&format=json&limit=1
2026-07-17 09:15:17,086 [WARNING] Retrying (Retry(total=0, connect=None, read=None, redirect=None, status=None)) after connection broken by 'SSLError(SSLCertVerificationError(1, '[SSL: CERTIFICATE_VERIFY_FAILED] certificate verify failed: unable to get local issuer certificate (_ssl.c:1077)'))': /search?q=mpania%2C+Colombia&format=json&limit=1
2026-07-17 09:15:17,251 [WARNING] Retrying (Retry(total=1, connect=None, read=None, redirect=None, status=None)) after connection broken by 'SSLError(SSLCertVerificationError(1, '[SSL: CERTIFICATE_VERIFY_FAILED] certificate verify failed: unable to get local issuer certificate (_ssl.c:1077)'))': /search?q=osman+mpania%2C+Colombia&format=json&limit=1
2026-07-17 09:15:17,336 [WARNING] Retrying (Retry(total=0, connect=None, read=None, redirect=None, status=None)) after connection broken by 'SSLError(SSLCertVerificationError(1, '[SSL: CERTIFICATE_VERIFY_FAILED] certificate verify failed: unable to get local issuer certificate (_ssl.c:1077)'))': /search?q=osman+mpania%2C+Colombia&format=json&limit=1
2026-07-17 09:15:17,546 [WARNING] Retrying (Retry(total=1, connect=None, read=None, redirect=None, status=None)) after connection broken by 'SSLError(SSLCertVerificationError(1, '[SSL: CERTIFICATE_VERIFY_FAILED] certificate verify failed: unable to get local issuer certificate (_ssl.c:1077)'))': /search?q=abraham+osman+mpania%2C+Colombia&format=json&limit=1
2026-07-17 09:15:17,655 [WARNING] Retrying (Retry(total=0, connect=None, read=None, redirect=None, status=None)) after connection broken by 'SSLError(SSLCertVerificationError(1, '[SSL: CERTIFICATE_VERIFY_FAILED] certificate verify failed: unable to get local issuer certificate (_ssl.c:1077)'))': /search?q=abraham+osman+mpania%2C+Colombia&format=json&limit=1
2026-07-17 09:15:17,747 [INFO]   📍 Nominatim sin resultado, intentando Google Maps...
2026-07-17 09:15:29,215 [INFO]     (Encontrado con variación: 'osman mpania')
2026-07-17 09:15:29,215 [INFO]   ✅ Ciudad: Bogotá, País: Colombia
2026-07-17 09:15:29,215 [INFO]      Dirección: Ak 9 #No. 115 – 06/30 Of. 801, Bogotá
2026-07-17 09:15:30,084 [INFO] [11/2054] ABRASIVOS DE LA COSTA LTDA
2026-07-17 09:15:30,202 [WARNING] Retrying (Retry(total=1, connect=None, read=None, redirect=None, status=None)) after connection broken by 'SSLError(SSLCertVerificationError(1, '[SSL: CERTIFICATE_VERIFY_FAILED] certificate verify failed: unable to get local issuer certificate (_ssl.c:1077)'))': /search?q=abrasivos+de+la+costa+ltda%2C+Colombia&format=json&limit=1
2026-07-17 09:15:30,314 [WARNING] Retrying (Retry(total=0, connect=None, read=None, redirect=None, status=None)) after connection broken by 'SSLError(SSLCertVerificationError(1, '[SSL: CERTIFICATE_VERIFY_FAILED] certificate verify failed: unable to get local issuer certificate (_ssl.c:1077)'))': /search?q=abrasivos+de+la+costa+ltda%2C+Colombia&format=json&limit=1
2026-07-17 09:15:30,521 [WARNING] Retrying (Retry(total=1, connect=None, read=None, redirect=None, status=None)) after connection broken by 'SSLError(SSLCertVerificationError(1, '[SSL: CERTIFICATE_VERIFY_FAILED] certificate verify failed: unable to get local issuer certificate (_ssl.c:1077)'))': /search?q=abrasivos+d+la+sta%2C+Colombia&format=json&limit=1
2026-07-17 09:15:30,626 [WARNING] Retrying (Retry(total=0, connect=None, read=None, redirect=None, status=None)) after connection broken by 'SSLError(SSLCertVerificationError(1, '[SSL: CERTIFICATE_VERIFY_FAILED] certificate verify failed: unable to get local issuer certificate (_ssl.c:1077)'))': /search?q=abrasivos+d+la+sta%2C+Colombia&format=json&limit=1
2026-07-17 09:15:30,824 [WARNING] Retrying (Retry(total=1, connect=None, read=None, redirect=None, status=None)) after connection broken by 'SSLError(SSLCertVerificationError(1, '[SSL: CERTIFICATE_VERIFY_FAILED] certificate verify failed: unable to get local issuer certificate (_ssl.c:1077)'))': /search?q=sta%2C+Colombia&format=json&limit=1
2026-07-17 09:15:30,938 [WARNING] Retrying (Retry(total=0, connect=None, read=None, redirect=None, status=None)) after connection broken by 'SSLError(SSLCertVerificationError(1, '[SSL: CERTIFICATE_VERIFY_FAILED] certificate verify failed: unable to get local issuer certificate (_ssl.c:1077)'))': /search?q=sta%2C+Colombia&format=json&limit=1
2026-07-17 09:15:31,127 [WARNING] Retrying (Retry(total=1, connect=None, read=None, redirect=None, status=None)) after connection broken by 'SSLError(SSLCertVerificationError(1, '[SSL: CERTIFICATE_VERIFY_FAILED] certificate verify failed: unable to get local issuer certificate (_ssl.c:1077)'))': /search?q=abrasivos+sta%2C+Colombia&format=json&limit=1
2026-07-17 09:15:31,219 [WARNING] Retrying (Retry(total=0, connect=None, read=None, redirect=None, status=None)) after connection broken by 'SSLError(SSLCertVerificationError(1, '[SSL: CERTIFICATE_VERIFY_FAILED] certificate verify failed: unable to get local issuer certificate (_ssl.c:1077)'))': /search?q=abrasivos+sta%2C+Colombia&format=json&limit=1
2026-07-17 09:15:31,313 [INFO]   📍 Nominatim sin resultado, intentando Google Maps...
2026-07-17 09:15:34,783 [INFO]     (Encontrado con variación: 'abrasivos de la costa ltda')
2026-07-17 09:15:34,784 [INFO]   ✅ Ciudad: Barranquilla, País: Colombia
2026-07-17 09:15:34,784 [INFO]      Dirección: Av. Murillo #51 - 31, Nte. Centro Historico, Barranquilla, A
2026-07-17 09:15:35,648 [INFO] [12/2054] ACATIC S.A.S
2026-07-17 09:15:35,742 [WARNING] Retrying (Retry(total=1, connect=None, read=None, redirect=None, status=None)) after connection broken by 'SSLError(SSLCertVerificationError(1, '[SSL: CERTIFICATE_VERIFY_FAILED] certificate verify failed: unable to get local issuer certificate (_ssl.c:1077)'))': /search?q=acatic+s.a.s%2C+Colombia&format=json&limit=1
2026-07-17 09:15:35,849 [WARNING] Retrying (Retry(total=0, connect=None, read=None, redirect=None, status=None)) after connection broken by 'SSLError(SSLCertVerificationError(1, '[SSL: CERTIFICATE_VERIFY_FAILED] certificate verify failed: unable to get local issuer certificate (_ssl.c:1077)'))': /search?q=acatic+s.a.s%2C+Colombia&format=json&limit=1
2026-07-17 09:15:36,048 [WARNING] Retrying (Retry(total=1, connect=None, read=None, redirect=None, status=None)) after connection broken by 'SSLError(SSLCertVerificationError(1, '[SSL: CERTIFICATE_VERIFY_FAILED] certificate verify failed: unable to get local issuer certificate (_ssl.c:1077)'))': /search?q=acatic%2C+Colombia&format=json&limit=1
2026-07-17 09:15:36,157 [WARNING] Retrying (Retry(total=0, connect=None, read=None, redirect=None, status=None)) after connection broken by 'SSLError(SSLCertVerificationError(1, '[SSL: CERTIFICATE_VERIFY_FAILED] certificate verify failed: unable to get local issuer certificate (_ssl.c:1077)'))': /search?q=acatic%2C+Colombia&format=json&limit=1
2026-07-17 09:15:36,348 [WARNING] Retrying (Retry(total=1, connect=None, read=None, redirect=None, status=None)) after connection broken by 'SSLError(SSLCertVerificationError(1, '[SSL: CERTIFICATE_VERIFY_FAILED] certificate verify failed: unable to get local issuer certificate (_ssl.c:1077)'))': /search?q=acatic+sas%2C+Colombia&format=json&limit=1
2026-07-17 09:15:36,435 [WARNING] Retrying (Retry(total=0, connect=None, read=None, redirect=None, status=None)) after connection broken by 'SSLError(SSLCertVerificationError(1, '[SSL: CERTIFICATE_VERIFY_FAILED] certificate verify failed: unable to get local issuer certificate (_ssl.c:1077)'))': /search?q=acatic+sas%2C+Colombia&format=json&limit=1
2026-07-17 09:15:36,518 [INFO]   📍 Nominatim sin resultado, intentando Google Maps...
2026-07-17 09:15:43,099 [INFO]   ❌ No encontrada en Nominatim ni Google Maps
2026-07-17 09:15:43,741 [INFO] [13/2054] ACCEDO COLOMBIA SAS
2026-07-17 09:15:43,890 [WARNING] Retrying (Retry(total=1, connect=None, read=None, redirect=None, status=None)) after connection broken by 'SSLError(SSLCertVerificationError(1, '[SSL: CERTIFICATE_VERIFY_FAILED] certificate verify failed: unable to get local issuer certificate (_ssl.c:1077)'))': /search?q=accedo+colombia+sas%2C+Colombia&format=json&limit=1
2026-07-17 09:15:44,015 [WARNING] Retrying (Retry(total=0, connect=None, read=None, redirect=None, status=None)) after connection broken by 'SSLError(SSLCertVerificationError(1, '[SSL: CERTIFICATE_VERIFY_FAILED] certificate verify failed: unable to get local issuer certificate (_ssl.c:1077)'))': /search?q=accedo+colombia+sas%2C+Colombia&format=json&limit=1
2026-07-17 09:15:44,207 [WARNING] Retrying (Retry(total=1, connect=None, read=None, redirect=None, status=None)) after connection broken by 'SSLError(SSLCertVerificationError(1, '[SSL: CERTIFICATE_VERIFY_FAILED] certificate verify failed: unable to get local issuer certificate (_ssl.c:1077)'))': /search?q=acc+do+lombia+sas%2C+Colombia&format=json&limit=1
2026-07-17 09:15:44,294 [WARNING] Retrying (Retry(total=0, connect=None, read=None, redirect=None, status=None)) after connection broken by 'SSLError(SSLCertVerificationError(1, '[SSL: CERTIFICATE_VERIFY_FAILED] certificate verify failed: unable to get local issuer certificate (_ssl.c:1077)'))': /search?q=acc+do+lombia+sas%2C+Colombia&format=json&limit=1
2026-07-17 09:15:44,494 [WARNING] Retrying (Retry(total=1, connect=None, read=None, redirect=None, status=None)) after connection broken by 'SSLError(SSLCertVerificationError(1, '[SSL: CERTIFICATE_VERIFY_FAILED] certificate verify failed: unable to get local issuer certificate (_ssl.c:1077)'))': /search?q=sas%2C+Colombia&format=json&limit=1
2026-07-17 09:15:44,585 [WARNING] Retrying (Retry(total=0, connect=None, read=None, redirect=None, status=None)) after connection broken by 'SSLError(SSLCertVerificationError(1, '[SSL: CERTIFICATE_VERIFY_FAILED] certificate verify failed: unable to get local issuer certificate (_ssl.c:1077)'))': /search?q=sas%2C+Colombia&format=json&limit=1
2026-07-17 09:15:44,809 [WARNING] Retrying (Retry(total=1, connect=None, read=None, redirect=None, status=None)) after connection broken by 'SSLError(SSLCertVerificationError(1, '[SSL: CERTIFICATE_VERIFY_FAILED] certificate verify failed: unable to get local issuer certificate (_ssl.c:1077)'))': /search?q=lombia+sas%2C+Colombia&format=json&limit=1
2026-07-17 09:15:44,914 [WARNING] Retrying (Retry(total=0, connect=None, read=None, redirect=None, status=None)) after connection broken by 'SSLError(SSLCertVerificationError(1, '[SSL: CERTIFICATE_VERIFY_FAILED] certificate verify failed: unable to get local issuer certificate (_ssl.c:1077)'))': /search?q=lombia+sas%2C+Colombia&format=json&limit=1
2026-07-17 09:15:45,101 [WARNING] Retrying (Retry(total=1, connect=None, read=None, redirect=None, status=None)) after connection broken by 'SSLError(SSLCertVerificationError(1, '[SSL: CERTIFICATE_VERIFY_FAILED] certificate verify failed: unable to get local issuer certificate (_ssl.c:1077)'))': /search?q=acc+lombia+sas%2C+Colombia&format=json&limit=1
2026-07-17 09:15:45,194 [WARNING] Retrying (Retry(total=0, connect=None, read=None, redirect=None, status=None)) after connection broken by 'SSLError(SSLCertVerificationError(1, '[SSL: CERTIFICATE_VERIFY_FAILED] certificate verify failed: unable to get local issuer certificate (_ssl.c:1077)'))': /search?q=acc+lombia+sas%2C+Colombia&format=json&limit=1
2026-07-17 09:15:45,301 [INFO]   📍 Nominatim sin resultado, intentando Google Maps...
2026-07-17 09:15:54,164 [INFO]     (Encontrado con variación: 'lombia sas')
2026-07-17 09:15:54,164 [INFO]   ✅ Ciudad: Barranquilla, País: Colombia
2026-07-17 09:15:54,164 [INFO]      Dirección: Cl. 77b #57 - 141 Suite 406, Nte. Centro Historico, Barranqu
2026-07-17 09:15:55,082 [INFO] [14/2054] ACCESAR LTDA.
2026-07-17 09:15:55,189 [WARNING] Retrying (Retry(total=1, connect=None, read=None, redirect=None, status=None)) after connection broken by 'SSLError(SSLCertVerificationError(1, '[SSL: CERTIFICATE_VERIFY_FAILED] certificate verify failed: unable to get local issuer certificate (_ssl.c:1077)'))': /search?q=accesar+ltda.%2C+Colombia&format=json&limit=1
2026-07-17 09:15:55,276 [WARNING] Retrying (Retry(total=0, connect=None, read=None, redirect=None, status=None)) after connection broken by 'SSLError(SSLCertVerificationError(1, '[SSL: CERTIFICATE_VERIFY_FAILED] certificate verify failed: unable to get local issuer certificate (_ssl.c:1077)'))': /search?q=accesar+ltda.%2C+Colombia&format=json&limit=1
2026-07-17 09:15:55,462 [WARNING] Retrying (Retry(total=1, connect=None, read=None, redirect=None, status=None)) after connection broken by 'SSLError(SSLCertVerificationError(1, '[SSL: CERTIFICATE_VERIFY_FAILED] certificate verify failed: unable to get local issuer certificate (_ssl.c:1077)'))': /search?q=acc+sar%2C+Colombia&format=json&limit=1
2026-07-17 09:15:55,550 [WARNING] Retrying (Retry(total=0, connect=None, read=None, redirect=None, status=None)) after connection broken by 'SSLError(SSLCertVerificationError(1, '[SSL: CERTIFICATE_VERIFY_FAILED] certificate verify failed: unable to get local issuer certificate (_ssl.c:1077)'))': /search?q=acc+sar%2C+Colombia&format=json&limit=1
2026-07-17 09:15:55,722 [WARNING] Retrying (Retry(total=1, connect=None, read=None, redirect=None, status=None)) after connection broken by 'SSLError(SSLCertVerificationError(1, '[SSL: CERTIFICATE_VERIFY_FAILED] certificate verify failed: unable to get local issuer certificate (_ssl.c:1077)'))': /search?q=accesar+ltda%2C+Colombia&format=json&limit=1
2026-07-17 09:15:55,825 [WARNING] Retrying (Retry(total=0, connect=None, read=None, redirect=None, status=None)) after connection broken by 'SSLError(SSLCertVerificationError(1, '[SSL: CERTIFICATE_VERIFY_FAILED] certificate verify failed: unable to get local issuer certificate (_ssl.c:1077)'))': /search?q=accesar+ltda%2C+Colombia&format=json&limit=1
2026-07-17 09:15:56,003 [WARNING] Retrying (Retry(total=1, connect=None, read=None, redirect=None, status=None)) after connection broken by 'SSLError(SSLCertVerificationError(1, '[SSL: CERTIFICATE_VERIFY_FAILED] certificate verify failed: unable to get local issuer certificate (_ssl.c:1077)'))': /search?q=sar%2C+Colombia&format=json&limit=1
2026-07-17 09:15:56,106 [WARNING] Retrying (Retry(total=0, connect=None, read=None, redirect=None, status=None)) after connection broken by 'SSLError(SSLCertVerificationError(1, '[SSL: CERTIFICATE_VERIFY_FAILED] certificate verify failed: unable to get local issuer certificate (_ssl.c:1077)'))': /search?q=sar%2C+Colombia&format=json&limit=1
2026-07-17 09:15:56,213 [INFO]   📍 Nominatim sin resultado, intentando Google Maps...
2026-07-17 09:15:59,113 [INFO]     (Encontrado con variación: 'accesar ltda.')
2026-07-17 09:15:59,113 [INFO]   ✅ Ciudad: Barranquilla, País: Colombia
2026-07-17 09:15:59,113 [INFO]      Dirección: Cra. 49b #75-53, Nte. Centro Historico, Barranquilla, Atlánt
2026-07-17 09:15:59,715 [INFO] [15/2054] ACCOR
2026-07-17 09:15:59,804 [WARNING] Retrying (Retry(total=1, connect=None, read=None, redirect=None, status=None)) after connection broken by 'SSLError(SSLCertVerificationError(1, '[SSL: CERTIFICATE_VERIFY_FAILED] certificate verify failed: unable to get local issuer certificate (_ssl.c:1077)'))': /search?q=accor%2C+Colombia&format=json&limit=1
2026-07-17 09:15:59,884 [WARNING] Retrying (Retry(total=0, connect=None, read=None, redirect=None, status=None)) after connection broken by 'SSLError(SSLCertVerificationError(1, '[SSL: CERTIFICATE_VERIFY_FAILED] certificate verify failed: unable to get local issuer certificate (_ssl.c:1077)'))': /search?q=accor%2C+Colombia&format=json&limit=1
2026-07-17 09:16:00,081 [WARNING] Retrying (Retry(total=1, connect=None, read=None, redirect=None, status=None)) after connection broken by 'SSLError(SSLCertVerificationError(1, '[SSL: CERTIFICATE_VERIFY_FAILED] certificate verify failed: unable to get local issuer certificate (_ssl.c:1077)'))': /search?q=ac+r%2C+Colombia&format=json&limit=1
2026-07-17 09:16:00,164 [WARNING] Retrying (Retry(total=0, connect=None, read=None, redirect=None, status=None)) after connection broken by 'SSLError(SSLCertVerificationError(1, '[SSL: CERTIFICATE_VERIFY_FAILED] certificate verify failed: unable to get local issuer certificate (_ssl.c:1077)'))': /search?q=ac+r%2C+Colombia&format=json&limit=1
2026-07-17 09:16:00,266 [INFO]   📍 Nominatim sin resultado, intentando Google Maps...
2026-07-17 09:16:03,146 [INFO]     (Encontrado con variación: 'accor')
2026-07-17 09:16:03,146 [INFO]   ✅ Ciudad: Bogotá, País: Colombia
2026-07-17 09:16:03,147 [INFO]      Dirección: Cra. 12a #83 75, Bogotá
2026-07-17 09:16:03,696 [INFO] [16/2054] ACE Bookings Events
2026-07-17 09:16:03,772 [WARNING] Retrying (Retry(total=1, connect=None, read=None, redirect=None, status=None)) after connection broken by 'SSLError(SSLCertVerificationError(1, '[SSL: CERTIFICATE_VERIFY_FAILED] certificate verify failed: unable to get local issuer certificate (_ssl.c:1077)'))': /search?q=ace+bookings+events%2C+Colombia&format=json&limit=1
2026-07-17 09:16:03,857 [WARNING] Retrying (Retry(total=0, connect=None, read=None, redirect=None, status=None)) after connection broken by 'SSLError(SSLCertVerificationError(1, '[SSL: CERTIFICATE_VERIFY_FAILED] certificate verify failed: unable to get local issuer certificate (_ssl.c:1077)'))': /search?q=ace+bookings+events%2C+Colombia&format=json&limit=1
2026-07-17 09:16:04,047 [WARNING] Retrying (Retry(total=1, connect=None, read=None, redirect=None, status=None)) after connection broken by 'SSLError(SSLCertVerificationError(1, '[SSL: CERTIFICATE_VERIFY_FAILED] certificate verify failed: unable to get local issuer certificate (_ssl.c:1077)'))': /search?q=ac+bookings+v+nts%2C+Colombia&format=json&limit=1
2026-07-17 09:16:04,136 [WARNING] Retrying (Retry(total=0, connect=None, read=None, redirect=None, status=None)) after connection broken by 'SSLError(SSLCertVerificationError(1, '[SSL: CERTIFICATE_VERIFY_FAILED] certificate verify failed: unable to get local issuer certificate (_ssl.c:1077)'))': /search?q=ac+bookings+v+nts%2C+Colombia&format=json&limit=1
2026-07-17 09:16:04,316 [WARNING] Retrying (Retry(total=1, connect=None, read=None, redirect=None, status=None)) after connection broken by 'SSLError(SSLCertVerificationError(1, '[SSL: CERTIFICATE_VERIFY_FAILED] certificate verify failed: unable to get local issuer certificate (_ssl.c:1077)'))': /search?q=nts%2C+Colombia&format=json&limit=1
2026-07-17 09:16:04,401 [WARNING] Retrying (Retry(total=0, connect=None, read=None, redirect=None, status=None)) after connection broken by 'SSLError(SSLCertVerificationError(1, '[SSL: CERTIFICATE_VERIFY_FAILED] certificate verify failed: unable to get local issuer certificate (_ssl.c:1077)'))': /search?q=nts%2C+Colombia&format=json&limit=1
2026-07-17 09:16:04,576 [WARNING] Retrying (Retry(total=1, connect=None, read=None, redirect=None, status=None)) after connection broken by 'SSLError(SSLCertVerificationError(1, '[SSL: CERTIFICATE_VERIFY_FAILED] certificate verify failed: unable to get local issuer certificate (_ssl.c:1077)'))': /search?q=bookings+nts%2C+Colombia&format=json&limit=1
2026-07-17 09:16:04,664 [WARNING] Retrying (Retry(total=0, connect=None, read=None, redirect=None, status=None)) after connection broken by 'SSLError(SSLCertVerificationError(1, '[SSL: CERTIFICATE_VERIFY_FAILED] certificate verify failed: unable to get local issuer certificate (_ssl.c:1077)'))': /search?q=bookings+nts%2C+Colombia&format=json&limit=1
2026-07-17 09:16:04,768 [INFO]   📍 Nominatim sin resultado, intentando Google Maps...
2026-07-17 09:16:07,656 [INFO]     (Encontrado con variación: 'ace bookings events')
2026-07-17 09:16:07,656 [INFO]   ✅ Ciudad: Bogotá, País: Colombia
2026-07-17 09:16:07,656 [INFO]      Dirección: Cra. 72 #51-25, Bogotá
2026-07-17 09:16:08,447 [INFO] [17/2054] ACE COLOMBIA
2026-07-17 09:16:08,525 [WARNING] Retrying (Retry(total=1, connect=None, read=None, redirect=None, status=None)) after connection broken by 'SSLError(SSLCertVerificationError(1, '[SSL: CERTIFICATE_VERIFY_FAILED] certificate verify failed: unable to get local issuer certificate (_ssl.c:1077)'))': /search?q=ace+colombia%2C+Colombia&format=json&limit=1
2026-07-17 09:16:08,620 [WARNING] Retrying (Retry(total=0, connect=None, read=None, redirect=None, status=None)) after connection broken by 'SSLError(SSLCertVerificationError(1, '[SSL: CERTIFICATE_VERIFY_FAILED] certificate verify failed: unable to get local issuer certificate (_ssl.c:1077)'))': /search?q=ace+colombia%2C+Colombia&format=json&limit=1
2026-07-17 09:16:08,800 [WARNING] Retrying (Retry(total=1, connect=None, read=None, redirect=None, status=None)) after connection broken by 'SSLError(SSLCertVerificationError(1, '[SSL: CERTIFICATE_VERIFY_FAILED] certificate verify failed: unable to get local issuer certificate (_ssl.c:1077)'))': /search?q=ac+lombia%2C+Colombia&format=json&limit=1
2026-07-17 09:16:08,957 [WARNING] Retrying (Retry(total=0, connect=None, read=None, redirect=None, status=None)) after connection broken by 'SSLError(SSLCertVerificationError(1, '[SSL: CERTIFICATE_VERIFY_FAILED] certificate verify failed: unable to get local issuer certificate (_ssl.c:1077)'))': /search?q=ac+lombia%2C+Colombia&format=json&limit=1
2026-07-17 09:16:09,146 [WARNING] Retrying (Retry(total=1, connect=None, read=None, redirect=None, status=None)) after connection broken by 'SSLError(SSLCertVerificationError(1, '[SSL: CERTIFICATE_VERIFY_FAILED] certificate verify failed: unable to get local issuer certificate (_ssl.c:1077)'))': /search?q=lombia%2C+Colombia&format=json&limit=1
2026-07-17 09:16:09,239 [WARNING] Retrying (Retry(total=0, connect=None, read=None, redirect=None, status=None)) after connection broken by 'SSLError(SSLCertVerificationError(1, '[SSL: CERTIFICATE_VERIFY_FAILED] certificate verify failed: unable to get local issuer certificate (_ssl.c:1077)'))': /search?q=lombia%2C+Colombia&format=json&limit=1
2026-07-17 09:16:09,330 [INFO]   📍 Nominatim sin resultado, intentando Google Maps...
2026-07-17 09:16:14,360 [INFO]     (Encontrado con variación: 'ac lombia')
2026-07-17 09:16:14,360 [INFO]   ✅ Ciudad: Cartagena, País: Colombia
2026-07-17 09:16:14,360 [INFO]      Dirección: Cra. 1 #62-105, Cartagena de Indias, Bolívar
2026-07-17 09:16:15,215 [INFO] [18/2054] ACEROS CORTADOS S.A.
2026-07-17 09:16:15,360 [WARNING] Retrying (Retry(total=1, connect=None, read=None, redirect=None, status=None)) after connection broken by 'SSLError(SSLCertVerificationError(1, '[SSL: CERTIFICATE_VERIFY_FAILED] certificate verify failed: unable to get local issuer certificate (_ssl.c:1077)'))': /search?q=aceros+cortados+s.a.%2C+Colombia&format=json&limit=1
2026-07-17 09:16:15,465 [WARNING] Retrying (Retry(total=0, connect=None, read=None, redirect=None, status=None)) after connection broken by 'SSLError(SSLCertVerificationError(1, '[SSL: CERTIFICATE_VERIFY_FAILED] certificate verify failed: unable to get local issuer certificate (_ssl.c:1077)'))': /search?q=aceros+cortados+s.a.%2C+Colombia&format=json&limit=1
2026-07-17 09:16:15,678 [WARNING] Retrying (Retry(total=1, connect=None, read=None, redirect=None, status=None)) after connection broken by 'SSLError(SSLCertVerificationError(1, '[SSL: CERTIFICATE_VERIFY_FAILED] certificate verify failed: unable to get local issuer certificate (_ssl.c:1077)'))': /search?q=ac+ros+rtados%2C+Colombia&format=json&limit=1
2026-07-17 09:16:15,779 [WARNING] Retrying (Retry(total=0, connect=None, read=None, redirect=None, status=None)) after connection broken by 'SSLError(SSLCertVerificationError(1, '[SSL: CERTIFICATE_VERIFY_FAILED] certificate verify failed: unable to get local issuer certificate (_ssl.c:1077)'))': /search?q=ac+ros+rtados%2C+Colombia&format=json&limit=1
2026-07-17 09:16:15,963 [WARNING] Retrying (Retry(total=1, connect=None, read=None, redirect=None, status=None)) after connection broken by 'SSLError(SSLCertVerificationError(1, '[SSL: CERTIFICATE_VERIFY_FAILED] certificate verify failed: unable to get local issuer certificate (_ssl.c:1077)'))': /search?q=aceros+cortados+sa%2C+Colombia&format=json&limit=1
2026-07-17 09:16:16,052 [WARNING] Retrying (Retry(total=0, connect=None, read=None, redirect=None, status=None)) after connection broken by 'SSLError(SSLCertVerificationError(1, '[SSL: CERTIFICATE_VERIFY_FAILED] certificate verify failed: unable to get local issuer certificate (_ssl.c:1077)'))': /search?q=aceros+cortados+sa%2C+Colombia&format=json&limit=1
2026-07-17 09:16:16,232 [WARNING] Retrying (Retry(total=1, connect=None, read=None, redirect=None, status=None)) after connection broken by 'SSLError(SSLCertVerificationError(1, '[SSL: CERTIFICATE_VERIFY_FAILED] certificate verify failed: unable to get local issuer certificate (_ssl.c:1077)'))': /search?q=rtados%2C+Colombia&format=json&limit=1
2026-07-17 09:16:16,337 [WARNING] Retrying (Retry(total=0, connect=None, read=None, redirect=None, status=None)) after connection broken by 'SSLError(SSLCertVerificationError(1, '[SSL: CERTIFICATE_VERIFY_FAILED] certificate verify failed: unable to get local issuer certificate (_ssl.c:1077)'))': /search?q=rtados%2C+Colombia&format=json&limit=1
2026-07-17 09:16:16,556 [WARNING] Retrying (Retry(total=1, connect=None, read=None, redirect=None, status=None)) after connection broken by 'SSLError(SSLCertVerificationError(1, '[SSL: CERTIFICATE_VERIFY_FAILED] certificate verify failed: unable to get local issuer certificate (_ssl.c:1077)'))': /search?q=ros+rtados%2C+Colombia&format=json&limit=1
2026-07-17 09:16:16,670 [WARNING] Retrying (Retry(total=0, connect=None, read=None, redirect=None, status=None)) after connection broken by 'SSLError(SSLCertVerificationError(1, '[SSL: CERTIFICATE_VERIFY_FAILED] certificate verify failed: unable to get local issuer certificate (_ssl.c:1077)'))': /search?q=ros+rtados%2C+Colombia&format=json&limit=1
2026-07-17 09:16:16,781 [INFO]   📍 Nominatim sin resultado, intentando Google Maps...
2026-07-17 09:16:28,426 [INFO]   ❌ No encontrada en Nominatim ni Google Maps
2026-07-17 09:16:29,093 [INFO] [19/2054] ACHO Asoc Colombiana de Hematologia y Oncologia
2026-07-17 09:16:29,203 [WARNING] Retrying (Retry(total=1, connect=None, read=None, redirect=None, status=None)) after connection broken by 'SSLError(SSLCertVerificationError(1, '[SSL: CERTIFICATE_VERIFY_FAILED] certificate verify failed: unable to get local issuer certificate (_ssl.c:1077)'))': /search?q=acho+asoc+colombiana+de+hematologia+y+oncologia%2C+Colombia&format=json&limit=1
2026-07-17 09:16:29,308 [WARNING] Retrying (Retry(total=0, connect=None, read=None, redirect=None, status=None)) after connection broken by 'SSLError(SSLCertVerificationError(1, '[SSL: CERTIFICATE_VERIFY_FAILED] certificate verify failed: unable to get local issuer certificate (_ssl.c:1077)'))': /search?q=acho+asoc+colombiana+de+hematologia+y+oncologia%2C+Colombia&format=json&limit=1
2026-07-17 09:16:29,493 [WARNING] Retrying (Retry(total=1, connect=None, read=None, redirect=None, status=None)) after connection broken by 'SSLError(SSLCertVerificationError(1, '[SSL: CERTIFICATE_VERIFY_FAILED] certificate verify failed: unable to get local issuer certificate (_ssl.c:1077)'))': /search?q=acho+asoc+lombiana+d+h+matologia+on+logia%2C+Colombia&format=json&limit=1
2026-07-17 09:16:29,571 [WARNING] Retrying (Retry(total=0, connect=None, read=None, redirect=None, status=None)) after connection broken by 'SSLError(SSLCertVerificationError(1, '[SSL: CERTIFICATE_VERIFY_FAILED] certificate verify failed: unable to get local issuer certificate (_ssl.c:1077)'))': /search?q=acho+asoc+lombiana+d+h+matologia+on+logia%2C+Colombia&format=json&limit=1
2026-07-17 09:16:29,738 [WARNING] Retrying (Retry(total=1, connect=None, read=None, redirect=None, status=None)) after connection broken by 'SSLError(SSLCertVerificationError(1, '[SSL: CERTIFICATE_VERIFY_FAILED] certificate verify failed: unable to get local issuer certificate (_ssl.c:1077)'))': /search?q=logia%2C+Colombia&format=json&limit=1
2026-07-17 09:16:29,830 [WARNING] Retrying (Retry(total=0, connect=None, read=None, redirect=None, status=None)) after connection broken by 'SSLError(SSLCertVerificationError(1, '[SSL: CERTIFICATE_VERIFY_FAILED] certificate verify failed: unable to get local issuer certificate (_ssl.c:1077)'))': /search?q=logia%2C+Colombia&format=json&limit=1
2026-07-17 09:16:30,013 [WARNING] Retrying (Retry(total=1, connect=None, read=None, redirect=None, status=None)) after connection broken by 'SSLError(SSLCertVerificationError(1, '[SSL: CERTIFICATE_VERIFY_FAILED] certificate verify failed: unable to get local issuer certificate (_ssl.c:1077)'))': /search?q=matologia+logia%2C+Colombia&format=json&limit=1
2026-07-17 09:16:30,115 [WARNING] Retrying (Retry(total=0, connect=None, read=None, redirect=None, status=None)) after connection broken by 'SSLError(SSLCertVerificationError(1, '[SSL: CERTIFICATE_VERIFY_FAILED] certificate verify failed: unable to get local issuer certificate (_ssl.c:1077)'))': /search?q=matologia+logia%2C+Colombia&format=json&limit=1
2026-07-17 09:16:30,283 [WARNING] Retrying (Retry(total=1, connect=None, read=None, redirect=None, status=None)) after connection broken by 'SSLError(SSLCertVerificationError(1, '[SSL: CERTIFICATE_VERIFY_FAILED] certificate verify failed: unable to get local issuer certificate (_ssl.c:1077)'))': /search?q=lombiana+matologia+logia%2C+Colombia&format=json&limit=1
2026-07-17 09:16:30,370 [WARNING] Retrying (Retry(total=0, connect=None, read=None, redirect=None, status=None)) after connection broken by 'SSLError(SSLCertVerificationError(1, '[SSL: CERTIFICATE_VERIFY_FAILED] certificate verify failed: unable to get local issuer certificate (_ssl.c:1077)'))': /search?q=lombiana+matologia+logia%2C+Colombia&format=json&limit=1
2026-07-17 09:16:30,459 [INFO]   📍 Nominatim sin resultado, intentando Google Maps...
2026-07-17 09:16:35,446 [INFO]     (Encontrado con variación: 'acho asoc lombiana d h matologia on logia')
2026-07-17 09:16:35,446 [INFO]   ✅ Ciudad: Barranquilla, País: Colombia
2026-07-17 09:16:35,446 [INFO]      Dirección: Cra. 57 #68-60, Nte. Centro Historico, Barranquilla, Atlánti
2026-07-17 09:16:36,300 [INFO] [20/2054] ACHO Asoc Colombiana de Hematologia y Oncologia
2026-07-17 09:16:36,389 [WARNING] Retrying (Retry(total=1, connect=None, read=None, redirect=None, status=None)) after connection broken by 'SSLError(SSLCertVerificationError(1, '[SSL: CERTIFICATE_VERIFY_FAILED] certificate verify failed: unable to get local issuer certificate (_ssl.c:1077)'))': /search?q=acho+asoc+colombiana+de+hematologia+y+oncologia%2C+Colombia&format=json&limit=1
2026-07-17 09:16:36,463 [WARNING] Retrying (Retry(total=0, connect=None, read=None, redirect=None, status=None)) after connection broken by 'SSLError(SSLCertVerificationError(1, '[SSL: CERTIFICATE_VERIFY_FAILED] certificate verify failed: unable to get local issuer certificate (_ssl.c:1077)'))': /search?q=acho+asoc+colombiana+de+hematologia+y+oncologia%2C+Colombia&format=json&limit=1
2026-07-17 09:16:36,625 [WARNING] Retrying (Retry(total=1, connect=None, read=None, redirect=None, status=None)) after connection broken by 'SSLError(SSLCertVerificationError(1, '[SSL: CERTIFICATE_VERIFY_FAILED] certificate verify failed: unable to get local issuer certificate (_ssl.c:1077)'))': /search?q=acho+asoc+lombiana+d+h+matologia+on+logia%2C+Colombia&format=json&limit=1
2026-07-17 09:16:36,720 [WARNING] Retrying (Retry(total=0, connect=None, read=None, redirect=None, status=None)) after connection broken by 'SSLError(SSLCertVerificationError(1, '[SSL: CERTIFICATE_VERIFY_FAILED] certificate verify failed: unable to get local issuer certificate (_ssl.c:1077)'))': /search?q=acho+asoc+lombiana+d+h+matologia+on+logia%2C+Colombia&format=json&limit=1
2026-07-17 09:16:36,887 [WARNING] Retrying (Retry(total=1, connect=None, read=None, redirect=None, status=None)) after connection broken by 'SSLError(SSLCertVerificationError(1, '[SSL: CERTIFICATE_VERIFY_FAILED] certificate verify failed: unable to get local issuer certificate (_ssl.c:1077)'))': /search?q=logia%2C+Colombia&format=json&limit=1
2026-07-17 09:16:36,969 [WARNING] Retrying (Retry(total=0, connect=None, read=None, redirect=None, status=None)) after connection broken by 'SSLError(SSLCertVerificationError(1, '[SSL: CERTIFICATE_VERIFY_FAILED] certificate verify failed: unable to get local issuer certificate (_ssl.c:1077)'))': /search?q=logia%2C+Colombia&format=json&limit=1
2026-07-17 09:16:37,168 [WARNING] Retrying (Retry(total=1, connect=None, read=None, redirect=None, status=None)) after connection broken by 'SSLError(SSLCertVerificationError(1, '[SSL: CERTIFICATE_VERIFY_FAILED] certificate verify failed: unable to get local issuer certificate (_ssl.c:1077)'))': /search?q=matologia+logia%2C+Colombia&format=json&limit=1
2026-07-17 09:16:37,257 [WARNING] Retrying (Retry(total=0, connect=None, read=None, redirect=None, status=None)) after connection broken by 'SSLError(SSLCertVerificationError(1, '[SSL: CERTIFICATE_VERIFY_FAILED] certificate verify failed: unable to get local issuer certificate (_ssl.c:1077)'))': /search?q=matologia+logia%2C+Colombia&format=json&limit=1
2026-07-17 09:16:37,418 [WARNING] Retrying (Retry(total=1, connect=None, read=None, redirect=None, status=None)) after connection broken by 'SSLError(SSLCertVerificationError(1, '[SSL: CERTIFICATE_VERIFY_FAILED] certificate verify failed: unable to get local issuer certificate (_ssl.c:1077)'))': /search?q=lombiana+matologia+logia%2C+Colombia&format=json&limit=1
2026-07-17 09:16:37,494 [WARNING] Retrying (Retry(total=0, connect=None, read=None, redirect=None, status=None)) after connection broken by 'SSLError(SSLCertVerificationError(1, '[SSL: CERTIFICATE_VERIFY_FAILED] certificate verify failed: unable to get local issuer certificate (_ssl.c:1077)'))': /search?q=lombiana+matologia+logia%2C+Colombia&format=json&limit=1
2026-07-17 09:16:37,579 [INFO]   📍 Nominatim sin resultado, intentando Google Maps...
2026-07-17 09:16:42,397 [INFO]     (Encontrado con variación: 'acho asoc lombiana d h matologia on logia')
2026-07-17 09:16:42,397 [INFO]   ✅ Ciudad: Barranquilla, País: Colombia
2026-07-17 09:16:42,397 [INFO]      Dirección: Cra. 57 #68-60, Nte. Centro Historico, Barranquilla, Atlánti
2026-07-17 09:16:42,399 [INFO]   💾 Checkpoint guardado
2026-07-17 09:16:43,180 [INFO] [21/2054] ACOTIENDAS LTDA.
2026-07-17 09:16:43,265 [WARNING] Retrying (Retry(total=1, connect=None, read=None, redirect=None, status=None)) after connection broken by 'SSLError(SSLCertVerificationError(1, '[SSL: CERTIFICATE_VERIFY_FAILED] certificate verify failed: unable to get local issuer certificate (_ssl.c:1077)'))': /search?q=acotiendas+ltda.%2C+Colombia&format=json&limit=1
2026-07-17 09:16:43,347 [WARNING] Retrying (Retry(total=0, connect=None, read=None, redirect=None, status=None)) after connection broken by 'SSLError(SSLCertVerificationError(1, '[SSL: CERTIFICATE_VERIFY_FAILED] certificate verify failed: unable to get local issuer certificate (_ssl.c:1077)'))': /search?q=acotiendas+ltda.%2C+Colombia&format=json&limit=1
2026-07-17 09:16:43,558 [WARNING] Retrying (Retry(total=1, connect=None, read=None, redirect=None, status=None)) after connection broken by 'SSLError(SSLCertVerificationError(1, '[SSL: CERTIFICATE_VERIFY_FAILED] certificate verify failed: unable to get local issuer certificate (_ssl.c:1077)'))': /search?q=a+ti+ndas%2C+Colombia&format=json&limit=1
2026-07-17 09:16:43,670 [WARNING] Retrying (Retry(total=0, connect=None, read=None, redirect=None, status=None)) after connection broken by 'SSLError(SSLCertVerificationError(1, '[SSL: CERTIFICATE_VERIFY_FAILED] certificate verify failed: unable to get local issuer certificate (_ssl.c:1077)'))': /search?q=a+ti+ndas%2C+Colombia&format=json&limit=1
2026-07-17 09:16:43,888 [WARNING] Retrying (Retry(total=1, connect=None, read=None, redirect=None, status=None)) after connection broken by 'SSLError(SSLCertVerificationError(1, '[SSL: CERTIFICATE_VERIFY_FAILED] certificate verify failed: unable to get local issuer certificate (_ssl.c:1077)'))': /search?q=acotiendas+ltda%2C+Colombia&format=json&limit=1
2026-07-17 09:16:44,047 [WARNING] Retrying (Retry(total=0, connect=None, read=None, redirect=None, status=None)) after connection broken by 'SSLError(SSLCertVerificationError(1, '[SSL: CERTIFICATE_VERIFY_FAILED] certificate verify failed: unable to get local issuer certificate (_ssl.c:1077)'))': /search?q=acotiendas+ltda%2C+Colombia&format=json&limit=1
2026-07-17 09:16:44,250 [WARNING] Retrying (Retry(total=1, connect=None, read=None, redirect=None, status=None)) after connection broken by 'SSLError(SSLCertVerificationError(1, '[SSL: CERTIFICATE_VERIFY_FAILED] certificate verify failed: unable to get local issuer certificate (_ssl.c:1077)'))': /search?q=ndas%2C+Colombia&format=json&limit=1
2026-07-17 09:16:44,339 [WARNING] Retrying (Retry(total=0, connect=None, read=None, redirect=None, status=None)) after connection broken by 'SSLError(SSLCertVerificationError(1, '[SSL: CERTIFICATE_VERIFY_FAILED] certificate verify failed: unable to get local issuer certificate (_ssl.c:1077)'))': /search?q=ndas%2C+Colombia&format=json&limit=1
2026-07-17 09:16:44,431 [INFO]   📍 Nominatim sin resultado, intentando Google Maps...
2026-07-17 09:16:53,105 [INFO]   ❌ No encontrada en Nominatim ni Google Maps
2026-07-17 09:16:53,913 [INFO] [22/2054] ACROMAT INGENIERIA Y CONSTRUCCIONES LTDA.
2026-07-17 09:16:54,000 [WARNING] Retrying (Retry(total=1, connect=None, read=None, redirect=None, status=None)) after connection broken by 'SSLError(SSLCertVerificationError(1, '[SSL: CERTIFICATE_VERIFY_FAILED] certificate verify failed: unable to get local issuer certificate (_ssl.c:1077)'))': /search?q=acromat+ingenieria+y+construcciones+ltda.%2C+Colombia&format=json&limit=1
2026-07-17 09:16:54,083 [WARNING] Retrying (Retry(total=0, connect=None, read=None, redirect=None, status=None)) after connection broken by 'SSLError(SSLCertVerificationError(1, '[SSL: CERTIFICATE_VERIFY_FAILED] certificate verify failed: unable to get local issuer certificate (_ssl.c:1077)'))': /search?q=acromat+ingenieria+y+construcciones+ltda.%2C+Colombia&format=json&limit=1
2026-07-17 09:16:54,303 [WARNING] Retrying (Retry(total=1, connect=None, read=None, redirect=None, status=None)) after connection broken by 'SSLError(SSLCertVerificationError(1, '[SSL: CERTIFICATE_VERIFY_FAILED] certificate verify failed: unable to get local issuer certificate (_ssl.c:1077)'))': /search?q=acromat+ing+ni+ria+nstruccion+s%2C+Colombia&format=json&limit=1
2026-07-17 09:16:54,457 [WARNING] Retrying (Retry(total=0, connect=None, read=None, redirect=None, status=None)) after connection broken by 'SSLError(SSLCertVerificationError(1, '[SSL: CERTIFICATE_VERIFY_FAILED] certificate verify failed: unable to get local issuer certificate (_ssl.c:1077)'))': /search?q=acromat+ing+ni+ria+nstruccion+s%2C+Colombia&format=json&limit=1
2026-07-17 09:16:54,717 [WARNING] Retrying (Retry(total=1, connect=None, read=None, redirect=None, status=None)) after connection broken by 'SSLError(SSLCertVerificationError(1, '[SSL: CERTIFICATE_VERIFY_FAILED] certificate verify failed: unable to get local issuer certificate (_ssl.c:1077)'))': /search?q=acromat+ingenieria+y+construcciones+ltda%2C+Colombia&format=json&limit=1
2026-07-17 09:16:54,815 [WARNING] Retrying (Retry(total=0, connect=None, read=None, redirect=None, status=None)) after connection broken by 'SSLError(SSLCertVerificationError(1, '[SSL: CERTIFICATE_VERIFY_FAILED] certificate verify failed: unable to get local issuer certificate (_ssl.c:1077)'))': /search?q=acromat+ingenieria+y+construcciones+ltda%2C+Colombia&format=json&limit=1
2026-07-17 09:16:55,040 [WARNING] Retrying (Retry(total=1, connect=None, read=None, redirect=None, status=None)) after connection broken by 'SSLError(SSLCertVerificationError(1, '[SSL: CERTIFICATE_VERIFY_FAILED] certificate verify failed: unable to get local issuer certificate (_ssl.c:1077)'))': /search?q=nstruccion%2C+Colombia&format=json&limit=1
2026-07-17 09:16:55,140 [WARNING] Retrying (Retry(total=0, connect=None, read=None, redirect=None, status=None)) after connection broken by 'SSLError(SSLCertVerificationError(1, '[SSL: CERTIFICATE_VERIFY_FAILED] certificate verify failed: unable to get local issuer certificate (_ssl.c:1077)'))': /search?q=nstruccion%2C+Colombia&format=json&limit=1
2026-07-17 09:16:55,360 [WARNING] Retrying (Retry(total=1, connect=None, read=None, redirect=None, status=None)) after connection broken by 'SSLError(SSLCertVerificationError(1, '[SSL: CERTIFICATE_VERIFY_FAILED] certificate verify failed: unable to get local issuer certificate (_ssl.c:1077)'))': /search?q=ria+nstruccion%2C+Colombia&format=json&limit=1
2026-07-17 09:16:55,484 [WARNING] Retrying (Retry(total=0, connect=None, read=None, redirect=None, status=None)) after connection broken by 'SSLError(SSLCertVerificationError(1, '[SSL: CERTIFICATE_VERIFY_FAILED] certificate verify failed: unable to get local issuer certificate (_ssl.c:1077)'))': /search?q=ria+nstruccion%2C+Colombia&format=json&limit=1
2026-07-17 09:16:55,785 [WARNING] Retrying (Retry(total=1, connect=None, read=None, redirect=None, status=None)) after connection broken by 'SSLError(SSLCertVerificationError(1, '[SSL: CERTIFICATE_VERIFY_FAILED] certificate verify failed: unable to get local issuer certificate (_ssl.c:1077)'))': /search?q=ing+ria+nstruccion%2C+Colombia&format=json&limit=1
2026-07-17 09:16:55,887 [WARNING] Retrying (Retry(total=0, connect=None, read=None, redirect=None, status=None)) after connection broken by 'SSLError(SSLCertVerificationError(1, '[SSL: CERTIFICATE_VERIFY_FAILED] certificate verify failed: unable to get local issuer certificate (_ssl.c:1077)'))': /search?q=ing+ria+nstruccion%2C+Colombia&format=json&limit=1
2026-07-17 09:16:56,007 [INFO]   📍 Nominatim sin resultado, intentando Google Maps...
2026-07-17 09:16:59,093 [INFO]     (Encontrado con variación: 'acromat ingenieria y construcciones ltda.')
2026-07-17 09:16:59,093 [INFO]   ✅ Ciudad: Bogotá, País: Colombia
2026-07-17 09:16:59,093 [INFO]      Dirección: Cra. 49 #103B-42, Suba, Bogotá, Cundinamarca
2026-07-17 09:16:59,833 [INFO] [23/2054] ACTIVOS SA
2026-07-17 09:16:59,935 [WARNING] Retrying (Retry(total=1, connect=None, read=None, redirect=None, status=None)) after connection broken by 'SSLError(SSLCertVerificationError(1, '[SSL: CERTIFICATE_VERIFY_FAILED] certificate verify failed: unable to get local issuer certificate (_ssl.c:1077)'))': /search?q=activos+sa%2C+Colombia&format=json&limit=1
2026-07-17 09:17:00,018 [WARNING] Retrying (Retry(total=0, connect=None, read=None, redirect=None, status=None)) after connection broken by 'SSLError(SSLCertVerificationError(1, '[SSL: CERTIFICATE_VERIFY_FAILED] certificate verify failed: unable to get local issuer certificate (_ssl.c:1077)'))': /search?q=activos+sa%2C+Colombia&format=json&limit=1
2026-07-17 09:17:00,185 [WARNING] Retrying (Retry(total=1, connect=None, read=None, redirect=None, status=None)) after connection broken by 'SSLError(SSLCertVerificationError(1, '[SSL: CERTIFICATE_VERIFY_FAILED] certificate verify failed: unable to get local issuer certificate (_ssl.c:1077)'))': /search?q=activos%2C+Colombia&format=json&limit=1
2026-07-17 09:17:00,262 [WARNING] Retrying (Retry(total=0, connect=None, read=None, redirect=None, status=None)) after connection broken by 'SSLError(SSLCertVerificationError(1, '[SSL: CERTIFICATE_VERIFY_FAILED] certificate verify failed: unable to get local issuer certificate (_ssl.c:1077)'))': /search?q=activos%2C+Colombia&format=json&limit=1
2026-07-17 09:17:00,360 [INFO]   📍 Nominatim sin resultado, intentando Google Maps...
2026-07-17 09:17:05,049 [INFO]   ❌ No encontrada en Nominatim ni Google Maps
2026-07-17 09:17:05,759 [INFO] [24/2054] ADALGISO MANCINI E HIJOS LIMITADA
2026-07-17 09:17:05,859 [WARNING] Retrying (Retry(total=1, connect=None, read=None, redirect=None, status=None)) after connection broken by 'SSLError(SSLCertVerificationError(1, '[SSL: CERTIFICATE_VERIFY_FAILED] certificate verify failed: unable to get local issuer certificate (_ssl.c:1077)'))': /search?q=adalgiso+mancini+e+hijos+limitada%2C+Colombia&format=json&limit=1
2026-07-17 09:17:05,950 [WARNING] Retrying (Retry(total=0, connect=None, read=None, redirect=None, status=None)) after connection broken by 'SSLError(SSLCertVerificationError(1, '[SSL: CERTIFICATE_VERIFY_FAILED] certificate verify failed: unable to get local issuer certificate (_ssl.c:1077)'))': /search?q=adalgiso+mancini+e+hijos+limitada%2C+Colombia&format=json&limit=1
2026-07-17 09:17:06,159 [WARNING] Retrying (Retry(total=1, connect=None, read=None, redirect=None, status=None)) after connection broken by 'SSLError(SSLCertVerificationError(1, '[SSL: CERTIFICATE_VERIFY_FAILED] certificate verify failed: unable to get local issuer certificate (_ssl.c:1077)'))': /search?q=adalgiso+mancini+hijos%2C+Colombia&format=json&limit=1
2026-07-17 09:17:06,250 [WARNING] Retrying (Retry(total=0, connect=None, read=None, redirect=None, status=None)) after connection broken by 'SSLError(SSLCertVerificationError(1, '[SSL: CERTIFICATE_VERIFY_FAILED] certificate verify failed: unable to get local issuer certificate (_ssl.c:1077)'))': /search?q=adalgiso+mancini+hijos%2C+Colombia&format=json&limit=1
2026-07-17 09:17:06,416 [WARNING] Retrying (Retry(total=1, connect=None, read=None, redirect=None, status=None)) after connection broken by 'SSLError(SSLCertVerificationError(1, '[SSL: CERTIFICATE_VERIFY_FAILED] certificate verify failed: unable to get local issuer certificate (_ssl.c:1077)'))': /search?q=hijos%2C+Colombia&format=json&limit=1
2026-07-17 09:17:06,517 [WARNING] Retrying (Retry(total=0, connect=None, read=None, redirect=None, status=None)) after connection broken by 'SSLError(SSLCertVerificationError(1, '[SSL: CERTIFICATE_VERIFY_FAILED] certificate verify failed: unable to get local issuer certificate (_ssl.c:1077)'))': /search?q=hijos%2C+Colombia&format=json&limit=1
2026-07-17 09:17:06,689 [WARNING] Retrying (Retry(total=1, connect=None, read=None, redirect=None, status=None)) after connection broken by 'SSLError(SSLCertVerificationError(1, '[SSL: CERTIFICATE_VERIFY_FAILED] certificate verify failed: unable to get local issuer certificate (_ssl.c:1077)'))': /search?q=mancini+hijos%2C+Colombia&format=json&limit=1
2026-07-17 09:17:06,779 [WARNING] Retrying (Retry(total=0, connect=None, read=None, redirect=None, status=None)) after connection broken by 'SSLError(SSLCertVerificationError(1, '[SSL: CERTIFICATE_VERIFY_FAILED] certificate verify failed: unable to get local issuer certificate (_ssl.c:1077)'))': /search?q=mancini+hijos%2C+Colombia&format=json&limit=1
2026-07-17 09:17:06,880 [INFO]   📍 Nominatim sin resultado, intentando Google Maps...
2026-07-17 09:17:10,192 [INFO]     (Encontrado con variación: 'adalgiso mancini e hijos limitada')
2026-07-17 09:17:10,192 [INFO]   ✅ Ciudad: Barranquilla, País: Colombia
2026-07-17 09:17:10,192 [INFO]      Dirección: a 40-120,, Cra. 67b #4086, Barranquilla, Atlántico
2026-07-17 09:17:10,911 [INFO] [25/2054] ADIDAS
2026-07-17 09:17:10,981 [WARNING] Retrying (Retry(total=1, connect=None, read=None, redirect=None, status=None)) after connection broken by 'SSLError(SSLCertVerificationError(1, '[SSL: CERTIFICATE_VERIFY_FAILED] certificate verify failed: unable to get local issuer certificate (_ssl.c:1077)'))': /search?q=adidas%2C+Colombia&format=json&limit=1
2026-07-17 09:17:11,048 [WARNING] Retrying (Retry(total=0, connect=None, read=None, redirect=None, status=None)) after connection broken by 'SSLError(SSLCertVerificationError(1, '[SSL: CERTIFICATE_VERIFY_FAILED] certificate verify failed: unable to get local issuer certificate (_ssl.c:1077)'))': /search?q=adidas%2C+Colombia&format=json&limit=1
2026-07-17 09:17:11,141 [INFO]   📍 Nominatim sin resultado, intentando Google Maps...
2026-07-17 09:17:14,027 [INFO]   ❌ No encontrada en Nominatim ni Google Maps
2026-07-17 09:17:14,863 [INFO] [26/2054] ADIDAS
2026-07-17 09:17:14,975 [WARNING] Retrying (Retry(total=1, connect=None, read=None, redirect=None, status=None)) after connection broken by 'SSLError(SSLCertVerificationError(1, '[SSL: CERTIFICATE_VERIFY_FAILED] certificate verify failed: unable to get local issuer certificate (_ssl.c:1077)'))': /search?q=adidas%2C+Colombia&format=json&limit=1
2026-07-17 09:17:15,088 [WARNING] Retrying (Retry(total=0, connect=None, read=None, redirect=None, status=None)) after connection broken by 'SSLError(SSLCertVerificationError(1, '[SSL: CERTIFICATE_VERIFY_FAILED] certificate verify failed: unable to get local issuer certificate (_ssl.c:1077)'))': /search?q=adidas%2C+Colombia&format=json&limit=1
2026-07-17 09:17:15,185 [INFO]   📍 Nominatim sin resultado, intentando Google Maps...
2026-07-17 09:17:17,992 [INFO]   ❌ No encontrada en Nominatim ni Google Maps
2026-07-17 09:17:18,544 [INFO] [27/2054] ADIDAS COLOMBIA
2026-07-17 09:17:18,648 [WARNING] Retrying (Retry(total=1, connect=None, read=None, redirect=None, status=None)) after connection broken by 'SSLError(SSLCertVerificationError(1, '[SSL: CERTIFICATE_VERIFY_FAILED] certificate verify failed: unable to get local issuer certificate (_ssl.c:1077)'))': /search?q=adidas+colombia%2C+Colombia&format=json&limit=1
2026-07-17 09:17:18,735 [WARNING] Retrying (Retry(total=0, connect=None, read=None, redirect=None, status=None)) after connection broken by 'SSLError(SSLCertVerificationError(1, '[SSL: CERTIFICATE_VERIFY_FAILED] certificate verify failed: unable to get local issuer certificate (_ssl.c:1077)'))': /search?q=adidas+colombia%2C+Colombia&format=json&limit=1
2026-07-17 09:17:18,876 [WARNING] Retrying (Retry(total=1, connect=None, read=None, redirect=None, status=None)) after connection broken by 'SSLError(SSLCertVerificationError(1, '[SSL: CERTIFICATE_VERIFY_FAILED] certificate verify failed: unable to get local issuer certificate (_ssl.c:1077)'))': /search?q=adidas+lombia%2C+Colombia&format=json&limit=1
2026-07-17 09:17:18,967 [WARNING] Retrying (Retry(total=0, connect=None, read=None, redirect=None, status=None)) after connection broken by 'SSLError(SSLCertVerificationError(1, '[SSL: CERTIFICATE_VERIFY_FAILED] certificate verify failed: unable to get local issuer certificate (_ssl.c:1077)'))': /search?q=adidas+lombia%2C+Colombia&format=json&limit=1
2026-07-17 09:17:19,129 [WARNING] Retrying (Retry(total=1, connect=None, read=None, redirect=None, status=None)) after connection broken by 'SSLError(SSLCertVerificationError(1, '[SSL: CERTIFICATE_VERIFY_FAILED] certificate verify failed: unable to get local issuer certificate (_ssl.c:1077)'))': /search?q=lombia%2C+Colombia&format=json&limit=1
2026-07-17 09:17:19,226 [WARNING] Retrying (Retry(total=0, connect=None, read=None, redirect=None, status=None)) after connection broken by 'SSLError(SSLCertVerificationError(1, '[SSL: CERTIFICATE_VERIFY_FAILED] certificate verify failed: unable to get local issuer certificate (_ssl.c:1077)'))': /search?q=lombia%2C+Colombia&format=json&limit=1
2026-07-17 09:17:19,326 [INFO]   📍 Nominatim sin resultado, intentando Google Maps...
2026-07-17 09:17:26,571 [INFO]   ❌ No encontrada en Nominatim ni Google Maps
2026-07-17 09:17:27,238 [INFO] [28/2054] ADIDAS COLOMBIA
2026-07-17 09:17:27,331 [WARNING] Retrying (Retry(total=1, connect=None, read=None, redirect=None, status=None)) after connection broken by 'SSLError(SSLCertVerificationError(1, '[SSL: CERTIFICATE_VERIFY_FAILED] certificate verify failed: unable to get local issuer certificate (_ssl.c:1077)'))': /search?q=adidas+colombia%2C+Colombia&format=json&limit=1
2026-07-17 09:17:27,420 [WARNING] Retrying (Retry(total=0, connect=None, read=None, redirect=None, status=None)) after connection broken by 'SSLError(SSLCertVerificationError(1, '[SSL: CERTIFICATE_VERIFY_FAILED] certificate verify failed: unable to get local issuer certificate (_ssl.c:1077)'))': /search?q=adidas+colombia%2C+Colombia&format=json&limit=1
2026-07-17 09:17:27,579 [WARNING] Retrying (Retry(total=1, connect=None, read=None, redirect=None, status=None)) after connection broken by 'SSLError(SSLCertVerificationError(1, '[SSL: CERTIFICATE_VERIFY_FAILED] certificate verify failed: unable to get local issuer certificate (_ssl.c:1077)'))': /search?q=adidas+lombia%2C+Colombia&format=json&limit=1
2026-07-17 09:17:27,656 [WARNING] Retrying (Retry(total=0, connect=None, read=None, redirect=None, status=None)) after connection broken by 'SSLError(SSLCertVerificationError(1, '[SSL: CERTIFICATE_VERIFY_FAILED] certificate verify failed: unable to get local issuer certificate (_ssl.c:1077)'))': /search?q=adidas+lombia%2C+Colombia&format=json&limit=1
2026-07-17 09:17:27,856 [WARNING] Retrying (Retry(total=1, connect=None, read=None, redirect=None, status=None)) after connection broken by 'SSLError(SSLCertVerificationError(1, '[SSL: CERTIFICATE_VERIFY_FAILED] certificate verify failed: unable to get local issuer certificate (_ssl.c:1077)'))': /search?q=lombia%2C+Colombia&format=json&limit=1
2026-07-17 09:17:27,952 [WARNING] Retrying (Retry(total=0, connect=None, read=None, redirect=None, status=None)) after connection broken by 'SSLError(SSLCertVerificationError(1, '[SSL: CERTIFICATE_VERIFY_FAILED] certificate verify failed: unable to get local issuer certificate (_ssl.c:1077)'))': /search?q=lombia%2C+Colombia&format=json&limit=1
2026-07-17 09:17:28,038 [INFO]   📍 Nominatim sin resultado, intentando Google Maps...
2026-07-17 09:17:35,025 [INFO]   ❌ No encontrada en Nominatim ni Google Maps
2026-07-17 09:17:35,913 [INFO] [29/2054] ADIDAS COLOMBIA
2026-07-17 09:17:36,032 [WARNING] Retrying (Retry(total=1, connect=None, read=None, redirect=None, status=None)) after connection broken by 'SSLError(SSLCertVerificationError(1, '[SSL: CERTIFICATE_VERIFY_FAILED] certificate verify failed: unable to get local issuer certificate (_ssl.c:1077)'))': /search?q=adidas+colombia%2C+Colombia&format=json&limit=1
2026-07-17 09:17:36,148 [WARNING] Retrying (Retry(total=0, connect=None, read=None, redirect=None, status=None)) after connection broken by 'SSLError(SSLCertVerificationError(1, '[SSL: CERTIFICATE_VERIFY_FAILED] certificate verify failed: unable to get local issuer certificate (_ssl.c:1077)'))': /search?q=adidas+colombia%2C+Colombia&format=json&limit=1
2026-07-17 09:17:36,316 [WARNING] Retrying (Retry(total=1, connect=None, read=None, redirect=None, status=None)) after connection broken by 'SSLError(SSLCertVerificationError(1, '[SSL: CERTIFICATE_VERIFY_FAILED] certificate verify failed: unable to get local issuer certificate (_ssl.c:1077)'))': /search?q=adidas+lombia%2C+Colombia&format=json&limit=1
2026-07-17 09:17:36,400 [WARNING] Retrying (Retry(total=0, connect=None, read=None, redirect=None, status=None)) after connection broken by 'SSLError(SSLCertVerificationError(1, '[SSL: CERTIFICATE_VERIFY_FAILED] certificate verify failed: unable to get local issuer certificate (_ssl.c:1077)'))': /search?q=adidas+lombia%2C+Colombia&format=json&limit=1
2026-07-17 09:17:36,585 [WARNING] Retrying (Retry(total=1, connect=None, read=None, redirect=None, status=None)) after connection broken by 'SSLError(SSLCertVerificationError(1, '[SSL: CERTIFICATE_VERIFY_FAILED] certificate verify failed: unable to get local issuer certificate (_ssl.c:1077)'))': /search?q=lombia%2C+Colombia&format=json&limit=1
2026-07-17 09:17:36,676 [WARNING] Retrying (Retry(total=0, connect=None, read=None, redirect=None, status=None)) after connection broken by 'SSLError(SSLCertVerificationError(1, '[SSL: CERTIFICATE_VERIFY_FAILED] certificate verify failed: unable to get local issuer certificate (_ssl.c:1077)'))': /search?q=lombia%2C+Colombia&format=json&limit=1
2026-07-17 09:17:36,762 [INFO]   📍 Nominatim sin resultado, intentando Google Maps...
2026-07-17 09:17:44,099 [INFO]   ❌ No encontrada en Nominatim ni Google Maps
2026-07-17 09:17:44,774 [INFO] [30/2054] ADIS PETROL
2026-07-17 09:17:44,881 [WARNING] Retrying (Retry(total=1, connect=None, read=None, redirect=None, status=None)) after connection broken by 'SSLError(SSLCertVerificationError(1, '[SSL: CERTIFICATE_VERIFY_FAILED] certificate verify failed: unable to get local issuer certificate (_ssl.c:1077)'))': /search?q=adis+petrol%2C+Colombia&format=json&limit=1
2026-07-17 09:17:44,972 [WARNING] Retrying (Retry(total=0, connect=None, read=None, redirect=None, status=None)) after connection broken by 'SSLError(SSLCertVerificationError(1, '[SSL: CERTIFICATE_VERIFY_FAILED] certificate verify failed: unable to get local issuer certificate (_ssl.c:1077)'))': /search?q=adis+petrol%2C+Colombia&format=json&limit=1
2026-07-17 09:17:45,154 [WARNING] Retrying (Retry(total=1, connect=None, read=None, redirect=None, status=None)) after connection broken by 'SSLError(SSLCertVerificationError(1, '[SSL: CERTIFICATE_VERIFY_FAILED] certificate verify failed: unable to get local issuer certificate (_ssl.c:1077)'))': /search?q=adis+p+trol%2C+Colombia&format=json&limit=1
2026-07-17 09:17:45,226 [WARNING] Retrying (Retry(total=0, connect=None, read=None, redirect=None, status=None)) after connection broken by 'SSLError(SSLCertVerificationError(1, '[SSL: CERTIFICATE_VERIFY_FAILED] certificate verify failed: unable to get local issuer certificate (_ssl.c:1077)'))': /search?q=adis+p+trol%2C+Colombia&format=json&limit=1
2026-07-17 09:17:45,397 [WARNING] Retrying (Retry(total=1, connect=None, read=None, redirect=None, status=None)) after connection broken by 'SSLError(SSLCertVerificationError(1, '[SSL: CERTIFICATE_VERIFY_FAILED] certificate verify failed: unable to get local issuer certificate (_ssl.c:1077)'))': /search?q=trol%2C+Colombia&format=json&limit=1
2026-07-17 09:17:45,481 [WARNING] Retrying (Retry(total=0, connect=None, read=None, redirect=None, status=None)) after connection broken by 'SSLError(SSLCertVerificationError(1, '[SSL: CERTIFICATE_VERIFY_FAILED] certificate verify failed: unable to get local issuer certificate (_ssl.c:1077)'))': /search?q=trol%2C+Colombia&format=json&limit=1
2026-07-17 09:17:45,645 [WARNING] Retrying (Retry(total=1, connect=None, read=None, redirect=None, status=None)) after connection broken by 'SSLError(SSLCertVerificationError(1, '[SSL: CERTIFICATE_VERIFY_FAILED] certificate verify failed: unable to get local issuer certificate (_ssl.c:1077)'))': /search?q=adis+trol%2C+Colombia&format=json&limit=1
2026-07-17 09:17:45,736 [WARNING] Retrying (Retry(total=0, connect=None, read=None, redirect=None, status=None)) after connection broken by 'SSLError(SSLCertVerificationError(1, '[SSL: CERTIFICATE_VERIFY_FAILED] certificate verify failed: unable to get local issuer certificate (_ssl.c:1077)'))': /search?q=adis+trol%2C+Colombia&format=json&limit=1
2026-07-17 09:17:45,814 [INFO]   📍 Nominatim sin resultado, intentando Google Maps...
2026-07-17 09:17:50,783 [INFO]     (Encontrado con variación: 'adis p trol')
2026-07-17 09:17:50,784 [INFO]   ✅ Ciudad: Barranquilla, País: Colombia
2026-07-17 09:17:50,784 [INFO]      Dirección: Cl. 39 #25-40, Sur Orient, Barranquilla, Atlántico
2026-07-17 09:17:51,504 [INFO] [31/2054] ADMINISTRACION DE CONTAINERS DEL CARIBE S.A
2026-07-17 09:17:51,593 [WARNING] Retrying (Retry(total=1, connect=None, read=None, redirect=None, status=None)) after connection broken by 'SSLError(SSLCertVerificationError(1, '[SSL: CERTIFICATE_VERIFY_FAILED] certificate verify failed: unable to get local issuer certificate (_ssl.c:1077)'))': /search?q=administracion+de+containers+del+caribe+s.a%2C+Colombia&format=json&limit=1
2026-07-17 09:17:51,685 [WARNING] Retrying (Retry(total=0, connect=None, read=None, redirect=None, status=None)) after connection broken by 'SSLError(SSLCertVerificationError(1, '[SSL: CERTIFICATE_VERIFY_FAILED] certificate verify failed: unable to get local issuer certificate (_ssl.c:1077)'))': /search?q=administracion+de+containers+del+caribe+s.a%2C+Colombia&format=json&limit=1
2026-07-17 09:17:51,874 [WARNING] Retrying (Retry(total=1, connect=None, read=None, redirect=None, status=None)) after connection broken by 'SSLError(SSLCertVerificationError(1, '[SSL: CERTIFICATE_VERIFY_FAILED] certificate verify failed: unable to get local issuer certificate (_ssl.c:1077)'))': /search?q=administracion+d+ntain+rs+d+l+carib+s.a%2C+Colombia&format=json&limit=1
2026-07-17 09:17:51,955 [WARNING] Retrying (Retry(total=0, connect=None, read=None, redirect=None, status=None)) after connection broken by 'SSLError(SSLCertVerificationError(1, '[SSL: CERTIFICATE_VERIFY_FAILED] certificate verify failed: unable to get local issuer certificate (_ssl.c:1077)'))': /search?q=administracion+d+ntain+rs+d+l+carib+s.a%2C+Colombia&format=json&limit=1
2026-07-17 09:17:52,097 [WARNING] Retrying (Retry(total=1, connect=None, read=None, redirect=None, status=None)) after connection broken by 'SSLError(SSLCertVerificationError(1, '[SSL: CERTIFICATE_VERIFY_FAILED] certificate verify failed: unable to get local issuer certificate (_ssl.c:1077)'))': /search?q=administracion+de+containers+del+caribe+sa%2C+Colombia&format=json&limit=1
2026-07-17 09:17:52,187 [WARNING] Retrying (Retry(total=0, connect=None, read=None, redirect=None, status=None)) after connection broken by 'SSLError(SSLCertVerificationError(1, '[SSL: CERTIFICATE_VERIFY_FAILED] certificate verify failed: unable to get local issuer certificate (_ssl.c:1077)'))': /search?q=administracion+de+containers+del+caribe+sa%2C+Colombia&format=json&limit=1
2026-07-17 09:17:52,408 [WARNING] Retrying (Retry(total=1, connect=None, read=None, redirect=None, status=None)) after connection broken by 'SSLError(SSLCertVerificationError(1, '[SSL: CERTIFICATE_VERIFY_FAILED] certificate verify failed: unable to get local issuer certificate (_ssl.c:1077)'))': /search?q=s.a%2C+Colombia&format=json&limit=1
2026-07-17 09:17:52,498 [WARNING] Retrying (Retry(total=0, connect=None, read=None, redirect=None, status=None)) after connection broken by 'SSLError(SSLCertVerificationError(1, '[SSL: CERTIFICATE_VERIFY_FAILED] certificate verify failed: unable to get local issuer certificate (_ssl.c:1077)'))': /search?q=s.a%2C+Colombia&format=json&limit=1
2026-07-17 09:17:52,684 [WARNING] Retrying (Retry(total=1, connect=None, read=None, redirect=None, status=None)) after connection broken by 'SSLError(SSLCertVerificationError(1, '[SSL: CERTIFICATE_VERIFY_FAILED] certificate verify failed: unable to get local issuer certificate (_ssl.c:1077)'))': /search?q=carib+s.a%2C+Colombia&format=json&limit=1
2026-07-17 09:17:52,782 [WARNING] Retrying (Retry(total=0, connect=None, read=None, redirect=None, status=None)) after connection broken by 'SSLError(SSLCertVerificationError(1, '[SSL: CERTIFICATE_VERIFY_FAILED] certificate verify failed: unable to get local issuer certificate (_ssl.c:1077)'))': /search?q=carib+s.a%2C+Colombia&format=json&limit=1
2026-07-17 09:17:52,971 [WARNING] Retrying (Retry(total=1, connect=None, read=None, redirect=None, status=None)) after connection broken by 'SSLError(SSLCertVerificationError(1, '[SSL: CERTIFICATE_VERIFY_FAILED] certificate verify failed: unable to get local issuer certificate (_ssl.c:1077)'))': /search?q=ntain+carib+s.a%2C+Colombia&format=json&limit=1
2026-07-17 09:17:53,060 [WARNING] Retrying (Retry(total=0, connect=None, read=None, redirect=None, status=None)) after connection broken by 'SSLError(SSLCertVerificationError(1, '[SSL: CERTIFICATE_VERIFY_FAILED] certificate verify failed: unable to get local issuer certificate (_ssl.c:1077)'))': /search?q=ntain+carib+s.a%2C+Colombia&format=json&limit=1
2026-07-17 09:17:53,153 [INFO]   📍 Nominatim sin resultado, intentando Google Maps...
2026-07-17 09:18:06,066 [INFO]   ❌ No encontrada en Nominatim ni Google Maps
2026-07-17 09:18:06,792 [INFO] [32/2054] ADS Pharma
2026-07-17 09:18:06,907 [WARNING] Retrying (Retry(total=1, connect=None, read=None, redirect=None, status=None)) after connection broken by 'SSLError(SSLCertVerificationError(1, '[SSL: CERTIFICATE_VERIFY_FAILED] certificate verify failed: unable to get local issuer certificate (_ssl.c:1077)'))': /search?q=ads+pharma%2C+Colombia&format=json&limit=1
2026-07-17 09:18:06,992 [WARNING] Retrying (Retry(total=0, connect=None, read=None, redirect=None, status=None)) after connection broken by 'SSLError(SSLCertVerificationError(1, '[SSL: CERTIFICATE_VERIFY_FAILED] certificate verify failed: unable to get local issuer certificate (_ssl.c:1077)'))': /search?q=ads+pharma%2C+Colombia&format=json&limit=1
2026-07-17 09:18:07,141 [WARNING] Retrying (Retry(total=1, connect=None, read=None, redirect=None, status=None)) after connection broken by 'SSLError(SSLCertVerificationError(1, '[SSL: CERTIFICATE_VERIFY_FAILED] certificate verify failed: unable to get local issuer certificate (_ssl.c:1077)'))': /search?q=pharma%2C+Colombia&format=json&limit=1
2026-07-17 09:18:07,235 [WARNING] Retrying (Retry(total=0, connect=None, read=None, redirect=None, status=None)) after connection broken by 'SSLError(SSLCertVerificationError(1, '[SSL: CERTIFICATE_VERIFY_FAILED] certificate verify failed: unable to get local issuer certificate (_ssl.c:1077)'))': /search?q=pharma%2C+Colombia&format=json&limit=1
2026-07-17 09:18:07,321 [INFO]   📍 Nominatim sin resultado, intentando Google Maps...
2026-07-17 09:18:10,315 [INFO]     (Encontrado con variación: 'ads pharma')
2026-07-17 09:18:10,315 [INFO]   ✅ Ciudad: Bogotá, País: Colombia
2026-07-17 09:18:10,315 [INFO]      Dirección: Cl. 102a #70-79, Bogotá
2026-07-17 09:18:11,062 [INFO] [33/2054] AEROPUERTOS DEL CARIBE S.A. SIGLA ACSA.
2026-07-17 09:18:11,169 [WARNING] Retrying (Retry(total=1, connect=None, read=None, redirect=None, status=None)) after connection broken by 'SSLError(SSLCertVerificationError(1, '[SSL: CERTIFICATE_VERIFY_FAILED] certificate verify failed: unable to get local issuer certificate (_ssl.c:1077)'))': /search?q=aeropuertos+del+caribe+s.a.+sigla+acsa.%2C+Colombia&format=json&limit=1
2026-07-17 09:18:11,280 [WARNING] Retrying (Retry(total=0, connect=None, read=None, redirect=None, status=None)) after connection broken by 'SSLError(SSLCertVerificationError(1, '[SSL: CERTIFICATE_VERIFY_FAILED] certificate verify failed: unable to get local issuer certificate (_ssl.c:1077)'))': /search?q=aeropuertos+del+caribe+s.a.+sigla+acsa.%2C+Colombia&format=json&limit=1
2026-07-17 09:18:11,499 [WARNING] Retrying (Retry(total=1, connect=None, read=None, redirect=None, status=None)) after connection broken by 'SSLError(SSLCertVerificationError(1, '[SSL: CERTIFICATE_VERIFY_FAILED] certificate verify failed: unable to get local issuer certificate (_ssl.c:1077)'))': /search?q=a+ropu+rtos+d+l+carib+sigla+acsa.%2C+Colombia&format=json&limit=1
2026-07-17 09:18:11,615 [WARNING] Retrying (Retry(total=0, connect=None, read=None, redirect=None, status=None)) after connection broken by 'SSLError(SSLCertVerificationError(1, '[SSL: CERTIFICATE_VERIFY_FAILED] certificate verify failed: unable to get local issuer certificate (_ssl.c:1077)'))': /search?q=a+ropu+rtos+d+l+carib+sigla+acsa.%2C+Colombia&format=json&limit=1
2026-07-17 09:18:11,824 [WARNING] Retrying (Retry(total=1, connect=None, read=None, redirect=None, status=None)) after connection broken by 'SSLError(SSLCertVerificationError(1, '[SSL: CERTIFICATE_VERIFY_FAILED] certificate verify failed: unable to get local issuer certificate (_ssl.c:1077)'))': /search?q=aeropuertos+del+caribe+sa+sigla+acsa%2C+Colombia&format=json&limit=1
2026-07-17 09:18:11,930 [WARNING] Retrying (Retry(total=0, connect=None, read=None, redirect=None, status=None)) after connection broken by 'SSLError(SSLCertVerificationError(1, '[SSL: CERTIFICATE_VERIFY_FAILED] certificate verify failed: unable to get local issuer certificate (_ssl.c:1077)'))': /search?q=aeropuertos+del+caribe+sa+sigla+acsa%2C+Colombia&format=json&limit=1
2026-07-17 09:18:12,126 [WARNING] Retrying (Retry(total=1, connect=None, read=None, redirect=None, status=None)) after connection broken by 'SSLError(SSLCertVerificationError(1, '[SSL: CERTIFICATE_VERIFY_FAILED] certificate verify failed: unable to get local issuer certificate (_ssl.c:1077)'))': /search?q=acsa.%2C+Colombia&format=json&limit=1
2026-07-17 09:18:12,226 [WARNING] Retrying (Retry(total=0, connect=None, read=None, redirect=None, status=None)) after connection broken by 'SSLError(SSLCertVerificationError(1, '[SSL: CERTIFICATE_VERIFY_FAILED] certificate verify failed: unable to get local issuer certificate (_ssl.c:1077)'))': /search?q=acsa.%2C+Colombia&format=json&limit=1
2026-07-17 09:18:12,440 [WARNING] Retrying (Retry(total=1, connect=None, read=None, redirect=None, status=None)) after connection broken by 'SSLError(SSLCertVerificationError(1, '[SSL: CERTIFICATE_VERIFY_FAILED] certificate verify failed: unable to get local issuer certificate (_ssl.c:1077)'))': /search?q=sigla+acsa.%2C+Colombia&format=json&limit=1
2026-07-17 09:18:12,540 [WARNING] Retrying (Retry(total=0, connect=None, read=None, redirect=None, status=None)) after connection broken by 'SSLError(SSLCertVerificationError(1, '[SSL: CERTIFICATE_VERIFY_FAILED] certificate verify failed: unable to get local issuer certificate (_ssl.c:1077)'))': /search?q=sigla+acsa.%2C+Colombia&format=json&limit=1
2026-07-17 09:18:12,744 [WARNING] Retrying (Retry(total=1, connect=None, read=None, redirect=None, status=None)) after connection broken by 'SSLError(SSLCertVerificationError(1, '[SSL: CERTIFICATE_VERIFY_FAILED] certificate verify failed: unable to get local issuer certificate (_ssl.c:1077)'))': /search?q=carib+sigla+acsa.%2C+Colombia&format=json&limit=1
2026-07-17 09:18:12,847 [WARNING] Retrying (Retry(total=0, connect=None, read=None, redirect=None, status=None)) after connection broken by 'SSLError(SSLCertVerificationError(1, '[SSL: CERTIFICATE_VERIFY_FAILED] certificate verify failed: unable to get local issuer certificate (_ssl.c:1077)'))': /search?q=carib+sigla+acsa.%2C+Colombia&format=json&limit=1
2026-07-17 09:18:12,937 [INFO]   📍 Nominatim sin resultado, intentando Google Maps...
2026-07-17 09:18:23,444 [INFO]     (Encontrado con variación: 'sigla acsa.')
2026-07-17 09:18:23,445 [INFO]   ✅ Ciudad: Bogotá, País: Colombia
2026-07-17 09:18:23,445 [INFO]      Dirección: Av. de las Américas #46-41, Bogotá
2026-07-17 09:18:24,092 [INFO] [34/2054] AEROSTAR SAS
2026-07-17 09:18:24,280 [WARNING] Retrying (Retry(total=1, connect=None, read=None, redirect=None, status=None)) after connection broken by 'SSLError(SSLCertVerificationError(1, '[SSL: CERTIFICATE_VERIFY_FAILED] certificate verify failed: unable to get local issuer certificate (_ssl.c:1077)'))': /search?q=aerostar+sas%2C+Colombia&format=json&limit=1
2026-07-17 09:18:24,366 [WARNING] Retrying (Retry(total=0, connect=None, read=None, redirect=None, status=None)) after connection broken by 'SSLError(SSLCertVerificationError(1, '[SSL: CERTIFICATE_VERIFY_FAILED] certificate verify failed: unable to get local issuer certificate (_ssl.c:1077)'))': /search?q=aerostar+sas%2C+Colombia&format=json&limit=1
2026-07-17 09:18:24,577 [WARNING] Retrying (Retry(total=1, connect=None, read=None, redirect=None, status=None)) after connection broken by 'SSLError(SSLCertVerificationError(1, '[SSL: CERTIFICATE_VERIFY_FAILED] certificate verify failed: unable to get local issuer certificate (_ssl.c:1077)'))': /search?q=a+rostar+sas%2C+Colombia&format=json&limit=1
2026-07-17 09:18:24,676 [WARNING] Retrying (Retry(total=0, connect=None, read=None, redirect=None, status=None)) after connection broken by 'SSLError(SSLCertVerificationError(1, '[SSL: CERTIFICATE_VERIFY_FAILED] certificate verify failed: unable to get local issuer certificate (_ssl.c:1077)'))': /search?q=a+rostar+sas%2C+Colombia&format=json&limit=1
2026-07-17 09:18:24,888 [WARNING] Retrying (Retry(total=1, connect=None, read=None, redirect=None, status=None)) after connection broken by 'SSLError(SSLCertVerificationError(1, '[SSL: CERTIFICATE_VERIFY_FAILED] certificate verify failed: unable to get local issuer certificate (_ssl.c:1077)'))': /search?q=sas%2C+Colombia&format=json&limit=1
2026-07-17 09:18:24,976 [WARNING] Retrying (Retry(total=0, connect=None, read=None, redirect=None, status=None)) after connection broken by 'SSLError(SSLCertVerificationError(1, '[SSL: CERTIFICATE_VERIFY_FAILED] certificate verify failed: unable to get local issuer certificate (_ssl.c:1077)'))': /search?q=sas%2C+Colombia&format=json&limit=1
2026-07-17 09:18:25,205 [WARNING] Retrying (Retry(total=1, connect=None, read=None, redirect=None, status=None)) after connection broken by 'SSLError(SSLCertVerificationError(1, '[SSL: CERTIFICATE_VERIFY_FAILED] certificate verify failed: unable to get local issuer certificate (_ssl.c:1077)'))': /search?q=rostar+sas%2C+Colombia&format=json&limit=1
2026-07-17 09:18:25,304 [WARNING] Retrying (Retry(total=0, connect=None, read=None, redirect=None, status=None)) after connection broken by 'SSLError(SSLCertVerificationError(1, '[SSL: CERTIFICATE_VERIFY_FAILED] certificate verify failed: unable to get local issuer certificate (_ssl.c:1077)'))': /search?q=rostar+sas%2C+Colombia&format=json&limit=1
2026-07-17 09:18:25,406 [INFO]   📍 Nominatim sin resultado, intentando Google Maps...
2026-07-17 09:18:28,464 [INFO]     (Encontrado con variación: 'aerostar sas')
2026-07-17 09:18:28,464 [INFO]   ✅ Ciudad: Bogotá, País: Colombia
2026-07-17 09:18:28,465 [INFO]      Dirección: Aeropuerto Guaymaral, Autopista Norte #Kilometro 16, Suba, B
2026-07-17 09:18:29,362 [INFO] [35/2054] AEROSUPPORT S.A.S.
2026-07-17 09:18:29,455 [WARNING] Retrying (Retry(total=1, connect=None, read=None, redirect=None, status=None)) after connection broken by 'SSLError(SSLCertVerificationError(1, '[SSL: CERTIFICATE_VERIFY_FAILED] certificate verify failed: unable to get local issuer certificate (_ssl.c:1077)'))': /search?q=aerosupport+s.a.s.%2C+Colombia&format=json&limit=1
2026-07-17 09:18:29,533 [WARNING] Retrying (Retry(total=0, connect=None, read=None, redirect=None, status=None)) after connection broken by 'SSLError(SSLCertVerificationError(1, '[SSL: CERTIFICATE_VERIFY_FAILED] certificate verify failed: unable to get local issuer certificate (_ssl.c:1077)'))': /search?q=aerosupport+s.a.s.%2C+Colombia&format=json&limit=1
2026-07-17 09:18:29,701 [WARNING] Retrying (Retry(total=1, connect=None, read=None, redirect=None, status=None)) after connection broken by 'SSLError(SSLCertVerificationError(1, '[SSL: CERTIFICATE_VERIFY_FAILED] certificate verify failed: unable to get local issuer certificate (_ssl.c:1077)'))': /search?q=a+rosupport+.%2C+Colombia&format=json&limit=1
2026-07-17 09:18:29,776 [WARNING] Retrying (Retry(total=0, connect=None, read=None, redirect=None, status=None)) after connection broken by 'SSLError(SSLCertVerificationError(1, '[SSL: CERTIFICATE_VERIFY_FAILED] certificate verify failed: unable to get local issuer certificate (_ssl.c:1077)'))': /search?q=a+rosupport+.%2C+Colombia&format=json&limit=1
2026-07-17 09:18:29,958 [WARNING] Retrying (Retry(total=1, connect=None, read=None, redirect=None, status=None)) after connection broken by 'SSLError(SSLCertVerificationError(1, '[SSL: CERTIFICATE_VERIFY_FAILED] certificate verify failed: unable to get local issuer certificate (_ssl.c:1077)'))': /search?q=aerosupport+sas%2C+Colombia&format=json&limit=1
2026-07-17 09:18:30,048 [WARNING] Retrying (Retry(total=0, connect=None, read=None, redirect=None, status=None)) after connection broken by 'SSLError(SSLCertVerificationError(1, '[SSL: CERTIFICATE_VERIFY_FAILED] certificate verify failed: unable to get local issuer certificate (_ssl.c:1077)'))': /search?q=aerosupport+sas%2C+Colombia&format=json&limit=1
2026-07-17 09:18:30,221 [WARNING] Retrying (Retry(total=1, connect=None, read=None, redirect=None, status=None)) after connection broken by 'SSLError(SSLCertVerificationError(1, '[SSL: CERTIFICATE_VERIFY_FAILED] certificate verify failed: unable to get local issuer certificate (_ssl.c:1077)'))': /search?q=rosupport%2C+Colombia&format=json&limit=1
2026-07-17 09:18:30,313 [WARNING] Retrying (Retry(total=0, connect=None, read=None, redirect=None, status=None)) after connection broken by 'SSLError(SSLCertVerificationError(1, '[SSL: CERTIFICATE_VERIFY_FAILED] certificate verify failed: unable to get local issuer certificate (_ssl.c:1077)'))': /search?q=rosupport%2C+Colombia&format=json&limit=1
2026-07-17 09:18:30,394 [INFO]   📍 Nominatim sin resultado, intentando Google Maps...
2026-07-17 09:18:33,296 [INFO]     (Encontrado con variación: 'aerosupport s.a.s.')
2026-07-17 09:18:33,296 [INFO]   ✅ Ciudad: Bogotá, País: Colombia
2026-07-17 09:18:33,297 [INFO]      Dirección: Av. El Dorado #103-08 Interior 20 Entrada 1, Fontibón, Bogot
2026-07-17 09:18:34,222 [INFO] [36/2054] AES COLOMBIA
2026-07-17 09:18:34,308 [WARNING] Retrying (Retry(total=1, connect=None, read=None, redirect=None, status=None)) after connection broken by 'SSLError(SSLCertVerificationError(1, '[SSL: CERTIFICATE_VERIFY_FAILED] certificate verify failed: unable to get local issuer certificate (_ssl.c:1077)'))': /search?q=aes+colombia%2C+Colombia&format=json&limit=1
2026-07-17 09:18:34,392 [WARNING] Retrying (Retry(total=0, connect=None, read=None, redirect=None, status=None)) after connection broken by 'SSLError(SSLCertVerificationError(1, '[SSL: CERTIFICATE_VERIFY_FAILED] certificate verify failed: unable to get local issuer certificate (_ssl.c:1077)'))': /search?q=aes+colombia%2C+Colombia&format=json&limit=1
2026-07-17 09:18:34,624 [WARNING] Retrying (Retry(total=1, connect=None, read=None, redirect=None, status=None)) after connection broken by 'SSLError(SSLCertVerificationError(1, '[SSL: CERTIFICATE_VERIFY_FAILED] certificate verify failed: unable to get local issuer certificate (_ssl.c:1077)'))': /search?q=a+s+lombia%2C+Colombia&format=json&limit=1
2026-07-17 09:18:34,703 [WARNING] Retrying (Retry(total=0, connect=None, read=None, redirect=None, status=None)) after connection broken by 'SSLError(SSLCertVerificationError(1, '[SSL: CERTIFICATE_VERIFY_FAILED] certificate verify failed: unable to get local issuer certificate (_ssl.c:1077)'))': /search?q=a+s+lombia%2C+Colombia&format=json&limit=1
2026-07-17 09:18:34,927 [WARNING] Retrying (Retry(total=1, connect=None, read=None, redirect=None, status=None)) after connection broken by 'SSLError(SSLCertVerificationError(1, '[SSL: CERTIFICATE_VERIFY_FAILED] certificate verify failed: unable to get local issuer certificate (_ssl.c:1077)'))': /search?q=lombia%2C+Colombia&format=json&limit=1
2026-07-17 09:18:35,046 [WARNING] Retrying (Retry(total=0, connect=None, read=None, redirect=None, status=None)) after connection broken by 'SSLError(SSLCertVerificationError(1, '[SSL: CERTIFICATE_VERIFY_FAILED] certificate verify failed: unable to get local issuer certificate (_ssl.c:1077)'))': /search?q=lombia%2C+Colombia&format=json&limit=1
2026-07-17 09:18:35,143 [INFO]   📍 Nominatim sin resultado, intentando Google Maps...
2026-07-17 09:18:37,606 [WARNING] Retrying (Retry(total=2, connect=None, read=None, redirect=None, status=None)) after connection broken by 'NewConnectionError("HTTPConnection(host='localhost', port=52187): Failed to establish a new connection: [Errno 61] Connection refused")': /session/24f98c4f0791b5696b72456ee9eea945/url
2026-07-17 09:18:37,607 [WARNING] Retrying (Retry(total=1, connect=None, read=None, redirect=None, status=None)) after connection broken by 'NewConnectionError("HTTPConnection(host='localhost', port=52187): Failed to establish a new connection: [Errno 61] Connection refused")': /session/24f98c4f0791b5696b72456ee9eea945/url
2026-07-17 09:18:37,607 [WARNING] Retrying (Retry(total=0, connect=None, read=None, redirect=None, status=None)) after connection broken by 'NewConnectionError("HTTPConnection(host='localhost', port=52187): Failed to establish a new connection: [Errno 61] Connection refused")': /session/24f98c4f0791b5696b72456ee9eea945/url
2026-07-17 09:18:37,608 [INFO]   ❌ No encontrada en Nominatim ni Google Maps
2026-07-17 09:18:38,162 [INFO] [37/2054] AF Oftalmo SAS
2026-07-17 09:18:38,243 [WARNING] Retrying (Retry(total=1, connect=None, read=None, redirect=None, status=None)) after connection broken by 'SSLError(SSLCertVerificationError(1, '[SSL: CERTIFICATE_VERIFY_FAILED] certificate verify failed: unable to get local issuer certificate (_ssl.c:1077)'))': /search?q=af+oftalmo+sas%2C+Colombia&format=json&limit=1
2026-07-17 09:18:38,327 [WARNING] Retrying (Retry(total=0, connect=None, read=None, redirect=None, status=None)) after connection broken by 'SSLError(SSLCertVerificationError(1, '[SSL: CERTIFICATE_VERIFY_FAILED] certificate verify failed: unable to get local issuer certificate (_ssl.c:1077)'))': /search?q=af+oftalmo+sas%2C+Colombia&format=json&limit=1
2026-07-17 09:18:38,506 [WARNING] Retrying (Retry(total=1, connect=None, read=None, redirect=None, status=None)) after connection broken by 'SSLError(SSLCertVerificationError(1, '[SSL: CERTIFICATE_VERIFY_FAILED] certificate verify failed: unable to get local issuer certificate (_ssl.c:1077)'))': /search?q=sas%2C+Colombia&format=json&limit=1
2026-07-17 09:18:38,605 [WARNING] Retrying (Retry(total=0, connect=None, read=None, redirect=None, status=None)) after connection broken by 'SSLError(SSLCertVerificationError(1, '[SSL: CERTIFICATE_VERIFY_FAILED] certificate verify failed: unable to get local issuer certificate (_ssl.c:1077)'))': /search?q=sas%2C+Colombia&format=json&limit=1
2026-07-17 09:18:38,795 [WARNING] Retrying (Retry(total=1, connect=None, read=None, redirect=None, status=None)) after connection broken by 'SSLError(SSLCertVerificationError(1, '[SSL: CERTIFICATE_VERIFY_FAILED] certificate verify failed: unable to get local issuer certificate (_ssl.c:1077)'))': /search?q=oftalmo+sas%2C+Colombia&format=json&limit=1
2026-07-17 09:18:38,941 [WARNING] Retrying (Retry(total=0, connect=None, read=None, redirect=None, status=None)) after connection broken by 'SSLError(SSLCertVerificationError(1, '[SSL: CERTIFICATE_VERIFY_FAILED] certificate verify failed: unable to get local issuer certificate (_ssl.c:1077)'))': /search?q=oftalmo+sas%2C+Colombia&format=json&limit=1
2026-07-17 09:18:39,029 [INFO]   📍 Nominatim sin resultado, intentando Google Maps...
2026-07-17 09:18:40,036 [WARNING] Retrying (Retry(total=2, connect=None, read=None, redirect=None, status=None)) after connection broken by 'NewConnectionError("HTTPConnection(host='localhost', port=52187): Failed to establish a new connection: [Errno 61] Connection refused")': /session/24f98c4f0791b5696b72456ee9eea945/url
2026-07-17 09:18:40,037 [WARNING] Retrying (Retry(total=1, connect=None, read=None, redirect=None, status=None)) after connection broken by 'NewConnectionError("HTTPConnection(host='localhost', port=52187): Failed to establish a new connection: [Errno 61] Connection refused")': /session/24f98c4f0791b5696b72456ee9eea945/url
2026-07-17 09:18:40,037 [WARNING] Retrying (Retry(total=0, connect=None, read=None, redirect=None, status=None)) after connection broken by 'NewConnectionError("HTTPConnection(host='localhost', port=52187): Failed to establish a new connection: [Errno 61] Connection refused")': /session/24f98c4f0791b5696b72456ee9eea945/url
2026-07-17 09:18:40,038 [WARNING] Retrying (Retry(total=2, connect=None, read=None, redirect=None, status=None)) after connection broken by 'NewConnectionError("HTTPConnection(host='localhost', port=52187): Failed to establish a new connection: [Errno 61] Connection refused")': /session/24f98c4f0791b5696b72456ee9eea945/url
2026-07-17 09:18:40,039 [WARNING] Retrying (Retry(total=1, connect=None, read=None, redirect=None, status=None)) after connection broken by 'NewConnectionError("HTTPConnection(host='localhost', port=52187): Failed to establish a new connection: [Errno 61] Connection refused")': /session/24f98c4f0791b5696b72456ee9eea945/url
2026-07-17 09:18:40,040 [WARNING] Retrying (Retry(total=0, connect=None, read=None, redirect=None, status=None)) after connection broken by 'NewConnectionError("HTTPConnection(host='localhost', port=52187): Failed to establish a new connection: [Errno 61] Connection refused")': /session/24f98c4f0791b5696b72456ee9eea945/url
2026-07-17 09:18:40,041 [WARNING] Retrying (Retry(total=2, connect=None, read=None, redirect=None, status=None)) after connection broken by 'NewConnectionError("HTTPConnection(host='localhost', port=52187): Failed to establish a new connection: [Errno 61] Connection refused")': /session/24f98c4f0791b5696b72456ee9eea945/url
2026-07-17 09:18:40,041 [WARNING] Retrying (Retry(total=1, connect=None, read=None, redirect=None, status=None)) after connection broken by 'NewConnectionError("HTTPConnection(host='localhost', port=52187): Failed to establish a new connection: [Errno 61] Connection refused")': /session/24f98c4f0791b5696b72456ee9eea945/url
2026-07-17 09:18:40,042 [WARNING] Retrying (Retry(total=0, connect=None, read=None, redirect=None, status=None)) after connection broken by 'NewConnectionError("HTTPConnection(host='localhost', port=52187): Failed to establish a new connection: [Errno 61] Connection refused")': /session/24f98c4f0791b5696b72456ee9eea945/url
2026-07-17 09:18:40,042 [INFO]   ❌ No encontrada en Nominatim ni Google Maps
2026-07-17 09:18:40,648 [INFO] [38/2054] AG CONTINENTAL LITORAL CARIBE S.A.S
2026-07-17 09:18:40,760 [WARNING] Retrying (Retry(total=1, connect=None, read=None, redirect=None, status=None)) after connection broken by 'SSLError(SSLCertVerificationError(1, '[SSL: CERTIFICATE_VERIFY_FAILED] certificate verify failed: unable to get local issuer certificate (_ssl.c:1077)'))': /search?q=ag+continental+litoral+caribe+s.a.s%2C+Colombia&format=json&limit=1
2026-07-17 09:18:40,849 [WARNING] Retrying (Retry(total=0, connect=None, read=None, redirect=None, status=None)) after connection broken by 'SSLError(SSLCertVerificationError(1, '[SSL: CERTIFICATE_VERIFY_FAILED] certificate verify failed: unable to get local issuer certificate (_ssl.c:1077)'))': /search?q=ag+continental+litoral+caribe+s.a.s%2C+Colombia&format=json&limit=1
2026-07-17 09:18:41,074 [WARNING] Retrying (Retry(total=1, connect=None, read=None, redirect=None, status=None)) after connection broken by 'SSLError(SSLCertVerificationError(1, '[SSL: CERTIFICATE_VERIFY_FAILED] certificate verify failed: unable to get local issuer certificate (_ssl.c:1077)'))': /search?q=ag+ntin+ntal+litoral+carib%2C+Colombia&format=json&limit=1
2026-07-17 09:18:41,230 [WARNING] Retrying (Retry(total=1, connect=None, read=None, redirect=None, status=None)) after connection broken by 'SSLError(SSLCertVerificationError(1, '[SSL: CERTIFICATE_VERIFY_FAILED] certificate verify failed: unable to get local issuer certificate (_ssl.c:1077)'))': /search?q=ag+continental+litoral+caribe+sas%2C+Colombia&format=json&limit=1
2026-07-17 09:18:41,319 [WARNING] Retrying (Retry(total=0, connect=None, read=None, redirect=None, status=None)) after connection broken by 'SSLError(SSLCertVerificationError(1, '[SSL: CERTIFICATE_VERIFY_FAILED] certificate verify failed: unable to get local issuer certificate (_ssl.c:1077)'))': /search?q=ag+continental+litoral+caribe+sas%2C+Colombia&format=json&limit=1
2026-07-17 09:18:41,464 [WARNING] Retrying (Retry(total=1, connect=None, read=None, redirect=None, status=None)) after connection broken by 'SSLError(SSLCertVerificationError(1, '[SSL: CERTIFICATE_VERIFY_FAILED] certificate verify failed: unable to get local issuer certificate (_ssl.c:1077)'))': /search?q=carib%2C+Colombia&format=json&limit=1
2026-07-17 09:18:41,529 [WARNING] Retrying (Retry(total=0, connect=None, read=None, redirect=None, status=None)) after connection broken by 'SSLError(SSLCertVerificationError(1, '[SSL: CERTIFICATE_VERIFY_FAILED] certificate verify failed: unable to get local issuer certificate (_ssl.c:1077)'))': /search?q=carib%2C+Colombia&format=json&limit=1
2026-07-17 09:18:41,673 [WARNING] Retrying (Retry(total=1, connect=None, read=None, redirect=None, status=None)) after connection broken by 'SSLError(SSLCertVerificationError(1, '[SSL: CERTIFICATE_VERIFY_FAILED] certificate verify failed: unable to get local issuer certificate (_ssl.c:1077)'))': /search?q=litoral+carib%2C+Colombia&format=json&limit=1
2026-07-17 09:18:41,748 [WARNING] Retrying (Retry(total=0, connect=None, read=None, redirect=None, status=None)) after connection broken by 'SSLError(SSLCertVerificationError(1, '[SSL: CERTIFICATE_VERIFY_FAILED] certificate verify failed: unable to get local issuer certificate (_ssl.c:1077)'))': /search?q=litoral+carib%2C+Colombia&format=json&limit=1
2026-07-17 09:18:41,909 [WARNING] Retrying (Retry(total=1, connect=None, read=None, redirect=None, status=None)) after connection broken by 'SSLError(SSLCertVerificationError(1, '[SSL: CERTIFICATE_VERIFY_FAILED] certificate verify failed: unable to get local issuer certificate (_ssl.c:1077)'))': /search?q=ntal+litoral+carib%2C+Colombia&format=json&limit=1
2026-07-17 09:18:41,995 [WARNING] Retrying (Retry(total=0, connect=None, read=None, redirect=None, status=None)) after connection broken by 'SSLError(SSLCertVerificationError(1, '[SSL: CERTIFICATE_VERIFY_FAILED] certificate verify failed: unable to get local issuer certificate (_ssl.c:1077)'))': /search?q=ntal+litoral+carib%2C+Colombia&format=json&limit=1
2026-07-17 09:18:42,092 [INFO]   📍 Nominatim sin resultado, intentando Google Maps...
2026-07-17 09:18:43,098 [WARNING] Retrying (Retry(total=2, connect=None, read=None, redirect=None, status=None)) after connection broken by 'NewConnectionError("HTTPConnection(host='localhost', port=52187): Failed to establish a new connection: [Errno 61] Connection refused")': /session/24f98c4f0791b5696b72456ee9eea945/url
2026-07-17 09:18:43,099 [WARNING] Retrying (Retry(total=1, connect=None, read=None, redirect=None, status=None)) after connection broken by 'NewConnectionError("HTTPConnection(host='localhost', port=52187): Failed to establish a new connection: [Errno 61] Connection refused")': /session/24f98c4f0791b5696b72456ee9eea945/url
2026-07-17 09:18:43,099 [WARNING] Retrying (Retry(total=0, connect=None, read=None, redirect=None, status=None)) after connection broken by 'NewConnectionError("HTTPConnection(host='localhost', port=52187): Failed to establish a new connection: [Errno 61] Connection refused")': /session/24f98c4f0791b5696b72456ee9eea945/url
2026-07-17 09:18:43,101 [WARNING] Retrying (Retry(total=2, connect=None, read=None, redirect=None, status=None)) after connection broken by 'NewConnectionError("HTTPConnection(host='localhost', port=52187): Failed to establish a new connection: [Errno 61] Connection refused")': /session/24f98c4f0791b5696b72456ee9eea945/url
2026-07-17 09:18:43,101 [WARNING] Retrying (Retry(total=1, connect=None, read=None, redirect=None, status=None)) after connection broken by 'NewConnectionError("HTTPConnection(host='localhost', port=52187): Failed to establish a new connection: [Errno 61] Connection refused")': /session/24f98c4f0791b5696b72456ee9eea945/url
2026-07-17 09:18:43,102 [WARNING] Retrying (Retry(total=0, connect=None, read=None, redirect=None, status=None)) after connection broken by 'NewConnectionError("HTTPConnection(host='localhost', port=52187): Failed to establish a new connection: [Errno 61] Connection refused")': /session/24f98c4f0791b5696b72456ee9eea945/url
2026-07-17 09:18:43,103 [WARNING] Retrying (Retry(total=2, connect=None, read=None, redirect=None, status=None)) after connection broken by 'NewConnectionError("HTTPConnection(host='localhost', port=52187): Failed to establish a new connection: [Errno 61] Connection refused")': /session/24f98c4f0791b5696b72456ee9eea945/url
2026-07-17 09:18:43,104 [WARNING] Retrying (Retry(total=1, connect=None, read=None, redirect=None, status=None)) after connection broken by 'NewConnectionError("HTTPConnection(host='localhost', port=52187): Failed to establish a new connection: [Errno 61] Connection refused")': /session/24f98c4f0791b5696b72456ee9eea945/url
2026-07-17 09:18:43,104 [WARNING] Retrying (Retry(total=0, connect=None, read=None, redirect=None, status=None)) after connection broken by 'NewConnectionError("HTTPConnection(host='localhost', port=52187): Failed to establish a new connection: [Errno 61] Connection refused")': /session/24f98c4f0791b5696b72456ee9eea945/url
2026-07-17 09:18:43,105 [WARNING] Retrying (Retry(total=2, connect=None, read=None, redirect=None, status=None)) after connection broken by 'NewConnectionError("HTTPConnection(host='localhost', port=52187): Failed to establish a new connection: [Errno 61] Connection refused")': /session/24f98c4f0791b5696b72456ee9eea945/url
2026-07-17 09:18:43,106 [WARNING] Retrying (Retry(total=1, connect=None, read=None, redirect=None, status=None)) after connection broken by 'NewConnectionError("HTTPConnection(host='localhost', port=52187): Failed to establish a new connection: [Errno 61] Connection refused")': /session/24f98c4f0791b5696b72456ee9eea945/url
2026-07-17 09:18:43,107 [WARNING] Retrying (Retry(total=0, connect=None, read=None, redirect=None, status=None)) after connection broken by 'NewConnectionError("HTTPConnection(host='localhost', port=52187): Failed to establish a new connection: [Errno 61] Connection refused")': /session/24f98c4f0791b5696b72456ee9eea945/url
2026-07-17 09:18:43,108 [WARNING] Retrying (Retry(total=2, connect=None, read=None, redirect=None, status=None)) after connection broken by 'NewConnectionError("HTTPConnection(host='localhost', port=52187): Failed to establish a new connection: [Errno 61] Connection refused")': /session/24f98c4f0791b5696b72456ee9eea945/url
2026-07-17 09:18:43,108 [WARNING] Retrying (Retry(total=1, connect=None, read=None, redirect=None, status=None)) after connection broken by 'NewConnectionError("HTTPConnection(host='localhost', port=52187): Failed to establish a new connection: [Errno 61] Connection refused")': /session/24f98c4f0791b5696b72456ee9eea945/url
2026-07-17 09:18:43,109 [WARNING] Retrying (Retry(total=0, connect=None, read=None, redirect=None, status=None)) after connection broken by 'NewConnectionError("HTTPConnection(host='localhost', port=52187): Failed to establish a new connection: [Errno 61] Connection refused")': /session/24f98c4f0791b5696b72456ee9eea945/url
2026-07-17 09:18:43,110 [WARNING] Retrying (Retry(total=2, connect=None, read=None, redirect=None, status=None)) after connection broken by 'NewConnectionError("HTTPConnection(host='localhost', port=52187): Failed to establish a new connection: [Errno 61] Connection refused")': /session/24f98c4f0791b5696b72456ee9eea945/url
2026-07-17 09:18:43,110 [WARNING] Retrying (Retry(total=1, connect=None, read=None, redirect=None, status=None)) after connection broken by 'NewConnectionError("HTTPConnection(host='localhost', port=52187): Failed to establish a new connection: [Errno 61] Connection refused")': /session/24f98c4f0791b5696b72456ee9eea945/url
2026-07-17 09:18:43,111 [WARNING] Retrying (Retry(total=0, connect=None, read=None, redirect=None, status=None)) after connection broken by 'NewConnectionError("HTTPConnection(host='localhost', port=52187): Failed to establish a new connection: [Errno 61] Connection refused")': /session/24f98c4f0791b5696b72456ee9eea945/url
2026-07-17 09:18:43,111 [INFO]   ❌ No encontrada en Nominatim ni Google Maps
2026-07-17 09:18:43,653 [INFO] [39/2054] AGAPE
2026-07-17 09:18:43,759 [WARNING] Retrying (Retry(total=1, connect=None, read=None, redirect=None, status=None)) after connection broken by 'SSLError(SSLCertVerificationError(1, '[SSL: CERTIFICATE_VERIFY_FAILED] certificate verify failed: unable to get local issuer certificate (_ssl.c:1077)'))': /search?q=agape%2C+Colombia&format=json&limit=1
2026-07-17 09:18:43,849 [WARNING] Retrying (Retry(total=0, connect=None, read=None, redirect=None, status=None)) after connection broken by 'SSLError(SSLCertVerificationError(1, '[SSL: CERTIFICATE_VERIFY_FAILED] certificate verify failed: unable to get local issuer certificate (_ssl.c:1077)'))': /search?q=agape%2C+Colombia&format=json&limit=1
2026-07-17 09:18:44,044 [WARNING] Retrying (Retry(total=1, connect=None, read=None, redirect=None, status=None)) after connection broken by 'SSLError(SSLCertVerificationError(1, '[SSL: CERTIFICATE_VERIFY_FAILED] certificate verify failed: unable to get local issuer certificate (_ssl.c:1077)'))': /search?q=agap%2C+Colombia&format=json&limit=1
2026-07-17 09:18:44,120 [INFO]   📍 Nominatim sin resultado, intentando Google Maps...
2026-07-17 09:18:45,126 [WARNING] Retrying (Retry(total=2, connect=None, read=None, redirect=None, status=None)) after connection broken by 'NewConnectionError("HTTPConnection(host='localhost', port=52187): Failed to establish a new connection: [Errno 61] Connection refused")': /session/24f98c4f0791b5696b72456ee9eea945/url
2026-07-17 09:18:45,128 [WARNING] Retrying (Retry(total=1, connect=None, read=None, redirect=None, status=None)) after connection broken by 'NewConnectionError("HTTPConnection(host='localhost', port=52187): Failed to establish a new connection: [Errno 61] Connection refused")': /session/24f98c4f0791b5696b72456ee9eea945/url
2026-07-17 09:18:45,128 [WARNING] Retrying (Retry(total=0, connect=None, read=None, redirect=None, status=None)) after connection broken by 'NewConnectionError("HTTPConnection(host='localhost', port=52187): Failed to establish a new connection: [Errno 61] Connection refused")': /session/24f98c4f0791b5696b72456ee9eea945/url
2026-07-17 09:18:45,131 [WARNING] Retrying (Retry(total=2, connect=None, read=None, redirect=None, status=None)) after connection broken by 'NewConnectionError("HTTPConnection(host='localhost', port=52187): Failed to establish a new connection: [Errno 61] Connection refused")': /session/24f98c4f0791b5696b72456ee9eea945/url
2026-07-17 09:18:45,132 [WARNING] Retrying (Retry(total=1, connect=None, read=None, redirect=None, status=None)) after connection broken by 'NewConnectionError("HTTPConnection(host='localhost', port=52187): Failed to establish a new connection: [Errno 61] Connection refused")': /session/24f98c4f0791b5696b72456ee9eea945/url
2026-07-17 09:18:45,133 [WARNING] Retrying (Retry(total=0, connect=None, read=None, redirect=None, status=None)) after connection broken by 'NewConnectionError("HTTPConnection(host='localhost', port=52187): Failed to establish a new connection: [Errno 61] Connection refused")': /session/24f98c4f0791b5696b72456ee9eea945/url
2026-07-17 09:18:45,134 [INFO]   ❌ No encontrada en Nominatim ni Google Maps
2026-07-17 09:18:46,111 [INFO] [40/2054] AGAPE
2026-07-17 09:18:46,190 [WARNING] Retrying (Retry(total=1, connect=None, read=None, redirect=None, status=None)) after connection broken by 'SSLError(SSLCertVerificationError(1, '[SSL: CERTIFICATE_VERIFY_FAILED] certificate verify failed: unable to get local issuer certificate (_ssl.c:1077)'))': /search?q=agape%2C+Colombia&format=json&limit=1
2026-07-17 09:18:46,285 [WARNING] Retrying (Retry(total=0, connect=None, read=None, redirect=None, status=None)) after connection broken by 'SSLError(SSLCertVerificationError(1, '[SSL: CERTIFICATE_VERIFY_FAILED] certificate verify failed: unable to get local issuer certificate (_ssl.c:1077)'))': /search?q=agape%2C+Colombia&format=json&limit=1
2026-07-17 09:18:46,481 [WARNING] Retrying (Retry(total=1, connect=None, read=None, redirect=None, status=None)) after connection broken by 'SSLError(SSLCertVerificationError(1, '[SSL: CERTIFICATE_VERIFY_FAILED] certificate verify failed: unable to get local issuer certificate (_ssl.c:1077)'))': /search?q=agap%2C+Colombia&format=json&limit=1
2026-07-17 09:18:46,582 [WARNING] Retrying (Retry(total=0, connect=None, read=None, redirect=None, status=None)) after connection broken by 'SSLError(SSLCertVerificationError(1, '[SSL: CERTIFICATE_VERIFY_FAILED] certificate verify failed: unable to get local issuer certificate (_ssl.c:1077)'))': /search?q=agap%2C+Colombia&format=json&limit=1
2026-07-17 09:18:46,676 [INFO]   📍 Nominatim sin resultado, intentando Google Maps...
2026-07-17 09:18:47,683 [WARNING] Retrying (Retry(total=2, connect=None, read=None, redirect=None, status=None)) after connection broken by 'NewConnectionError("HTTPConnection(host='localhost', port=52187): Failed to establish a new connection: [Errno 61] Connection refused")': /session/24f98c4f0791b5696b72456ee9eea945/url
2026-07-17 09:18:47,684 [WARNING] Retrying (Retry(total=1, connect=None, read=None, redirect=None, status=None)) after connection broken by 'NewConnectionError("HTTPConnection(host='localhost', port=52187): Failed to establish a new connection: [Errno 61] Connection refused")': /session/24f98c4f0791b5696b72456ee9eea945/url
2026-07-17 09:18:47,685 [WARNING] Retrying (Retry(total=0, connect=None, read=None, redirect=None, status=None)) after connection broken by 'NewConnectionError("HTTPConnection(host='localhost', port=52187): Failed to establish a new connection: [Errno 61] Connection refused")': /session/24f98c4f0791b5696b72456ee9eea945/url
2026-07-17 09:18:47,687 [WARNING] Retrying (Retry(total=2, connect=None, read=None, redirect=None, status=None)) after connection broken by 'NewConnectionError("HTTPConnection(host='localhost', port=52187): Failed to establish a new connection: [Errno 61] Connection refused")': /session/24f98c4f0791b5696b72456ee9eea945/url
2026-07-17 09:18:47,687 [WARNING] Retrying (Retry(total=1, connect=None, read=None, redirect=None, status=None)) after connection broken by 'NewConnectionError("HTTPConnection(host='localhost', port=52187): Failed to establish a new connection: [Errno 61] Connection refused")': /session/24f98c4f0791b5696b72456ee9eea945/url
2026-07-17 09:18:47,688 [WARNING] Retrying (Retry(total=0, connect=None, read=None, redirect=None, status=None)) after connection broken by 'NewConnectionError("HTTPConnection(host='localhost', port=52187): Failed to establish a new connection: [Errno 61] Connection refused")': /session/24f98c4f0791b5696b72456ee9eea945/url
2026-07-17 09:18:47,689 [INFO]   ❌ No encontrada en Nominatim ni Google Maps
2026-07-17 09:18:47,691 [INFO]   💾 Checkpoint guardado
2026-07-17 09:18:48,439 [INFO] [41/2054] AGENCIA CAUCHO SOL DE LA COSTA LIMITADA
2026-07-17 09:18:48,544 [WARNING] Retrying (Retry(total=1, connect=None, read=None, redirect=None, status=None)) after connection broken by 'SSLError(SSLCertVerificationError(1, '[SSL: CERTIFICATE_VERIFY_FAILED] certificate verify failed: unable to get local issuer certificate (_ssl.c:1077)'))': /search?q=agencia+caucho+sol+de+la+costa+limitada%2C+Colombia&format=json&limit=1
2026-07-17 09:18:48,628 [WARNING] Retrying (Retry(total=0, connect=None, read=None, redirect=None, status=None)) after connection broken by 'SSLError(SSLCertVerificationError(1, '[SSL: CERTIFICATE_VERIFY_FAILED] certificate verify failed: unable to get local issuer certificate (_ssl.c:1077)'))': /search?q=agencia+caucho+sol+de+la+costa+limitada%2C+Colombia&format=json&limit=1
2026-07-17 09:18:48,833 [WARNING] Retrying (Retry(total=1, connect=None, read=None, redirect=None, status=None)) after connection broken by 'SSLError(SSLCertVerificationError(1, '[SSL: CERTIFICATE_VERIFY_FAILED] certificate verify failed: unable to get local issuer certificate (_ssl.c:1077)'))': /search?q=ag+n+caucho+sol+d+la+sta%2C+Colombia&format=json&limit=1
2026-07-17 09:18:48,933 [WARNING] Retrying (Retry(total=0, connect=None, read=None, redirect=None, status=None)) after connection broken by 'SSLError(SSLCertVerificationError(1, '[SSL: CERTIFICATE_VERIFY_FAILED] certificate verify failed: unable to get local issuer certificate (_ssl.c:1077)'))': /search?q=ag+n+caucho+sol+d+la+sta%2C+Colombia&format=json&limit=1
2026-07-17 09:18:49,040 [WARNING] Retrying (Retry(total=1, connect=None, read=None, redirect=None, status=None)) after connection broken by 'SSLError(SSLCertVerificationError(1, '[SSL: CERTIFICATE_VERIFY_FAILED] certificate verify failed: unable to get local issuer certificate (_ssl.c:1077)'))': /search?q=sta%2C+Colombia&format=json&limit=1
2026-07-17 09:18:49,146 [WARNING] Retrying (Retry(total=0, connect=None, read=None, redirect=None, status=None)) after connection broken by 'SSLError(SSLCertVerificationError(1, '[SSL: CERTIFICATE_VERIFY_FAILED] certificate verify failed: unable to get local issuer certificate (_ssl.c:1077)'))': /search?q=sta%2C+Colombia&format=json&limit=1
2026-07-17 09:18:49,315 [WARNING] Retrying (Retry(total=1, connect=None, read=None, redirect=None, status=None)) after connection broken by 'SSLError(SSLCertVerificationError(1, '[SSL: CERTIFICATE_VERIFY_FAILED] certificate verify failed: unable to get local issuer certificate (_ssl.c:1077)'))': /search?q=sol+sta%2C+Colombia&format=json&limit=1
2026-07-17 09:18:49,433 [WARNING] Retrying (Retry(total=0, connect=None, read=None, redirect=None, status=None)) after connection broken by 'SSLError(SSLCertVerificationError(1, '[SSL: CERTIFICATE_VERIFY_FAILED] certificate verify failed: unable to get local issuer certificate (_ssl.c:1077)'))': /search?q=sol+sta%2C+Colombia&format=json&limit=1
2026-07-17 09:18:49,619 [WARNING] Retrying (Retry(total=1, connect=None, read=None, redirect=None, status=None)) after connection broken by 'SSLError(SSLCertVerificationError(1, '[SSL: CERTIFICATE_VERIFY_FAILED] certificate verify failed: unable to get local issuer certificate (_ssl.c:1077)'))': /search?q=caucho+sol+sta%2C+Colombia&format=json&limit=1
2026-07-17 09:18:49,704 [WARNING] Retrying (Retry(total=0, connect=None, read=None, redirect=None, status=None)) after connection broken by 'SSLError(SSLCertVerificationError(1, '[SSL: CERTIFICATE_VERIFY_FAILED] certificate verify failed: unable to get local issuer certificate (_ssl.c:1077)'))': /search?q=caucho+sol+sta%2C+Colombia&format=json&limit=1
2026-07-17 09:18:49,768 [INFO]   📍 Nominatim sin resultado, intentando Google Maps...
2026-07-17 09:18:50,521 [WARNING] Retrying (Retry(total=2, connect=None, read=None, redirect=None, status=None)) after connection broken by 'NewConnectionError("HTTPConnection(host='localhost', port=52187): Failed to establish a new connection: [Errno 61] Connection refused")': /session/24f98c4f0791b5696b72456ee9eea945
2026-07-17 09:18:50,522 [WARNING] Retrying (Retry(total=1, connect=None, read=None, redirect=None, status=None)) after connection broken by 'NewConnectionError("HTTPConnection(host='localhost', port=52187): Failed to establish a new connection: [Errno 61] Connection refused")': /session/24f98c4f0791b5696b72456ee9eea945
2026-07-17 09:18:50,523 [WARNING] Retrying (Retry(total=0, connect=None, read=None, redirect=None, status=None)) after connection broken by 'NewConnectionError("HTTPConnection(host='localhost', port=52187): Failed to establish a new connection: [Errno 61] Connection refused")': /session/24f98c4f0791b5696b72456ee9eea945
2026-07-17 09:18:50,524 [INFO] 
✅ Completado. Checkpoint guardado.
2026-07-17 09:20:46,629 [INFO] ====== WebDriver manager ======
2026-07-17 09:20:46,980 [INFO] Driver [/Users/danielaamaya/.wdm/drivers/chromedriver/mac-arm64/150.0.7871.124/chromedriver-mac-arm64/chromedriver] found in cache by browser version
2026-07-17 09:20:48,284 [INFO] 
🔹 Retail / Comercio
2026-07-17 09:20:48,298 [INFO]    Total SIN ciudad: 2038
2026-07-17 09:20:48,298 [INFO] [25/2038] AGENCIA CAUCHO SOL DE LA COSTA LIMITADA
2026-07-17 09:20:48,452 [WARNING] Retrying (Retry(total=1, connect=None, read=None, redirect=None, status=None)) after connection broken by 'SSLError(SSLCertVerificationError(1, '[SSL: CERTIFICATE_VERIFY_FAILED] certificate verify failed: unable to get local issuer certificate (_ssl.c:1077)'))': /search?q=AGENCIA+CAUCHO+SOL+DE+LA+COSTA+LIMITADA%2C+Colombia&format=json&limit=1
2026-07-17 09:20:48,542 [WARNING] Retrying (Retry(total=0, connect=None, read=None, redirect=None, status=None)) after connection broken by 'SSLError(SSLCertVerificationError(1, '[SSL: CERTIFICATE_VERIFY_FAILED] certificate verify failed: unable to get local issuer certificate (_ssl.c:1077)'))': /search?q=AGENCIA+CAUCHO+SOL+DE+LA+COSTA+LIMITADA%2C+Colombia&format=json&limit=1
2026-07-17 09:20:48,716 [WARNING] Retrying (Retry(total=1, connect=None, read=None, redirect=None, status=None)) after connection broken by 'SSLError(SSLCertVerificationError(1, '[SSL: CERTIFICATE_VERIFY_FAILED] certificate verify failed: unable to get local issuer certificate (_ssl.c:1077)'))': /search?q=agencia+caucho+sol+de+la+costa+limitada%2C+Colombia&format=json&limit=1
2026-07-17 09:20:48,801 [WARNING] Retrying (Retry(total=0, connect=None, read=None, redirect=None, status=None)) after connection broken by 'SSLError(SSLCertVerificationError(1, '[SSL: CERTIFICATE_VERIFY_FAILED] certificate verify failed: unable to get local issuer certificate (_ssl.c:1077)'))': /search?q=agencia+caucho+sol+de+la+costa+limitada%2C+Colombia&format=json&limit=1
2026-07-17 09:20:48,933 [INFO]   📍 Nominatim sin resultado, intentando Google Maps...
2026-07-17 09:20:53,431 [INFO]   ❌ No encontrada en Nominatim ni Google Maps
2026-07-17 09:20:54,390 [INFO] [26/2038] AGENCIA DE ADUANAS ASESORIAS Y SERVICIOS ADUANEROS
2026-07-17 09:20:54,483 [WARNING] Retrying (Retry(total=1, connect=None, read=None, redirect=None, status=None)) after connection broken by 'SSLError(SSLCertVerificationError(1, '[SSL: CERTIFICATE_VERIFY_FAILED] certificate verify failed: unable to get local issuer certificate (_ssl.c:1077)'))': /search?q=AGENCIA+DE+ADUANAS+ASESORIAS+Y+SERVICIOS+ADUANEROS+DE+COLOMBIA+S.A.%2C+Colombia&format=json&limit=1
2026-07-17 09:20:54,584 [WARNING] Retrying (Retry(total=0, connect=None, read=None, redirect=None, status=None)) after connection broken by 'SSLError(SSLCertVerificationError(1, '[SSL: CERTIFICATE_VERIFY_FAILED] certificate verify failed: unable to get local issuer certificate (_ssl.c:1077)'))': /search?q=AGENCIA+DE+ADUANAS+ASESORIAS+Y+SERVICIOS+ADUANEROS+DE+COLOMBIA+S.A.%2C+Colombia&format=json&limit=1
2026-07-17 09:20:54,812 [WARNING] Retrying (Retry(total=1, connect=None, read=None, redirect=None, status=None)) after connection broken by 'SSLError(SSLCertVerificationError(1, '[SSL: CERTIFICATE_VERIFY_FAILED] certificate verify failed: unable to get local issuer certificate (_ssl.c:1077)'))': /search?q=agencia+de+aduanas+asesorias+y+servicios+aduaneros+de+colombia+s.a.%2C+Colombia&format=json&limit=1
2026-07-17 09:20:54,915 [WARNING] Retrying (Retry(total=0, connect=None, read=None, redirect=None, status=None)) after connection broken by 'SSLError(SSLCertVerificationError(1, '[SSL: CERTIFICATE_VERIFY_FAILED] certificate verify failed: unable to get local issuer certificate (_ssl.c:1077)'))': /search?q=agencia+de+aduanas+asesorias+y+servicios+aduaneros+de+colombia+s.a.%2C+Colombia&format=json&limit=1
2026-07-17 09:20:55,019 [INFO]   📍 Nominatim sin resultado, intentando Google Maps...
2026-07-17 09:20:59,329 [INFO]   ❌ No encontrada en Nominatim ni Google Maps
2026-07-17 09:21:00,206 [INFO] [27/2038] AGENCIA DE ADUANAS FB LOGISTIC S.A. NIVEL 2
2026-07-17 09:21:00,289 [WARNING] Retrying (Retry(total=1, connect=None, read=None, redirect=None, status=None)) after connection broken by 'SSLError(SSLCertVerificationError(1, '[SSL: CERTIFICATE_VERIFY_FAILED] certificate verify failed: unable to get local issuer certificate (_ssl.c:1077)'))': /search?q=AGENCIA+DE+ADUANAS+FB+LOGISTIC+S.A.+NIVEL+2%2C+Colombia&format=json&limit=1
2026-07-17 09:21:00,363 [WARNING] Retrying (Retry(total=0, connect=None, read=None, redirect=None, status=None)) after connection broken by 'SSLError(SSLCertVerificationError(1, '[SSL: CERTIFICATE_VERIFY_FAILED] certificate verify failed: unable to get local issuer certificate (_ssl.c:1077)'))': /search?q=AGENCIA+DE+ADUANAS+FB+LOGISTIC+S.A.+NIVEL+2%2C+Colombia&format=json&limit=1
2026-07-17 09:21:00,541 [WARNING] Retrying (Retry(total=1, connect=None, read=None, redirect=None, status=None)) after connection broken by 'SSLError(SSLCertVerificationError(1, '[SSL: CERTIFICATE_VERIFY_FAILED] certificate verify failed: unable to get local issuer certificate (_ssl.c:1077)'))': /search?q=agencia+de+aduanas+fb+logistic+s.a.+nivel+2%2C+Colombia&format=json&limit=1
2026-07-17 09:21:00,632 [WARNING] Retrying (Retry(total=0, connect=None, read=None, redirect=None, status=None)) after connection broken by 'SSLError(SSLCertVerificationError(1, '[SSL: CERTIFICATE_VERIFY_FAILED] certificate verify failed: unable to get local issuer certificate (_ssl.c:1077)'))': /search?q=agencia+de+aduanas+fb+logistic+s.a.+nivel+2%2C+Colombia&format=json&limit=1
2026-07-17 09:21:00,712 [INFO]   📍 Nominatim sin resultado, intentando Google Maps...
2026-07-17 09:21:04,316 [INFO]   ❌ No encontrada en Nominatim ni Google Maps
2026-07-17 09:21:05,006 [INFO] [28/2038] AGENCIA DE ADUANAS GAMA S.A. NIVEL 1
2026-07-17 09:21:05,186 [WARNING] Retrying (Retry(total=1, connect=None, read=None, redirect=None, status=None)) after connection broken by 'SSLError(SSLCertVerificationError(1, '[SSL: CERTIFICATE_VERIFY_FAILED] certificate verify failed: unable to get local issuer certificate (_ssl.c:1077)'))': /search?q=AGENCIA+DE+ADUANAS+GAMA+S.A.+NIVEL+1%2C+Colombia&format=json&limit=1
2026-07-17 09:21:05,295 [WARNING] Retrying (Retry(total=0, connect=None, read=None, redirect=None, status=None)) after connection broken by 'SSLError(SSLCertVerificationError(1, '[SSL: CERTIFICATE_VERIFY_FAILED] certificate verify failed: unable to get local issuer certificate (_ssl.c:1077)'))': /search?q=AGENCIA+DE+ADUANAS+GAMA+S.A.+NIVEL+1%2C+Colombia&format=json&limit=1
2026-07-17 09:21:05,486 [WARNING] Retrying (Retry(total=1, connect=None, read=None, redirect=None, status=None)) after connection broken by 'SSLError(SSLCertVerificationError(1, '[SSL: CERTIFICATE_VERIFY_FAILED] certificate verify failed: unable to get local issuer certificate (_ssl.c:1077)'))': /search?q=agencia+de+aduanas+gama+s.a.+nivel+1%2C+Colombia&format=json&limit=1
2026-07-17 09:21:05,576 [WARNING] Retrying (Retry(total=0, connect=None, read=None, redirect=None, status=None)) after connection broken by 'SSLError(SSLCertVerificationError(1, '[SSL: CERTIFICATE_VERIFY_FAILED] certificate verify failed: unable to get local issuer certificate (_ssl.c:1077)'))': /search?q=agencia+de+aduanas+gama+s.a.+nivel+1%2C+Colombia&format=json&limit=1
2026-07-17 09:21:05,659 [INFO]   📍 Nominatim sin resultado, intentando Google Maps...
2026-07-17 09:21:09,242 [INFO]   ❌ No encontrada en Nominatim ni Google Maps
2026-07-17 09:21:10,011 [INFO] [29/2038] AGENCIA DE ADUANAS ISASO S.A. NIVEL 1
2026-07-17 09:21:10,089 [WARNING] Retrying (Retry(total=1, connect=None, read=None, redirect=None, status=None)) after connection broken by 'SSLError(SSLCertVerificationError(1, '[SSL: CERTIFICATE_VERIFY_FAILED] certificate verify failed: unable to get local issuer certificate (_ssl.c:1077)'))': /search?q=AGENCIA+DE+ADUANAS+ISASO+S.A.+NIVEL+1%2C+Colombia&format=json&limit=1
2026-07-17 09:21:10,176 [WARNING] Retrying (Retry(total=0, connect=None, read=None, redirect=None, status=None)) after connection broken by 'SSLError(SSLCertVerificationError(1, '[SSL: CERTIFICATE_VERIFY_FAILED] certificate verify failed: unable to get local issuer certificate (_ssl.c:1077)'))': /search?q=AGENCIA+DE+ADUANAS+ISASO+S.A.+NIVEL+1%2C+Colombia&format=json&limit=1
2026-07-17 09:21:10,340 [WARNING] Retrying (Retry(total=1, connect=None, read=None, redirect=None, status=None)) after connection broken by 'SSLError(SSLCertVerificationError(1, '[SSL: CERTIFICATE_VERIFY_FAILED] certificate verify failed: unable to get local issuer certificate (_ssl.c:1077)'))': /search?q=agencia+de+aduanas+isaso+s.a.+nivel+1%2C+Colombia&format=json&limit=1
2026-07-17 09:21:10,439 [WARNING] Retrying (Retry(total=0, connect=None, read=None, redirect=None, status=None)) after connection broken by 'SSLError(SSLCertVerificationError(1, '[SSL: CERTIFICATE_VERIFY_FAILED] certificate verify failed: unable to get local issuer certificate (_ssl.c:1077)'))': /search?q=agencia+de+aduanas+isaso+s.a.+nivel+1%2C+Colombia&format=json&limit=1
2026-07-17 09:21:10,548 [INFO]   📍 Nominatim sin resultado, intentando Google Maps...
2026-07-17 09:21:12,711 [WARNING] Retrying (Retry(total=2, connect=None, read=None, redirect=None, status=None)) after connection broken by 'ConnectionResetError(54, 'Connection reset by peer')': /session/98e989f639d0f15da43c198c414ff1ed
2026-07-17 09:21:12,712 [WARNING] Retrying (Retry(total=1, connect=None, read=None, redirect=None, status=None)) after connection broken by 'NewConnectionError("HTTPConnection(host='localhost', port=52802): Failed to establish a new connection: [Errno 61] Connection refused")': /session/98e989f639d0f15da43c198c414ff1ed
2026-07-17 09:21:12,712 [WARNING] Retrying (Retry(total=0, connect=None, read=None, redirect=None, status=None)) after connection broken by 'NewConnectionError("HTTPConnection(host='localhost', port=52802): Failed to establish a new connection: [Errno 61] Connection refused")': /session/98e989f639d0f15da43c198c414ff1ed
2026-07-17 09:21:12,713 [INFO] 
✅ Completado. Checkpoint guardado.
2026-07-17 09:27:49,738 [INFO] ====== WebDriver manager ======
2026-07-17 09:27:50,166 [INFO] Driver [/Users/danielaamaya/.wdm/drivers/chromedriver/mac-arm64/150.0.7871.124/chromedriver-mac-arm64/chromedriver] found in cache by browser version
2026-07-17 09:27:51,923 [INFO] 
🔹 Retail / Comercio
2026-07-17 09:27:51,941 [INFO]    Total SIN ciudad: 2038
2026-07-17 09:27:51,941 [INFO] [1/2038] 2CO EVENTS
2026-07-17 09:27:52,054 [WARNING] Retrying (Retry(total=1, connect=None, read=None, redirect=None, status=None)) after connection broken by 'SSLError(SSLCertVerificationError(1, '[SSL: CERTIFICATE_VERIFY_FAILED] certificate verify failed: unable to get local issuer certificate (_ssl.c:1077)'))': /search?q=2CO+EVENTS%2C+Colombia&format=json&limit=1
2026-07-17 09:27:52,137 [WARNING] Retrying (Retry(total=0, connect=None, read=None, redirect=None, status=None)) after connection broken by 'SSLError(SSLCertVerificationError(1, '[SSL: CERTIFICATE_VERIFY_FAILED] certificate verify failed: unable to get local issuer certificate (_ssl.c:1077)'))': /search?q=2CO+EVENTS%2C+Colombia&format=json&limit=1
2026-07-17 09:27:52,312 [WARNING] Retrying (Retry(total=1, connect=None, read=None, redirect=None, status=None)) after connection broken by 'SSLError(SSLCertVerificationError(1, '[SSL: CERTIFICATE_VERIFY_FAILED] certificate verify failed: unable to get local issuer certificate (_ssl.c:1077)'))': /search?q=2co+events%2C+Colombia&format=json&limit=1
2026-07-17 09:27:52,405 [WARNING] Retrying (Retry(total=0, connect=None, read=None, redirect=None, status=None)) after connection broken by 'SSLError(SSLCertVerificationError(1, '[SSL: CERTIFICATE_VERIFY_FAILED] certificate verify failed: unable to get local issuer certificate (_ssl.c:1077)'))': /search?q=2co+events%2C+Colombia&format=json&limit=1
2026-07-17 09:27:52,486 [INFO]   📍 Nominatim sin resultado, intentando Google Maps...
2026-07-17 09:27:57,117 [INFO]   ❌ No encontrada (será reintentada con lógica mejorada)
2026-07-17 09:27:57,644 [INFO] [2/2038] 7BD Broadcast Depot
2026-07-17 09:27:57,755 [WARNING] Retrying (Retry(total=1, connect=None, read=None, redirect=None, status=None)) after connection broken by 'SSLError(SSLCertVerificationError(1, '[SSL: CERTIFICATE_VERIFY_FAILED] certificate verify failed: unable to get local issuer certificate (_ssl.c:1077)'))': /search?q=7BD+Broadcast+Depot%2C+Colombia&format=json&limit=1
2026-07-17 09:27:57,863 [WARNING] Retrying (Retry(total=0, connect=None, read=None, redirect=None, status=None)) after connection broken by 'SSLError(SSLCertVerificationError(1, '[SSL: CERTIFICATE_VERIFY_FAILED] certificate verify failed: unable to get local issuer certificate (_ssl.c:1077)'))': /search?q=7BD+Broadcast+Depot%2C+Colombia&format=json&limit=1
2026-07-17 09:27:58,059 [WARNING] Retrying (Retry(total=1, connect=None, read=None, redirect=None, status=None)) after connection broken by 'SSLError(SSLCertVerificationError(1, '[SSL: CERTIFICATE_VERIFY_FAILED] certificate verify failed: unable to get local issuer certificate (_ssl.c:1077)'))': /search?q=7bd+broadcast+depot%2C+Colombia&format=json&limit=1
2026-07-17 09:27:58,165 [WARNING] Retrying (Retry(total=0, connect=None, read=None, redirect=None, status=None)) after connection broken by 'SSLError(SSLCertVerificationError(1, '[SSL: CERTIFICATE_VERIFY_FAILED] certificate verify failed: unable to get local issuer certificate (_ssl.c:1077)'))': /search?q=7bd+broadcast+depot%2C+Colombia&format=json&limit=1
2026-07-17 09:27:58,260 [INFO]   📍 Nominatim sin resultado, intentando Google Maps...
2026-07-17 09:28:01,775 [INFO]   ❌ No encontrada (será reintentada con lógica mejorada)
2026-07-17 09:28:02,330 [INFO] [3/2038] A&R SERVICE PRODUCT
2026-07-17 09:28:02,439 [WARNING] Retrying (Retry(total=1, connect=None, read=None, redirect=None, status=None)) after connection broken by 'SSLError(SSLCertVerificationError(1, '[SSL: CERTIFICATE_VERIFY_FAILED] certificate verify failed: unable to get local issuer certificate (_ssl.c:1077)'))': /search?q=A%26R+SERVICE+PRODUCT%2C+Colombia&format=json&limit=1
2026-07-17 09:28:02,545 [WARNING] Retrying (Retry(total=0, connect=None, read=None, redirect=None, status=None)) after connection broken by 'SSLError(SSLCertVerificationError(1, '[SSL: CERTIFICATE_VERIFY_FAILED] certificate verify failed: unable to get local issuer certificate (_ssl.c:1077)'))': /search?q=A%26R+SERVICE+PRODUCT%2C+Colombia&format=json&limit=1
2026-07-17 09:28:02,733 [WARNING] Retrying (Retry(total=1, connect=None, read=None, redirect=None, status=None)) after connection broken by 'SSLError(SSLCertVerificationError(1, '[SSL: CERTIFICATE_VERIFY_FAILED] certificate verify failed: unable to get local issuer certificate (_ssl.c:1077)'))': /search?q=a%26r+service+product%2C+Colombia&format=json&limit=1
2026-07-17 09:28:02,819 [WARNING] Retrying (Retry(total=0, connect=None, read=None, redirect=None, status=None)) after connection broken by 'SSLError(SSLCertVerificationError(1, '[SSL: CERTIFICATE_VERIFY_FAILED] certificate verify failed: unable to get local issuer certificate (_ssl.c:1077)'))': /search?q=a%26r+service+product%2C+Colombia&format=json&limit=1
2026-07-17 09:28:02,906 [INFO]   📍 Nominatim sin resultado, intentando Google Maps...
2026-07-17 09:28:06,308 [INFO]   ❌ No encontrada (será reintentada con lógica mejorada)
2026-07-17 09:28:07,029 [INFO] [4/2038] A.R. Los Restrepos S.A.
2026-07-17 09:28:07,279 [WARNING] Retrying (Retry(total=1, connect=None, read=None, redirect=None, status=None)) after connection broken by 'SSLError(SSLCertVerificationError(1, '[SSL: CERTIFICATE_VERIFY_FAILED] certificate verify failed: unable to get local issuer certificate (_ssl.c:1077)'))': /search?q=A.R.+Los+Restrepos+S.A.%2C+Colombia&format=json&limit=1
2026-07-17 09:28:07,524 [WARNING] Retrying (Retry(total=0, connect=None, read=None, redirect=None, status=None)) after connection broken by 'SSLError(SSLCertVerificationError(1, '[SSL: CERTIFICATE_VERIFY_FAILED] certificate verify failed: unable to get local issuer certificate (_ssl.c:1077)'))': /search?q=A.R.+Los+Restrepos+S.A.%2C+Colombia&format=json&limit=1
2026-07-17 09:28:07,922 [WARNING] Retrying (Retry(total=1, connect=None, read=None, redirect=None, status=None)) after connection broken by 'SSLError(SSLCertVerificationError(1, '[SSL: CERTIFICATE_VERIFY_FAILED] certificate verify failed: unable to get local issuer certificate (_ssl.c:1077)'))': /search?q=a.r.+los+restrepos+s.a.%2C+Colombia&format=json&limit=1
2026-07-17 09:28:08,048 [WARNING] Retrying (Retry(total=0, connect=None, read=None, redirect=None, status=None)) after connection broken by 'SSLError(SSLCertVerificationError(1, '[SSL: CERTIFICATE_VERIFY_FAILED] certificate verify failed: unable to get local issuer certificate (_ssl.c:1077)'))': /search?q=a.r.+los+restrepos+s.a.%2C+Colombia&format=json&limit=1
2026-07-17 09:28:08,142 [INFO]   📍 Nominatim sin resultado, intentando Google Maps...
2026-07-17 09:28:11,658 [INFO]   ❌ No encontrada (será reintentada con lógica mejorada)
2026-07-17 09:28:12,547 [INFO] [5/2038] A.S. CONSTRUCCIONES LIMITADA
2026-07-17 09:28:12,681 [WARNING] Retrying (Retry(total=1, connect=None, read=None, redirect=None, status=None)) after connection broken by 'SSLError(SSLCertVerificationError(1, '[SSL: CERTIFICATE_VERIFY_FAILED] certificate verify failed: unable to get local issuer certificate (_ssl.c:1077)'))': /search?q=A.S.+CONSTRUCCIONES+LIMITADA%2C+Colombia&format=json&limit=1
2026-07-17 09:28:12,790 [WARNING] Retrying (Retry(total=0, connect=None, read=None, redirect=None, status=None)) after connection broken by 'SSLError(SSLCertVerificationError(1, '[SSL: CERTIFICATE_VERIFY_FAILED] certificate verify failed: unable to get local issuer certificate (_ssl.c:1077)'))': /search?q=A.S.+CONSTRUCCIONES+LIMITADA%2C+Colombia&format=json&limit=1
2026-07-17 09:28:13,008 [WARNING] Retrying (Retry(total=1, connect=None, read=None, redirect=None, status=None)) after connection broken by 'SSLError(SSLCertVerificationError(1, '[SSL: CERTIFICATE_VERIFY_FAILED] certificate verify failed: unable to get local issuer certificate (_ssl.c:1077)'))': /search?q=a.s.+construcciones+limitada%2C+Colombia&format=json&limit=1
2026-07-17 09:28:13,110 [WARNING] Retrying (Retry(total=0, connect=None, read=None, redirect=None, status=None)) after connection broken by 'SSLError(SSLCertVerificationError(1, '[SSL: CERTIFICATE_VERIFY_FAILED] certificate verify failed: unable to get local issuer certificate (_ssl.c:1077)'))': /search?q=a.s.+construcciones+limitada%2C+Colombia&format=json&limit=1
2026-07-17 09:28:13,204 [INFO]   📍 Nominatim sin resultado, intentando Google Maps...
2026-07-17 09:28:16,704 [INFO]   ❌ No encontrada (será reintentada con lógica mejorada)
2026-07-17 09:28:17,656 [INFO] [6/2038] A.W. FABER-CASTELL & T.H. REFORESTATION S.A.S.
2026-07-17 09:28:17,767 [WARNING] Retrying (Retry(total=1, connect=None, read=None, redirect=None, status=None)) after connection broken by 'SSLError(SSLCertVerificationError(1, '[SSL: CERTIFICATE_VERIFY_FAILED] certificate verify failed: unable to get local issuer certificate (_ssl.c:1077)'))': /search?q=A.W.+FABER-CASTELL+%26+T.H.+REFORESTATION+S.A.S.%2C+Colombia&format=json&limit=1
2026-07-17 09:28:17,894 [WARNING] Retrying (Retry(total=0, connect=None, read=None, redirect=None, status=None)) after connection broken by 'SSLError(SSLCertVerificationError(1, '[SSL: CERTIFICATE_VERIFY_FAILED] certificate verify failed: unable to get local issuer certificate (_ssl.c:1077)'))': /search?q=A.W.+FABER-CASTELL+%26+T.H.+REFORESTATION+S.A.S.%2C+Colombia&format=json&limit=1
2026-07-17 09:28:18,098 [WARNING] Retrying (Retry(total=1, connect=None, read=None, redirect=None, status=None)) after connection broken by 'SSLError(SSLCertVerificationError(1, '[SSL: CERTIFICATE_VERIFY_FAILED] certificate verify failed: unable to get local issuer certificate (_ssl.c:1077)'))': /search?q=a.w.+faber-castell+%26+t.h.+reforestation+s.a.s.%2C+Colombia&format=json&limit=1
2026-07-17 09:28:18,200 [WARNING] Retrying (Retry(total=0, connect=None, read=None, redirect=None, status=None)) after connection broken by 'SSLError(SSLCertVerificationError(1, '[SSL: CERTIFICATE_VERIFY_FAILED] certificate verify failed: unable to get local issuer certificate (_ssl.c:1077)'))': /search?q=a.w.+faber-castell+%26+t.h.+reforestation+s.a.s.%2C+Colombia&format=json&limit=1
2026-07-17 09:28:18,297 [INFO]   📍 Nominatim sin resultado, intentando Google Maps...
2026-07-17 09:28:21,825 [INFO]   ❌ No encontrada (será reintentada con lógica mejorada)
2026-07-17 09:28:22,684 [INFO] [7/2038] AAA
2026-07-17 09:28:22,814 [WARNING] Retrying (Retry(total=1, connect=None, read=None, redirect=None, status=None)) after connection broken by 'SSLError(SSLCertVerificationError(1, '[SSL: CERTIFICATE_VERIFY_FAILED] certificate verify failed: unable to get local issuer certificate (_ssl.c:1077)'))': /search?q=AAA%2C+Colombia&format=json&limit=1
2026-07-17 09:28:22,909 [WARNING] Retrying (Retry(total=0, connect=None, read=None, redirect=None, status=None)) after connection broken by 'SSLError(SSLCertVerificationError(1, '[SSL: CERTIFICATE_VERIFY_FAILED] certificate verify failed: unable to get local issuer certificate (_ssl.c:1077)'))': /search?q=AAA%2C+Colombia&format=json&limit=1
2026-07-17 09:28:23,121 [WARNING] Retrying (Retry(total=1, connect=None, read=None, redirect=None, status=None)) after connection broken by 'SSLError(SSLCertVerificationError(1, '[SSL: CERTIFICATE_VERIFY_FAILED] certificate verify failed: unable to get local issuer certificate (_ssl.c:1077)'))': /search?q=aaa%2C+Colombia&format=json&limit=1
2026-07-17 09:28:23,214 [WARNING] Retrying (Retry(total=0, connect=None, read=None, redirect=None, status=None)) after connection broken by 'SSLError(SSLCertVerificationError(1, '[SSL: CERTIFICATE_VERIFY_FAILED] certificate verify failed: unable to get local issuer certificate (_ssl.c:1077)'))': /search?q=aaa%2C+Colombia&format=json&limit=1
2026-07-17 09:28:23,326 [INFO]   📍 Nominatim sin resultado, intentando Google Maps...
2026-07-17 09:28:23,408 [WARNING] Retrying (Retry(total=2, connect=None, read=None, redirect=None, status=None)) after connection broken by 'ConnectionResetError(54, 'Connection reset by peer')': /session/1edc3a3537a5535d185769414a4cf698
2026-07-17 09:28:23,410 [WARNING] Retrying (Retry(total=1, connect=None, read=None, redirect=None, status=None)) after connection broken by 'NewConnectionError("HTTPConnection(host='localhost', port=52992): Failed to establish a new connection: [Errno 61] Connection refused")': /session/1edc3a3537a5535d185769414a4cf698
2026-07-17 09:28:23,411 [WARNING] Retrying (Retry(total=0, connect=None, read=None, redirect=None, status=None)) after connection broken by 'NewConnectionError("HTTPConnection(host='localhost', port=52992): Failed to establish a new connection: [Errno 61] Connection refused")': /session/1edc3a3537a5535d185769414a4cf698
2026-07-17 09:31:31,712 [INFO] ====== WebDriver manager ======
2026-07-17 09:31:32,074 [INFO] Driver [/Users/danielaamaya/.wdm/drivers/chromedriver/mac-arm64/150.0.7871.124/chromedriver-mac-arm64/chromedriver] found in cache by browser version
2026-07-17 09:31:33,265 [INFO] 
🔹 Retail / Comercio
2026-07-17 09:31:33,266 [INFO]    Total SIN ciudad: 5
2026-07-17 09:31:33,266 [INFO] [1/5] 2CO EVENTS
2026-07-17 09:31:33,384 [WARNING] Retrying (Retry(total=1, connect=None, read=None, redirect=None, status=None)) after connection broken by 'SSLError(SSLCertVerificationError(1, '[SSL: CERTIFICATE_VERIFY_FAILED] certificate verify failed: unable to get local issuer certificate (_ssl.c:1077)'))': /search?q=2CO+EVENTS%2C+Colombia&format=json&limit=1
2026-07-17 09:31:33,463 [WARNING] Retrying (Retry(total=0, connect=None, read=None, redirect=None, status=None)) after connection broken by 'SSLError(SSLCertVerificationError(1, '[SSL: CERTIFICATE_VERIFY_FAILED] certificate verify failed: unable to get local issuer certificate (_ssl.c:1077)'))': /search?q=2CO+EVENTS%2C+Colombia&format=json&limit=1
2026-07-17 09:31:33,624 [WARNING] Retrying (Retry(total=1, connect=None, read=None, redirect=None, status=None)) after connection broken by 'SSLError(SSLCertVerificationError(1, '[SSL: CERTIFICATE_VERIFY_FAILED] certificate verify failed: unable to get local issuer certificate (_ssl.c:1077)'))': /search?q=2co+events%2C+Colombia&format=json&limit=1
2026-07-17 09:31:33,707 [WARNING] Retrying (Retry(total=0, connect=None, read=None, redirect=None, status=None)) after connection broken by 'SSLError(SSLCertVerificationError(1, '[SSL: CERTIFICATE_VERIFY_FAILED] certificate verify failed: unable to get local issuer certificate (_ssl.c:1077)'))': /search?q=2co+events%2C+Colombia&format=json&limit=1
2026-07-17 09:31:33,796 [INFO]   📍 Nominatim sin resultado, intentando Google Maps...
2026-07-17 09:31:39,360 [INFO]     Resultados extraídos: 10
2026-07-17 09:31:39,362 [INFO]     Resultados (muestras): ['Arrastra para cambiar.Arrastra para cambiar, haz clic para eliminar.', 'Arrastra para cambiar.Arrastra para cambiar, haz clic para eliminar.']
2026-07-17 09:31:39,362 [INFO]   ❌ No encontrada (será reintentada con lógica mejorada)
2026-07-17 09:31:40,157 [INFO] [2/5] 7BD Broadcast Depot
2026-07-17 09:31:40,252 [WARNING] Retrying (Retry(total=1, connect=None, read=None, redirect=None, status=None)) after connection broken by 'SSLError(SSLCertVerificationError(1, '[SSL: CERTIFICATE_VERIFY_FAILED] certificate verify failed: unable to get local issuer certificate (_ssl.c:1077)'))': /search?q=7BD+Broadcast+Depot%2C+Colombia&format=json&limit=1
2026-07-17 09:31:40,341 [WARNING] Retrying (Retry(total=0, connect=None, read=None, redirect=None, status=None)) after connection broken by 'SSLError(SSLCertVerificationError(1, '[SSL: CERTIFICATE_VERIFY_FAILED] certificate verify failed: unable to get local issuer certificate (_ssl.c:1077)'))': /search?q=7BD+Broadcast+Depot%2C+Colombia&format=json&limit=1
2026-07-17 09:31:40,545 [WARNING] Retrying (Retry(total=1, connect=None, read=None, redirect=None, status=None)) after connection broken by 'SSLError(SSLCertVerificationError(1, '[SSL: CERTIFICATE_VERIFY_FAILED] certificate verify failed: unable to get local issuer certificate (_ssl.c:1077)'))': /search?q=7bd+broadcast+depot%2C+Colombia&format=json&limit=1
2026-07-17 09:31:40,630 [WARNING] Retrying (Retry(total=0, connect=None, read=None, redirect=None, status=None)) after connection broken by 'SSLError(SSLCertVerificationError(1, '[SSL: CERTIFICATE_VERIFY_FAILED] certificate verify failed: unable to get local issuer certificate (_ssl.c:1077)'))': /search?q=7bd+broadcast+depot%2C+Colombia&format=json&limit=1
2026-07-17 09:31:40,736 [INFO]   📍 Nominatim sin resultado, intentando Google Maps...
2026-07-17 09:31:45,318 [INFO]     Resultados extraídos: 10
2026-07-17 09:31:45,318 [INFO]     Resultados (muestras): ['Arrastra para cambiar.Arrastra para cambiar, haz clic para eliminar.', 'Arrastra para cambiar.Arrastra para cambiar, haz clic para eliminar.']
2026-07-17 09:31:45,318 [INFO]   ❌ No encontrada (será reintentada con lógica mejorada)
2026-07-17 09:31:46,200 [INFO] [3/5] A&R SERVICE PRODUCT
2026-07-17 09:31:46,278 [WARNING] Retrying (Retry(total=1, connect=None, read=None, redirect=None, status=None)) after connection broken by 'SSLError(SSLCertVerificationError(1, '[SSL: CERTIFICATE_VERIFY_FAILED] certificate verify failed: unable to get local issuer certificate (_ssl.c:1077)'))': /search?q=A%26R+SERVICE+PRODUCT%2C+Colombia&format=json&limit=1
2026-07-17 09:31:46,350 [WARNING] Retrying (Retry(total=0, connect=None, read=None, redirect=None, status=None)) after connection broken by 'SSLError(SSLCertVerificationError(1, '[SSL: CERTIFICATE_VERIFY_FAILED] certificate verify failed: unable to get local issuer certificate (_ssl.c:1077)'))': /search?q=A%26R+SERVICE+PRODUCT%2C+Colombia&format=json&limit=1
2026-07-17 09:31:46,557 [WARNING] Retrying (Retry(total=1, connect=None, read=None, redirect=None, status=None)) after connection broken by 'SSLError(SSLCertVerificationError(1, '[SSL: CERTIFICATE_VERIFY_FAILED] certificate verify failed: unable to get local issuer certificate (_ssl.c:1077)'))': /search?q=a%26r+service+product%2C+Colombia&format=json&limit=1
2026-07-17 09:31:46,647 [WARNING] Retrying (Retry(total=0, connect=None, read=None, redirect=None, status=None)) after connection broken by 'SSLError(SSLCertVerificationError(1, '[SSL: CERTIFICATE_VERIFY_FAILED] certificate verify failed: unable to get local issuer certificate (_ssl.c:1077)'))': /search?q=a%26r+service+product%2C+Colombia&format=json&limit=1
2026-07-17 09:31:46,738 [INFO]   📍 Nominatim sin resultado, intentando Google Maps...
2026-07-17 09:31:51,708 [INFO]     Resultados extraídos: 10
2026-07-17 09:31:51,709 [INFO]     Resultados (muestras): ['Arrastra para cambiar.Arrastra para cambiar, haz clic para eliminar.', 'Arrastra para cambiar.Arrastra para cambiar, haz clic para eliminar.']
2026-07-17 09:31:51,709 [INFO]   ❌ No encontrada (será reintentada con lógica mejorada)
2026-07-17 09:31:52,343 [INFO] [4/5] A.R. Los Restrepos S.A.
2026-07-17 09:31:52,440 [WARNING] Retrying (Retry(total=1, connect=None, read=None, redirect=None, status=None)) after connection broken by 'SSLError(SSLCertVerificationError(1, '[SSL: CERTIFICATE_VERIFY_FAILED] certificate verify failed: unable to get local issuer certificate (_ssl.c:1077)'))': /search?q=A.R.+Los+Restrepos+S.A.%2C+Colombia&format=json&limit=1
2026-07-17 09:31:52,515 [WARNING] Retrying (Retry(total=0, connect=None, read=None, redirect=None, status=None)) after connection broken by 'SSLError(SSLCertVerificationError(1, '[SSL: CERTIFICATE_VERIFY_FAILED] certificate verify failed: unable to get local issuer certificate (_ssl.c:1077)'))': /search?q=A.R.+Los+Restrepos+S.A.%2C+Colombia&format=json&limit=1
2026-07-17 09:31:52,699 [WARNING] Retrying (Retry(total=1, connect=None, read=None, redirect=None, status=None)) after connection broken by 'SSLError(SSLCertVerificationError(1, '[SSL: CERTIFICATE_VERIFY_FAILED] certificate verify failed: unable to get local issuer certificate (_ssl.c:1077)'))': /search?q=a.r.+los+restrepos+s.a.%2C+Colombia&format=json&limit=1
2026-07-17 09:31:52,785 [WARNING] Retrying (Retry(total=0, connect=None, read=None, redirect=None, status=None)) after connection broken by 'SSLError(SSLCertVerificationError(1, '[SSL: CERTIFICATE_VERIFY_FAILED] certificate verify failed: unable to get local issuer certificate (_ssl.c:1077)'))': /search?q=a.r.+los+restrepos+s.a.%2C+Colombia&format=json&limit=1
2026-07-17 09:31:52,887 [INFO]   📍 Nominatim sin resultado, intentando Google Maps...
2026-07-17 09:31:57,459 [INFO]     Resultados extraídos: 10
2026-07-17 09:31:57,460 [INFO]     Resultados (muestras): ['Arrastra para cambiar.Arrastra para cambiar, haz clic para eliminar.', 'Arrastra para cambiar.Arrastra para cambiar, haz clic para eliminar.']
2026-07-17 09:31:57,460 [INFO]   ❌ No encontrada (será reintentada con lógica mejorada)
2026-07-17 09:31:58,332 [INFO] [5/5] A.S. CONSTRUCCIONES LIMITADA
2026-07-17 09:31:58,406 [WARNING] Retrying (Retry(total=1, connect=None, read=None, redirect=None, status=None)) after connection broken by 'SSLError(SSLCertVerificationError(1, '[SSL: CERTIFICATE_VERIFY_FAILED] certificate verify failed: unable to get local issuer certificate (_ssl.c:1077)'))': /search?q=A.S.+CONSTRUCCIONES+LIMITADA%2C+Colombia&format=json&limit=1
2026-07-17 09:31:58,484 [WARNING] Retrying (Retry(total=0, connect=None, read=None, redirect=None, status=None)) after connection broken by 'SSLError(SSLCertVerificationError(1, '[SSL: CERTIFICATE_VERIFY_FAILED] certificate verify failed: unable to get local issuer certificate (_ssl.c:1077)'))': /search?q=A.S.+CONSTRUCCIONES+LIMITADA%2C+Colombia&format=json&limit=1
2026-07-17 09:31:59,665 [WARNING] Retrying (Retry(total=1, connect=None, read=None, redirect=None, status=None)) after connection broken by 'SSLError(SSLCertVerificationError(1, '[SSL: CERTIFICATE_VERIFY_FAILED] certificate verify failed: unable to get local issuer certificate (_ssl.c:1077)'))': /search?q=a.s.+construcciones+limitada%2C+Colombia&format=json&limit=1
2026-07-17 09:31:59,761 [WARNING] Retrying (Retry(total=0, connect=None, read=None, redirect=None, status=None)) after connection broken by 'SSLError(SSLCertVerificationError(1, '[SSL: CERTIFICATE_VERIFY_FAILED] certificate verify failed: unable to get local issuer certificate (_ssl.c:1077)'))': /search?q=a.s.+construcciones+limitada%2C+Colombia&format=json&limit=1
2026-07-17 09:31:59,865 [INFO]   📍 Nominatim sin resultado, intentando Google Maps...
2026-07-17 09:32:04,408 [INFO]     Resultados extraídos: 10
2026-07-17 09:32:04,409 [INFO]     Resultados (muestras): ['Arrastra para cambiar.Arrastra para cambiar, haz clic para eliminar.', 'Arrastra para cambiar.Arrastra para cambiar, haz clic para eliminar.']
2026-07-17 09:32:04,409 [INFO]   ❌ No encontrada (será reintentada con lógica mejorada)
2026-07-17 09:32:04,976 [INFO] 
   🔄 Segunda pasada: Asignando país a ciudades sin país...
2026-07-17 09:32:04,980 [INFO]    Total CON ciudad, SIN país: 5
2026-07-17 09:32:04,980 [INFO] [1/5] Aimia | Plymouth → País desconocido
2026-07-17 09:32:05,325 [INFO] [2/5] Aimia | Plymouth → País desconocido
2026-07-17 09:32:05,543 [INFO] [3/5] Aimia | Plymouth → País desconocido
2026-07-17 09:32:06,019 [INFO] [4/5] Aimia | Plymouth → País desconocido
2026-07-17 09:32:06,430 [INFO] [5/5] Aimia | Plymouth → País desconocido
2026-07-17 09:32:06,738 [WARNING] Retrying (Retry(total=2, connect=None, read=None, redirect=None, status=None)) after connection broken by 'ConnectionResetError(54, 'Connection reset by peer')': /session/9294d988c38434454f8954ebd6b2db3d
2026-07-17 09:32:06,742 [WARNING] Retrying (Retry(total=1, connect=None, read=None, redirect=None, status=None)) after connection broken by 'NewConnectionError("HTTPConnection(host='localhost', port=53150): Failed to establish a new connection: [Errno 61] Connection refused")': /session/9294d988c38434454f8954ebd6b2db3d
2026-07-17 09:32:06,744 [WARNING] Retrying (Retry(total=0, connect=None, read=None, redirect=None, status=None)) after connection broken by 'NewConnectionError("HTTPConnection(host='localhost', port=53150): Failed to establish a new connection: [Errno 61] Connection refused")': /session/9294d988c38434454f8954ebd6b2db3d
2026-07-17 09:35:04,455 [INFO] ====== WebDriver manager ======
2026-07-17 09:35:04,812 [INFO] Driver [/Users/danielaamaya/.wdm/drivers/chromedriver/mac-arm64/150.0.7871.124/chromedriver-mac-arm64/chromedriver] found in cache by browser version
2026-07-17 09:35:06,092 [INFO] 
🔹 Retail / Comercio
2026-07-17 09:35:06,093 [INFO]    Total SIN ciudad: 5
2026-07-17 09:35:06,093 [INFO] [1/5] 2CO EVENTS
2026-07-17 09:35:10,009 [INFO]   📍 Nominatim sin resultado, intentando Google Maps...
2026-07-17 09:35:19,733 [INFO]   ❌ No encontrada (será reintentada con lógica mejorada)
2026-07-17 09:35:21,831 [INFO] [2/5] 7BD Broadcast Depot
2026-07-17 09:35:25,430 [INFO]   📍 Nominatim sin resultado, intentando Google Maps...
2026-07-17 09:35:34,005 [INFO]   ❌ No encontrada (será reintentada con lógica mejorada)
2026-07-17 09:35:36,925 [INFO] [3/5] A&R SERVICE PRODUCT
2026-07-17 09:35:40,082 [INFO]   📍 Nominatim sin resultado, intentando Google Maps...
2026-07-17 09:35:48,996 [INFO]   ❌ No encontrada (será reintentada con lógica mejorada)
2026-07-17 09:35:52,460 [INFO] [4/5] A.R. Los Restrepos S.A.
2026-07-17 09:35:56,310 [INFO]   📍 Nominatim sin resultado, intentando Google Maps...
2026-07-17 09:36:04,778 [INFO]   ❌ No encontrada (será reintentada con lógica mejorada)
2026-07-17 09:36:08,249 [INFO] [5/5] A.S. CONSTRUCCIONES LIMITADA
2026-07-17 09:36:11,390 [INFO]   📍 Nominatim sin resultado, intentando Google Maps...
2026-07-17 09:36:20,138 [INFO]   ❌ No encontrada (será reintentada con lógica mejorada)
2026-07-17 09:36:23,793 [INFO] 
   🔄 Segunda pasada: Asignando país a ciudades sin país...
2026-07-17 09:36:23,796 [INFO]    Total CON ciudad, SIN país: 5
2026-07-17 09:36:23,796 [INFO] [1/5] Aimia | Plymouth → País desconocido
2026-07-17 09:36:24,018 [INFO] [2/5] Aimia | Plymouth → País desconocido
2026-07-17 09:36:24,430 [INFO] [3/5] Aimia | Plymouth → País desconocido
2026-07-17 09:36:24,875 [INFO] [4/5] Aimia | Plymouth → País desconocido
2026-07-17 09:36:25,355 [INFO] [5/5] Aimia | Plymouth → País desconocido
2026-07-17 09:36:26,066 [INFO] 
✅ Completado. Checkpoint guardado.
2026-07-17 09:39:05,866 [INFO] ====== WebDriver manager ======
2026-07-17 09:39:06,233 [INFO] Driver [/Users/danielaamaya/.wdm/drivers/chromedriver/mac-arm64/150.0.7871.124/chromedriver-mac-arm64/chromedriver] found in cache by browser version
2026-07-17 09:39:07,309 [INFO] 
🔹 Retail / Comercio
2026-07-17 09:39:07,310 [INFO]    Total SIN ciudad: 5
2026-07-17 09:39:07,310 [INFO] [1/5] 2CO EVENTS
2026-07-17 09:39:10,459 [INFO]   📍 Nominatim sin resultado, intentando Google Maps...
2026-07-17 09:39:30,381 [INFO]   ❌ No encontrada (será reintentada con lógica mejorada)
2026-07-17 09:39:32,925 [INFO] [2/5] 7BD Broadcast Depot
2026-07-17 09:39:36,504 [INFO]   📍 Nominatim sin resultado, intentando Google Maps...
2026-07-17 09:39:55,385 [INFO]   ❌ No encontrada (será reintentada con lógica mejorada)
2026-07-17 09:39:58,414 [INFO] [3/5] A&R SERVICE PRODUCT
2026-07-17 09:40:02,519 [INFO]   📍 Nominatim sin resultado, intentando Google Maps...
2026-07-17 09:40:21,748 [INFO]   ❌ No encontrada (será reintentada con lógica mejorada)
2026-07-17 09:40:24,271 [INFO] [4/5] A.R. Los Restrepos S.A.
2026-07-17 09:40:27,508 [INFO]   📍 Nominatim sin resultado, intentando Google Maps...
2026-07-17 09:40:46,452 [INFO]   ❌ No encontrada (será reintentada con lógica mejorada)
2026-07-17 09:40:48,786 [INFO] [5/5] A.S. CONSTRUCCIONES LIMITADA
2026-07-17 09:40:51,887 [INFO]   📍 Nominatim sin resultado, intentando Google Maps...
2026-07-17 09:40:58,389 [INFO]   ❌ No encontrada (será reintentada con lógica mejorada)
2026-07-17 09:41:00,891 [INFO] 
   🔄 Segunda pasada: Asignando país a ciudades sin país...
2026-07-17 09:41:00,896 [INFO]    Total CON ciudad, SIN país: 5
2026-07-17 09:41:00,896 [INFO] 
🔹 Salud y Bienestar
2026-07-17 09:41:00,896 [INFO]    Total SIN ciudad: 5
2026-07-17 09:41:00,896 [INFO] [1/5]  Abbott
2026-07-17 09:41:04,359 [INFO]   📍 Nominatim sin resultado, intentando Google Maps...
2026-07-17 09:41:10,917 [INFO]   ❌ No encontrada (será reintentada con lógica mejorada)
2026-07-17 09:41:14,511 [INFO] [2/5] ABBOTT
2026-07-17 09:41:17,368 [INFO]   📍 Nominatim sin resultado, intentando Google Maps...
2026-07-17 09:41:23,371 [INFO]   ❌ No encontrada (será reintentada con lógica mejorada)
2026-07-17 09:41:27,032 [INFO] [3/5] ABBOTT LABORATORIES DE COLOMBIA S.A.
2026-07-17 09:41:29,916 [INFO]   📍 Nominatim sin resultado, intentando Google Maps...
2026-07-17 09:41:36,371 [INFO]   ❌ No encontrada (será reintentada con lógica mejorada)
2026-07-17 09:41:38,431 [INFO] [4/5] ABBOTT LABORATORIES DE COLOMBIA S.A.
2026-07-17 09:41:42,058 [INFO]   📍 Nominatim sin resultado, intentando Google Maps...
2026-07-17 09:41:48,567 [INFO]   ❌ No encontrada (será reintentada con lógica mejorada)
2026-07-17 09:41:51,084 [INFO] [5/5] ABBOTT LABORATORIES DE COLOMBIA S.A.
2026-07-17 09:41:54,065 [INFO]   📍 Nominatim sin resultado, intentando Google Maps...
2026-07-17 09:42:00,523 [INFO]   ❌ No encontrada (será reintentada con lógica mejorada)
2026-07-17 09:42:03,976 [INFO] 
   🔄 Segunda pasada: Asignando país a ciudades sin país...
2026-07-17 09:42:03,981 [INFO]    Total CON ciudad, SIN país: 5
2026-07-17 09:42:03,981 [INFO] [1/5] Aerospace Industries Association | Arlington → País desconocido
2026-07-17 09:42:04,223 [INFO] [2/5] Ami asistencia medica inmediata  | Cartagena → Colombia ✓
2026-07-17 09:42:04,479 [INFO] [3/5] Boehringer Ingelheim Pharmaceuticals | Ridgefield → País desconocido
2026-07-17 09:42:04,926 [INFO] [4/5] Boehringer Ingelheim Pharmaceuticals Inc | Ridgefield → País desconocido
2026-07-17 09:42:05,218 [INFO] [5/5] DG INTERNATIONAL | Mesa → País desconocido
2026-07-17 09:42:05,440 [INFO] 
🔹 Industrial / Manufactura
2026-07-17 09:42:05,442 [INFO]    Total SIN ciudad: 5
2026-07-17 09:42:05,442 [INFO] [1/5]  CARIBBEAN SUPPORT
2026-07-17 09:42:09,508 [INFO]   📍 Nominatim sin resultado, intentando Google Maps...
2026-07-17 09:42:15,575 [INFO]   ❌ No encontrada (será reintentada con lógica mejorada)
2026-07-17 09:42:18,506 [INFO] [2/5]  FUNDICIONES D ELIMA S.A
2026-07-17 09:42:22,015 [INFO]   📍 Nominatim sin resultado, intentando Google Maps...
2026-07-17 09:42:34,753 [INFO] ====== WebDriver manager ======
2026-07-17 09:42:35,153 [INFO] Driver [/Users/danielaamaya/.wdm/drivers/chromedriver/mac-arm64/150.0.7871.124/chromedriver-mac-arm64/chromedriver] found in cache by browser version
2026-07-17 09:42:36,390 [INFO] 
🔹 Retail / Comercio
2026-07-17 09:42:36,391 [INFO]    Total SIN ciudad: 3
2026-07-17 09:42:36,391 [INFO] [1/3] 2CO EVENTS
2026-07-17 09:42:40,643 [INFO]   ❌ No encontrada (será reintentada con lógica mejorada)
2026-07-17 09:42:42,705 [INFO]   📍 Nominatim sin resultado, intentando Google Maps...
2026-07-17 09:42:43,514 [INFO] [3/5] 37 Grad Büro für Live-Kommunikation GmbH
2026-07-17 09:42:47,414 [INFO]   📍 Nominatim sin resultado, intentando Google Maps...
2026-07-17 09:43:00,727 [INFO]   ❌ No encontrada (será reintentada con lógica mejorada)
2026-07-17 09:43:04,179 [INFO] [2/3] 7BD Broadcast Depot
2026-07-17 09:43:06,651 [INFO]   ❌ No encontrada (será reintentada con lógica mejorada)
2026-07-17 09:43:08,116 [INFO]   📍 Nominatim sin resultado, intentando Google Maps...
2026-07-17 09:43:09,622 [INFO] [4/5] 911 Produccion de Eventos
2026-07-17 09:43:13,559 [INFO]   📍 Nominatim sin resultado, intentando Google Maps...
2026-07-17 09:43:20,714 [INFO]   ❌ No encontrada (será reintentada con lógica mejorada)
2026-07-17 09:43:24,191 [INFO] [5/5] A & B EQUIPOS UNIDOS S.A.
2026-07-17 09:43:27,102 [INFO]   ❌ No encontrada (será reintentada con lógica mejorada)
2026-07-17 09:43:28,754 [INFO]   📍 Nominatim sin resultado, intentando Google Maps...
2026-07-17 09:43:30,726 [INFO] [3/3] A&R SERVICE PRODUCT
2026-07-17 09:43:47,982 [INFO]   ❌ No encontrada (será reintentada con lógica mejorada)
2026-07-17 09:43:50,641 [INFO] 
   🔄 Segunda pasada: Asignando país a ciudades sin país...
2026-07-17 09:43:50,646 [INFO]    Total CON ciudad, SIN país: 5
2026-07-17 09:43:50,646 [INFO] [1/5] Allured Business Media | Carol Stream → País desconocido
2026-07-17 09:43:50,874 [INFO] [2/5] Asoguitur.cienaga@gmail.com | Ciénaga → País desconocido
2026-07-17 09:43:51,209 [INFO] [3/5] Avianca | Córdoba → País desconocido
2026-07-17 09:43:51,470 [INFO] [4/5] Book media producciones  | Barranquilla → Colombia ✓
2026-07-17 09:43:51,962 [INFO] [5/5] Business Traveler | Alexandria → País desconocido
2026-07-17 09:43:52,285 [WARNING] Retrying (Retry(total=9, connect=2, read=None, redirect=None, status=None)) after connection broken by 'ReadTimeoutError("HTTPSConnectionPool(host='nominatim.openstreetmap.org', port=443): Read timed out. (read timeout=10)")': /search?q=a%26r+service+product%2C+Colombia&format=json&limit=1
2026-07-17 09:43:52,434 [INFO] 
🔹 Hotelería
2026-07-17 09:43:52,435 [INFO]    Total SIN ciudad: 5
2026-07-17 09:43:52,435 [INFO] [1/5] 360 Travel
2026-07-17 09:43:55,743 [INFO]   📍 Nominatim sin resultado, intentando Google Maps...
2026-07-17 09:43:58,009 [INFO]   📍 Nominatim sin resultado, intentando Google Maps...
2026-07-17 09:44:14,674 [INFO]   ❌ No encontrada (será reintentada con lógica mejorada)
2026-07-17 09:44:16,744 [INFO]   ❌ No encontrada (será reintentada con lógica mejorada)
2026-07-17 09:44:17,759 [INFO] 
   🔄 Segunda pasada: Asignando país a ciudades sin país...
2026-07-17 09:44:17,762 [INFO]    Total CON ciudad, SIN país: 3
2026-07-17 09:44:17,763 [INFO] 
🔹 Salud y Bienestar
2026-07-17 09:44:17,763 [INFO]    Total SIN ciudad: 3
2026-07-17 09:44:17,764 [INFO] [1/3]  Abbott
2026-07-17 09:44:19,818 [INFO] [2/5] 360 Travel
2026-07-17 09:44:20,728 [INFO]   📍 Nominatim sin resultado, intentando Google Maps...
2026-07-17 09:44:22,808 [INFO]   📍 Nominatim sin resultado, intentando Google Maps...
2026-07-17 09:44:27,337 [INFO]   ❌ No encontrada (será reintentada con lógica mejorada)
2026-07-17 09:44:29,765 [INFO] [2/3] ABBOTT
2026-07-17 09:44:32,730 [INFO]   📍 Nominatim sin resultado, intentando Google Maps...
2026-07-17 09:44:39,303 [INFO]   ❌ No encontrada (será reintentada con lógica mejorada)
2026-07-17 09:44:41,622 [INFO]   ❌ No encontrada (será reintentada con lógica mejorada)
2026-07-17 09:44:42,442 [INFO] [3/3] ABBOTT LABORATORIES DE COLOMBIA S.A.
2026-07-17 09:44:44,551 [INFO] [3/5] 360°(RELIANZ)
2026-07-17 09:44:45,729 [INFO]   📍 Nominatim sin resultado, intentando Google Maps...
2026-07-17 09:44:47,076 [INFO]   📍 Nominatim sin resultado, intentando Google Maps...
2026-07-17 09:44:52,509 [INFO]   ❌ No encontrada (será reintentada con lógica mejorada)
2026-07-17 09:44:54,881 [INFO] 
   🔄 Segunda pasada: Asignando país a ciudades sin país...
2026-07-17 09:44:54,884 [INFO]    Total CON ciudad, SIN país: 3
2026-07-17 09:44:54,884 [INFO] [1/3] Aerospace Industries Association | Arlington → País desconocido
2026-07-17 09:44:55,294 [INFO] [2/3] Boehringer Ingelheim Pharmaceuticals | Ridgefield → País desconocido
2026-07-17 09:44:55,535 [INFO] [3/3] Boehringer Ingelheim Pharmaceuticals Inc | Ridgefield → País desconocido
2026-07-17 09:44:55,929 [INFO] 
🔹 Industrial / Manufactura
2026-07-17 09:44:55,930 [INFO]    Total SIN ciudad: 3
2026-07-17 09:44:55,930 [INFO] [1/3]  CARIBBEAN SUPPORT
2026-07-17 09:51:41,887 [ERROR] Error creating Playwright page: BrowserType.launch: Executable doesn't exist at /Users/danielaamaya/Library/Caches/ms-playwright/chromium_headless_shell-1228/chrome-headless-shell-mac-arm64/chrome-headless-shell
╔════════════════════════════════════════════════════════════╗
║ Looks like Playwright was just installed or updated.       ║
║ Please run the following command to download new browsers: ║
║                                                            ║
║     playwright install                                     ║
║                                                            ║
║ <3 Playwright Team                                         ║
╚════════════════════════════════════════════════════════════╝
2026-07-17 09:51:41,887 [INFO] 
🔹 Retail / Comercio
2026-07-17 09:51:41,890 [INFO]    Total SIN ciudad: 2
2026-07-17 09:51:41,890 [INFO] [1/2] 2CO EVENTS
2026-07-17 09:51:47,599 [INFO]   📍 Nominatim sin resultado, intentando Google Maps...
2026-07-17 09:51:50,604 [INFO]   ❌ No encontrada (será reintentada con lógica mejorada)
2026-07-17 09:51:53,622 [INFO] [2/2] 7BD Broadcast Depot
2026-07-17 09:52:04,014 [INFO]   📍 Nominatim sin resultado, intentando Google Maps...
2026-07-17 09:52:07,019 [INFO]   ❌ No encontrada (será reintentada con lógica mejorada)
2026-07-17 09:52:09,324 [INFO] 
   🔄 Segunda pasada: Asignando país a ciudades sin país...
2026-07-17 09:52:09,327 [INFO]    Total CON ciudad, SIN país: 2
2026-07-17 09:52:09,328 [INFO] 
🔹 Salud y Bienestar
2026-07-17 09:52:09,329 [INFO]    Total SIN ciudad: 2
2026-07-17 09:52:09,329 [INFO] [1/2]  Abbott
2026-07-17 09:52:13,048 [INFO]   📍 Nominatim sin resultado, intentando Google Maps...
2026-07-17 09:52:16,053 [INFO]   ❌ No encontrada (será reintentada con lógica mejorada)
2026-07-17 09:52:18,760 [INFO] [2/2] ABBOTT
2026-07-17 09:52:22,649 [INFO]   📍 Nominatim sin resultado, intentando Google Maps...
2026-07-17 09:52:25,651 [INFO]   ❌ No encontrada (será reintentada con lógica mejorada)
2026-07-17 09:52:29,543 [INFO] 
   🔄 Segunda pasada: Asignando país a ciudades sin país...
2026-07-17 09:52:29,547 [INFO]    Total CON ciudad, SIN país: 2
2026-07-17 09:52:29,547 [INFO] [1/2] Aerospace Industries Association | Arlington → País desconocido
2026-07-17 09:52:29,996 [INFO] [2/2] Boehringer Ingelheim Pharmaceuticals | Ridgefield → País desconocido
2026-07-17 09:52:30,465 [INFO] 
🔹 Industrial / Manufactura
2026-07-17 09:52:30,466 [INFO]    Total SIN ciudad: 2
2026-07-17 09:52:30,466 [INFO] [1/2]  CARIBBEAN SUPPORT
2026-07-17 09:52:39,720 [INFO]   📍 Nominatim sin resultado, intentando Google Maps...
2026-07-17 09:52:42,726 [INFO]   ❌ No encontrada (será reintentada con lógica mejorada)
2026-07-17 09:52:46,210 [INFO] [2/2]  FUNDICIONES D ELIMA S.A
2026-07-17 09:53:00,199 [INFO]   📍 Nominatim sin resultado, intentando Google Maps...
2026-07-17 09:53:03,203 [INFO]   ❌ No encontrada (será reintentada con lógica mejorada)
2026-07-17 09:53:06,812 [INFO] 
   🔄 Segunda pasada: Asignando país a ciudades sin país...
2026-07-17 09:53:06,814 [INFO]    Total CON ciudad, SIN país: 2
2026-07-17 09:53:06,814 [INFO] [1/2] Allured Business Media | Carol Stream → País desconocido
2026-07-17 09:53:07,028 [INFO] [2/2] Asoguitur.cienaga@gmail.com | Ciénaga → País desconocido
2026-07-17 09:53:07,448 [INFO] 
🔹 Hotelería
2026-07-17 09:53:07,450 [INFO]    Total SIN ciudad: 2
2026-07-17 09:53:07,450 [INFO] [1/2] 360 Travel
2026-07-17 09:53:16,656 [INFO]   📍 Nominatim sin resultado, intentando Google Maps...
2026-07-17 09:53:19,661 [INFO]   ❌ No encontrada (será reintentada con lógica mejorada)
2026-07-17 09:53:22,678 [INFO] [2/2] 360 Travel
2026-07-17 09:53:30,779 [INFO]   📍 Nominatim sin resultado, intentando Google Maps...
2026-07-17 09:53:33,784 [INFO]   ❌ No encontrada (será reintentada con lógica mejorada)
2026-07-17 09:53:37,161 [INFO] 
   🔄 Segunda pasada: Asignando país a ciudades sin país...
2026-07-17 09:53:37,162 [INFO]    Total CON ciudad, SIN país: 2
2026-07-17 09:53:37,162 [INFO] [1/2]  hotel best western plus santa marta  | Santa Marta → Colombia ✓
2026-07-17 09:53:37,620 [INFO] [2/2]  las amÉricas hotels group  | Cartagena → Colombia ✓
2026-07-17 09:53:37,943 [INFO] 
🔹 Restaurantes y Bares
2026-07-17 09:53:37,944 [INFO]    Total SIN ciudad: 2
2026-07-17 09:53:37,944 [INFO] [1/2]  Tg Ryc Euroamerican Travel Ltd  
2026-07-17 09:53:47,711 [INFO]   📍 Nominatim sin resultado, intentando Google Maps...
2026-07-17 09:53:50,716 [INFO]   ❌ No encontrada (será reintentada con lógica mejorada)
2026-07-17 09:53:54,632 [INFO] [2/2] 8th wave 
2026-07-17 09:54:01,570 [INFO]   📍 Nominatim sin resultado, intentando Google Maps...
2026-07-17 09:54:04,571 [INFO]   ❌ No encontrada (será reintentada con lógica mejorada)
2026-07-17 09:54:07,852 [INFO] 
   🔄 Segunda pasada: Asignando país a ciudades sin país...
2026-07-17 09:54:07,854 [INFO]    Total CON ciudad, SIN país: 2
2026-07-17 09:54:07,855 [INFO] [1/2] Afronautica | Cartagena → Colombia ✓
2026-07-17 09:54:08,263 [INFO] [2/2] American Academy of Anti Aging Medicine | Boca Raton → País desconocido
2026-07-17 09:54:08,492 [INFO] 
✅ Completado. Checkpoint guardado.
2026-07-17 09:54:39,298 [INFO] 
🔹 Retail / Comercio
2026-07-17 09:54:39,299 [INFO]    Total SIN ciudad: 2
2026-07-17 09:54:39,299 [INFO] [1/2] 2CO EVENTS
2026-07-17 09:54:45,709 [INFO]   📍 Nominatim sin resultado, intentando Google Maps...
2026-07-17 09:55:03,726 [INFO]   ❌ No encontrada (será reintentada con lógica mejorada)
2026-07-17 09:55:06,063 [INFO] [2/2] 7BD Broadcast Depot
2026-07-17 09:55:16,218 [INFO]   📍 Nominatim sin resultado, intentando Google Maps...
2026-07-17 09:55:34,227 [INFO]   ❌ No encontrada (será reintentada con lógica mejorada)
2026-07-17 09:55:37,268 [INFO] 
   🔄 Segunda pasada: Asignando país a ciudades sin país...
2026-07-17 09:55:37,272 [INFO]    Total CON ciudad, SIN país: 2
2026-07-17 09:55:37,273 [INFO] 
🔹 Salud y Bienestar
2026-07-17 09:55:37,273 [INFO]    Total SIN ciudad: 2
2026-07-17 09:55:37,273 [INFO] [1/2]  Abbott
2026-07-17 09:55:40,181 [INFO]   📍 Nominatim sin resultado, intentando Google Maps...
2026-07-17 09:55:58,191 [INFO]   ❌ No encontrada (será reintentada con lógica mejorada)
2026-07-17 09:56:00,781 [INFO] [2/2] ABBOTT
2026-07-17 09:56:04,349 [INFO]   📍 Nominatim sin resultado, intentando Google Maps...
2026-07-17 09:56:22,357 [INFO]   ❌ No encontrada (será reintentada con lógica mejorada)
2026-07-17 09:56:24,580 [INFO] 
   🔄 Segunda pasada: Asignando país a ciudades sin país...
2026-07-17 09:56:24,583 [INFO]    Total CON ciudad, SIN país: 2
2026-07-17 09:56:24,584 [INFO] 
🔹 Industrial / Manufactura
2026-07-17 09:56:24,584 [INFO]    Total SIN ciudad: 2
2026-07-17 09:56:24,584 [INFO] [1/2]  CARIBBEAN SUPPORT
2026-07-17 09:56:32,100 [INFO]   📍 Nominatim sin resultado, intentando Google Maps...
2026-07-17 09:56:50,109 [INFO]   ❌ No encontrada (será reintentada con lógica mejorada)
2026-07-17 09:56:53,300 [INFO] [2/2]  FUNDICIONES D ELIMA S.A
2026-07-17 09:57:05,583 [INFO]   📍 Nominatim sin resultado, intentando Google Maps...
2026-07-17 09:57:23,592 [INFO]   ❌ No encontrada (será reintentada con lógica mejorada)
2026-07-17 09:57:25,930 [INFO] 
   🔄 Segunda pasada: Asignando país a ciudades sin país...
2026-07-17 09:57:25,933 [INFO]    Total CON ciudad, SIN país: 2
2026-07-17 09:57:25,934 [INFO] 
🔹 Hotelería
2026-07-17 09:57:25,934 [INFO]    Total SIN ciudad: 2
2026-07-17 09:57:25,934 [INFO] [1/2] 360 Travel
2026-07-17 09:57:37,223 [INFO]   📍 Nominatim sin resultado, intentando Google Maps...
2026-07-17 09:57:55,231 [INFO]   ❌ No encontrada (será reintentada con lógica mejorada)
2026-07-17 09:57:58,208 [INFO] [2/2] 360 Travel
2026-07-17 09:58:06,226 [INFO]   📍 Nominatim sin resultado, intentando Google Maps...
2026-07-17 09:58:24,230 [INFO]   ❌ No encontrada (será reintentada con lógica mejorada)
2026-07-17 09:58:28,078 [INFO] 
   🔄 Segunda pasada: Asignando país a ciudades sin país...
2026-07-17 09:58:28,081 [INFO]    Total CON ciudad, SIN país: 2
2026-07-17 09:58:28,081 [INFO] [1/2]  santa marta marriott resort playa dormida | Santa Marta → Colombia ✓
2026-07-17 09:58:28,381 [INFO] [2/2] Allure chocolat hotel | Cartagena → Colombia ✓
2026-07-17 09:58:28,641 [INFO] 
🔹 Restaurantes y Bares
2026-07-17 09:58:28,642 [INFO]    Total SIN ciudad: 2
2026-07-17 09:58:28,642 [INFO] [1/2]  Tg Ryc Euroamerican Travel Ltd  
2026-07-17 09:58:38,933 [INFO]   📍 Nominatim sin resultado, intentando Google Maps...
2026-07-17 09:58:56,939 [INFO]   ❌ No encontrada (será reintentada con lógica mejorada)
2026-07-17 09:59:00,034 [INFO] [2/2] 8th wave 
2026-07-17 09:59:06,636 [INFO]   📍 Nominatim sin resultado, intentando Google Maps...
2026-07-17 09:59:24,649 [INFO]   ❌ No encontrada (será reintentada con lógica mejorada)
2026-07-17 09:59:28,437 [INFO] 
   🔄 Segunda pasada: Asignando país a ciudades sin país...
2026-07-17 09:59:28,439 [INFO]    Total CON ciudad, SIN país: 2
2026-07-17 09:59:28,440 [INFO] [2/2] American Benefite Life | Dallas → País desconocido
2026-07-17 09:59:28,725 [INFO] 
✅ Completado. Checkpoint guardado.
2026-07-17 10:07:28,745 [INFO] 
🔹 Retail / Comercio
2026-07-17 10:07:28,745 [INFO] 
🔹 Retail / Comercio
2026-07-17 10:07:28,745 [INFO] 
🔹 Retail / Comercio
2026-07-17 10:07:28,745 [INFO] 
🔹 Retail / Comercio
2026-07-17 10:07:28,745 [INFO] 
🔹 Retail / Comercio
2026-07-17 10:07:28,756 [INFO]    Total SIN ciudad: 400
2026-07-17 10:07:28,756 [INFO] [1/400] 2CO EVENTS
2026-07-17 10:07:28,758 [INFO]    Total SIN ciudad: 400
2026-07-17 10:07:28,758 [INFO] [1/400] CEPEDA TARUD Y CIA. S. EN C.
2026-07-17 10:07:28,760 [INFO]    Total SIN ciudad: 400
2026-07-17 10:07:28,760 [INFO] [1/400] FABRICA DE BOLSAS DE PAPEL UNIBOL S.A.
2026-07-17 10:07:28,762 [INFO]    Total SIN ciudad: 400
2026-07-17 10:07:28,762 [INFO] [1/400] MILLENIUM MEDICAL LTDA                  
2026-07-17 10:07:28,765 [INFO]    Total SIN ciudad: 400
2026-07-17 10:07:28,765 [INFO] [1/400] TODO ORTOPEDICO
2026-07-17 10:07:35,765 [INFO]   📍 Nominatim sin resultado, intentando Google Maps...
2026-07-17 10:07:37,629 [INFO]   📍 Nominatim sin resultado, intentando Google Maps...
2026-07-17 10:07:37,685 [INFO]   📍 Nominatim sin resultado, intentando Google Maps...
2026-07-17 10:07:38,939 [INFO]   📍 Nominatim sin resultado, intentando Google Maps...
2026-07-17 10:07:41,683 [INFO]   📍 Nominatim sin resultado, intentando Google Maps...
2026-07-17 10:07:53,777 [INFO]   ❌ No encontrada (será reintentada con lógica mejorada)
2026-07-17 10:07:55,643 [INFO]   ❌ No encontrada (será reintentada con lógica mejorada)
2026-07-17 10:07:55,697 [INFO]   ❌ No encontrada (será reintentada con lógica mejorada)
2026-07-17 10:07:56,129 [INFO] [2/400] 7BD Broadcast Depot
2026-07-17 10:07:56,946 [INFO]   ❌ No encontrada (será reintentada con lógica mejorada)
2026-07-17 10:07:58,766 [INFO] [2/400] CERCAR DE LA COSTA LTDA.
2026-07-17 10:07:59,039 [INFO] [2/400] TODO ORTOPEDICO
2026-07-17 10:07:59,285 [INFO] [2/400] MILLENIUM MEDICAL LTDA                  
2026-07-17 10:07:59,691 [INFO]   ❌ No encontrada (será reintentada con lógica mejorada)
2026-07-17 10:08:02,247 [INFO] [2/400] FAJATE
2026-07-17 10:08:05,953 [INFO]   📍 Nominatim sin resultado, intentando Google Maps...
2026-07-17 10:08:07,509 [INFO]   📍 Nominatim sin resultado, intentando Google Maps...
2026-07-17 10:08:07,724 [INFO]   📍 Nominatim sin resultado, intentando Google Maps...
2026-07-17 10:08:07,864 [INFO]   📍 Nominatim sin resultado, intentando Google Maps...
2026-07-17 10:08:09,165 [INFO]   📍 Nominatim sin resultado, intentando Google Maps...
2026-07-17 10:08:23,960 [INFO]   ❌ No encontrada (será reintentada con lógica mejorada)
2026-07-17 10:08:25,519 [INFO]   ❌ No encontrada (será reintentada con lógica mejorada)
2026-07-17 10:08:25,732 [INFO]   ❌ No encontrada (será reintentada con lógica mejorada)
2026-07-17 10:08:25,874 [INFO]   ❌ No encontrada (será reintentada con lógica mejorada)
2026-07-17 10:08:26,811 [INFO] [3/400] A&R SERVICE PRODUCT
2026-07-17 10:08:27,170 [INFO]   ❌ No encontrada (será reintentada con lógica mejorada)
2026-07-17 10:08:27,922 [INFO] [3/400] CHALACA´S 
2026-07-17 10:08:28,087 [INFO] [3/400] TORNAPAR LTDA
2026-07-17 10:08:29,504 [INFO] [3/400] FAJOBE S.AS
2026-07-17 10:08:30,417 [INFO] [3/400] MINI BROWNIES
2026-07-17 10:08:30,654 [INFO]   📍 Nominatim sin resultado, intentando Google Maps...
2026-07-17 10:08:33,927 [INFO]   📍 Nominatim sin resultado, intentando Google Maps...
2026-07-17 10:08:34,693 [INFO]   📍 Nominatim sin resultado, intentando Google Maps...
2026-07-17 10:08:38,028 [INFO]   📍 Nominatim sin resultado, intentando Google Maps...
2026-07-17 10:08:38,405 [INFO]   📍 Nominatim sin resultado, intentando Google Maps...
2026-07-17 10:08:48,670 [INFO]   ❌ No encontrada (será reintentada con lógica mejorada)
2026-07-17 10:08:51,940 [INFO]   ❌ No encontrada (será reintentada con lógica mejorada)
2026-07-17 10:08:52,417 [INFO] [4/400] CHANEME COMERCIAL
2026-07-17 10:08:52,705 [INFO]   ❌ No encontrada (será reintentada con lógica mejorada)
2026-07-17 10:08:55,032 [INFO] [4/400] A.R. Los Restrepos S.A.
2026-07-17 10:08:55,750 [INFO] [4/400] TORRES CORREA & COMPANIA S. EN C.
2026-07-17 10:08:56,084 [INFO]   ❌ No encontrada (será reintentada con lógica mejorada)
2026-07-17 10:08:56,410 [INFO]   ❌ No encontrada (será reintentada con lógica mejorada)
2026-07-17 10:08:58,907 [INFO] [4/400] MIRRA SPORTEVENTS
2026-07-17 10:08:59,126 [INFO]   📍 Nominatim sin resultado, intentando Google Maps...
2026-07-17 10:08:59,773 [INFO] [4/400] FARMA CAPSULA 
2026-07-17 10:09:04,882 [INFO]   📍 Nominatim sin resultado, intentando Google Maps...
2026-07-17 10:09:06,291 [INFO]   📍 Nominatim sin resultado, intentando Google Maps...
2026-07-17 10:09:06,782 [INFO]   📍 Nominatim sin resultado, intentando Google Maps...
2026-07-17 10:09:07,607 [INFO]   📍 Nominatim sin resultado, intentando Google Maps...
2026-07-17 10:09:17,137 [INFO]   ❌ No encontrada (será reintentada con lógica mejorada)
2026-07-17 10:09:20,383 [INFO] [5/400] CHARLIE HEAD (LIVE EVENTS MARKETING)
2026-07-17 10:09:22,890 [INFO]   ❌ No encontrada (será reintentada con lógica mejorada)
2026-07-17 10:09:24,301 [INFO]   ❌ No encontrada (será reintentada con lógica mejorada)
2026-07-17 10:09:24,804 [INFO]   ❌ No encontrada (será reintentada con lógica mejorada)
2026-07-17 10:09:25,616 [INFO]   ❌ No encontrada (será reintentada con lógica mejorada)
2026-07-17 10:09:26,338 [INFO] [5/400] FARMACAPSULAS
2026-07-17 10:09:27,622 [INFO] [5/400] A.S. CONSTRUCCIONES LIMITADA
2026-07-17 10:09:28,091 [INFO] [5/400] TOTTO
2026-07-17 10:09:28,120 [INFO] [5/400] MISS UNIVERSE COLOMBIA SAS
2026-07-17 10:09:29,642 [INFO]   📍 Nominatim sin resultado, intentando Google Maps...
2026-07-17 10:09:30,966 [INFO]   📍 Nominatim sin resultado, intentando Google Maps...
2026-07-17 10:09:36,320 [INFO]   📍 Nominatim sin resultado, intentando Google Maps...
2026-07-17 10:09:37,605 [INFO]   📍 Nominatim sin resultado, intentando Google Maps...
2026-07-17 10:09:42,288 [INFO]   📍 Nominatim sin resultado, intentando Google Maps...
2026-07-17 10:09:47,655 [INFO]   ❌ No encontrada (será reintentada con lógica mejorada)
2026-07-17 10:09:48,982 [INFO]   ❌ No encontrada (será reintentada con lógica mejorada)
2026-07-17 10:09:50,081 [INFO] [6/400] FARMACAPSULAS
2026-07-17 10:09:52,844 [INFO] [6/400] TOTTO
2026-07-17 10:09:53,821 [INFO]   📍 Nominatim sin resultado, intentando Google Maps...
2026-07-17 10:09:54,332 [INFO]   ❌ No encontrada (será reintentada con lógica mejorada)
2026-07-17 10:09:55,620 [INFO]   ❌ No encontrada (será reintentada con lógica mejorada)
2026-07-17 10:09:56,871 [INFO]   📍 Nominatim sin resultado, intentando Google Maps...
2026-07-17 10:09:57,838 [INFO] [6/400] CHARLOTTE
2026-07-17 10:09:58,188 [INFO] [6/400] A.W. FABER-CASTELL & T.H. REFORESTATION S.A.S.
2026-07-17 10:10:00,298 [INFO]   ❌ No encontrada (será reintentada con lógica mejorada)
2026-07-17 10:10:03,326 [INFO]   📍 Nominatim sin resultado, intentando Google Maps...
2026-07-17 10:10:03,698 [INFO] [6/400] MISSION TOUR
2026-07-17 10:10:09,030 [INFO]   📍 Nominatim sin resultado, intentando Google Maps...
2026-07-17 10:10:10,421 [INFO]   📍 Nominatim sin resultado, intentando Google Maps...
2026-07-17 10:10:11,832 [INFO]   ❌ No encontrada (será reintentada con lógica mejorada)
2026-07-17 10:10:14,890 [INFO]   ❌ No encontrada (será reintentada con lógica mejorada)
2026-07-17 10:10:15,693 [INFO] [7/400] FARMACAPSULAS S.A
2026-07-17 10:10:18,006 [INFO] [7/400] TOTTO
2026-07-17 10:10:21,339 [INFO]   ❌ No encontrada (será reintentada con lógica mejorada)
2026-07-17 10:10:21,864 [INFO]   📍 Nominatim sin resultado, intentando Google Maps...
2026-07-17 10:10:22,270 [INFO]   📍 Nominatim sin resultado, intentando Google Maps...
2026-07-17 10:10:24,958 [INFO] [7/400] CHICÓ FC
2026-07-17 10:10:27,046 [INFO]   ❌ No encontrada (será reintentada con lógica mejorada)
2026-07-17 10:10:28,430 [INFO]   ❌ No encontrada (será reintentada con lógica mejorada)
2026-07-17 10:10:29,835 [INFO] [7/400] MOBILE STORE 84
2026-07-17 10:10:29,970 [INFO]   📍 Nominatim sin resultado, intentando Google Maps...
2026-07-17 10:10:31,587 [INFO] [7/400] AAA
2026-07-17 10:10:35,561 [INFO]   📍 Nominatim sin resultado, intentando Google Maps...
2026-07-17 10:10:38,244 [INFO]   📍 Nominatim sin resultado, intentando Google Maps...
2026-07-17 10:10:39,875 [INFO]   ❌ No encontrada (será reintentada con lógica mejorada)
2026-07-17 10:10:40,286 [INFO]   ❌ No encontrada (será reintentada con lógica mejorada)
2026-07-17 10:10:42,545 [INFO] [8/400] TOTTO
2026-07-17 10:10:43,571 [INFO] [8/400] FARMATODO
2026-07-17 10:10:46,329 [INFO]   📍 Nominatim sin resultado, intentando Google Maps...
2026-07-17 10:10:47,335 [INFO]   📍 Nominatim sin resultado, intentando Google Maps...
2026-07-17 10:10:47,986 [INFO]   ❌ No encontrada (será reintentada con lógica mejorada)
2026-07-17 10:10:50,862 [INFO] [8/400] CHM MINERIA
2026-07-17 10:10:53,581 [INFO]   ❌ No encontrada (será reintentada con lógica mejorada)
2026-07-17 10:10:56,260 [INFO]   ❌ No encontrada (será reintentada con lógica mejorada)
2026-07-17 10:10:57,333 [INFO] [8/400] ABB LTDA 
2026-07-17 10:10:58,498 [INFO] [8/400] MOCER S.A.S.
2026-07-17 10:10:59,628 [INFO]   📍 Nominatim sin resultado, intentando Google Maps...
2026-07-17 10:11:03,617 [INFO]   📍 Nominatim sin resultado, intentando Google Maps...
2026-07-17 10:11:04,344 [INFO]   ❌ No encontrada (será reintentada con lógica mejorada)
2026-07-17 10:11:05,452 [INFO]   ❌ No encontrada (será reintentada con lógica mejorada)
2026-07-17 10:11:06,472 [INFO] [9/400] TOUREXITO S.A.S.
2026-07-17 10:11:07,892 [INFO]   📍 Nominatim sin resultado, intentando Google Maps...
2026-07-17 10:11:08,135 [INFO] [9/400] FARMATODO 
2026-07-17 10:11:11,248 [INFO]   📍 Nominatim sin resultado, intentando Google Maps...
2026-07-17 10:11:15,675 [INFO]   📍 Nominatim sin resultado, intentando Google Maps...
2026-07-17 10:11:17,639 [INFO]   ❌ No encontrada (será reintentada con lógica mejorada)
2026-07-17 10:11:20,234 [INFO] [9/400] CI INTERNATIONAL FUELS
2026-07-17 10:11:21,630 [INFO]   ❌ No encontrada (será reintentada con lógica mejorada)
2026-07-17 10:11:25,563 [INFO] [9/400] ABC EL AVISPON
2026-07-17 10:11:25,926 [INFO]   ❌ No encontrada (será reintentada con lógica mejorada)
2026-07-17 10:11:28,803 [INFO] [9/400] MOLINOS ROA
2026-07-17 10:11:28,950 [INFO]   📍 Nominatim sin resultado, intentando Google Maps...
2026-07-17 10:11:29,261 [INFO]   ❌ No encontrada (será reintentada con lógica mejorada)
2026-07-17 10:11:32,099 [INFO] [10/400] FECO & CIA SAS
2026-07-17 10:11:33,676 [INFO]   📍 Nominatim sin resultado, intentando Google Maps...
2026-07-17 10:11:33,697 [INFO]   ❌ No encontrada (será reintentada con lógica mejorada)
2026-07-17 10:11:33,979 [INFO]   📍 Nominatim sin resultado, intentando Google Maps...
2026-07-17 10:11:37,550 [INFO] [10/400] TRADEEVENT INTL
2026-07-17 10:11:38,950 [INFO]   📍 Nominatim sin resultado, intentando Google Maps...
2026-07-17 10:11:45,795 [INFO]   📍 Nominatim sin resultado, intentando Google Maps...
2026-07-17 10:11:46,975 [INFO]   ❌ No encontrada (será reintentada con lógica mejorada)
2026-07-17 10:11:49,867 [INFO] [10/400] CI LA OPERADORA
2026-07-17 10:11:51,695 [INFO]   ❌ No encontrada (será reintentada con lógica mejorada)
2026-07-17 10:11:51,995 [INFO]   ❌ No encontrada (será reintentada con lógica mejorada)
2026-07-17 10:11:54,904 [INFO] [10/400] MOLINOS ROA
2026-07-17 10:11:55,686 [INFO] [10/400] ACATIC S.A.S
2026-07-17 10:11:56,990 [INFO]   ❌ No encontrada (será reintentada con lógica mejorada)
2026-07-17 10:11:57,136 [INFO]   📍 Nominatim sin resultado, intentando Google Maps...
2026-07-17 10:11:59,299 [INFO] [11/400] FEDCO SA
2026-07-17 10:11:59,798 [INFO]   📍 Nominatim sin resultado, intentando Google Maps...
2026-07-17 10:12:02,461 [INFO]   📍 Nominatim sin resultado, intentando Google Maps...
2026-07-17 10:12:03,864 [INFO]   ❌ No encontrada (será reintentada con lógica mejorada)
2026-07-17 10:12:05,063 [INFO]   📍 Nominatim sin resultado, intentando Google Maps...
2026-07-17 10:12:06,251 [INFO] [11/400] TRAFALGAR TOUR
2026-07-17 10:12:11,210 [INFO]   📍 Nominatim sin resultado, intentando Google Maps...
2026-07-17 10:12:15,185 [INFO]   ❌ No encontrada (será reintentada con lógica mejorada)
2026-07-17 10:12:17,242 [INFO] [11/400] CI TALSA
2026-07-17 10:12:17,872 [INFO]   ❌ No encontrada (será reintentada con lógica mejorada)
2026-07-17 10:12:20,497 [INFO]   ❌ No encontrada (será reintentada con lógica mejorada)
2026-07-17 10:12:21,175 [INFO] [11/400] MOLINOS Y PILADORAS PETER Y COMPANIA LIMITADA
2026-07-17 10:12:22,119 [INFO]   📍 Nominatim sin resultado, intentando Google Maps...
2026-07-17 10:12:22,769 [INFO] [11/400] ACEROS CORTADOS S.A.
2026-07-17 10:12:23,094 [INFO]   ❌ No encontrada (será reintentada con lógica mejorada)
2026-07-17 10:12:26,530 [INFO] [12/400] FEDERACION COLOMBIANA DE BOXEO
2026-07-17 10:12:29,287 [INFO]   ❌ No encontrada (será reintentada con lógica mejorada)
2026-07-17 10:12:31,523 [INFO] [12/400] TRAFALGAR TOUR
2026-07-17 10:12:32,138 [INFO]   📍 Nominatim sin resultado, intentando Google Maps...
2026-07-17 10:12:35,578 [INFO]   📍 Nominatim sin resultado, intentando Google Maps...
2026-07-17 10:12:36,945 [INFO]   📍 Nominatim sin resultado, intentando Google Maps...
2026-07-17 10:12:37,697 [INFO]   📍 Nominatim sin resultado, intentando Google Maps...
2026-07-17 10:12:40,187 [INFO]   ❌ No encontrada (será reintentada con lógica mejorada)
2026-07-17 10:12:43,556 [INFO] [12/400] CIADM COLOMBIA LIMITADA
2026-07-17 10:12:50,186 [INFO]   ❌ No encontrada (será reintentada con lógica mejorada)
2026-07-17 10:12:50,204 [INFO]   📍 Nominatim sin resultado, intentando Google Maps...
2026-07-17 10:12:53,627 [INFO]   ❌ No encontrada (será reintentada con lógica mejorada)
2026-07-17 10:12:53,673 [INFO] [12/400] MONTOYA Y RESTREPO S.A.S.
2026-07-17 10:12:54,970 [INFO]   ❌ No encontrada (será reintentada con lógica mejorada)
2026-07-17 10:12:55,739 [INFO]   ❌ No encontrada (será reintentada con lógica mejorada)
2026-07-17 10:12:56,080 [INFO] [12/400] ACOTIENDAS LTDA.
2026-07-17 10:12:57,749 [INFO] [13/400] FEDERACION COLOMBIANA DE FUTBOL
2026-07-17 10:12:58,258 [INFO] [13/400] TRAFALGAR TOUR
2026-07-17 10:13:03,325 [INFO]   📍 Nominatim sin resultado, intentando Google Maps...
2026-07-17 10:13:03,354 [INFO]   📍 Nominatim sin resultado, intentando Google Maps...
2026-07-17 10:13:03,582 [INFO]   📍 Nominatim sin resultado, intentando Google Maps...
2026-07-17 10:13:07,317 [INFO]   📍 Nominatim sin resultado, intentando Google Maps...
2026-07-17 10:13:08,230 [INFO]   ❌ No encontrada (será reintentada con lógica mejorada)
2026-07-17 10:13:11,085 [INFO] [13/400] CICLO MARTINEZ
2026-07-17 10:13:18,813 [INFO]   📍 Nominatim sin resultado, intentando Google Maps...
2026-07-17 10:13:21,335 [INFO]   ❌ No encontrada (será reintentada con lógica mejorada)
2026-07-17 10:13:21,366 [INFO]   ❌ No encontrada (será reintentada con lógica mejorada)
2026-07-17 10:13:21,595 [INFO]   ❌ No encontrada (será reintentada con lógica mejorada)
2026-07-17 10:13:24,122 [INFO] [13/400] MOTIVATION & EVENTS
2026-07-17 10:13:24,341 [INFO] [14/400] TRANE COLOMBIA
2026-07-17 10:13:25,327 [INFO]   ❌ No encontrada (será reintentada con lógica mejorada)
2026-07-17 10:13:25,484 [INFO] [13/400] ACTIVOS SA
2026-07-17 10:13:28,794 [INFO] [14/400] FEDERACION COLOMBIANA DE FUTBOL
2026-07-17 10:13:30,298 [INFO]   📍 Nominatim sin resultado, intentando Google Maps...
2026-07-17 10:13:31,012 [INFO]   📍 Nominatim sin resultado, intentando Google Maps...
2026-07-17 10:13:33,709 [INFO]   📍 Nominatim sin resultado, intentando Google Maps...
2026-07-17 10:13:36,822 [INFO]   ❌ No encontrada (será reintentada con lógica mejorada)
2026-07-17 10:13:39,481 [INFO]   📍 Nominatim sin resultado, intentando Google Maps...
2026-07-17 10:13:40,476 [INFO] [14/400] CINEMAX
2026-07-17 10:13:47,287 [INFO]   📍 Nominatim sin resultado, intentando Google Maps...
2026-07-17 10:13:48,309 [INFO]   ❌ No encontrada (será reintentada con lógica mejorada)
2026-07-17 10:13:49,021 [INFO]   ❌ No encontrada (será reintentada con lógica mejorada)
2026-07-17 10:13:51,494 [INFO] [14/400] ADIDAS
2026-07-17 10:13:51,717 [INFO]   ❌ No encontrada (será reintentada con lógica mejorada)
2026-07-17 10:13:52,199 [INFO] [15/400] TRANSPORTE AUTO TAXI EJECUTIVO S.A.
2026-07-17 10:13:54,873 [INFO] [14/400] MOTOCOSTA
2026-07-17 10:13:55,047 [INFO]   📍 Nominatim sin resultado, intentando Google Maps...
2026-07-17 10:13:57,486 [INFO]   ❌ No encontrada (será reintentada con lógica mejorada)
2026-07-17 10:14:00,221 [INFO] [15/400] FEDERACION DE BEISBOL
2026-07-17 10:14:02,126 [INFO]   📍 Nominatim sin resultado, intentando Google Maps...
2026-07-17 10:14:04,239 [INFO]   📍 Nominatim sin resultado, intentando Google Maps...
2026-07-17 10:14:05,294 [INFO]   ❌ No encontrada (será reintentada con lógica mejorada)
2026-07-17 10:14:08,217 [INFO] [15/400] CIPLA COLOMBIA
2026-07-17 10:14:11,675 [INFO]   📍 Nominatim sin resultado, intentando Google Maps...
2026-07-17 10:14:13,058 [INFO]   ❌ No encontrada (será reintentada con lógica mejorada)
2026-07-17 10:14:15,571 [INFO]   📍 Nominatim sin resultado, intentando Google Maps...
2026-07-17 10:14:16,774 [INFO] [15/400] ADIDAS
2026-07-17 10:14:20,135 [INFO]   ❌ No encontrada (será reintentada con lógica mejorada)
2026-07-17 10:14:20,679 [INFO]   📍 Nominatim sin resultado, intentando Google Maps...
2026-07-17 10:14:22,245 [INFO]   ❌ No encontrada (será reintentada con lógica mejorada)
2026-07-17 10:14:22,494 [INFO] [15/400] MOTORES COLOMBIA LTDA
2026-07-17 10:14:25,050 [INFO] [16/400] TRANSPORTE JAO LIMITADA
2026-07-17 10:14:29,685 [INFO]   ❌ No encontrada (será reintentada con lógica mejorada)
2026-07-17 10:14:30,285 [INFO]   📍 Nominatim sin resultado, intentando Google Maps...
2026-07-17 10:14:32,023 [INFO]   📍 Nominatim sin resultado, intentando Google Maps...
2026-07-17 10:14:32,933 [INFO] [16/400] FEDERACION DE FUTBOL DE CHILE
2026-07-17 10:14:33,582 [INFO]   ❌ No encontrada (será reintentada con lógica mejorada)
2026-07-17 10:14:36,291 [INFO] [16/400] CIRUJANO MARCOS PETRO
2026-07-17 10:14:38,688 [INFO]   ❌ No encontrada (será reintentada con lógica mejorada)
2026-07-17 10:14:42,538 [INFO] [16/400] ADIDAS COLOMBIA
2026-07-17 10:14:43,226 [INFO]   📍 Nominatim sin resultado, intentando Google Maps...
2026-07-17 10:14:45,975 [INFO]   📍 Nominatim sin resultado, intentando Google Maps...
2026-07-17 10:14:48,295 [INFO]   ❌ No encontrada (será reintentada con lógica mejorada)
2026-07-17 10:14:49,687 [INFO]   📍 Nominatim sin resultado, intentando Google Maps...
2026-07-17 10:14:50,028 [INFO]   ❌ No encontrada (será reintentada con lógica mejorada)
2026-07-17 10:14:50,560 [INFO] [16/400] MOYS
2026-07-17 10:14:53,599 [INFO] [17/400] TRIENERGY
2026-07-17 10:14:55,768 [INFO]   📍 Nominatim sin resultado, intentando Google Maps...
2026-07-17 10:15:00,720 [INFO]   📍 Nominatim sin resultado, intentando Google Maps...
2026-07-17 10:15:01,235 [INFO]   ❌ No encontrada (será reintentada con lógica mejorada)
2026-07-17 10:15:03,979 [INFO]   ❌ No encontrada (será reintentada con lógica mejorada)
2026-07-17 10:15:04,247 [INFO] [17/400] FEDERACION DE SOFTBOL  
2026-07-17 10:15:06,857 [INFO] [17/400] CISA CENTRAL DE INVERSIONES S.A.
2026-07-17 10:15:07,691 [INFO]   ❌ No encontrada (será reintentada con lógica mejorada)
2026-07-17 10:15:09,888 [INFO] [17/400] ADIDAS COLOMBIA
2026-07-17 10:15:12,787 [INFO]   📍 Nominatim sin resultado, intentando Google Maps...
2026-07-17 10:15:13,777 [INFO]   ❌ No encontrada (será reintentada con lógica mejorada)
2026-07-17 10:15:15,938 [INFO]   📍 Nominatim sin resultado, intentando Google Maps...
2026-07-17 10:15:17,072 [INFO] [17/400] MR BONO
2026-07-17 10:15:18,729 [INFO]   ❌ No encontrada (será reintentada con lógica mejorada)
2026-07-17 10:15:19,770 [INFO]   📍 Nominatim sin resultado, intentando Google Maps...
2026-07-17 10:15:21,278 [INFO] [18/400] TRIPLEX Y MODULOS LA 31 LIMITADA
2026-07-17 10:15:21,704 [INFO]   📍 Nominatim sin resultado, intentando Google Maps...
2026-07-17 10:15:29,758 [INFO]   📍 Nominatim sin resultado, intentando Google Maps...
2026-07-17 10:15:30,792 [INFO]   ❌ No encontrada (será reintentada con lógica mejorada)
2026-07-17 10:15:33,487 [INFO] [18/400] FEDERACION URUGUAYA DE FUTBOL
2026-07-17 10:15:33,943 [INFO]   ❌ No encontrada (será reintentada con lógica mejorada)
2026-07-17 10:15:36,896 [INFO] [18/400] ADIDAS COLOMBIA
2026-07-17 10:15:37,774 [INFO]   ❌ No encontrada (será reintentada con lógica mejorada)
2026-07-17 10:15:39,709 [INFO]   ❌ No encontrada (será reintentada con lógica mejorada)
2026-07-17 10:15:40,852 [INFO] [18/400] CITY PARK SAS
2026-07-17 10:15:41,862 [INFO] [18/400] MSN LABS AMERICAS SAS
2026-07-17 10:15:42,700 [INFO]   📍 Nominatim sin resultado, intentando Google Maps...
2026-07-17 10:15:44,285 [INFO]   📍 Nominatim sin resultado, intentando Google Maps...
2026-07-17 10:15:47,767 [INFO]   ❌ No encontrada (será reintentada con lógica mejorada)
2026-07-17 10:15:49,295 [INFO]   📍 Nominatim sin resultado, intentando Google Maps...
2026-07-17 10:15:50,987 [INFO]   📍 Nominatim sin resultado, intentando Google Maps...
2026-07-17 10:15:51,010 [INFO] [19/400] TRYVEL
2026-07-17 10:15:55,719 [INFO]   📍 Nominatim sin resultado, intentando Google Maps...
2026-07-17 10:16:00,708 [INFO]   ❌ No encontrada (será reintentada con lógica mejorada)
2026-07-17 10:16:02,289 [INFO]   ❌ No encontrada (será reintentada con lógica mejorada)
2026-07-17 10:16:04,356 [INFO] [19/400] ADMINISTRACION DE CONTAINERS DEL CARIBE S.A
2026-07-17 10:16:04,376 [INFO] [19/400] FEISA
2026-07-17 10:16:07,301 [INFO]   ❌ No encontrada (será reintentada con lógica mejorada)
2026-07-17 10:16:08,991 [INFO]   ❌ No encontrada (será reintentada con lógica mejorada)
2026-07-17 10:16:10,445 [INFO] [19/400] CLARO 
2026-07-17 10:16:10,967 [INFO]   📍 Nominatim sin resultado, intentando Google Maps...
2026-07-17 10:16:11,501 [INFO] [19/400] MULATA - MERCADEO Y PUBLICIDAD
2026-07-17 10:16:12,990 [INFO]   📍 Nominatim sin resultado, intentando Google Maps...
2026-07-17 10:16:13,726 [INFO]   ❌ No encontrada (será reintentada con lógica mejorada)
2026-07-17 10:16:15,299 [INFO]   📍 Nominatim sin resultado, intentando Google Maps...
2026-07-17 10:16:16,060 [INFO] [20/400] TUGO SAS
2026-07-17 10:16:20,701 [INFO]   📍 Nominatim sin resultado, intentando Google Maps...
2026-07-17 10:16:23,150 [INFO]   📍 Nominatim sin resultado, intentando Google Maps...
2026-07-17 10:16:28,975 [INFO]   ❌ No encontrada (será reintentada con lógica mejorada)
2026-07-17 10:16:30,999 [INFO]   ❌ No encontrada (será reintentada con lógica mejorada)
2026-07-17 10:16:31,291 [INFO] [20/400] FEISA
2026-07-17 10:16:33,040 [INFO] [20/400] CLASSIC JEANS
2026-07-17 10:16:33,307 [INFO]   ❌ No encontrada (será reintentada con lógica mejorada)
2026-07-17 10:16:36,772 [INFO] [20/400] AES COLOMBIA
2026-07-17 10:16:37,302 [INFO]   📍 Nominatim sin resultado, intentando Google Maps...
2026-07-17 10:16:38,711 [INFO]   ❌ No encontrada (será reintentada con lógica mejorada)
2026-07-17 10:16:38,714 [INFO]   💾 Checkpoint guardado
2026-07-17 10:16:41,038 [INFO]   📍 Nominatim sin resultado, intentando Google Maps...
2026-07-17 10:16:41,166 [INFO]   ❌ No encontrada (será reintentada con lógica mejorada)
2026-07-17 10:16:41,223 [INFO] [21/400] TUGO SAS
2026-07-17 10:16:42,662 [INFO]   📍 Nominatim sin resultado, intentando Google Maps...
2026-07-17 10:16:44,746 [INFO] [20/400] MUNDIPHARMA COLOMBIA
2026-07-17 10:16:46,731 [INFO]   📍 Nominatim sin resultado, intentando Google Maps...
2026-07-17 10:16:50,736 [INFO]   📍 Nominatim sin resultado, intentando Google Maps...
2026-07-17 10:16:55,310 [INFO]   ❌ No encontrada (será reintentada con lógica mejorada)
2026-07-17 10:16:55,312 [INFO]   💾 Checkpoint guardado
2026-07-17 10:16:58,276 [INFO] [21/400] FENALCO FENERACION NACIONAL DE COMERCIANTES
2026-07-17 10:16:59,049 [INFO]   ❌ No encontrada (será reintentada con lógica mejorada)
2026-07-17 10:16:59,051 [INFO]   💾 Checkpoint guardado
2026-07-17 10:17:00,670 [INFO]   ❌ No encontrada (será reintentada con lógica mejorada)
2026-07-17 10:17:00,672 [INFO]   💾 Checkpoint guardado
2026-07-17 10:17:01,238 [INFO] [21/400] CLINICA COLOMBIANA DEL RIÑON S.A.
2026-07-17 10:17:04,423 [INFO] [21/400] AF Oftalmo SAS
2026-07-17 10:17:04,740 [INFO]   ❌ No encontrada (será reintentada con lógica mejorada)
2026-07-17 10:17:07,128 [INFO] [22/400] Take a look events
2026-07-17 10:17:08,746 [INFO]   ❌ No encontrada (será reintentada con lógica mejorada)
2026-07-17 10:17:08,747 [INFO]   💾 Checkpoint guardado
2026-07-17 10:17:08,760 [INFO]   📍 Nominatim sin resultado, intentando Google Maps...
2026-07-17 10:17:11,319 [INFO]   📍 Nominatim sin resultado, intentando Google Maps...
2026-07-17 10:17:11,923 [INFO]   📍 Nominatim sin resultado, intentando Google Maps...
2026-07-17 10:17:12,735 [INFO] [21/400] MUNDITUR SAS
2026-07-17 10:17:17,302 [INFO]   📍 Nominatim sin resultado, intentando Google Maps...
2026-07-17 10:17:18,405 [INFO]   📍 Nominatim sin resultado, intentando Google Maps...
2026-07-17 10:17:26,766 [INFO]   ❌ No encontrada (será reintentada con lógica mejorada)
2026-07-17 10:17:29,227 [INFO] [22/400] FENAVI
2026-07-17 10:17:29,332 [INFO]   ❌ No encontrada (será reintentada con lógica mejorada)
2026-07-17 10:17:29,931 [INFO]   ❌ No encontrada (será reintentada con lógica mejorada)
2026-07-17 10:17:32,151 [INFO] [22/400] AG CONTINENTAL LITORAL CARIBE S.A.S
2026-07-17 10:17:32,702 [INFO] [22/400] CLIP INMOBILIRIA S.A.S 
2026-07-17 10:17:35,312 [INFO]   ❌ No encontrada (será reintentada con lógica mejorada)
2026-07-17 10:17:36,413 [INFO]   ❌ No encontrada (será reintentada con lógica mejorada)
2026-07-17 10:17:37,113 [INFO]   📍 Nominatim sin resultado, intentando Google Maps...
2026-07-17 10:17:38,593 [INFO] [23/400] Tapetevoador Viagens
2026-07-17 10:17:38,967 [INFO] [22/400] MUSICAR
2026-07-17 10:17:41,717 [INFO]   📍 Nominatim sin resultado, intentando Google Maps...
2026-07-17 10:17:42,864 [INFO]   📍 Nominatim sin resultado, intentando Google Maps...
2026-07-17 10:17:43,103 [INFO]   📍 Nominatim sin resultado, intentando Google Maps...
2026-07-17 10:17:48,257 [INFO]   📍 Nominatim sin resultado, intentando Google Maps...
2026-07-17 10:17:55,121 [INFO]   ❌ No encontrada (será reintentada con lógica mejorada)
2026-07-17 10:17:57,748 [INFO] [23/400] FERRETERIA LA CASA DEL PLOMERO LIMITADA
2026-07-17 10:17:59,725 [INFO]   ❌ No encontrada (será reintentada con lógica mejorada)
2026-07-17 10:18:00,868 [INFO]   ❌ No encontrada (será reintentada con lógica mejorada)
2026-07-17 10:18:01,111 [INFO]   ❌ No encontrada (será reintentada con lógica mejorada)
2026-07-17 10:18:03,092 [INFO] [23/400] MVISION Events
2026-07-17 10:18:03,383 [INFO] [23/400] AGAPE
2026-07-17 10:18:03,428 [INFO] [23/400] CLIPPER COLOMBIA S.A.S
2026-07-17 10:18:06,267 [INFO]   ❌ No encontrada (será reintentada con lógica mejorada)
2026-07-17 10:18:08,514 [INFO] [24/400] Technical Services Manager LAN
2026-07-17 10:18:08,798 [INFO]   📍 Nominatim sin resultado, intentando Google Maps...
2026-07-17 10:18:08,865 [INFO]   📍 Nominatim sin resultado, intentando Google Maps...
2026-07-17 10:18:10,627 [INFO]   📍 Nominatim sin resultado, intentando Google Maps...
2026-07-17 10:18:13,262 [INFO]   📍 Nominatim sin resultado, intentando Google Maps...
2026-07-17 10:18:18,008 [INFO]   📍 Nominatim sin resultado, intentando Google Maps...
2026-07-17 10:18:26,807 [INFO]   ❌ No encontrada (será reintentada con lógica mejorada)
2026-07-17 10:18:26,874 [INFO]   ❌ No encontrada (será reintentada con lógica mejorada)
2026-07-17 10:18:28,634 [INFO]   ❌ No encontrada (será reintentada con lógica mejorada)
2026-07-17 10:18:29,333 [INFO] [24/400] AGAPE
2026-07-17 10:18:29,904 [INFO] [24/400] FERRETERIA REYNA
2026-07-17 10:18:31,267 [INFO]   ❌ No encontrada (será reintentada con lógica mejorada)
2026-07-17 10:18:31,404 [INFO] [24/400] Maesse Marketing Consulting
2026-07-17 10:18:33,992 [INFO] [24/400] CMC Marketing Consultants Ltd
2026-07-17 10:18:34,011 [INFO]   📍 Nominatim sin resultado, intentando Google Maps...
2026-07-17 10:18:35,964 [INFO]   📍 Nominatim sin resultado, intentando Google Maps...
2026-07-17 10:18:36,019 [INFO]   ❌ No encontrada (será reintentada con lógica mejorada)
2026-07-17 10:18:38,860 [INFO] [25/400] Tecnicas Avanzadas Cattel
2026-07-17 10:18:43,631 [INFO]   📍 Nominatim sin resultado, intentando Google Maps...
2026-07-17 10:18:44,119 [INFO]   📍 Nominatim sin resultado, intentando Google Maps...
2026-07-17 10:18:48,280 [INFO]   📍 Nominatim sin resultado, intentando Google Maps...
2026-07-17 10:18:52,021 [INFO]   ❌ No encontrada (será reintentada con lógica mejorada)
2026-07-17 10:18:53,968 [INFO]   ❌ No encontrada (será reintentada con lógica mejorada)
2026-07-17 10:18:54,675 [INFO] [25/400] AGENCIA CAUCHO SOL DE LA COSTA LIMITADA
2026-07-17 10:18:57,362 [INFO] [25/400] FERRETERIA REYNA
2026-07-17 10:19:01,640 [INFO]   ❌ No encontrada (será reintentada con lógica mejorada)
2026-07-17 10:19:02,127 [INFO]   ❌ No encontrada (será reintentada con lógica mejorada)
2026-07-17 10:19:03,895 [INFO] [25/400] Magic Music Events
2026-07-17 10:19:04,746 [INFO]   📍 Nominatim sin resultado, intentando Google Maps...
2026-07-17 10:19:04,939 [INFO] [25/400] CMS Events LTD
2026-07-17 10:19:06,016 [INFO]   📍 Nominatim sin resultado, intentando Google Maps...
2026-07-17 10:19:06,290 [INFO]   ❌ No encontrada (será reintentada con lógica mejorada)
2026-07-17 10:19:08,730 [INFO] [26/400] Telecaribe Ltda
2026-07-17 10:19:14,808 [INFO]   📍 Nominatim sin resultado, intentando Google Maps...
2026-07-17 10:19:14,809 [INFO]   📍 Nominatim sin resultado, intentando Google Maps...
2026-07-17 10:19:15,401 [INFO]   📍 Nominatim sin resultado, intentando Google Maps...
2026-07-17 10:19:22,757 [INFO]   ❌ No encontrada (será reintentada con lógica mejorada)
2026-07-17 10:19:24,027 [INFO]   ❌ No encontrada (será reintentada con lógica mejorada)
2026-07-17 10:19:25,906 [INFO] [26/400] FERRETERIA SAMIR
2026-07-17 10:19:27,008 [INFO] [26/400] AGENCIA DE ADUANAS ASESORIAS Y SERVICIOS ADUANEROS
2026-07-17 10:19:32,819 [INFO]   ❌ No encontrada (será reintentada con lógica mejorada)
2026-07-17 10:19:32,820 [INFO]   ❌ No encontrada (será reintentada con lógica mejorada)
2026-07-17 10:19:33,411 [INFO]   ❌ No encontrada (será reintentada con lógica mejorada)
2026-07-17 10:19:34,518 [INFO]   📍 Nominatim sin resultado, intentando Google Maps...
2026-07-17 10:19:35,744 [INFO] [27/400] Teleset SAS
2026-07-17 10:19:36,038 [INFO] [26/400] Manakin Nature Tours - BIRDING COLOMBIA
2026-07-17 10:19:36,164 [INFO] [26/400] CMS Events LTD
2026-07-17 10:19:39,068 [INFO]   📍 Nominatim sin resultado, intentando Google Maps...
2026-07-17 10:19:42,145 [INFO]   📍 Nominatim sin resultado, intentando Google Maps...
2026-07-17 10:19:46,287 [INFO]   📍 Nominatim sin resultado, intentando Google Maps...
2026-07-17 10:19:48,730 [INFO]   📍 Nominatim sin resultado, intentando Google Maps...
2026-07-17 10:19:52,527 [INFO]   ❌ No encontrada (será reintentada con lógica mejorada)
2026-07-17 10:19:55,817 [INFO] [27/400] FIDUCIARIA CORFICOLOMBIANA S.A.         
2026-07-17 10:19:57,073 [INFO]   ❌ No encontrada (será reintentada con lógica mejorada)
2026-07-17 10:19:59,486 [INFO] [27/400] AGENCIA DE ADUANAS FB LOGISTIC S.A. NIVEL 2
2026-07-17 10:20:00,155 [INFO]   ❌ No encontrada (será reintentada con lógica mejorada)
2026-07-17 10:20:03,586 [INFO] [28/400] Terramundi Incentivos
2026-07-17 10:20:04,296 [INFO]   ❌ No encontrada (será reintentada con lógica mejorada)
2026-07-17 10:20:06,459 [INFO] [27/400] COACOSTA S.A.S.
2026-07-17 10:20:06,736 [INFO]   ❌ No encontrada (será reintentada con lógica mejorada)
2026-07-17 10:20:08,805 [INFO]   📍 Nominatim sin resultado, intentando Google Maps...
2026-07-17 10:20:10,446 [INFO] [27/400] Manohay Colombia S.A.S
2026-07-17 10:20:10,460 [INFO]   📍 Nominatim sin resultado, intentando Google Maps...
2026-07-17 10:20:12,137 [INFO]   📍 Nominatim sin resultado, intentando Google Maps...
2026-07-17 10:20:15,030 [INFO]   📍 Nominatim sin resultado, intentando Google Maps...
2026-07-17 10:20:19,055 [INFO]   📍 Nominatim sin resultado, intentando Google Maps...
2026-07-17 10:20:26,814 [INFO]   ❌ No encontrada (será reintentada con lógica mejorada)
2026-07-17 10:20:28,465 [INFO]   ❌ No encontrada (será reintentada con lógica mejorada)
2026-07-17 10:20:30,144 [INFO]   ❌ No encontrada (será reintentada con lógica mejorada)
2026-07-17 10:20:30,701 [INFO] [28/400] FIJACIONES DEL CARIBE LTDA
2026-07-17 10:20:32,396 [INFO] [28/400] AGENCIA DE ADUANAS GAMA S.A. NIVEL 1
2026-07-17 10:20:33,033 [INFO]   ❌ No encontrada (será reintentada con lógica mejorada)
2026-07-17 10:20:33,216 [INFO] [29/400] Tg Agencia De Viajes Regata
2026-07-17 10:20:35,557 [INFO] [28/400] COCA COLA
2026-07-17 10:20:37,065 [INFO]   ❌ No encontrada (será reintentada con lógica mejorada)
2026-07-17 10:20:38,811 [INFO]   📍 Nominatim sin resultado, intentando Google Maps...
2026-07-17 10:20:39,251 [INFO] [28/400] Market Logic
2026-07-17 10:20:40,293 [INFO]   📍 Nominatim sin resultado, intentando Google Maps...
2026-07-17 10:20:42,541 [INFO]   📍 Nominatim sin resultado, intentando Google Maps...
2026-07-17 10:20:44,813 [INFO]   📍 Nominatim sin resultado, intentando Google Maps...
2026-07-17 10:20:48,055 [INFO]   📍 Nominatim sin resultado, intentando Google Maps...
2026-07-17 10:20:56,820 [INFO]   ❌ No encontrada (será reintentada con lógica mejorada)
2026-07-17 10:20:58,301 [INFO]   ❌ No encontrada (será reintentada con lógica mejorada)
2026-07-17 10:20:59,558 [INFO] [29/400] FLAMINGO 
2026-07-17 10:21:00,549 [INFO]   ❌ No encontrada (será reintentada con lógica mejorada)
2026-07-17 10:21:02,079 [INFO] [29/400] COCA COLA
2026-07-17 10:21:02,697 [INFO]   📍 Nominatim sin resultado, intentando Google Maps...
2026-07-17 10:21:02,821 [INFO]   ❌ No encontrada (será reintentada con lógica mejorada)
2026-07-17 10:21:03,460 [INFO] [30/400] Tg Comercializadora Aliados
2026-07-17 10:21:05,463 [INFO] [29/400] AGENCIA DE ADUANAS ISASO S.A. NIVEL 1
2026-07-17 10:21:06,062 [INFO]   ❌ No encontrada (será reintentada con lógica mejorada)
2026-07-17 10:21:06,138 [INFO]   📍 Nominatim sin resultado, intentando Google Maps...
2026-07-17 10:21:08,576 [INFO] [29/400] Marketing & More GmbH
2026-07-17 10:21:11,758 [INFO]   📍 Nominatim sin resultado, intentando Google Maps...
2026-07-17 10:21:18,365 [INFO]   📍 Nominatim sin resultado, intentando Google Maps...
2026-07-17 10:21:18,456 [INFO]   📍 Nominatim sin resultado, intentando Google Maps...
2026-07-17 10:21:20,706 [INFO]   ❌ No encontrada (será reintentada con lógica mejorada)
2026-07-17 10:21:23,566 [INFO] [30/400] FLOTA ROJA LIMITADA
2026-07-17 10:21:24,143 [INFO]   ❌ No encontrada (será reintentada con lógica mejorada)
2026-07-17 10:21:26,745 [INFO] [30/400] COCA COLA BEBIDAS DE COLOMBIA
2026-07-17 10:21:29,769 [INFO]   ❌ No encontrada (será reintentada con lógica mejorada)
2026-07-17 10:21:29,850 [INFO]   📍 Nominatim sin resultado, intentando Google Maps...
2026-07-17 10:21:32,199 [INFO] [31/400] Tg Comercializadora Je Tours Ltda
2026-07-17 10:21:34,396 [INFO]   📍 Nominatim sin resultado, intentando Google Maps...
2026-07-17 10:21:36,375 [INFO]   ❌ No encontrada (será reintentada con lógica mejorada)
2026-07-17 10:21:36,460 [INFO]   ❌ No encontrada (será reintentada con lógica mejorada)
2026-07-17 10:21:38,534 [INFO] [30/400] Marketing Personal
2026-07-17 10:21:39,884 [INFO] [30/400] AGENCIA DE ADUANAS MOVIADUANAS SAS - NIVEL 1
2026-07-17 10:21:41,279 [INFO]   📍 Nominatim sin resultado, intentando Google Maps...
2026-07-17 10:21:47,859 [INFO]   ❌ No encontrada (será reintentada con lógica mejorada)
2026-07-17 10:21:49,262 [INFO]   📍 Nominatim sin resultado, intentando Google Maps...
2026-07-17 10:21:50,089 [INFO] [31/400] FORTUNE PALACE Y CIA LIMITADA
2026-07-17 10:21:50,815 [INFO]   📍 Nominatim sin resultado, intentando Google Maps...
2026-07-17 10:21:52,403 [INFO]   ❌ No encontrada (será reintentada con lógica mejorada)
2026-07-17 10:21:55,591 [INFO] [31/400] COCA COLA BEBIDAS DE COLOMBIA
2026-07-17 10:21:56,645 [INFO]   📍 Nominatim sin resultado, intentando Google Maps...
2026-07-17 10:21:59,289 [INFO]   ❌ No encontrada (será reintentada con lógica mejorada)
2026-07-17 10:22:01,891 [INFO] [32/400] The GARFIT Group
2026-07-17 10:22:03,767 [INFO]   📍 Nominatim sin resultado, intentando Google Maps...
2026-07-17 10:22:07,273 [INFO]   ❌ No encontrada (será reintentada con lógica mejorada)
2026-07-17 10:22:08,820 [INFO]   ❌ No encontrada (será reintentada con lógica mejorada)
2026-07-17 10:22:09,901 [INFO] [31/400] Marketing Republic
2026-07-17 10:22:10,159 [INFO]   📍 Nominatim sin resultado, intentando Google Maps...
2026-07-17 10:22:11,826 [INFO] [31/400] AGI AMBIENTAL SAS
2026-07-17 10:22:14,653 [INFO]   ❌ No encontrada (será reintentada con lógica mejorada)
2026-07-17 10:22:18,114 [INFO] [32/400] FREE SAFELA / LAURA V
2026-07-17 10:22:18,790 [INFO]   📍 Nominatim sin resultado, intentando Google Maps...
2026-07-17 10:22:21,439 [INFO]   📍 Nominatim sin resultado, intentando Google Maps...
2026-07-17 10:22:21,776 [INFO]   ❌ No encontrada (será reintentada con lógica mejorada)
2026-07-17 10:22:24,951 [INFO] [32/400] COCA COLA BEBIDAS DE COLOMBIA
2026-07-17 10:22:27,405 [INFO]   📍 Nominatim sin resultado, intentando Google Maps...
2026-07-17 10:22:28,168 [INFO]   ❌ No encontrada (será reintentada con lógica mejorada)
2026-07-17 10:22:30,708 [INFO] [33/400] The Leela 
2026-07-17 10:22:35,731 [INFO]   📍 Nominatim sin resultado, intentando Google Maps...
2026-07-17 10:22:36,793 [INFO]   📍 Nominatim sin resultado, intentando Google Maps...
2026-07-17 10:22:36,798 [INFO]   ❌ No encontrada (será reintentada con lógica mejorada)
2026-07-17 10:22:39,450 [INFO]   ❌ No encontrada (será reintentada con lógica mejorada)
2026-07-17 10:22:40,799 [INFO] [32/400] Master events
2026-07-17 10:22:42,836 [INFO] [32/400] AGOFER
2026-07-17 10:22:45,411 [INFO]   ❌ No encontrada (será reintentada con lógica mejorada)
2026-07-17 10:22:47,962 [INFO] [33/400] FREE SPIRIT travel marketing
2026-07-17 10:22:48,868 [INFO]   📍 Nominatim sin resultado, intentando Google Maps...
2026-07-17 10:22:49,396 [INFO]   📍 Nominatim sin resultado, intentando Google Maps...
2026-07-17 10:22:53,743 [INFO]   ❌ No encontrada (será reintentada con lógica mejorada)
2026-07-17 10:22:54,800 [INFO]   ❌ No encontrada (será reintentada con lógica mejorada)
2026-07-17 10:22:56,283 [INFO] [33/400] COCA COLA FEMSA
2026-07-17 10:22:57,011 [INFO]   📍 Nominatim sin resultado, intentando Google Maps...
2026-07-17 10:22:57,019 [INFO] [34/400] There Marketing
2026-07-17 10:23:02,284 [INFO]   📍 Nominatim sin resultado, intentando Google Maps...
2026-07-17 10:23:04,675 [INFO]   📍 Nominatim sin resultado, intentando Google Maps...
2026-07-17 10:23:06,878 [INFO]   ❌ No encontrada (será reintentada con lógica mejorada)
2026-07-17 10:23:07,402 [INFO]   ❌ No encontrada (será reintentada con lógica mejorada)
2026-07-17 10:23:09,522 [INFO] [33/400] Max 
2026-07-17 10:23:09,900 [INFO] [33/400] AGOFER S.A
2026-07-17 10:23:13,006 [INFO]   📍 Nominatim sin resultado, intentando Google Maps...
2026-07-17 10:23:15,020 [INFO]   ❌ No encontrada (será reintentada con lógica mejorada)
2026-07-17 10:23:17,257 [INFO] [34/400] FREEDOM Tourism
2026-07-17 10:23:20,010 [INFO]   📍 Nominatim sin resultado, intentando Google Maps...
2026-07-17 10:23:20,294 [INFO]   ❌ No encontrada (será reintentada con lógica mejorada)
2026-07-17 10:23:22,445 [INFO] [34/400] COCINAS CARIBE LIMITADA
2026-07-17 10:23:22,684 [INFO]   ❌ No encontrada (será reintentada con lógica mejorada)
2026-07-17 10:23:26,286 [INFO]   📍 Nominatim sin resultado, intentando Google Maps...
2026-07-17 10:23:26,550 [INFO] [35/400] Thomas Cook
2026-07-17 10:23:28,927 [INFO]   📍 Nominatim sin resultado, intentando Google Maps...
2026-07-17 10:23:31,016 [INFO]   ❌ No encontrada (será reintentada con lógica mejorada)
2026-07-17 10:23:33,034 [INFO] [34/400] Maximice
2026-07-17 10:23:33,863 [INFO]   📍 Nominatim sin resultado, intentando Google Maps...
2026-07-17 10:23:38,020 [INFO]   ❌ No encontrada (será reintentada con lógica mejorada)
2026-07-17 10:23:38,854 [INFO]   📍 Nominatim sin resultado, intentando Google Maps...
2026-07-17 10:23:41,320 [INFO] [34/400] AGOFER S.A
2026-07-17 10:23:44,295 [INFO]   ❌ No encontrada (será reintentada con lógica mejorada)
2026-07-17 10:23:46,936 [INFO]   ❌ No encontrada (será reintentada con lógica mejorada)
2026-07-17 10:23:47,648 [INFO] [35/400] FREEWAY VIAGENS
2026-07-17 10:23:50,248 [INFO] [35/400] COFARMA 
2026-07-17 10:23:51,236 [INFO]   📍 Nominatim sin resultado, intentando Google Maps...
2026-07-17 10:23:51,873 [INFO]   ❌ No encontrada (será reintentada con lógica mejorada)
2026-07-17 10:23:53,514 [INFO]   📍 Nominatim sin resultado, intentando Google Maps...
2026-07-17 10:23:54,783 [INFO] [36/400] Thomas Cook 
2026-07-17 10:23:55,792 [INFO]   📍 Nominatim sin resultado, intentando Google Maps...
2026-07-17 10:23:56,861 [INFO]   ❌ No encontrada (será reintentada con lógica mejorada)
2026-07-17 10:24:00,342 [INFO] [35/400] Maximice
2026-07-17 10:24:01,783 [INFO]   📍 Nominatim sin resultado, intentando Google Maps...
2026-07-17 10:24:05,172 [INFO]   📍 Nominatim sin resultado, intentando Google Maps...
2026-07-17 10:24:09,245 [INFO]   ❌ No encontrada (será reintentada con lógica mejorada)
2026-07-17 10:24:11,521 [INFO]   ❌ No encontrada (será reintentada con lógica mejorada)
2026-07-17 10:24:12,202 [INFO] [35/400] AGORA global meetings and conferences
2026-07-17 10:24:13,802 [INFO]   ❌ No encontrada (será reintentada con lógica mejorada)
2026-07-17 10:24:14,880 [INFO] [36/400] FRENOS DEL ATLANTICO S.A.S
2026-07-17 10:24:16,874 [INFO] [36/400] COFCA 
2026-07-17 10:24:19,793 [INFO]   ❌ No encontrada (será reintentada con lógica mejorada)
2026-07-17 10:24:21,815 [INFO]   📍 Nominatim sin resultado, intentando Google Maps...
2026-07-17 10:24:22,286 [INFO] [37/400] Thomas Cook 
2026-07-17 10:24:22,414 [INFO]   📍 Nominatim sin resultado, intentando Google Maps...
2026-07-17 10:24:23,183 [INFO]   ❌ No encontrada (será reintentada con lógica mejorada)
2026-07-17 10:24:25,071 [INFO]   📍 Nominatim sin resultado, intentando Google Maps...
2026-07-17 10:24:26,569 [INFO] [36/400] Maximice
2026-07-17 10:24:31,088 [INFO]   📍 Nominatim sin resultado, intentando Google Maps...
2026-07-17 10:24:31,575 [INFO]   📍 Nominatim sin resultado, intentando Google Maps...
2026-07-17 10:24:39,823 [INFO]   ❌ No encontrada (será reintentada con lógica mejorada)
2026-07-17 10:24:40,420 [INFO]   ❌ No encontrada (será reintentada con lógica mejorada)
2026-07-17 10:24:42,289 [INFO] [37/400] COIMPRESORES DE COLOMBIA SUCURSAL COSTA NORTE
2026-07-17 10:24:42,682 [INFO] [36/400] AGRA FEED S.A.S.
2026-07-17 10:24:43,079 [INFO]   ❌ No encontrada (será reintentada con lógica mejorada)
2026-07-17 10:24:46,406 [INFO] [37/400] FRIGORIFICO DE LA COSTA S.A.  SIGLA FRICOSTA S.A.
2026-07-17 10:24:49,097 [INFO]   ❌ No encontrada (será reintentada con lógica mejorada)
2026-07-17 10:24:49,584 [INFO]   ❌ No encontrada (será reintentada con lógica mejorada)
2026-07-17 10:24:51,930 [INFO]   📍 Nominatim sin resultado, intentando Google Maps...
2026-07-17 10:24:52,090 [INFO] [38/400] Thomas Cook 
2026-07-17 10:24:53,070 [INFO] [37/400] Maximillion
2026-07-17 10:24:53,688 [INFO]   📍 Nominatim sin resultado, intentando Google Maps...
2026-07-17 10:24:57,151 [INFO]   📍 Nominatim sin resultado, intentando Google Maps...
2026-07-17 10:24:58,331 [INFO]   📍 Nominatim sin resultado, intentando Google Maps...
2026-07-17 10:24:59,027 [INFO]   📍 Nominatim sin resultado, intentando Google Maps...
2026-07-17 10:25:09,936 [INFO]   ❌ No encontrada (será reintentada con lógica mejorada)
2026-07-17 10:25:11,695 [INFO]   ❌ No encontrada (será reintentada con lógica mejorada)
2026-07-17 10:25:12,444 [INFO] [37/400] AGREGADOS DEL ATLANTICO
2026-07-17 10:25:15,154 [INFO]   ❌ No encontrada (será reintentada con lógica mejorada)
2026-07-17 10:25:15,168 [INFO] [38/400] COIMPRESORES DE COLOMBIA                
2026-07-17 10:25:16,336 [INFO]   ❌ No encontrada (será reintentada con lógica mejorada)
2026-07-17 10:25:17,035 [INFO]   ❌ No encontrada (será reintentada con lógica mejorada)
2026-07-17 10:25:18,381 [INFO] [38/400] FROSCH LATINOAMERICA
2026-07-17 10:25:18,549 [INFO] [38/400] Mayorista Premier
2026-07-17 10:25:20,041 [INFO] [39/400] Thomas Cook 
2026-07-17 10:25:22,994 [INFO]   📍 Nominatim sin resultado, intentando Google Maps...
2026-07-17 10:25:24,856 [INFO]   📍 Nominatim sin resultado, intentando Google Maps...
2026-07-17 10:25:25,743 [INFO]   📍 Nominatim sin resultado, intentando Google Maps...
2026-07-17 10:25:25,758 [INFO]   📍 Nominatim sin resultado, intentando Google Maps...
2026-07-17 10:25:26,894 [INFO]   📍 Nominatim sin resultado, intentando Google Maps...
2026-07-17 10:25:41,003 [INFO]   ❌ No encontrada (será reintentada con lógica mejorada)
2026-07-17 10:25:42,860 [INFO]   ❌ No encontrada (será reintentada con lógica mejorada)
2026-07-17 10:25:43,098 [INFO] [38/400] AGREGADOS DEL LITORAL S.A.
2026-07-17 10:25:43,751 [INFO]   ❌ No encontrada (será reintentada con lógica mejorada)
2026-07-17 10:25:43,762 [INFO]   ❌ No encontrada (será reintentada con lógica mejorada)
2026-07-17 10:25:44,901 [INFO]   ❌ No encontrada (será reintentada con lógica mejorada)
2026-07-17 10:25:45,931 [INFO] [39/400] FROSCH LATINOAMERICA
2026-07-17 10:25:46,034 [INFO] [39/400] McArthurGlen Group
2026-07-17 10:25:46,340 [INFO] [39/400] COKIE´S LOVE
2026-07-17 10:25:47,557 [INFO] [40/400] Thomas Cook 
2026-07-17 10:25:52,930 [INFO]   📍 Nominatim sin resultado, intentando Google Maps...
2026-07-17 10:25:54,223 [INFO]   📍 Nominatim sin resultado, intentando Google Maps...
2026-07-17 10:25:54,939 [INFO]   📍 Nominatim sin resultado, intentando Google Maps...
2026-07-17 10:25:55,428 [INFO]   📍 Nominatim sin resultado, intentando Google Maps...
2026-07-17 10:25:55,832 [INFO]   📍 Nominatim sin resultado, intentando Google Maps...
2026-07-17 10:26:10,937 [INFO]   ❌ No encontrada (será reintentada con lógica mejorada)
2026-07-17 10:26:12,231 [INFO]   ❌ No encontrada (será reintentada con lógica mejorada)
2026-07-17 10:26:12,945 [INFO]   ❌ No encontrada (será reintentada con lógica mejorada)
2026-07-17 10:26:13,431 [INFO]   ❌ No encontrada (será reintentada con lógica mejorada)
2026-07-17 10:26:13,434 [INFO]   💾 Checkpoint guardado
2026-07-17 10:26:13,840 [INFO]   ❌ No encontrada (será reintentada con lógica mejorada)
2026-07-17 10:26:14,362 [INFO] [40/400] COLANTA
2026-07-17 10:26:15,939 [INFO] [41/400] Thomas Cook SAS
2026-07-17 10:26:16,101 [INFO] [40/400] FROSCH LATINOAMERICA
2026-07-17 10:26:16,106 [INFO] [40/400] Medihumana
2026-07-17 10:26:17,102 [INFO] [39/400] AGRICOLA MANANTIAL S.C.A.
2026-07-17 10:26:22,166 [INFO]   📍 Nominatim sin resultado, intentando Google Maps...
2026-07-17 10:26:23,179 [INFO]   📍 Nominatim sin resultado, intentando Google Maps...
2026-07-17 10:26:24,701 [INFO]   📍 Nominatim sin resultado, intentando Google Maps...
2026-07-17 10:26:26,701 [INFO]   📍 Nominatim sin resultado, intentando Google Maps...
2026-07-17 10:26:28,031 [INFO]   📍 Nominatim sin resultado, intentando Google Maps...
2026-07-17 10:26:40,176 [INFO]   ❌ No encontrada (será reintentada con lógica mejorada)
2026-07-17 10:26:40,177 [INFO]   💾 Checkpoint guardado
2026-07-17 10:26:41,186 [INFO]   ❌ No encontrada (será reintentada con lógica mejorada)
2026-07-17 10:26:41,188 [INFO]   💾 Checkpoint guardado
2026-07-17 10:26:42,634 [INFO] [41/400] COLANTA
2026-07-17 10:26:42,706 [INFO]   ❌ No encontrada (será reintentada con lógica mejorada)
2026-07-17 10:26:44,710 [INFO]   ❌ No encontrada (será reintentada con lógica mejorada)
2026-07-17 10:26:44,712 [INFO]   💾 Checkpoint guardado
2026-07-17 10:26:44,739 [INFO] [41/400] FROSCH LATINOAMERICA
2026-07-17 10:26:46,041 [INFO]   ❌ No encontrada (será reintentada con lógica mejorada)
2026-07-17 10:26:46,051 [INFO] [42/400] Thomas Cook SAS
2026-07-17 10:26:46,922 [INFO] [41/400] Mercy Corps
2026-07-17 10:26:47,761 [INFO]   📍 Nominatim sin resultado, intentando Google Maps...
2026-07-17 10:26:48,204 [INFO] [40/400] AGRO-BEKAERT
2026-07-17 10:26:51,897 [INFO]   📍 Nominatim sin resultado, intentando Google Maps...
2026-07-17 10:26:53,203 [INFO]   📍 Nominatim sin resultado, intentando Google Maps...
2026-07-17 10:26:53,880 [INFO]   📍 Nominatim sin resultado, intentando Google Maps...
2026-07-17 10:26:56,037 [INFO]   📍 Nominatim sin resultado, intentando Google Maps...
2026-07-17 10:27:05,770 [INFO]   ❌ No encontrada (será reintentada con lógica mejorada)
2026-07-17 10:27:09,205 [INFO] [42/400] COLANTA
2026-07-17 10:27:09,903 [INFO]   ❌ No encontrada (será reintentada con lógica mejorada)
2026-07-17 10:27:11,212 [INFO]   ❌ No encontrada (será reintentada con lógica mejorada)
2026-07-17 10:27:11,887 [INFO]   ❌ No encontrada (será reintentada con lógica mejorada)
2026-07-17 10:27:13,462 [INFO] [42/400] Merz Colombia SAS
2026-07-17 10:27:13,970 [INFO] [42/400] FROSCH LATINOAMERICA
2026-07-17 10:27:14,045 [INFO]   ❌ No encontrada (será reintentada con lógica mejorada)
2026-07-17 10:27:14,046 [INFO]   💾 Checkpoint guardado
2026-07-17 10:27:14,176 [INFO]   📍 Nominatim sin resultado, intentando Google Maps...
2026-07-17 10:27:15,448 [INFO] [43/400] Top Brands
2026-07-17 10:27:17,069 [INFO] [41/400] AGROINDUSTRIA ARROCERA SANTA ANA CIA S. EN C.
2026-07-17 10:27:22,297 [INFO]   📍 Nominatim sin resultado, intentando Google Maps...
2026-07-17 10:27:22,393 [INFO]   📍 Nominatim sin resultado, intentando Google Maps...
2026-07-17 10:27:23,013 [INFO]   📍 Nominatim sin resultado, intentando Google Maps...
2026-07-17 10:27:27,883 [INFO]   📍 Nominatim sin resultado, intentando Google Maps...
2026-07-17 10:27:32,186 [INFO]   ❌ No encontrada (será reintentada con lógica mejorada)
2026-07-17 10:27:36,132 [INFO] [43/400] COLARQUIM S.A.S.
2026-07-17 10:27:40,307 [INFO]   ❌ No encontrada (será reintentada con lógica mejorada)
2026-07-17 10:27:40,402 [INFO]   ❌ No encontrada (será reintentada con lógica mejorada)
2026-07-17 10:27:41,024 [INFO]   ❌ No encontrada (será reintentada con lógica mejorada)
2026-07-17 10:27:42,594 [INFO] [43/400] FROSCH LATINOAMERICA
2026-07-17 10:27:44,233 [INFO] [44/400] Top Dest
2026-07-17 10:27:44,864 [INFO] [43/400] Milesaway 
2026-07-17 10:27:44,957 [INFO]   📍 Nominatim sin resultado, intentando Google Maps...
2026-07-17 10:27:45,893 [INFO]   ❌ No encontrada (será reintentada con lógica mejorada)
2026-07-17 10:27:48,907 [INFO] [42/400] AGROINSUMOS DEL CAFÉ
2026-07-17 10:27:50,797 [INFO]   📍 Nominatim sin resultado, intentando Google Maps...
2026-07-17 10:27:51,110 [INFO]   📍 Nominatim sin resultado, intentando Google Maps...
2026-07-17 10:27:51,318 [INFO]   📍 Nominatim sin resultado, intentando Google Maps...
2026-07-17 10:27:57,958 [INFO]   📍 Nominatim sin resultado, intentando Google Maps...
2026-07-17 10:28:02,965 [INFO]   ❌ No encontrada (será reintentada con lógica mejorada)
2026-07-17 10:28:05,793 [INFO] [44/400] COLGATE PALMOLIVE
2026-07-17 10:28:08,810 [INFO]   ❌ No encontrada (será reintentada con lógica mejorada)
2026-07-17 10:28:09,120 [INFO]   ❌ No encontrada (será reintentada con lógica mejorada)
2026-07-17 10:28:09,326 [INFO]   ❌ No encontrada (será reintentada con lógica mejorada)
2026-07-17 10:28:11,498 [INFO] [44/400] FROSCH LATINOAMERICA
2026-07-17 10:28:11,984 [INFO] [44/400] Milhao
2026-07-17 10:28:12,057 [INFO] [45/400] Top Mic
2026-07-17 10:28:12,719 [INFO]   📍 Nominatim sin resultado, intentando Google Maps...
2026-07-17 10:28:14,960 [INFO]   📍 Nominatim sin resultado, intentando Google Maps...
2026-07-17 10:28:15,967 [INFO]   ❌ No encontrada (será reintentada con lógica mejorada)
2026-07-17 10:28:16,912 [INFO]   📍 Nominatim sin resultado, intentando Google Maps...
2026-07-17 10:28:18,784 [INFO]   📍 Nominatim sin resultado, intentando Google Maps...
2026-07-17 10:28:19,695 [INFO] [43/400] AGROINVERSIONES LA PROSPERIDAD LIMITADA
2026-07-17 10:28:30,073 [INFO]   📍 Nominatim sin resultado, intentando Google Maps...
2026-07-17 10:28:30,728 [INFO]   ❌ No encontrada (será reintentada con lógica mejorada)
2026-07-17 10:28:32,965 [INFO]   ❌ No encontrada (será reintentada con lógica mejorada)
2026-07-17 10:28:33,491 [INFO] [45/400] COLOMBIAN HOSPITAL S. EN C.
2026-07-17 10:28:34,917 [INFO]   ❌ No encontrada (será reintentada con lógica mejorada)
2026-07-17 10:28:35,454 [INFO] [45/400] Miniso Colombia SAS
2026-07-17 10:28:36,794 [INFO]   ❌ No encontrada (será reintentada con lógica mejorada)
2026-07-17 10:28:38,548 [INFO] [46/400] Tourism Affairs
2026-07-17 10:28:38,857 [INFO] [45/400] FROSCH LATINOAMERICA
2026-07-17 10:28:43,450 [INFO]   📍 Nominatim sin resultado, intentando Google Maps...
2026-07-17 10:28:44,432 [INFO]   📍 Nominatim sin resultado, intentando Google Maps...
2026-07-17 10:28:44,913 [INFO]   📍 Nominatim sin resultado, intentando Google Maps...
2026-07-17 10:28:46,861 [INFO]   📍 Nominatim sin resultado, intentando Google Maps...
2026-07-17 10:28:48,082 [INFO]   ❌ No encontrada (será reintentada con lógica mejorada)
2026-07-17 10:28:50,382 [INFO] [44/400] AGROINVERSIONES MOLINA S. EN C. S. AGROIMAS
2026-07-17 10:29:01,456 [INFO]   ❌ No encontrada (será reintentada con lógica mejorada)
2026-07-17 10:29:02,273 [INFO]   📍 Nominatim sin resultado, intentando Google Maps...
2026-07-17 10:29:02,435 [INFO]   ❌ No encontrada (será reintentada con lógica mejorada)
2026-07-17 10:29:02,918 [INFO]   ❌ No encontrada (será reintentada con lógica mejorada)
2026-07-17 10:29:04,673 [INFO] [47/400] Trafagal
2026-07-17 10:29:04,870 [INFO]   ❌ No encontrada (será reintentada con lógica mejorada)
2026-07-17 10:29:05,243 [INFO] [46/400] Mirra Sports Event
2026-07-17 10:29:05,273 [INFO] [46/400] COLOMBIANA DE COMERCIO - CORBETA
2026-07-17 10:29:08,599 [INFO]   📍 Nominatim sin resultado, intentando Google Maps...
2026-07-17 10:29:08,746 [INFO] [46/400] FTI CONSULTING COLOMBIA
2026-07-17 10:29:13,729 [INFO]   📍 Nominatim sin resultado, intentando Google Maps...
2026-07-17 10:29:14,796 [INFO]   📍 Nominatim sin resultado, intentando Google Maps...
2026-07-17 10:29:16,820 [INFO]   📍 Nominatim sin resultado, intentando Google Maps...
2026-07-17 10:29:20,277 [INFO]   ❌ No encontrada (será reintentada con lógica mejorada)
2026-07-17 10:29:23,553 [INFO] [45/400] AGROPECUARIA LOS CANTAROS LIMITADA
2026-07-17 10:29:26,610 [INFO]   ❌ No encontrada (será reintentada con lógica mejorada)
2026-07-17 10:29:29,598 [INFO] [48/400] Transportes Marsol S.A.S.
2026-07-17 10:29:31,735 [INFO]   ❌ No encontrada (será reintentada con lógica mejorada)
2026-07-17 10:29:32,803 [INFO]   ❌ No encontrada (será reintentada con lógica mejorada)
2026-07-17 10:29:34,283 [INFO]   📍 Nominatim sin resultado, intentando Google Maps...
2026-07-17 10:29:34,829 [INFO]   ❌ No encontrada (será reintentada con lógica mejorada)
2026-07-17 10:29:34,964 [INFO] [47/400] Mk Marketing
2026-07-17 10:29:34,999 [INFO] [47/400] COLOMBIANA DE COMERCIO - CORBETA
2026-07-17 10:29:38,800 [INFO] [47/400] FTI CONSULTING COLOMBIA
2026-07-17 10:29:38,816 [INFO]   📍 Nominatim sin resultado, intentando Google Maps...
2026-07-17 10:29:44,219 [INFO]   📍 Nominatim sin resultado, intentando Google Maps...
2026-07-17 10:29:44,847 [INFO]   📍 Nominatim sin resultado, intentando Google Maps...
2026-07-17 10:29:47,346 [INFO]   📍 Nominatim sin resultado, intentando Google Maps...
2026-07-17 10:29:52,293 [INFO]   ❌ No encontrada (será reintentada con lógica mejorada)
2026-07-17 10:29:55,155 [INFO] [46/400] AGROPECUARIA SANTACRUZ LIMITADA
2026-07-17 10:29:56,833 [INFO]   ❌ No encontrada (será reintentada con lógica mejorada)
2026-07-17 10:29:58,894 [INFO] [49/400] Trip City
2026-07-17 10:30:02,231 [INFO]   ❌ No encontrada (será reintentada con lógica mejorada)
2026-07-17 10:30:02,858 [INFO]   ❌ No encontrada (será reintentada con lógica mejorada)
2026-07-17 10:30:04,458 [INFO]   📍 Nominatim sin resultado, intentando Google Maps...
2026-07-17 10:30:05,357 [INFO]   ❌ No encontrada (será reintentada con lógica mejorada)
2026-07-17 10:30:05,515 [INFO]   📍 Nominatim sin resultado, intentando Google Maps...
2026-07-17 10:30:05,548 [INFO] [48/400] Morris Conferencing Etc LtD
2026-07-17 10:30:06,007 [INFO] [48/400] COLOMBIANA DE COMERCIO - CORBETA
2026-07-17 10:30:08,485 [INFO] [48/400] FUJIYAMA
2026-07-17 10:30:14,911 [INFO]   📍 Nominatim sin resultado, intentando Google Maps...
2026-07-17 10:30:15,649 [INFO]   📍 Nominatim sin resultado, intentando Google Maps...
2026-07-17 10:30:16,096 [INFO]   📍 Nominatim sin resultado, intentando Google Maps...
2026-07-17 10:30:22,470 [INFO]   ❌ No encontrada (será reintentada con lógica mejorada)
2026-07-17 10:30:23,528 [INFO]   ❌ No encontrada (será reintentada con lógica mejorada)
2026-07-17 10:30:26,123 [INFO] [47/400] AJOVECO SAS
2026-07-17 10:30:26,481 [INFO] [50/400] Tropical Caribbean
2026-07-17 10:30:32,926 [INFO]   ❌ No encontrada (será reintentada con lógica mejorada)
2026-07-17 10:30:32,946 [INFO]   📍 Nominatim sin resultado, intentando Google Maps...
2026-07-17 10:30:33,660 [INFO]   ❌ No encontrada (será reintentada con lógica mejorada)
2026-07-17 10:30:34,189 [INFO]   ❌ No encontrada (será reintentada con lógica mejorada)
2026-07-17 10:30:34,917 [INFO]   📍 Nominatim sin resultado, intentando Google Maps...
2026-07-17 10:30:35,412 [INFO] [49/400] FUNCTIONAL BEVERAGE - HATSU
2026-07-17 10:30:36,027 [INFO] [49/400] Motion & Emotion
2026-07-17 10:30:36,836 [INFO] [49/400] COLOMBIANA DE COMERCIO S.A
2026-07-17 10:30:43,906 [INFO]   📍 Nominatim sin resultado, intentando Google Maps...
2026-07-17 10:30:47,474 [INFO]   📍 Nominatim sin resultado, intentando Google Maps...
2026-07-17 10:30:48,437 [INFO]   📍 Nominatim sin resultado, intentando Google Maps...
2026-07-17 10:30:50,954 [INFO]   ❌ No encontrada (será reintentada con lógica mejorada)
2026-07-17 10:30:52,928 [INFO]   ❌ No encontrada (será reintentada con lógica mejorada)
2026-07-17 10:30:54,784 [INFO] [48/400] AJOVECO SAS
2026-07-17 10:30:56,227 [INFO] [51/400] Tuscany South America
2026-07-17 10:31:01,835 [INFO]   📍 Nominatim sin resultado, intentando Google Maps...
2026-07-17 10:31:01,914 [INFO]   ❌ No encontrada (será reintentada con lógica mejorada)
2026-07-17 10:31:05,482 [INFO]   ❌ No encontrada (será reintentada con lógica mejorada)
2026-07-17 10:31:05,634 [INFO] [50/400] Motivation
2026-07-17 10:31:05,839 [INFO]   📍 Nominatim sin resultado, intentando Google Maps...
2026-07-17 10:31:06,444 [INFO]   ❌ No encontrada (será reintentada con lógica mejorada)
2026-07-17 10:31:08,861 [INFO] [50/400] FUNDACION CLEO
2026-07-17 10:31:08,863 [INFO] [50/400] COLOMBIANA DE TRASPLANTES SAS
2026-07-17 10:31:08,866 [INFO]   📍 Nominatim sin resultado, intentando Google Maps...
2026-07-17 10:31:15,840 [INFO]   📍 Nominatim sin resultado, intentando Google Maps...
2026-07-17 10:31:18,834 [INFO]   📍 Nominatim sin resultado, intentando Google Maps...
2026-07-17 10:31:19,844 [INFO]   ❌ No encontrada (será reintentada con lógica mejorada)
2026-07-17 10:31:23,398 [INFO] [49/400] AKA Sprots & Events
2026-07-17 10:31:23,848 [INFO]   ❌ No encontrada (será reintentada con lógica mejorada)
2026-07-17 10:31:26,611 [INFO] [52/400] Tuvacol
2026-07-17 10:31:26,878 [INFO]   ❌ No encontrada (será reintentada con lógica mejorada)
2026-07-17 10:31:28,897 [INFO] [51/400] Motivation
2026-07-17 10:31:31,543 [INFO]   📍 Nominatim sin resultado, intentando Google Maps...
2026-07-17 10:31:32,844 [INFO]   📍 Nominatim sin resultado, intentando Google Maps...
2026-07-17 10:31:33,527 [INFO]   📍 Nominatim sin resultado, intentando Google Maps...
2026-07-17 10:31:33,846 [INFO]   ❌ No encontrada (será reintentada con lógica mejorada)
2026-07-17 10:31:36,625 [INFO] [51/400] FUNDACIàN TECNALIA C0LOMBIA
2026-07-17 10:31:36,844 [INFO]   ❌ No encontrada (será reintentada con lógica mejorada)
2026-07-17 10:31:40,371 [INFO] [51/400] COLOMBIANA DE TRASPLANTES SAS
2026-07-17 10:31:46,406 [INFO]   📍 Nominatim sin resultado, intentando Google Maps...
2026-07-17 10:31:48,937 [INFO]   📍 Nominatim sin resultado, intentando Google Maps...
2026-07-17 10:31:49,554 [INFO]   ❌ No encontrada (será reintentada con lógica mejorada)
2026-07-17 10:31:50,854 [INFO]   ❌ No encontrada (será reintentada con lógica mejorada)
2026-07-17 10:31:51,537 [INFO]   ❌ No encontrada (será reintentada con lógica mejorada)
2026-07-17 10:31:53,530 [INFO] [52/400] Motomania 
2026-07-17 10:31:54,104 [INFO] [53/400] UGM Ultimate Global Meetings
2026-07-17 10:31:54,868 [INFO] [50/400] AKADEMIKER RESOR
2026-07-17 10:31:55,972 [INFO]   📍 Nominatim sin resultado, intentando Google Maps...
2026-07-17 10:32:03,009 [INFO]   📍 Nominatim sin resultado, intentando Google Maps...
2026-07-17 10:32:04,417 [INFO]   ❌ No encontrada (será reintentada con lógica mejorada)
2026-07-17 10:32:04,755 [INFO]   📍 Nominatim sin resultado, intentando Google Maps...
2026-07-17 10:32:06,946 [INFO]   ❌ No encontrada (será reintentada con lógica mejorada)
2026-07-17 10:32:07,237 [INFO] [52/400] FUNDACIàN TECNALIA C0LOMBIA
2026-07-17 10:32:09,415 [INFO] [52/400] COLOMBIANA DE TRASPLANTES SAS
2026-07-17 10:32:13,982 [INFO]   ❌ No encontrada (será reintentada con lógica mejorada)
2026-07-17 10:32:16,862 [INFO] [53/400] Muebles Jamar
2026-07-17 10:32:17,846 [INFO]   📍 Nominatim sin resultado, intentando Google Maps...
2026-07-17 10:32:18,994 [INFO]   📍 Nominatim sin resultado, intentando Google Maps...
2026-07-17 10:32:21,017 [INFO]   ❌ No encontrada (será reintentada con lógica mejorada)
2026-07-17 10:32:22,759 [INFO]   ❌ No encontrada (será reintentada con lógica mejorada)
2026-07-17 10:32:23,538 [INFO]   📍 Nominatim sin resultado, intentando Google Maps...
2026-07-17 10:32:24,668 [INFO] [54/400] UNIDROGAS
2026-07-17 10:32:25,073 [INFO] [51/400] ALBAROSA S.A.
2026-07-17 10:32:27,539 [INFO]   📍 Nominatim sin resultado, intentando Google Maps...
2026-07-17 10:32:31,538 [INFO]   📍 Nominatim sin resultado, intentando Google Maps...
2026-07-17 10:32:35,854 [INFO]   ❌ No encontrada (será reintentada con lógica mejorada)
2026-07-17 10:32:37,008 [INFO]   ❌ No encontrada (será reintentada con lógica mejorada)
2026-07-17 10:32:38,797 [INFO] [53/400] FUNDACIàN TECNALIA C0LOMBIA
2026-07-17 10:32:39,573 [INFO] [53/400] COLOMBIANA KIMBERLY COLPAPEL
2026-07-17 10:32:41,558 [INFO]   ❌ No encontrada (será reintentada con lógica mejorada)
2026-07-17 10:32:44,942 [INFO] [54/400] Mundo Joven
2026-07-17 10:32:45,557 [INFO]   ❌ No encontrada (será reintentada con lógica mejorada)
2026-07-17 10:32:48,071 [INFO] [55/400] UNIVERSO MASCOTAS
2026-07-17 10:32:49,061 [INFO]   📍 Nominatim sin resultado, intentando Google Maps...
2026-07-17 10:32:49,550 [INFO]   ❌ No encontrada (será reintentada con lógica mejorada)
2026-07-17 10:32:49,755 [INFO]   📍 Nominatim sin resultado, intentando Google Maps...
2026-07-17 10:32:52,250 [INFO] [52/400] ALBIS DONADO & COMPANIA S. EN C.
2026-07-17 10:32:52,271 [INFO]   📍 Nominatim sin resultado, intentando Google Maps...
2026-07-17 10:32:57,936 [INFO]   📍 Nominatim sin resultado, intentando Google Maps...
2026-07-17 10:33:04,837 [INFO]   📍 Nominatim sin resultado, intentando Google Maps...
2026-07-17 10:33:07,073 [INFO]   ❌ No encontrada (será reintentada con lógica mejorada)
2026-07-17 10:33:07,767 [INFO]   ❌ No encontrada (será reintentada con lógica mejorada)
2026-07-17 10:33:09,881 [INFO] [54/400] FUSION perfomance marketing
2026-07-17 10:33:10,281 [INFO]   ❌ No encontrada (será reintentada con lógica mejorada)
2026-07-17 10:33:10,416 [INFO] [54/400] COLOR BLUE
2026-07-17 10:33:13,587 [INFO] [55/400] Mutual of Omaha
2026-07-17 10:33:15,964 [INFO]   ❌ No encontrada (será reintentada con lógica mejorada)
2026-07-17 10:33:17,002 [INFO]   📍 Nominatim sin resultado, intentando Google Maps...
2026-07-17 10:33:18,072 [INFO] [56/400] UPL COLOMBIA SAS
2026-07-17 10:33:19,667 [INFO]   📍 Nominatim sin resultado, intentando Google Maps...
2026-07-17 10:33:20,445 [INFO]   📍 Nominatim sin resultado, intentando Google Maps...
2026-07-17 10:33:22,854 [INFO]   ❌ No encontrada (será reintentada con lógica mejorada)
2026-07-17 10:33:26,431 [INFO] [53/400] ALCA
2026-07-17 10:33:26,817 [INFO]   📍 Nominatim sin resultado, intentando Google Maps...
2026-07-17 10:33:29,940 [INFO]   📍 Nominatim sin resultado, intentando Google Maps...
2026-07-17 10:33:35,013 [INFO]   ❌ No encontrada (será reintentada con lógica mejorada)
2026-07-17 10:33:37,249 [INFO] [55/400] COLQUIMICOS
2026-07-17 10:33:37,676 [INFO]   ❌ No encontrada (será reintentada con lógica mejorada)
2026-07-17 10:33:38,463 [INFO]   ❌ No encontrada (será reintentada con lógica mejorada)
2026-07-17 10:33:40,774 [INFO] [56/400] Myworky
2026-07-17 10:33:40,998 [INFO] [55/400] FUSION perfomance marketing
2026-07-17 10:33:43,106 [INFO]   📍 Nominatim sin resultado, intentando Google Maps...
2026-07-17 10:33:44,828 [INFO]   ❌ No encontrada (será reintentada con lógica mejorada)
2026-07-17 10:33:47,888 [INFO] [57/400] UPL UNIPHOS COLOMBIA -UPL
2026-07-17 10:33:47,949 [INFO]   ❌ No encontrada (será reintentada con lógica mejorada)
2026-07-17 10:33:47,970 [INFO]   📍 Nominatim sin resultado, intentando Google Maps...
2026-07-17 10:33:50,876 [INFO]   📍 Nominatim sin resultado, intentando Google Maps...
2026-07-17 10:33:51,772 [INFO] [54/400] ALCA
2026-07-17 10:33:54,315 [INFO]   📍 Nominatim sin resultado, intentando Google Maps...
2026-07-17 10:33:58,950 [INFO]   📍 Nominatim sin resultado, intentando Google Maps...
2026-07-17 10:34:01,115 [INFO]   ❌ No encontrada (será reintentada con lógica mejorada)
2026-07-17 10:34:03,554 [INFO] [56/400] COLQUIMICOS
2026-07-17 10:34:05,977 [INFO]   ❌ No encontrada (será reintentada con lógica mejorada)
2026-07-17 10:34:08,222 [INFO] [57/400] NAFITH
2026-07-17 10:34:08,884 [INFO]   ❌ No encontrada (será reintentada con lógica mejorada)
2026-07-17 10:34:10,321 [INFO]   📍 Nominatim sin resultado, intentando Google Maps...
2026-07-17 10:34:11,574 [INFO]   📍 Nominatim sin resultado, intentando Google Maps...
2026-07-17 10:34:12,013 [INFO] [56/400] Federacion Colombiana de Golf
2026-07-17 10:34:12,325 [INFO]   ❌ No encontrada (será reintentada con lógica mejorada)
2026-07-17 10:34:16,259 [INFO] [55/400] ALDANA CARBO & CIA. S.C.A.
2026-07-17 10:34:16,960 [INFO]   ❌ No encontrada (será reintentada con lógica mejorada)
2026-07-17 10:34:20,161 [INFO] [58/400] Uniples
2026-07-17 10:34:21,002 [INFO]   📍 Nominatim sin resultado, intentando Google Maps...
2026-07-17 10:34:27,041 [INFO]   📍 Nominatim sin resultado, intentando Google Maps...
2026-07-17 10:34:27,502 [INFO]   📍 Nominatim sin resultado, intentando Google Maps...
2026-07-17 10:34:28,333 [INFO]   ❌ No encontrada (será reintentada con lógica mejorada)
2026-07-17 10:34:29,580 [INFO]   ❌ No encontrada (será reintentada con lógica mejorada)
2026-07-17 10:34:30,699 [INFO] [57/400] COLSUMED E.U.
2026-07-17 10:34:33,012 [INFO] [58/400] NAFITH
2026-07-17 10:34:36,361 [INFO]   📍 Nominatim sin resultado, intentando Google Maps...
2026-07-17 10:34:39,010 [INFO]   ❌ No encontrada (será reintentada con lógica mejorada)
2026-07-17 10:34:40,656 [INFO]   📍 Nominatim sin resultado, intentando Google Maps...
2026-07-17 10:34:41,955 [INFO] [57/400] Federaci¢n	Colombiana	de	Agentes	Log¡sticos en	Com
2026-07-17 10:34:45,065 [INFO]   ❌ No encontrada (será reintentada con lógica mejorada)
2026-07-17 10:34:45,509 [INFO]   ❌ No encontrada (será reintentada con lógica mejorada)
2026-07-17 10:34:47,122 [INFO] [59/400] Unique Attitude Solutions
2026-07-17 10:34:48,037 [INFO] [56/400] ALDEAS INFANTILES SOS
2026-07-17 10:34:53,266 [INFO]   📍 Nominatim sin resultado, intentando Google Maps...
2026-07-17 10:34:54,369 [INFO]   ❌ No encontrada (será reintentada con lógica mejorada)
2026-07-17 10:34:54,880 [INFO]   📍 Nominatim sin resultado, intentando Google Maps...
2026-07-17 10:34:57,360 [INFO] [59/400] NALSANI SAS - TOTTO
2026-07-17 10:34:58,560 [INFO]   📍 Nominatim sin resultado, intentando Google Maps...
2026-07-17 10:34:58,665 [INFO]   ❌ No encontrada (será reintentada con lógica mejorada)
2026-07-17 10:35:01,502 [INFO] [58/400] COMARRICO
2026-07-17 10:35:06,167 [INFO]   📍 Nominatim sin resultado, intentando Google Maps...
2026-07-17 10:35:06,346 [INFO]   📍 Nominatim sin resultado, intentando Google Maps...
2026-07-17 10:35:11,278 [INFO]   ❌ No encontrada (será reintentada con lógica mejorada)
2026-07-17 10:35:12,887 [INFO]   ❌ No encontrada (será reintentada con lógica mejorada)
2026-07-17 10:35:14,237 [INFO] [58/400] Federaci¢n	Colombiana	de	Agentes	Log¡sticos en	Com
2026-07-17 10:35:16,498 [INFO] [60/400] Up and Go Travel
2026-07-17 10:35:16,572 [INFO]   ❌ No encontrada (será reintentada con lógica mejorada)
2026-07-17 10:35:20,327 [INFO] [57/400] ALEMANA AUTOMOTRIZ S.A.
2026-07-17 10:35:21,562 [INFO]   📍 Nominatim sin resultado, intentando Google Maps...
2026-07-17 10:35:24,177 [INFO]   ❌ No encontrada (será reintentada con lógica mejorada)
2026-07-17 10:35:24,356 [INFO]   ❌ No encontrada (será reintentada con lógica mejorada)
2026-07-17 10:35:25,873 [INFO]   📍 Nominatim sin resultado, intentando Google Maps...
2026-07-17 10:35:26,206 [INFO] [60/400] NAVITRANS
2026-07-17 10:35:26,924 [INFO] [59/400] COMBURED
2026-07-17 10:35:28,576 [INFO]   📍 Nominatim sin resultado, intentando Google Maps...
2026-07-17 10:35:31,008 [INFO]   📍 Nominatim sin resultado, intentando Google Maps...
2026-07-17 10:35:34,664 [INFO]   📍 Nominatim sin resultado, intentando Google Maps...
2026-07-17 10:35:39,570 [INFO]   ❌ No encontrada (será reintentada con lógica mejorada)
2026-07-17 10:35:39,572 [INFO]   💾 Checkpoint guardado
2026-07-17 10:35:42,842 [INFO] [61/400] Uromax 3d
2026-07-17 10:35:43,884 [INFO]   ❌ No encontrada (será reintentada con lógica mejorada)
2026-07-17 10:35:46,020 [INFO] [59/400] Federaci¢n Colombiana de Boxeo
2026-07-17 10:35:46,586 [INFO]   ❌ No encontrada (será reintentada con lógica mejorada)
2026-07-17 10:35:46,588 [INFO]   💾 Checkpoint guardado
2026-07-17 10:35:47,944 [INFO]   📍 Nominatim sin resultado, intentando Google Maps...
2026-07-17 10:35:49,018 [INFO]   ❌ No encontrada (será reintentada con lógica mejorada)
2026-07-17 10:35:50,286 [INFO] [61/400] NAVITRANS
2026-07-17 10:35:52,672 [INFO]   ❌ No encontrada (será reintentada con lógica mejorada)
2026-07-17 10:35:52,766 [INFO] [58/400] ALEMSYS S.A.
2026-07-17 10:35:53,120 [INFO]   📍 Nominatim sin resultado, intentando Google Maps...
2026-07-17 10:35:54,813 [INFO] [60/400] COMBURED
2026-07-17 10:35:56,031 [INFO]   📍 Nominatim sin resultado, intentando Google Maps...
2026-07-17 10:35:59,485 [INFO]   📍 Nominatim sin resultado, intentando Google Maps...
2026-07-17 10:36:01,154 [INFO]   📍 Nominatim sin resultado, intentando Google Maps...
2026-07-17 10:36:05,953 [INFO]   ❌ No encontrada (será reintentada con lógica mejorada)
2026-07-17 10:36:09,609 [INFO] [62/400] V.P GLOBAL LTDA                         
2026-07-17 10:36:11,129 [INFO]   ❌ No encontrada (será reintentada con lógica mejorada)
2026-07-17 10:36:13,206 [INFO] [62/400] NECTAR 
2026-07-17 10:36:14,039 [INFO]   ❌ No encontrada (será reintentada con lógica mejorada)
2026-07-17 10:36:16,678 [INFO] [60/400] Federaci¢n Colombiana de Vela
2026-07-17 10:36:17,491 [INFO]   ❌ No encontrada (será reintentada con lógica mejorada)
2026-07-17 10:36:19,163 [INFO]   ❌ No encontrada (será reintentada con lógica mejorada)
2026-07-17 10:36:19,166 [INFO]   💾 Checkpoint guardado
2026-07-17 10:36:20,281 [INFO]   📍 Nominatim sin resultado, intentando Google Maps...
2026-07-17 10:36:21,134 [INFO] [59/400] ALEXANDRA MARGARITA HERNANDEZ GOMEZ S.A.
2026-07-17 10:36:22,107 [INFO]   📍 Nominatim sin resultado, intentando Google Maps...
2026-07-17 10:36:22,690 [INFO] [61/400] COMBUSER PUNTO GAS S.A.
2026-07-17 10:36:25,365 [INFO]   📍 Nominatim sin resultado, intentando Google Maps...
2026-07-17 10:36:30,787 [INFO]   📍 Nominatim sin resultado, intentando Google Maps...
2026-07-17 10:36:38,295 [INFO]   ❌ No encontrada (será reintentada con lógica mejorada)
2026-07-17 10:36:40,116 [INFO]   ❌ No encontrada (será reintentada con lógica mejorada)
2026-07-17 10:36:41,524 [INFO] [63/400] NEILMED LATAM COLOMBIA S.A.S
2026-07-17 10:36:43,381 [INFO]   ❌ No encontrada (será reintentada con lógica mejorada)
2026-07-17 10:36:43,382 [INFO]   💾 Checkpoint guardado
2026-07-17 10:36:43,478 [INFO]   📍 Nominatim sin resultado, intentando Google Maps...
2026-07-17 10:36:43,649 [INFO] [63/400] VALENTONO HOLIDAYS
2026-07-17 10:36:47,295 [INFO] [61/400] Feel Marketing Sensorial SAS
2026-07-17 10:36:48,815 [INFO]   ❌ No encontrada (será reintentada con lógica mejorada)
2026-07-17 10:36:52,596 [INFO] [60/400] ALFONSOEME S.A.
2026-07-17 10:36:52,853 [INFO]   📍 Nominatim sin resultado, intentando Google Maps...
2026-07-17 10:36:53,858 [INFO]   📍 Nominatim sin resultado, intentando Google Maps...
2026-07-17 10:36:56,989 [INFO]   📍 Nominatim sin resultado, intentando Google Maps...
2026-07-17 10:37:01,160 [INFO]   📍 Nominatim sin resultado, intentando Google Maps...
2026-07-17 10:37:01,496 [INFO]   ❌ No encontrada (será reintentada con lógica mejorada)
2026-07-17 10:37:04,882 [INFO] [62/400] COMBUSTIBLES Y CONVERSIONES LA TRINIDAD Y COMPANIA
2026-07-17 10:37:10,870 [INFO]   ❌ No encontrada (será reintentada con lógica mejorada)
2026-07-17 10:37:11,870 [INFO]   ❌ No encontrada (será reintentada con lógica mejorada)
2026-07-17 10:37:13,583 [INFO] [64/400] VARADERO
2026-07-17 10:37:13,899 [INFO] [64/400] NEON Agency
2026-07-17 10:37:14,996 [INFO]   ❌ No encontrada (será reintentada con lógica mejorada)
2026-07-17 10:37:16,950 [INFO]   📍 Nominatim sin resultado, intentando Google Maps...
2026-07-17 10:37:18,300 [INFO] [62/400] Ferrari Crane
2026-07-17 10:37:19,175 [INFO]   ❌ No encontrada (será reintentada con lógica mejorada)
2026-07-17 10:37:19,177 [INFO]   💾 Checkpoint guardado
2026-07-17 10:37:19,665 [INFO]   📍 Nominatim sin resultado, intentando Google Maps...
2026-07-17 10:37:19,855 [INFO]   📍 Nominatim sin resultado, intentando Google Maps...
2026-07-17 10:37:51,872 [INFO] [61/400] ALFREDO DE CASTRO P. & COMPANIA LIMITADA
2026-07-17 10:37:52,366 [INFO]   ❌ No encontrada (será reintentada con lógica mejorada)
2026-07-18 04:30:14,198 [INFO] 
🔹 Retail / Comercio
2026-07-18 04:30:14,200 [INFO]    Total SIN ciudad: 5
2026-07-18 04:30:14,200 [INFO] [1/5] 2CO EVENTS
2026-07-18 04:30:20,831 [INFO]   📍 Nominatim sin resultado, intentando Google Maps...
2026-07-18 04:30:45,846 [INFO]   ❌ No encontrada (será reintentada con lógica mejorada)
2026-07-18 04:30:56,666 [INFO] [2/5] 7BD Broadcast Depot
2026-07-18 04:31:06,454 [INFO]   📍 Nominatim sin resultado, intentando Google Maps...
2026-07-18 04:31:31,461 [INFO]   ❌ No encontrada (será reintentada con lógica mejorada)
2026-07-18 04:31:42,534 [INFO] [3/5] A&R SERVICE PRODUCT
2026-07-18 04:31:50,850 [INFO]   📍 Nominatim sin resultado, intentando Google Maps...
2026-07-18 04:32:15,862 [INFO]   ❌ No encontrada (será reintentada con lógica mejorada)
2026-07-18 04:32:32,061 [INFO] [4/5] A.R. Los Restrepos S.A.
2026-07-18 04:32:44,337 [INFO]   📍 Nominatim sin resultado, intentando Google Maps...
2026-07-18 04:33:09,354 [INFO]   ❌ No encontrada (será reintentada con lógica mejorada)
2026-07-18 04:33:28,036 [INFO] [5/5] A.S. CONSTRUCCIONES LIMITADA
2026-07-18 04:33:38,021 [INFO]   📍 Nominatim sin resultado, intentando Google Maps...
2026-07-18 04:34:03,035 [INFO]   ❌ No encontrada (será reintentada con lógica mejorada)
2026-07-18 04:34:21,916 [INFO] 
   🔄 Segunda pasada: Asignando país a ciudades sin país...
2026-07-18 04:34:21,920 [INFO]    Total CON ciudad, SIN país: 5
2026-07-18 04:34:21,921 [INFO] 
🔹 Salud y Bienestar
2026-07-18 04:34:21,922 [INFO]    Total SIN ciudad: 5
2026-07-18 04:34:21,922 [INFO] [1/5]  Abbott
2026-07-18 04:34:25,105 [INFO]   📍 Nominatim sin resultado, intentando Google Maps...
2026-07-18 04:34:50,116 [INFO]   ❌ No encontrada (será reintentada con lógica mejorada)
2026-07-18 04:35:01,181 [INFO] [2/5] ABBOTT
2026-07-18 04:35:04,601 [INFO]   📍 Nominatim sin resultado, intentando Google Maps...
2026-07-18 04:35:29,611 [INFO]   ❌ No encontrada (será reintentada con lógica mejorada)
2026-07-18 04:35:42,113 [INFO] [3/5] ABBOTT LABORATORIES DE COLOMBIA S.A.
2026-07-18 04:35:53,587 [INFO]   📍 Nominatim sin resultado, intentando Google Maps...
2026-07-18 04:36:18,597 [INFO]   ❌ No encontrada (será reintentada con lógica mejorada)
2026-07-18 04:36:37,084 [INFO] [4/5] ABBOTT LABORATORIES DE COLOMBIA S.A.
2026-07-18 04:36:50,147 [INFO]   📍 Nominatim sin resultado, intentando Google Maps...
2026-07-18 04:37:15,162 [INFO]   ❌ No encontrada (será reintentada con lógica mejorada)
2026-07-18 04:37:27,190 [INFO] [5/5] ABBOTT LABORATORIES DE COLOMBIA S.A.
2026-07-18 04:37:39,267 [INFO]   📍 Nominatim sin resultado, intentando Google Maps...
2026-07-18 04:38:04,283 [INFO]   ❌ No encontrada (será reintentada con lógica mejorada)
2026-07-18 04:38:15,859 [INFO] 
   🔄 Segunda pasada: Asignando país a ciudades sin país...
2026-07-18 04:38:15,863 [INFO]    Total CON ciudad, SIN país: 5
2026-07-18 04:38:15,863 [INFO] [3/5] Boehringer Ingelheim Pharmaceuticals Inc | Ridgefield → País desconocido
2026-07-18 04:38:16,080 [INFO] [4/5] DG INTERNATIONAL | Mesa → País desconocido
2026-07-18 04:38:16,433 [INFO] [5/5] Dubai Department of Tourism and Commerce | New York → País desconocido
2026-07-18 04:38:16,867 [INFO] 
🔹 Industrial / Manufactura
2026-07-18 04:38:16,869 [INFO]    Total SIN ciudad: 5
2026-07-18 04:38:16,869 [INFO] [1/5]  CARIBBEAN SUPPORT
2026-07-18 04:38:25,676 [INFO]   📍 Nominatim sin resultado, intentando Google Maps...
2026-07-18 04:38:50,691 [INFO]   ❌ No encontrada (será reintentada con lógica mejorada)
2026-07-18 04:39:10,696 [INFO] [2/5]  FUNDICIONES D ELIMA S.A
2026-07-18 04:39:22,172 [INFO]   📍 Nominatim sin resultado, intentando Google Maps...
2026-07-18 04:39:47,183 [INFO]   ❌ No encontrada (será reintentada con lógica mejorada)
2026-07-18 04:40:05,256 [INFO] [3/5] 37 Grad Büro für Live-Kommunikation GmbH
2026-07-18 04:40:16,307 [INFO]   📍 Nominatim sin resultado, intentando Google Maps...
2026-07-18 04:40:41,321 [INFO]   ❌ No encontrada (será reintentada con lógica mejorada)
2026-07-18 04:41:01,210 [INFO] [4/5] 911 Produccion de Eventos
2026-07-18 04:41:11,360 [INFO]   📍 Nominatim sin resultado, intentando Google Maps...
2026-07-18 04:41:36,373 [INFO]   ❌ No encontrada (será reintentada con lógica mejorada)
2026-07-18 04:41:53,619 [INFO] [5/5] A & B EQUIPOS UNIDOS S.A.
2026-07-18 04:42:03,443 [INFO]   📍 Nominatim sin resultado, intentando Google Maps...
2026-07-18 04:42:28,449 [INFO]   ❌ No encontrada (será reintentada con lógica mejorada)
2026-07-18 04:42:40,642 [INFO] 
   🔄 Segunda pasada: Asignando país a ciudades sin país...
2026-07-18 04:42:40,647 [INFO]    Total CON ciudad, SIN país: 5
2026-07-18 04:42:40,647 [INFO] [3/5] Avianca | Córdoba → País desconocido
2026-07-18 04:42:40,868 [INFO] [4/5] Business Traveler | Alexandria → País desconocido
2026-07-18 04:42:41,266 [INFO] [5/5] Business Traveler USA | Pompton Plains → País desconocido
2026-07-18 04:42:41,667 [INFO] 
🔹 Hotelería
2026-07-18 04:42:41,668 [INFO]    Total SIN ciudad: 5
2026-07-18 04:42:41,668 [INFO] [1/5] 360 Travel
2026-07-18 04:42:49,144 [INFO]   📍 Nominatim sin resultado, intentando Google Maps...
2026-07-18 04:43:14,156 [INFO]   ❌ No encontrada (será reintentada con lógica mejorada)
2026-07-18 04:43:29,080 [INFO] [2/5] 360 Travel
2026-07-18 04:43:37,236 [INFO]   📍 Nominatim sin resultado, intentando Google Maps...
2026-07-18 04:44:02,247 [INFO]   ❌ No encontrada (será reintentada con lógica mejorada)
2026-07-18 04:44:14,432 [INFO] [3/5] 360°(RELIANZ)
2026-07-18 04:44:22,168 [INFO]   📍 Nominatim sin resultado, intentando Google Maps...
2026-07-18 04:44:47,181 [INFO]   ❌ No encontrada (será reintentada con lógica mejorada)
2026-07-18 04:45:05,541 [INFO] [4/5] 4Minds Eventos e Turismo 
2026-07-18 04:45:15,313 [INFO]   📍 Nominatim sin resultado, intentando Google Maps...
2026-07-18 04:45:40,327 [INFO]   ❌ No encontrada (será reintentada con lógica mejorada)
2026-07-18 04:45:57,953 [INFO] [5/5] A&Z Holidays
2026-07-18 04:46:04,310 [INFO]   📍 Nominatim sin resultado, intentando Google Maps...
2026-07-18 04:46:29,319 [INFO]   ❌ No encontrada (será reintentada con lógica mejorada)
2026-07-18 04:46:40,738 [INFO] 
   🔄 Segunda pasada: Asignando país a ciudades sin país...
2026-07-18 04:46:40,744 [INFO]    Total CON ciudad, SIN país: 5
2026-07-18 04:46:40,744 [INFO] [1/5] Ankua eco hotel | Usiacurí → País desconocido
2026-07-18 04:46:41,018 [INFO] [2/5] Appiah Tours | Las Vegas → País desconocido
2026-07-18 04:46:41,240 [INFO] [3/5] Aviatur | Barranquilla → Colombia ✓
2026-07-18 04:46:41,517 [INFO] [4/5] Byhours | Mexico City → País desconocido
2026-07-18 04:46:41,820 [INFO] [5/5] Byhours | Mexico City → País desconocido
2026-07-18 04:46:42,247 [INFO] 
🔹 Restaurantes y Bares
2026-07-18 04:46:42,249 [INFO]    Total SIN ciudad: 5
2026-07-18 04:46:42,249 [INFO] [1/5]  Tg Ryc Euroamerican Travel Ltd  
2026-07-18 04:46:50,781 [INFO]   📍 Nominatim sin resultado, intentando Google Maps...
2026-07-18 04:47:15,798 [INFO]   ❌ No encontrada (será reintentada con lógica mejorada)
2026-07-18 04:47:25,938 [INFO] [2/5] 8th wave 
2026-07-18 04:47:33,187 [INFO]   📍 Nominatim sin resultado, intentando Google Maps...
2026-07-18 04:47:58,195 [INFO]   ❌ No encontrada (será reintentada con lógica mejorada)
2026-07-18 04:48:09,968 [INFO] [3/5] 8th wave 
2026-07-18 04:48:17,099 [INFO]   📍 Nominatim sin resultado, intentando Google Maps...
2026-07-18 04:48:42,104 [INFO]   ❌ No encontrada (será reintentada con lógica mejorada)
2026-07-18 04:48:53,865 [INFO] [4/5] A Todo Tren Barranquilla S A S
2026-07-18 04:49:01,552 [INFO]   📍 Nominatim sin resultado, intentando Google Maps...
2026-07-18 04:49:26,574 [INFO]   ❌ No encontrada (será reintentada con lógica mejorada)
2026-07-18 04:55:17,377 [INFO] [5/5] A. RAMIREZ ROA LTDA.
2026-07-18 05:15:00,236 [INFO]   📍 Nominatim sin resultado, intentando Google Maps...
2026-07-18 06:45:11,326 [INFO]   ❌ No encontrada (será reintentada con lógica mejorada)
2026-07-18 06:50:48,889 [INFO] 
   🔄 Segunda pasada: Asignando país a ciudades sin país...
2026-07-18 06:50:48,893 [INFO]    Total CON ciudad, SIN país: 5
2026-07-18 06:50:48,893 [INFO] [3/5] American Meetings, Inc (AMI) | Fort Lauderdale → País desconocido
2026-07-18 06:50:49,165 [INFO] [4/5] American Meetings, Inc. | Fort Lauderdale → País desconocido
2026-07-18 06:50:49,568 [INFO] [5/5] Branae | Huntsville → País desconocido
2026-07-18 06:50:49,910 [INFO] 
✅ Completado. Checkpoint guardado.
