2026-06-18 23:29:18,474 [INFO] 🎯 Buscando: 'hoteles' en 'bogota, Colombia'
2026-06-18 23:29:18,475 [INFO] ====== WebDriver manager ======
2026-06-18 23:29:21,693 [INFO] Driver [/Users/danielaamaya/.wdm/drivers/chromedriver/mac-arm64/149.0.7827.155/chromedriver-mac-arm64/chromedriver] found in cache by browser version
2026-06-18 23:29:23,475 [INFO] 
============================================================
2026-06-18 23:29:23,475 [INFO] FASE 1 — GOOGLE MAPS
2026-06-18 23:29:23,475 [INFO] ============================================================
2026-06-18 23:29:23,475 [INFO] 🗺️  Navegando a Maps: https://www.google.com/maps/search/hoteles+en+bogota%2C+Colombia
2026-06-18 23:31:01,506 [INFO]   ✅ Total fichas en Maps: 105
2026-06-18 23:31:01,508 [INFO]   🆕 Links nuevos a procesar: 105
2026-06-18 23:31:01,508 [INFO] 
[Maps 1/105] https://www.google.com/maps/place/Ayllu+Hostel+ye+Kuyay/data=!4m10!3m9!1s0x8e3f9
2026-06-18 23:31:06,292 [INFO] 
[Maps 2/105] https://www.google.com/maps/place/Aerosuites+Silver/data=!4m10!3m9!1s0x8e3f9c98c
2026-06-18 23:31:09,551 [INFO] 
[Maps 3/105] https://www.google.com/maps/place/hotel+teusaquillo/data=!4m10!3m9!1s0x8e3f99833
2026-06-18 23:31:10,570 [INFO]   ✨ Nuevo: hotel teusaquillo
2026-06-18 23:31:12,357 [INFO] 
[Maps 4/105] https://www.google.com/maps/place/Hotel+Santa+Barbara+Real/data=!4m10!3m9!1s0x8e
2026-06-18 23:31:15,791 [INFO] 
[Maps 5/105] https://www.google.com/maps/place/Hotel+Suite+Centro+De+Bogot%C3%A1/data=!4m10!3
2026-06-18 23:31:18,796 [INFO] 
[Maps 6/105] https://www.google.com/maps/place/Hotel+Ocean%C3%ADa+Bogot%C3%A1+-+Museo/data=!4
2026-06-18 23:31:22,691 [INFO] 
[Maps 7/105] https://www.google.com/maps/place/Hilton+Bogot%C3%A1/data=!4m10!3m9!1s0x8e3f9a42
2026-06-18 23:31:26,129 [INFO] 
[Maps 8/105] https://www.google.com/maps/place/Hotel+San+Luis/data=!4m10!3m9!1s0x8e3f9a362d1c
2026-06-18 23:31:27,096 [INFO]   ✨ Nuevo: Hotel San Luis
2026-06-18 23:31:29,131 [INFO] 
[Maps 9/105] https://www.google.com/maps/place/Hotel+de+la+Salle/data=!4m10!3m9!1s0x8e3f9b80e
2026-06-18 23:31:32,040 [INFO] 
[Maps 10/105] https://www.google.com/maps/place/San+Francisco+Hotel/data=!4m10!3m9!1s0x8e3f990
2026-06-18 23:31:33,112 [INFO]   ✨ Nuevo: San Francisco Hotel
2026-06-18 23:31:35,742 [INFO] 
[Maps 11/105] https://www.google.com/maps/place/Bababuy+Hostel/data=!4m10!3m9!1s0x8e3f9c81ebc7
2026-06-18 23:31:39,421 [INFO] 
[Maps 12/105] https://www.google.com/maps/place/Hotel+Bogot%C3%A1+Ltda/data=!4m10!3m9!1s0x8e3f
2026-06-18 23:31:40,415 [INFO]   ✨ Nuevo: Hotel Bogotá Ltda
2026-06-18 23:31:42,215 [INFO] 
[Maps 13/105] https://www.google.com/maps/place/Hotel+Dorado+Plaza+Bogot%C3%A1/data=!4m10!3m9!
2026-06-18 23:31:43,226 [INFO]   ✨ Nuevo: Hotel Dorado Plaza Bogotá
2026-06-18 23:31:45,596 [INFO] 
[Maps 14/105] https://www.google.com/maps/place/Madisson+Inn+Hotel+%26+Luxury+Suites+By+GEH+Su
2026-06-18 23:31:46,758 [INFO]   🔄 Existente actualizado: Madisson Inn Hotel & Luxury Suites By GEH Suites
2026-06-18 23:31:49,096 [INFO] 
[Maps 15/105] https://www.google.com/maps/place/Hostel+FC+Santa+B%C3%A1rbara/data=!4m10!3m9!1s
2026-06-18 23:31:50,104 [INFO]   ✨ Nuevo: Hostel FC Santa Bárbara
2026-06-18 23:31:52,729 [INFO] 
[Maps 16/105] https://www.google.com/maps/place/Fatima+Hostel+Bogota/data=!4m10!3m9!1s0x8e3f99
2026-06-18 23:31:53,790 [INFO]   ✨ Nuevo: Fatima Hostel Bogota
2026-06-18 23:31:55,496 [INFO] 
[Maps 17/105] https://www.google.com/maps/place/Hotel+Bogota+Home/data=!4m10!3m9!1s0x8e3f9bab7
2026-06-18 23:31:56,515 [INFO]   ✨ Nuevo: Hotel Bogota Home
2026-06-18 23:31:59,356 [INFO] 
[Maps 18/105] https://www.google.com/maps/place/Masaya+Hostel+Bogot%C3%A1/data=!4m10!3m9!1s0x8
2026-06-18 23:32:03,073 [INFO] 
[Maps 19/105] https://www.google.com/maps/place/HOTEL+BOGOT%C3%81+LA+EMBAJADA/data=!4m10!3m9!1
2026-06-18 23:32:06,372 [INFO] 
[Maps 20/105] https://www.google.com/maps/place/Las+Aguas+Inner+Experience/data=!4m10!3m9!1s0x
2026-06-18 23:32:07,418 [INFO]   ✨ Nuevo: Las Aguas Inner Experience
2026-06-18 23:32:09,530 [INFO] 
[Maps 21/105] https://www.google.com/maps/place/Usaquen+Station+Hostel/data=!4m10!3m9!1s0x8e3f
2026-06-18 23:32:13,486 [INFO] 
[Maps 22/105] https://www.google.com/maps/place/Hotel+Distrito+ZF/data=!4m10!3m9!1s0x8e3f9d067
2026-06-18 23:32:16,592 [INFO] 
[Maps 23/105] https://www.google.com/maps/place/HOTEL+BOUTIQUE+MARKES/data=!4m10!3m9!1s0x8e3f9
2026-06-18 23:32:17,658 [INFO]   🔄 Existente actualizado: HOTEL BOUTIQUE MARKES
2026-06-18 23:32:19,279 [INFO] 
[Maps 24/105] https://www.google.com/maps/place/Hotel+Silver+Javeriana+By+Hospedium+Bogot%C3%A
2026-06-18 23:32:20,305 [INFO]   🔄 Existente actualizado: Hotel Silver Javeriana By Hospedium Bogotá
2026-06-18 23:32:21,929 [INFO] 
[Maps 25/105] https://www.google.com/maps/place/Hotel+Plaza+Sport/data=!4m10!3m9!1s0x8e3f9beff
2026-06-18 23:32:22,855 [INFO]   🔄 Existente actualizado: Hotel Plaza Sport
2026-06-18 23:32:24,856 [INFO] 
[Maps 26/105] https://www.google.com/maps/place/Hotel+Ariston+Embassy/data=!4m10!3m9!1s0x8e3f9
2026-06-18 23:32:28,568 [INFO] 
[Maps 27/105] https://www.google.com/maps/place/Hotel+La+Gran+Fortaleza/data=!4m10!3m9!1s0x8e3
2026-06-18 23:32:29,565 [INFO]   ✨ Nuevo: Hotel La Gran Fortaleza
2026-06-18 23:32:31,196 [INFO] 
[Maps 28/105] https://www.google.com/maps/place/A+Bogota+On+Holidays/data=!4m10!3m9!1s0x8e3f9b
2026-06-18 23:32:34,627 [INFO] 
[Maps 29/105] https://www.google.com/maps/place/STAY+IN+BOGOT%C3%81/data=!4m10!3m9!1s0x8e3f9d2
2026-06-18 23:32:39,399 [INFO] 
[Maps 30/105] https://www.google.com/maps/place/Hotel+Colonial+Internacional/data=!4m10!3m9!1s
2026-06-18 23:32:40,395 [INFO]   ✨ Nuevo: Hotel Colonial Internacional
2026-06-18 23:32:42,619 [INFO] 
[Maps 31/105] https://www.google.com/maps/place/Casa+Quinta+Hotel+Embajada/data=!4m10!3m9!1s0x
2026-06-18 23:32:46,758 [INFO] 
[Maps 32/105] https://www.google.com/maps/place/Hotel+Casa+Sabelle/data=!4m10!3m9!1s0x8e3f9984
2026-06-18 23:32:49,512 [INFO] 
[Maps 33/105] https://www.google.com/maps/place/Hotel+Montecarlo+Boutique/data=!4m10!3m9!1s0x8
2026-06-18 23:32:50,596 [INFO]   🔄 Existente actualizado: Hotel Montecarlo Boutique
2026-06-18 23:32:53,152 [INFO] 
[Maps 34/105] https://www.google.com/maps/place/BogoRooms+Av.+Suba+116/data=!4m10!3m9!1s0x8e3f
2026-06-18 23:32:54,101 [INFO]   ✨ Nuevo: BogoRooms Av. Suba 116
2026-06-18 23:32:56,048 [INFO] 
[Maps 35/105] https://www.google.com/maps/place/Hotel+De+Pel%C3%ADcula/data=!4m10!3m9!1s0x8e3f
2026-06-18 23:32:59,313 [INFO] 
[Maps 36/105] https://www.google.com/maps/place/Bogot%C3%A1+Kings+Engativa/data=!4m10!3m9!1s0x
2026-06-18 23:33:00,286 [INFO]   ✨ Nuevo: Bogotá Kings Engativa
2026-06-18 23:33:02,792 [INFO] 
[Maps 37/105] https://www.google.com/maps/place/Estad%C3%ADa+El+Dorado/data=!4m10!3m9!1s0x8e3f
2026-06-18 23:33:06,649 [INFO] 
[Maps 38/105] https://www.google.com/maps/place/Apartahotel+Victoria+In/data=!4m10!3m9!1s0x8e3
2026-06-18 23:33:09,329 [INFO] 
[Maps 39/105] https://www.google.com/maps/place/EXPOSTAY+HOTEL+CORFERIAS,+BOGOTA/data=!4m10!3m
2026-06-18 23:33:13,066 [INFO] 
[Maps 40/105] https://www.google.com/maps/place/Black+Tower+Premium+Hotel+Bogota+Corferias/dat
2026-06-18 23:33:13,982 [INFO]   ✨ Nuevo: Black Tower Premium Hotel Bogota Corferias
2026-06-18 23:33:16,504 [INFO] 
[Maps 41/105] https://www.google.com/maps/place/Hotel+Grand+Park/data=!4m10!3m9!1s0x8e3f9998f6
2026-06-18 23:33:20,243 [INFO] 
[Maps 42/105] https://www.google.com/maps/place/Hotel+Habitel+Select/data=!4m10!3m9!1s0x8e3f9c
2026-06-18 23:33:21,185 [INFO]   ✨ Nuevo: Hotel Habitel Select
2026-06-18 23:33:22,722 [INFO] 
[Maps 43/105] https://www.google.com/maps/place/Mercure+Bogot%C3%A1+Calle+100/data=!4m10!3m9!1
2026-06-18 23:33:26,652 [INFO] 
[Maps 44/105] https://www.google.com/maps/place/Hotel+Ibis+Bogot%C3%A1+Museo/data=!4m10!3m9!1s
2026-06-18 23:33:27,580 [INFO]   🔄 Existente actualizado: Hotel Ibis Bogotá Museo
2026-06-18 23:33:30,465 [INFO] 
[Maps 45/105] https://www.google.com/maps/place/Grand+Hyatt+%7C+Bogot%C3%A1/data=!4m10!3m9!1s0
2026-06-18 23:33:34,390 [INFO] 
[Maps 46/105] https://www.google.com/maps/place/Hotel+Tower/data=!4m10!3m9!1s0x8e3f9bc8c0080de
2026-06-18 23:33:37,536 [INFO] 
[Maps 47/105] https://www.google.com/maps/place/Hotel+Santiago+Plaza/data=!4m10!3m9!1s0x8e3f9b
2026-06-18 23:33:40,227 [INFO] 
[Maps 48/105] https://www.google.com/maps/place/Fairfield+by+Marriott+Bogota+Embajada/data=!4m
2026-06-18 23:33:46,172 [INFO] 
[Maps 49/105] https://www.google.com/maps/place/Hotel+Virrey+Central/data=!4m10!3m9!1s0x8e3f9c
2026-06-18 23:33:49,066 [INFO] 
[Maps 50/105] https://www.google.com/maps/place/Radisson+Bogota+Metrotel/data=!4m10!3m9!1s0x8e
2026-06-18 23:33:52,374 [INFO] 
[Maps 51/105] https://www.google.com/maps/place/Hotel+F%C3%A9nix+Real/data=!4m10!3m9!1s0x8e3f9
2026-06-18 23:33:55,895 [INFO] 
[Maps 52/105] https://www.google.com/maps/place/Prisma+Hostel/data=!4m10!3m9!1s0x8e3f99a61bc6f
2026-06-18 23:33:58,430 [INFO] 
[Maps 53/105] https://www.google.com/maps/place/Hotel+Urban+Center+Bogota/data=!4m10!3m9!1s0x8
2026-06-18 23:33:59,407 [INFO]   ✨ Nuevo: Hotel Urban Center Bogota
2026-06-18 23:34:01,596 [INFO] 
[Maps 54/105] https://www.google.com/maps/place/City+Express+Junior+by+Marriott+Bogota+Aeropue
2026-06-18 23:34:02,561 [INFO]   🔄 Existente actualizado: City Express Junior by Marriott Bogota Aeropuerto
2026-06-18 23:34:04,960 [INFO] 
[Maps 55/105] https://www.google.com/maps/place/Hotel+Casa+Paulina/data=!4m10!3m9!1s0x8e3f9a48
2026-06-18 23:34:07,450 [INFO] 
[Maps 56/105] https://www.google.com/maps/place/Ayenda+Calle+112+1050/data=!4m10!3m9!1s0x8e3f9
2026-06-18 23:34:08,364 [INFO]   🔄 Existente actualizado: Ayenda Calle 112 1050
2026-06-18 23:34:10,383 [INFO] 
[Maps 57/105] https://www.google.com/maps/place/Lavid+hotel+palacio+real/data=!4m10!3m9!1s0x8e
2026-06-18 23:34:14,003 [INFO] 
[Maps 58/105] https://www.google.com/maps/place/Villa+Suite+Emanuel/data=!4m10!3m9!1s0x8e3f854
2026-06-18 23:34:16,932 [INFO] 
[Maps 59/105] https://www.google.com/maps/place/Hotel+bh+Usaquen/data=!4m10!3m9!1s0x8e3f9aa840
2026-06-18 23:34:20,008 [INFO] 
[Maps 60/105] https://www.google.com/maps/place/Hotel+Casa+La+Riviera/data=!4m10!3m9!1s0x8e3f9
2026-06-18 23:34:22,721 [INFO] 
[Maps 61/105] https://www.google.com/maps/place/Windsor+House+By+GEH+Suites/data=!4m10!3m9!1s0
2026-06-18 23:34:26,083 [INFO] 
[Maps 62/105] https://www.google.com/maps/place/Hotel+CGH+Bogot%C3%A1+Airport/data=!4m10!3m9!1
2026-06-18 23:34:26,976 [INFO]   ✨ Nuevo: Hotel CGH Bogotá Airport
2026-06-18 23:34:29,113 [INFO] 
[Maps 63/105] https://www.google.com/maps/place/hotel+los+balcones/data=!4m10!3m9!1s0x8e3f9c62
2026-06-18 23:34:30,056 [INFO]   ✨ Nuevo: hotel los balcones
2026-06-18 23:34:31,851 [INFO] 
[Maps 64/105] https://www.google.com/maps/place/HOTEL+RADEL+SUPERIOR/data=!4m10!3m9!1s0x8e3f9b
2026-06-18 23:34:35,467 [INFO] 
[Maps 65/105] https://www.google.com/maps/place/Blu+Inn+Hotel/data=!4m10!3m9!1s0x8e3f9bd96cb0f
2026-06-18 23:34:36,381 [INFO]   ✨ Nuevo: Blu Inn Hotel
2026-06-18 23:34:38,504 [INFO] 
[Maps 66/105] https://www.google.com/maps/place/Casa+Bella+Vista/data=!4m10!3m9!1s0x8e3f9baae4
2026-06-18 23:34:41,399 [INFO] 
[Maps 67/105] https://www.google.com/maps/place/Hotel+Charlotte+Plaza+26+Bogot%C3%A1/data=!4m1
2026-06-18 23:34:42,326 [INFO]   ✨ Nuevo: Hotel Charlotte Plaza 26 Bogotá
2026-06-18 23:34:44,451 [INFO] 
[Maps 68/105] https://www.google.com/maps/place/Hotel+Dann+Carlton+Bogot%C3%A1/data=!4m10!3m9!
2026-06-18 23:34:45,480 [INFO]   ✨ Nuevo: Hotel Dann Carlton Bogotá
2026-06-18 23:34:47,413 [INFO] 
[Maps 69/105] https://www.google.com/maps/place/Hospedaje+Sary+house/data=!4m10!3m9!1s0x8e3f9a
2026-06-18 23:34:51,099 [INFO] 
[Maps 70/105] https://www.google.com/maps/place/DoubleTree+by+Hilton+Bogota+Salitre+AR/data=!4
2026-06-18 23:34:51,979 [INFO]   🔄 Existente actualizado: DoubleTree by Hilton Bogota Salitre AR
2026-06-18 23:34:54,146 [INFO] 
[Maps 71/105] https://www.google.com/maps/place/Hostal+C.Q.+Chapinero/data=!4m10!3m9!1s0x8e3f9
2026-06-18 23:34:55,033 [INFO]   ✨ Nuevo: Hostal C.Q. Chapinero
2026-06-18 23:34:57,371 [INFO] 
[Maps 72/105] https://www.google.com/maps/place/Yachi+Hostel+ye+Kuyay/data=!4m10!3m9!1s0x8e3f9
2026-06-18 23:34:58,270 [INFO]   🔄 Existente actualizado: Yachi Hostel ye Kuyay
2026-06-18 23:35:00,948 [INFO] 
[Maps 73/105] https://www.google.com/maps/place/Trip+Monkey+Chapinero/data=!4m10!3m9!1s0x8e3f9
2026-06-18 23:35:01,900 [INFO]   🔄 Existente actualizado: Trip Monkey Chapinero
2026-06-18 23:35:04,175 [INFO] 
[Maps 74/105] https://www.google.com/maps/place/BLUE+SUITES+HOTEL/data=!4m10!3m9!1s0x8e3f9a971
2026-06-18 23:35:08,046 [INFO] 
[Maps 75/105] https://www.google.com/maps/place/82+Hostel+Bogota/data=!4m10!3m9!1s0x8e3f9af5de
2026-06-18 23:35:16,977 [INFO] 
[Maps 76/105] https://www.google.com/maps/place/Wyndham+Bogot%C3%A1/data=!4m10!3m9!1s0x8e3f9bc
2026-06-18 23:35:24,362 [INFO] 
[Maps 77/105] https://www.google.com/maps/place/Hotel+Picasso+Inn/data=!4m10!3m9!1s0x8e3f85480
2026-06-18 23:35:30,027 [INFO]   ✨ Nuevo: Hotel Picasso Inn
2026-06-18 23:35:32,969 [INFO] 
[Maps 78/105] https://www.google.com/maps/place/HOTEL+EMBAJADA+USA/data=!4m10!3m9!1s0x8e3f9bc3
2026-06-18 23:35:40,314 [INFO] 
[Maps 79/105] https://www.google.com/maps/place/Hotel+Primitivo+Usaqu%C3%A9n/data=!4m10!3m9!1s
2026-06-18 23:35:54,343 [WARNING]   ⚠️ Error cargando ficha: Message: 
Stacktrace:
0   chromedriver                        0x0000000102ba71e4 cxxbridge1$str$ptr + 3175992
1   chromedriver                        0x0000000102b9f2ac cxxbridge1$str$ptr + 3143424
2   chromedriver                        0x000000010264f374 _RNvCs9NA52FrZ4pF_7___rustc35___rust_no_alloc_shim_is_unstable_v2 + 74080
3   chromedriver                        0x0000000102697964 _RNvCs9NA52FrZ4pF_7___rustc35___rust_no_alloc_shim_is_unstable_v2 + 370512
4   chromedriver                        0x00000001026d6f4c _RNvCs9NA52FrZ4pF_7___rustc35___rust_no_alloc_shim_is_unstable_v2 + 630072
5   chromedriver                        0x000000010268d354 _RNvCs9NA52FrZ4pF_7___rustc35___rust_no_alloc_shim_is_unstable_v2 + 328000
6   chromedriver                        0x0000000102b65370 cxxbridge1$str$ptr + 2906052
7   chromedriver                        0x0000000102b68af0 cxxbridge1$str$ptr + 2920260
8   chromedriver                        0x0000000102b4c2b0 cxxbridge1$str$ptr + 2803460
9   chromedriver                        0x0000000102b69384 cxxbridge1$str$ptr + 2922456
10  chromedriver                        0x0000000102b3d7d0 cxxbridge1$str$ptr + 2743332
11  chromedriver                        0x0000000102b8e24c cxxbridge1$str$ptr + 3073696
12  chromedriver                        0x0000000102b8e3ac cxxbridge1$str$ptr + 3074048
13  chromedriver                        0x0000000102b9ef04 cxxbridge1$str$ptr + 3142488
14  libsystem_pthread.dylib             0x000000018a435c58 _pthread_start + 136
15  libsystem_pthread.dylib             0x000000018a430c1c thread_start + 8

2026-06-18 23:35:54,344 [INFO] 
[Maps 80/105] https://www.google.com/maps/place/Hotel+Egina+Bogot%C3%A1/data=!4m10!3m9!1s0x8e3
2026-06-18 23:36:07,396 [WARNING]   ⚠️ Error cargando ficha: Message: 
Stacktrace:
0   chromedriver                        0x0000000102ba71e4 cxxbridge1$str$ptr + 3175992
1   chromedriver                        0x0000000102b9f2ac cxxbridge1$str$ptr + 3143424
2   chromedriver                        0x000000010264f374 _RNvCs9NA52FrZ4pF_7___rustc35___rust_no_alloc_shim_is_unstable_v2 + 74080
3   chromedriver                        0x0000000102697964 _RNvCs9NA52FrZ4pF_7___rustc35___rust_no_alloc_shim_is_unstable_v2 + 370512
4   chromedriver                        0x00000001026d6f4c _RNvCs9NA52FrZ4pF_7___rustc35___rust_no_alloc_shim_is_unstable_v2 + 630072
5   chromedriver                        0x000000010268d354 _RNvCs9NA52FrZ4pF_7___rustc35___rust_no_alloc_shim_is_unstable_v2 + 328000
6   chromedriver                        0x0000000102b65370 cxxbridge1$str$ptr + 2906052
7   chromedriver                        0x0000000102b68af0 cxxbridge1$str$ptr + 2920260
8   chromedriver                        0x0000000102b4c2b0 cxxbridge1$str$ptr + 2803460
9   chromedriver                        0x0000000102b69384 cxxbridge1$str$ptr + 2922456
10  chromedriver                        0x0000000102b3d7d0 cxxbridge1$str$ptr + 2743332
11  chromedriver                        0x0000000102b8e24c cxxbridge1$str$ptr + 3073696
12  chromedriver                        0x0000000102b8e3ac cxxbridge1$str$ptr + 3074048
13  chromedriver                        0x0000000102b9ef04 cxxbridge1$str$ptr + 3142488
14  libsystem_pthread.dylib             0x000000018a435c58 _pthread_start + 136
15  libsystem_pthread.dylib             0x000000018a430c1c thread_start + 8

2026-06-18 23:36:07,396 [INFO] 
[Maps 81/105] https://www.google.com/maps/place/Hotel+Central+House+Bogot%C3%A1/data=!4m10!3m9
2026-06-18 23:36:20,548 [WARNING]   ⚠️ Error cargando ficha: Message: 
Stacktrace:
0   chromedriver                        0x0000000102ba71e4 cxxbridge1$str$ptr + 3175992
1   chromedriver                        0x0000000102b9f2ac cxxbridge1$str$ptr + 3143424
2   chromedriver                        0x000000010264f374 _RNvCs9NA52FrZ4pF_7___rustc35___rust_no_alloc_shim_is_unstable_v2 + 74080
3   chromedriver                        0x0000000102697964 _RNvCs9NA52FrZ4pF_7___rustc35___rust_no_alloc_shim_is_unstable_v2 + 370512
4   chromedriver                        0x00000001026d6f4c _RNvCs9NA52FrZ4pF_7___rustc35___rust_no_alloc_shim_is_unstable_v2 + 630072
5   chromedriver                        0x000000010268d354 _RNvCs9NA52FrZ4pF_7___rustc35___rust_no_alloc_shim_is_unstable_v2 + 328000
6   chromedriver                        0x0000000102b65370 cxxbridge1$str$ptr + 2906052
7   chromedriver                        0x0000000102b68af0 cxxbridge1$str$ptr + 2920260
8   chromedriver                        0x0000000102b4c2b0 cxxbridge1$str$ptr + 2803460
9   chromedriver                        0x0000000102b69384 cxxbridge1$str$ptr + 2922456
10  chromedriver                        0x0000000102b3d7d0 cxxbridge1$str$ptr + 2743332
11  chromedriver                        0x0000000102b8e24c cxxbridge1$str$ptr + 3073696
12  chromedriver                        0x0000000102b8e3ac cxxbridge1$str$ptr + 3074048
13  chromedriver                        0x0000000102b9ef04 cxxbridge1$str$ptr + 3142488
14  libsystem_pthread.dylib             0x000000018a435c58 _pthread_start + 136
15  libsystem_pthread.dylib             0x000000018a430c1c thread_start + 8

2026-06-18 23:36:20,550 [INFO] 
[Maps 82/105] https://www.google.com/maps/place/Hostel+Joy+Calle+85/data=!4m10!3m9!1s0x8e3f9af
2026-06-18 23:36:31,422 [INFO] 
[Maps 83/105] https://www.google.com/maps/place/Hotel+Artistico/data=!4m10!3m9!1s0x8e3f99a1a3b
2026-06-18 23:36:32,414 [INFO]   ✨ Nuevo: Hotel Artistico
2026-06-18 23:36:35,388 [INFO] 
[Maps 84/105] https://www.google.com/maps/place/Ayenda+Gold+House/data=!4m10!3m9!1s0x8e3f9b735
2026-06-18 23:36:39,254 [INFO] 
[Maps 85/105] https://www.google.com/maps/place/Niza+Colonial/data=!4m10!3m9!1s0x8e3f8529bad95
2026-06-18 23:36:43,042 [INFO] 
[Maps 86/105] https://www.google.com/maps/place/QO97+By+Jalo/data=!4m10!3m9!1s0x8e3f9b00128a8e
2026-06-18 23:36:43,967 [INFO]   ✨ Nuevo: QO97 By Jalo
2026-06-18 23:36:46,308 [INFO] 
[Maps 87/105] https://www.google.com/maps/place/Hotel+Lancaster+House+Suites/data=!4m10!3m9!1s
2026-06-18 23:36:50,106 [INFO] 
[Maps 88/105] https://www.google.com/maps/place/Casahotel+Sport+and+Family/data=!4m10!3m9!1s0x
2026-06-18 23:36:51,162 [INFO]   ✨ Nuevo: Casahotel Sport and Family
2026-06-18 23:36:54,040 [INFO] 
[Maps 89/105] https://www.google.com/maps/place/Hotel+Bogota+Suites/data=!4m10!3m9!1s0x8e3f99d
2026-06-18 23:36:54,953 [INFO]   ✨ Nuevo: Hotel Bogota Suites
2026-06-18 23:36:57,646 [INFO] 
[Maps 90/105] https://www.google.com/maps/place/Bogot%C3%A1+Plaza+Hotel/data=!4m10!3m9!1s0x8e3
2026-06-18 23:36:58,628 [INFO]   ✨ Nuevo: Bogotá Plaza Hotel
2026-06-18 23:37:00,841 [INFO] 
[Maps 91/105] https://www.google.com/maps/place/CASA+30/data=!4m10!3m9!1s0x8e3f9b006c92fd7f:0x
2026-06-18 23:37:01,722 [INFO]   ✨ Nuevo: CASA 30
2026-06-18 23:37:03,450 [INFO] 
[Maps 92/105] https://www.google.com/maps/place/Hotel+Arena+Suites+Bogota/data=!4m10!3m9!1s0x8
2026-06-18 23:37:06,266 [INFO] 
[Maps 93/105] https://www.google.com/maps/place/ESTELAR+Suites+Jones+Hotel/data=!4m10!3m9!1s0x
2026-06-18 23:37:07,641 [INFO]   ✨ Nuevo: ESTELAR Suites Jones Hotel
2026-06-18 23:37:09,822 [INFO] 
[Maps 94/105] https://www.google.com/maps/place/Viajero+Bogota+Hostel+%26+Spa/data=!4m10!3m9!1
2026-06-18 23:37:13,457 [INFO] 
[Maps 95/105] https://www.google.com/maps/place/Embassy+On+Holidays/data=!4m10!3m9!1s0x8e3f9bd
2026-06-18 23:37:16,625 [INFO] 
[Maps 96/105] https://www.google.com/maps/place/Urban+Heights+Bogota+-+Habitaciones+%26+aparta
2026-06-18 23:37:17,573 [INFO]   🔄 Existente actualizado: Urban Heights Bogota - Habitaciones & apartasuites
2026-06-18 23:37:19,529 [INFO] 
[Maps 97/105] https://www.google.com/maps/place/Casa+Bianca/data=!4m10!3m9!1s0x8e3f9b75d42c7dd
2026-06-18 23:37:22,848 [INFO] 
[Maps 98/105] https://www.google.com/maps/place/Hotel+HTL/data=!4m10!3m9!1s0x8e3f99a05180ef29:
2026-06-18 23:37:26,778 [INFO] 
[Maps 99/105] https://www.google.com/maps/place/San+Sebastian+Bogot%C3%A1/data=!4m10!3m9!1s0x8
2026-06-18 23:37:27,736 [INFO]   ✨ Nuevo: San Sebastian Bogotá
2026-06-18 23:37:29,786 [INFO] 
[Maps 100/105] https://www.google.com/maps/place/Hotel+City+Bog+Expo+Museo/data=!4m10!3m9!1s0x8
2026-06-18 23:37:32,965 [INFO] 
[Maps 101/105] https://www.google.com/maps/place/Hotel+Los+Cerros+de+Bogot%C3%A1/data=!4m10!3m9
2026-06-18 23:37:33,923 [INFO]   ✨ Nuevo: Hotel Los Cerros de Bogotá
2026-06-18 23:37:35,554 [INFO] 
[Maps 102/105] https://www.google.com/maps/place/HOTEL+EL+SOL+BOGOTA/data=!4m10!3m9!1s0x8e3f990
2026-06-18 23:37:38,643 [INFO] 
[Maps 103/105] https://www.google.com/maps/place/Hotel+West+Inn/data=!4m10!3m9!1s0x8e3f9d046fea
2026-06-18 23:37:39,691 [INFO]   ✨ Nuevo: Hotel West Inn
2026-06-18 23:37:42,204 [INFO] 
[Maps 104/105] https://www.google.com/maps/place/GHL+Hotel+Capital/data=!4m10!3m9!1s0x8e3f9b9a6
2026-06-18 23:37:46,161 [INFO] 
[Maps 105/105] https://www.google.com/maps/place/Hotel+Portofino/data=!4m10!3m9!1s0x8e3f98d416f
2026-06-18 23:37:48,597 [INFO] 
✅ Fase Maps completada. Nuevos guardados: 102
2026-06-18 23:37:48,597 [INFO] 
============================================================
2026-06-18 23:37:48,597 [INFO] FASE 2 — BÚSQUEDA DE EMAILS
2026-06-18 23:37:48,597 [INFO] ============================================================
2026-06-18 23:37:48,599 [INFO] 
============================================================
2026-06-18 23:37:48,599 [INFO] FASE EMAIL
2026-06-18 23:37:48,600 [INFO] Sin email en BD   : 61
2026-06-18 23:37:48,600 [INFO] Ya procesados     : 0
2026-06-18 23:37:48,600 [INFO] Pendientes        : 61
2026-06-18 23:37:48,600 [INFO] ============================================================
2026-06-18 23:37:48,600 [INFO] 🌐 Cargando Google para establecer sesión...
2026-06-18 23:38:08,360 [INFO] 
[Email 1/61] Barranquilla Marriott Hotel (Barranquilla)
2026-06-18 23:38:08,361 [INFO]   🌐 (a) Scraping web conocida: https://www.marriott.com/en-us/hotels/baqmc-barranquilla-marriott-hotel/overview/?scid=f2ae0541-1279-4f24-b197-a979c79310b0
2026-06-18 23:38:13,083 [INFO]   🔍 (b) DDG: "Barranquilla Marriott Hotel" Barranquilla email contacto
2026-06-18 23:38:13,657 [INFO] response: https://www.bing.com/search?q=%22Barranquilla+Marriott+Hotel%22+Barranquilla+email+contacto 200
2026-06-18 23:38:18,065 [INFO]   🔍 (b) DDG: "Barranquilla Marriott Hotel" Barranquilla correo reservas
2026-06-18 23:38:18,441 [INFO] response: https://www.bing.com/search?q=%22Barranquilla+Marriott+Hotel%22+Barranquilla+correo+reservas 200
2026-06-18 23:38:22,518 [INFO]   🔍 (b) DDG: "Barranquilla Marriott Hotel" colombia "@"
2026-06-18 23:38:22,829 [INFO] response: https://www.bing.com/search?q=%22Barranquilla+Marriott+Hotel%22+colombia+%22%40%22 200
2026-06-18 23:38:25,924 [INFO]   🌐 (b) Visitando DDG: https://www.barranquilla.gov.co/descubre/conoce-a-barranquilla/informa
2026-06-18 23:38:29,118 [INFO]   🌐 (b) Visitando DDG: https://www.tripadvisor.co/Attractions-g297473-Activities-Barranquilla
2026-06-18 23:38:31,801 [INFO]   🌐 (b) Visitando DDG: https://www.barranquilla.gov.co/descubre
2026-06-18 23:38:33,874 [INFO]   🔗 (c) LinkedIn DDG
2026-06-18 23:38:33,874 [INFO]   🔗 LinkedIn DDG: "Barranquilla Marriott Hotel" Barranquilla site:linkedin.com/company
2026-06-18 23:38:34,188 [INFO] response: https://www.bing.com/search?q=%22Barranquilla+Marriott+Hotel%22+Barranquilla+site%3Alinkedin.com%2Fcompany 200
2026-06-18 23:38:35,137 [INFO] response: https://www.bing.com/search?q=%22Barranquilla+Marriott+Hotel%22+Barranquilla+site%3Alinkedin.com%2Fcompany&first=11&FORM=PERE 200
2026-06-18 23:38:36,120 [INFO] response: https://www.bing.com/search?q=%22Barranquilla+Marriott+Hotel%22+Barranquilla+site%3Alinkedin.com%2Fcompany&first=21&FORM=PERE1 200
2026-06-18 23:38:37,111 [INFO] response: https://www.bing.com/search?q=%22Barranquilla+Marriott+Hotel%22+Barranquilla+site%3Alinkedin.com%2Fcompany&first=31&FORM=PERE2 200
2026-06-18 23:38:38,122 [INFO] response: https://www.bing.com/search?q=%22Barranquilla+Marriott+Hotel%22+Barranquilla+site%3Alinkedin.com%2Fcompany&first=41&FORM=PERE3 200
2026-06-18 23:38:42,541 [INFO]   🔍 (d) Google: "Barranquilla Marriott Hotel" Barranquilla email contacto
2026-06-18 23:38:57,823 [WARNING] ⚠️  Google CAPTCHA detectado. Resuélvelo en el navegador y presiona Enter.
2026-06-18 23:40:48,260 [INFO]   ✅ Email en SERP (google): mhrs.baqmc.reservations@marriott.com
2026-06-18 23:40:53,719 [INFO] 
[Email 2/61] Hotel Oceanía Bogotá - Museo (Bogota)
2026-06-18 23:40:53,720 [INFO]   🌐 (a) Scraping web conocida: http://hoteloceaniabogota.com/
2026-06-18 23:41:06,812 [INFO]   🔍 (b) DDG: "Hotel Oceanía Bogotá - Museo" Bogota email contacto
2026-06-18 23:41:07,133 [INFO] response: https://www.bing.com/search?q=%22Hotel+Ocean%C3%ADa+Bogot%C3%A1+-+Museo%22+Bogota+email+contacto 200
2026-06-18 23:41:10,068 [INFO]   🔍 (b) DDG: "Hotel Oceanía Bogotá - Museo" Bogota correo reservas
2026-06-18 23:41:10,483 [INFO] response: https://www.bing.com/search?q=%22Hotel+Ocean%C3%ADa+Bogot%C3%A1+-+Museo%22+Bogota+correo+reservas 200
2026-06-18 23:41:13,327 [INFO]   🔍 (b) DDG: "Hotel Oceanía Bogotá - Museo" colombia "@"
2026-06-18 23:41:13,649 [INFO] response: https://www.bing.com/search?q=%22Hotel+Ocean%C3%ADa+Bogot%C3%A1+-+Museo%22+colombia+%22%40%22 200
2026-06-18 23:41:18,211 [INFO]   🌐 (b) Visitando DDG: https://www.elsanjuanhotel.com/
2026-06-18 23:41:43,226 [INFO]   🔗 (c) LinkedIn DDG
2026-06-18 23:41:43,226 [INFO]   🔗 LinkedIn DDG: "Hotel Oceanía Bogotá - Museo" Bogota site:linkedin.com/company
2026-06-18 23:41:43,518 [INFO] response: https://www.bing.com/search?q=%22Hotel+Ocean%C3%ADa+Bogot%C3%A1+-+Museo%22+Bogota+site%3Alinkedin.com%2Fcompany 200
2026-06-18 23:41:44,545 [INFO] response: https://www.bing.com/search?q=%22Hotel+Ocean%C3%ADa+Bogot%C3%A1+-+Museo%22+Bogota+site%3Alinkedin.com%2Fcompany&first=11&FORM=PERE 200
2026-06-18 23:41:45,674 [INFO] response: https://www.bing.com/search?q=%22Hotel+Ocean%C3%ADa+Bogot%C3%A1+-+Museo%22+Bogota+site%3Alinkedin.com%2Fcompany&first=21&FORM=PERE1 200
2026-06-18 23:41:46,652 [INFO] response: https://www.bing.com/search?q=%22Hotel+Ocean%C3%ADa+Bogot%C3%A1+-+Museo%22+Bogota+site%3Alinkedin.com%2Fcompany&first=31&FORM=PERE2 200
2026-06-18 23:41:47,705 [INFO] response: https://www.bing.com/search?q=%22Hotel+Ocean%C3%ADa+Bogot%C3%A1+-+Museo%22+Bogota+site%3Alinkedin.com%2Fcompany&first=41&FORM=PERE3 200
2026-06-18 23:41:50,558 [INFO]   🔍 (d) Google: "Hotel Oceanía Bogotá - Museo" Bogota email contacto
2026-06-18 23:42:21,895 [INFO]   ✅ Email en SERP (google): recepcionbogota@hotelesoceania.com
2026-06-18 23:42:27,962 [INFO] 
[Email 3/61] Ayenda 1313 Barahona 72 (Barranquilla)
2026-06-18 23:42:27,962 [INFO]   🔍 (b) DDG: "Ayenda 1313 Barahona 72" Barranquilla email contacto
2026-06-18 23:42:28,265 [INFO] response: https://www.bing.com/search?q=%22Ayenda+1313+Barahona+72%22+Barranquilla+email+contacto 200
2026-06-18 23:42:30,458 [INFO]   🔍 (b) DDG: "Ayenda 1313 Barahona 72" Barranquilla correo reservas
2026-06-18 23:42:35,822 [INFO] response: https://www.bing.com/search?q=%22Ayenda+1313+Barahona+72%22+Barranquilla+correo+reservas 200
2026-06-18 23:42:36,820 [INFO] response: https://www.bing.com/search?q=%22Ayenda+1313+Barahona+72%22+Barranquilla+correo+reservas&first=11&FORM=PERE 200
2026-06-18 23:42:37,838 [INFO] response: https://www.bing.com/search?q=%22Ayenda+1313+Barahona+72%22+Barranquilla+correo+reservas&first=21&FORM=PERE1 200
2026-06-18 23:42:38,872 [INFO] response: https://www.bing.com/search?q=%22Ayenda+1313+Barahona+72%22+Barranquilla+correo+reservas&first=31&FORM=PERE2 200
2026-06-18 23:42:40,034 [INFO] response: https://www.bing.com/search?q=%22Ayenda+1313+Barahona+72%22+Barranquilla+correo+reservas&first=41&FORM=PERE3 200
2026-06-18 23:42:44,302 [INFO]   🔍 (b) DDG: "Ayenda 1313 Barahona 72" colombia "@"
2026-06-18 23:42:44,653 [INFO] response: https://www.bing.com/search?q=%22Ayenda+1313+Barahona+72%22+colombia+%22%40%22 200
2026-06-18 23:42:45,628 [INFO] response: https://www.bing.com/search?q=%22Ayenda+1313+Barahona+72%22+colombia+%22%40%22&first=11&FORM=PERE 200
2026-06-18 23:42:46,694 [INFO] response: https://www.bing.com/search?q=%22Ayenda+1313+Barahona+72%22+colombia+%22%40%22&first=21&FORM=PERE1 200
2026-06-18 23:42:47,692 [INFO] response: https://www.bing.com/search?q=%22Ayenda+1313+Barahona+72%22+colombia+%22%40%22&first=31&FORM=PERE2 200
2026-06-18 23:42:48,708 [INFO] response: https://www.bing.com/search?q=%22Ayenda+1313+Barahona+72%22+colombia+%22%40%22&first=41&FORM=PERE3 200
2026-06-18 23:42:50,831 [INFO]   🌐 (b) Visitando DDG: https://apps.apple.com/co/app/ayenda-hoteles-económicos/id1492945311
2026-06-18 23:43:03,448 [INFO]   🔗 (c) LinkedIn DDG
2026-06-18 23:43:03,448 [INFO]   🔗 LinkedIn DDG: "Ayenda 1313 Barahona 72" Barranquilla site:linkedin.com/company
2026-06-18 23:43:04,148 [INFO] response: https://www.bing.com/search?q=%22Ayenda+1313+Barahona+72%22+Barranquilla+site%3Alinkedin.com%2Fcompany 200
2026-06-18 23:43:05,194 [INFO] response: https://www.bing.com/search?q=%22Ayenda+1313+Barahona+72%22+Barranquilla+site%3Alinkedin.com%2Fcompany&first=11&FORM=PERE 200
2026-06-18 23:43:06,336 [INFO] response: https://www.bing.com/search?q=%22Ayenda+1313+Barahona+72%22+Barranquilla+site%3Alinkedin.com%2Fcompany&first=21&FORM=PERE1 200
2026-06-18 23:43:07,319 [INFO] response: https://www.bing.com/search?q=%22Ayenda+1313+Barahona+72%22+Barranquilla+site%3Alinkedin.com%2Fcompany&first=31&FORM=PERE2 200
2026-06-18 23:43:08,350 [INFO] response: https://www.bing.com/search?q=%22Ayenda+1313+Barahona+72%22+Barranquilla+site%3Alinkedin.com%2Fcompany&first=41&FORM=PERE3 200
2026-06-18 23:43:10,494 [INFO]   🔍 (d) Google: "Ayenda 1313 Barahona 72" Barranquilla email contacto
2026-06-18 23:43:41,408 [INFO]   ✅ Email en SERP (google): protecciondedatos@mastravel.ec
2026-06-18 23:43:46,333 [INFO] 
[Email 4/61] Grand Hyatt | Bogotá (Bogota)
2026-06-18 23:43:46,333 [INFO]   🌐 (a) Scraping web conocida: https://www.hyatt.com/grand-hyatt/en-US/boggh-grand-hyatt-bogota?src=corp_lclb_google_seo_boggh&utm_source=google&utm_medium=organic&utm_campaign=lmr
2026-06-18 23:43:51,715 [INFO]   🔍 (b) DDG: "Grand Hyatt | Bogotá" Bogota email contacto
2026-06-18 23:43:57,070 [INFO] response: https://www.bing.com/search?q=%22Grand+Hyatt+%7C+Bogot%C3%A1%22+Bogota+email+contacto 200
2026-06-18 23:44:00,267 [INFO]   🔍 (b) DDG: "Grand Hyatt | Bogotá" Bogota correo reservas
2026-06-18 23:44:00,666 [INFO] response: https://www.bing.com/search?q=%22Grand+Hyatt+%7C+Bogot%C3%A1%22+Bogota+correo+reservas 200
2026-06-18 23:44:04,975 [INFO]   🔍 (b) DDG: "Grand Hyatt | Bogotá" colombia "@"
2026-06-18 23:44:10,366 [INFO] response: https://www.bing.com/search?q=%22Grand+Hyatt+%7C+Bogot%C3%A1%22+colombia+%22%40%22 200
2026-06-18 23:44:14,559 [INFO]   🌐 (b) Visitando DDG: https://grandstorespr.com/
2026-06-18 23:44:17,065 [INFO]   ✅ Email en web DDG: info@grandstorespr.com
2026-06-18 23:44:23,756 [INFO] 
[Email 5/61] EXPOSTAY HOTEL CORFERIAS, BOGOTA (Bogota)
2026-06-18 23:44:23,756 [INFO]   🌐 (a) Scraping web conocida: http://www.expostayhotel.com/
2026-06-18 23:44:37,516 [INFO]   🔍 (b) DDG: "EXPOSTAY HOTEL CORFERIAS, BOGOTA" Bogota email contacto
2026-06-18 23:44:37,861 [INFO] response: https://www.bing.com/search?q=%22EXPOSTAY+HOTEL+CORFERIAS%2C+BOGOTA%22+Bogota+email+contacto 200
2026-06-18 23:44:40,638 [INFO]   🔍 (b) DDG: "EXPOSTAY HOTEL CORFERIAS, BOGOTA" Bogota correo reservas
2026-06-18 23:44:40,952 [INFO] response: https://www.bing.com/search?q=%22EXPOSTAY+HOTEL+CORFERIAS%2C+BOGOTA%22+Bogota+correo+reservas 200
2026-06-18 23:44:44,954 [INFO]   🔍 (b) DDG: "EXPOSTAY HOTEL CORFERIAS, BOGOTA" colombia "@"
2026-06-18 23:44:50,297 [INFO] response: https://www.bing.com/search?q=%22EXPOSTAY+HOTEL+CORFERIAS%2C+BOGOTA%22+colombia+%22%40%22 200
2026-06-18 23:44:52,783 [INFO]   🔗 (c) LinkedIn DDG
2026-06-18 23:44:52,783 [INFO]   🔗 LinkedIn DDG: "EXPOSTAY HOTEL CORFERIAS, BOGOTA" Bogota site:linkedin.com/company
2026-06-18 23:44:53,135 [INFO] response: https://www.bing.com/search?q=%22EXPOSTAY+HOTEL+CORFERIAS%2C+BOGOTA%22+Bogota+site%3Alinkedin.com%2Fcompany 200
2026-06-18 23:44:54,105 [INFO] response: https://www.bing.com/search?q=%22EXPOSTAY+HOTEL+CORFERIAS%2C+BOGOTA%22+Bogota+site%3Alinkedin.com%2Fcompany&first=11&FORM=PERE 200
2026-06-18 23:44:55,095 [INFO] response: https://www.bing.com/search?q=%22EXPOSTAY+HOTEL+CORFERIAS%2C+BOGOTA%22+Bogota+site%3Alinkedin.com%2Fcompany&first=21&FORM=PERE1 200
2026-06-18 23:44:56,066 [INFO] response: https://www.bing.com/search?q=%22EXPOSTAY+HOTEL+CORFERIAS%2C+BOGOTA%22+Bogota+site%3Alinkedin.com%2Fcompany&first=31&FORM=PERE2 200
2026-06-18 23:44:57,190 [INFO] response: https://www.bing.com/search?q=%22EXPOSTAY+HOTEL+CORFERIAS%2C+BOGOTA%22+Bogota+site%3Alinkedin.com%2Fcompany&first=41&FORM=PERE3 200
2026-06-18 23:45:00,861 [INFO]   🔍 (d) Google: "EXPOSTAY HOTEL CORFERIAS, BOGOTA" Bogota email contacto
2026-06-18 23:45:31,809 [INFO]   🌐 (google) Visitando: https://hotels.cloudbeds.com/es/reservation/bvSR0f
2026-06-18 23:45:36,322 [INFO]   ✅ Email en sitio: info@emhotel.co
2026-06-18 23:45:43,962 [INFO] 
[Email 6/61] Hospedaje Sary house (Bogota)
2026-06-18 23:45:43,962 [INFO]   🌐 (a) Scraping web conocida: https://www.saryhouse.com/
2026-06-18 23:45:51,603 [INFO]   🔍 (b) DDG: "Hospedaje Sary house" Bogota email contacto
2026-06-18 23:45:51,868 [INFO] response: https://www.bing.com/search?q=%22Hospedaje+Sary+house%22+Bogota+email+contacto 200
2026-06-18 23:45:55,920 [INFO]   🔍 (b) DDG: "Hospedaje Sary house" Bogota correo reservas
2026-06-18 23:45:56,215 [INFO] response: https://www.bing.com/search?q=%22Hospedaje+Sary+house%22+Bogota+correo+reservas 200
2026-06-18 23:45:59,567 [INFO]   🔍 (b) DDG: "Hospedaje Sary house" colombia "@"
2026-06-18 23:46:04,879 [INFO] response: https://www.bing.com/search?q=%22Hospedaje+Sary+house%22+colombia+%22%40%22 200
2026-06-18 23:46:05,896 [INFO] response: https://www.bing.com/search?q=%22Hospedaje+Sary+house%22+colombia+%22%40%22&first=11&FORM=PERE 200
2026-06-18 23:46:06,908 [INFO] response: https://www.bing.com/search?q=%22Hospedaje+Sary+house%22+colombia+%22%40%22&first=21&FORM=PERE1 200
2026-06-18 23:46:07,957 [INFO] response: https://www.bing.com/search?q=%22Hospedaje+Sary+house%22+colombia+%22%40%22&first=31&FORM=PERE2 200
2026-06-18 23:46:08,955 [INFO] response: https://www.bing.com/search?q=%22Hospedaje+Sary+house%22+colombia+%22%40%22&first=41&FORM=PERE3 200
2026-06-18 23:46:12,810 [INFO]   🌐 (b) Visitando DDG: https://www.airbnb.es/
2026-06-18 23:46:26,617 [INFO]   🌐 (b) Visitando DDG: https://www.airbnb.mx/
2026-06-18 23:46:38,359 [INFO]   🔗 (c) LinkedIn DDG
2026-06-18 23:46:38,360 [INFO]   🔗 LinkedIn DDG: "Hospedaje Sary house" Bogota site:linkedin.com/company
2026-06-18 23:46:38,671 [INFO] response: https://www.bing.com/search?q=%22Hospedaje+Sary+house%22+Bogota+site%3Alinkedin.com%2Fcompany 200
2026-06-18 23:46:39,626 [INFO] response: https://www.bing.com/search?q=%22Hospedaje+Sary+house%22+Bogota+site%3Alinkedin.com%2Fcompany&first=11&FORM=PERE 200
2026-06-18 23:46:40,634 [INFO] response: https://www.bing.com/search?q=%22Hospedaje+Sary+house%22+Bogota+site%3Alinkedin.com%2Fcompany&first=21&FORM=PERE1 200
2026-06-18 23:46:41,608 [INFO] response: https://www.bing.com/search?q=%22Hospedaje+Sary+house%22+Bogota+site%3Alinkedin.com%2Fcompany&first=31&FORM=PERE2 200
2026-06-18 23:46:42,585 [INFO] response: https://www.bing.com/search?q=%22Hospedaje+Sary+house%22+Bogota+site%3Alinkedin.com%2Fcompany&first=41&FORM=PERE3 200
2026-06-18 23:46:46,002 [INFO]   🔍 (d) Google: "Hospedaje Sary house" Bogota email contacto
2026-06-18 23:47:19,735 [INFO]   🌐 (google) Visitando: https://hospedaje-sary-house.bogota-hotels-co.net/es/
2026-06-18 23:47:39,723 [INFO]   🌐 (google) Visitando: https://engine.ayenda.co/hospedaje-sary-house
2026-06-18 23:47:49,305 [INFO]   📘 (e) Facebook: https://www.facebook.com/p/Sary-House-100063147975191/
2026-06-18 23:47:49,706 [INFO]   📘 FB Selenium: https://www.facebook.com/p/Sary-House-100063147975191/
2026-06-18 23:48:09,293 [INFO]   📘 (e) Facebook: https://www.facebook.com/profile.php?id=100063147975191
2026-06-18 23:48:09,557 [INFO]   📘 FB Selenium: https://www.facebook.com/profile.php?id=100063147975191
2026-06-18 23:48:24,386 [INFO]   ❌ Sin resultado: Hospedaje Sary house
2026-06-18 23:48:29,410 [INFO] 
[Email 7/61] Yachi Hostel ye Kuyay (Bogota)
2026-06-18 23:48:29,410 [INFO]   🌐 (a) Scraping web conocida: https://kuyay.co/
2026-06-18 23:49:04,750 [INFO]   🔍 (b) DDG: "Yachi Hostel ye Kuyay" Bogota email contacto
2026-06-18 23:49:10,078 [INFO] response: https://www.bing.com/search?q=%22Yachi+Hostel+ye+Kuyay%22+Bogota+email+contacto 200
2026-06-18 23:49:13,500 [INFO]   🔍 (b) DDG: "Yachi Hostel ye Kuyay" Bogota correo reservas
2026-06-18 23:49:13,888 [INFO] response: https://www.bing.com/search?q=%22Yachi+Hostel+ye+Kuyay%22+Bogota+correo+reservas 200
2026-06-18 23:49:17,514 [INFO]   🔍 (b) DDG: "Yachi Hostel ye Kuyay" colombia "@"
2026-06-18 23:49:17,839 [INFO] response: https://www.bing.com/search?q=%22Yachi+Hostel+ye+Kuyay%22+colombia+%22%40%22 200
2026-06-18 23:49:20,315 [INFO]   🔗 (c) LinkedIn DDG
2026-06-18 23:49:20,316 [INFO]   🔗 LinkedIn DDG: "Yachi Hostel ye Kuyay" Bogota site:linkedin.com/company
2026-06-18 23:49:20,640 [INFO] response: https://www.bing.com/search?q=%22Yachi+Hostel+ye+Kuyay%22+Bogota+site%3Alinkedin.com%2Fcompany 200
2026-06-18 23:49:21,600 [INFO] response: https://www.bing.com/search?q=%22Yachi+Hostel+ye+Kuyay%22+Bogota+site%3Alinkedin.com%2Fcompany&first=11&FORM=PERE 200
2026-06-18 23:49:22,585 [INFO] response: https://www.bing.com/search?q=%22Yachi+Hostel+ye+Kuyay%22+Bogota+site%3Alinkedin.com%2Fcompany&first=21&FORM=PERE1 200
2026-06-18 23:49:23,585 [INFO] response: https://www.bing.com/search?q=%22Yachi+Hostel+ye+Kuyay%22+Bogota+site%3Alinkedin.com%2Fcompany&first=31&FORM=PERE2 200
2026-06-18 23:49:24,560 [INFO] response: https://www.bing.com/search?q=%22Yachi+Hostel+ye+Kuyay%22+Bogota+site%3Alinkedin.com%2Fcompany&first=41&FORM=PERE3 200
2026-06-18 23:49:28,458 [INFO]   🔍 (d) Google: "Yachi Hostel ye Kuyay" Bogota email contacto
2026-06-18 23:49:52,612 [INFO]   🌐 (google) Visitando: https://hostel-kuyay-yachi.hotelsbogota.net/en/
2026-06-18 23:50:11,064 [INFO]   🔍 (e) Google→FB: "Yachi Hostel ye Kuyay" Bogota site:facebook.com
2026-06-18 23:50:43,455 [INFO]   ❌ Sin resultado: Yachi Hostel ye Kuyay
2026-06-18 23:50:49,860 [INFO] 
[Email 8/61] Estadía El Dorado (Bogota)
2026-06-18 23:50:49,861 [INFO]   🌐 (a) Scraping web conocida: https://www.estadiaeldorado.co/
2026-06-18 23:50:50,016 [INFO]   🔍 (b) DDG: "Estadía El Dorado" Bogota email contacto
2026-06-18 23:50:50,394 [INFO] response: https://www.bing.com/search?q=%22Estad%C3%ADa+El+Dorado%22+Bogota+email+contacto 200
2026-06-18 23:50:51,497 [INFO] response: https://www.bing.com/search?q=%22Estad%C3%ADa+El+Dorado%22+Bogota+email+contacto&first=11&FORM=PERE 200
2026-06-18 23:50:55,435 [INFO]   🔍 (b) DDG: "Estadía El Dorado" Bogota correo reservas
2026-06-18 23:50:55,770 [INFO] response: https://www.bing.com/search?q=%22Estad%C3%ADa+El+Dorado%22+Bogota+correo+reservas 200
2026-06-18 23:51:00,054 [INFO]   🔍 (b) DDG: "Estadía El Dorado" colombia "@"
2026-06-18 23:51:00,521 [INFO] response: https://www.bing.com/search?q=%22Estad%C3%ADa+El+Dorado%22+colombia+%22%40%22 200
2026-06-18 23:51:02,650 [INFO]   🌐 (b) Visitando DDG: https://codycrossanswers.com/anagram-of-finder
2026-06-18 23:51:23,506 [INFO]   🌐 (b) Visitando DDG: https://codycrossanswers.com/word-with-too-many-zs-to-play-scrabble
2026-06-18 23:51:31,222 [INFO]   🌐 (b) Visitando DDG: https://codycrossanswers.com/juvenile-not-fully-developed
2026-06-18 23:51:39,541 [INFO]   🔗 (c) LinkedIn DDG
2026-06-18 23:51:39,542 [INFO]   🔗 LinkedIn DDG: "Estadía El Dorado" Bogota site:linkedin.com/company
2026-06-18 23:51:39,872 [INFO] response: https://www.bing.com/search?q=%22Estad%C3%ADa+El+Dorado%22+Bogota+site%3Alinkedin.com%2Fcompany 200
2026-06-18 23:51:40,833 [INFO] response: https://www.bing.com/search?q=%22Estad%C3%ADa+El+Dorado%22+Bogota+site%3Alinkedin.com%2Fcompany&first=11&FORM=PERE 200
2026-06-18 23:51:41,785 [INFO] response: https://www.bing.com/search?q=%22Estad%C3%ADa+El+Dorado%22+Bogota+site%3Alinkedin.com%2Fcompany&first=21&FORM=PERE1 200
2026-06-18 23:51:42,825 [INFO] response: https://www.bing.com/search?q=%22Estad%C3%ADa+El+Dorado%22+Bogota+site%3Alinkedin.com%2Fcompany&first=31&FORM=PERE2 200
2026-06-18 23:51:43,879 [INFO] response: https://www.bing.com/search?q=%22Estad%C3%ADa+El+Dorado%22+Bogota+site%3Alinkedin.com%2Fcompany&first=41&FORM=PERE3 200
2026-06-18 23:51:46,883 [INFO]   🔍 (d) Google: "Estadía El Dorado" Bogota email contacto
2026-06-18 23:52:19,354 [INFO]   ✅ Email en SERP (google): objetosperdidosyolvidados@eldorado.aero
2026-06-18 23:52:25,023 [INFO] 
[Email 9/61] Ayenda Gold House (Bogota)
2026-06-18 23:52:25,024 [INFO]   🔍 (b) DDG: "Ayenda Gold House" Bogota email contacto
2026-06-18 23:52:25,343 [INFO] response: https://www.bing.com/search?q=%22Ayenda+Gold+House%22+Bogota+email+contacto 200
2026-06-18 23:52:27,635 [INFO]   🔍 (b) DDG: "Ayenda Gold House" Bogota correo reservas
2026-06-18 23:52:28,001 [INFO] response: https://www.bing.com/search?q=%22Ayenda+Gold+House%22+Bogota+correo+reservas 200
2026-06-18 23:52:30,542 [INFO]   🔍 (b) DDG: "Ayenda Gold House" colombia "@"
2026-06-18 23:52:30,857 [INFO] response: https://www.bing.com/search?q=%22Ayenda+Gold+House%22+colombia+%22%40%22 200
2026-06-18 23:52:35,090 [INFO]   🔗 (c) LinkedIn DDG
2026-06-18 23:52:35,091 [INFO]   🔗 LinkedIn DDG: "Ayenda Gold House" Bogota site:linkedin.com/company
2026-06-18 23:52:35,420 [INFO] response: https://www.bing.com/search?q=%22Ayenda+Gold+House%22+Bogota+site%3Alinkedin.com%2Fcompany 200
2026-06-18 23:52:36,400 [INFO] response: https://www.bing.com/search?q=%22Ayenda+Gold+House%22+Bogota+site%3Alinkedin.com%2Fcompany&first=11&FORM=PERE 200
2026-06-18 23:52:37,416 [INFO] response: https://www.bing.com/search?q=%22Ayenda+Gold+House%22+Bogota+site%3Alinkedin.com%2Fcompany&first=21&FORM=PERE1 200
2026-06-18 23:52:38,447 [INFO] response: https://www.bing.com/search?q=%22Ayenda+Gold+House%22+Bogota+site%3Alinkedin.com%2Fcompany&first=31&FORM=PERE2 200
2026-06-18 23:52:39,414 [INFO] response: https://www.bing.com/search?q=%22Ayenda+Gold+House%22+Bogota+site%3Alinkedin.com%2Fcompany&first=41&FORM=PERE3 200
2026-06-18 23:52:43,729 [INFO]   🔍 (d) Google: "Ayenda Gold House" Bogota email contacto
2026-06-18 23:53:15,911 [INFO]   🌐 (google) Visitando: https://ayenda-gold-house.bogotahotelsweb.com/es/
2026-06-18 23:53:32,785 [INFO]   🌐 (google) Visitando: https://ayenda-gold-house.bogota-hotels-co.net/es/
2026-06-18 23:53:48,785 [INFO]   🌐 (google) Visitando: https://ayendagoldhouse.hotelbogota.net/es/
2026-06-18 23:54:03,907 [INFO]   📘 (e) Facebook: https://www.facebook.com/ayendahoteles
2026-06-18 23:54:04,345 [INFO]   📘 FB Selenium: https://www.facebook.com/ayendahoteles
2026-06-18 23:54:17,869 [INFO]   ✅ Email en Facebook: info@ayendarooms.com
2026-06-18 23:54:25,611 [INFO] 
[Email 10/61] Lavid hotel palacio real (Bogota)
2026-06-18 23:54:25,612 [INFO]   🌐 (a) Scraping web conocida: https://lavidhotelpalacio.com/
2026-06-18 23:55:02,451 [INFO]   🔍 (b) DDG: "Lavid hotel palacio real" Bogota email contacto
2026-06-18 23:55:02,703 [INFO] response: https://www.bing.com/search?q=%22Lavid+hotel+palacio+real%22+Bogota+email+contacto 200
2026-06-18 23:55:07,299 [INFO]   🔍 (b) DDG: "Lavid hotel palacio real" Bogota correo reservas
2026-06-18 23:55:07,602 [INFO] response: https://www.bing.com/search?q=%22Lavid+hotel+palacio+real%22+Bogota+correo+reservas 200
2026-06-18 23:55:10,955 [INFO]   🔍 (b) DDG: "Lavid hotel palacio real" colombia "@"
2026-06-18 23:55:11,259 [INFO] response: https://www.bing.com/search?q=%22Lavid+hotel+palacio+real%22+colombia+%22%40%22 200
2026-06-18 23:55:15,535 [INFO]   🔗 (c) LinkedIn DDG
2026-06-18 23:55:15,535 [INFO]   🔗 LinkedIn DDG: "Lavid hotel palacio real" Bogota site:linkedin.com/company
2026-06-18 23:55:15,830 [INFO] response: https://www.bing.com/search?q=%22Lavid+hotel+palacio+real%22+Bogota+site%3Alinkedin.com%2Fcompany 200
2026-06-18 23:55:16,956 [INFO] response: https://www.bing.com/search?q=%22Lavid+hotel+palacio+real%22+Bogota+site%3Alinkedin.com%2Fcompany&first=11&FORM=PERE 200
2026-06-18 23:55:17,896 [INFO] response: https://www.bing.com/search?q=%22Lavid+hotel+palacio+real%22+Bogota+site%3Alinkedin.com%2Fcompany&first=21&FORM=PERE1 200
2026-06-18 23:55:18,900 [INFO] response: https://www.bing.com/search?q=%22Lavid+hotel+palacio+real%22+Bogota+site%3Alinkedin.com%2Fcompany&first=31&FORM=PERE2 200
2026-06-18 23:55:19,866 [INFO] response: https://www.bing.com/search?q=%22Lavid+hotel+palacio+real%22+Bogota+site%3Alinkedin.com%2Fcompany&first=41&FORM=PERE3 200
2026-06-18 23:55:22,942 [INFO]   🔍 (d) Google: "Lavid hotel palacio real" Bogota email contacto
2026-06-18 23:55:51,119 [INFO]   🌐 (google) Visitando: https://hostal-palacio-real.hotels-bogota.net/es/
2026-06-18 23:56:16,124 [INFO]   📘 (e) Facebook: https://www.facebook.com/Palaciorealhostal/
2026-06-18 23:56:16,540 [INFO]   📘 FB Selenium: https://www.facebook.com/Palaciorealhostal/
2026-06-18 23:56:34,324 [INFO]   📘 (e) Facebook: https://web.facebook.com/lavidhotelpalaciorealoficial
2026-06-18 23:56:34,733 [INFO]   📘 FB Selenium: https://web.facebook.com/lavidhotelpalaciorealoficial
2026-06-18 23:56:46,541 [INFO]   ✅ Email en Facebook: contacto@lavidhotelpalacio.com
2026-06-18 23:56:46,544 [INFO]   📊 Progreso 10/61 | Emails: 8 | Sin resultado: 2
2026-06-18 23:56:51,194 [INFO] 
[Email 11/61] Casa Bella Vista (Bogota)
2026-06-18 23:56:51,195 [INFO]   🌐 (a) Scraping web conocida: https://app.otasync.me/engine/es/?property_code=NzUyMw&currency=COP&adults=2&children=0&dfrom=2025-02-24&dto=2025-02-25
2026-06-18 23:56:58,768 [INFO]   🔍 (b) DDG: "Casa Bella Vista" Bogota email contacto
2026-06-18 23:56:59,072 [INFO] response: https://www.bing.com/search?q=%22Casa+Bella+Vista%22+Bogota+email+contacto 200
2026-06-18 23:57:01,471 [INFO]   🔍 (b) DDG: "Casa Bella Vista" Bogota correo reservas
2026-06-18 23:57:01,753 [INFO] response: https://www.bing.com/search?q=%22Casa+Bella+Vista%22+Bogota+correo+reservas 200
2026-06-18 23:57:04,987 [INFO]   🔍 (b) DDG: "Casa Bella Vista" colombia "@"
2026-06-18 23:57:05,227 [INFO] response: https://www.bing.com/search?q=%22Casa+Bella+Vista%22+colombia+%22%40%22 200
2026-06-18 23:57:08,824 [INFO]   🌐 (b) Visitando DDG: https://www.metrocuadrado.com/casas/venta/cali/
2026-06-18 23:57:15,823 [INFO]   ✅ Email en web DDG: tratamientodedatos_pdl@avaldigitallabs.com
2026-06-18 23:57:21,971 [INFO] 
[Email 12/61] Hilton Bogotá (Bogota)
2026-06-18 23:57:21,972 [INFO]   🌐 (a) Scraping web conocida: https://www.hilton.com/en/hotels/bogbchh-hilton-bogota/?SEO_id=GMB-AMER-HH-BOGBCHH&y_source=1_MTIxNjk0OTQtNzE1LWxvY2F0aW9uLndlYnNpdGU%3D
2026-06-18 23:57:22,722 [INFO]   🔍 (b) DDG: "Hilton Bogotá" Bogota email contacto
2026-06-18 23:57:28,038 [INFO] response: https://www.bing.com/search?q=%22Hilton+Bogot%C3%A1%22+Bogota+email+contacto 200
2026-06-18 23:57:32,001 [INFO]   🔍 (b) DDG: "Hilton Bogotá" Bogota correo reservas
2026-06-18 23:57:37,276 [INFO] response: https://www.bing.com/search?q=%22Hilton+Bogot%C3%A1%22+Bogota+correo+reservas 200
2026-06-18 23:57:41,788 [INFO]   🔍 (b) DDG: "Hilton Bogotá" colombia "@"
2026-06-18 23:57:47,150 [INFO] response: https://www.bing.com/search?q=%22Hilton+Bogot%C3%A1%22+colombia+%22%40%22 200
2026-06-18 23:57:49,956 [INFO]   🔗 (c) LinkedIn DDG
2026-06-18 23:57:49,956 [INFO]   🔗 LinkedIn DDG: "Hilton Bogotá" Bogota site:linkedin.com/company
2026-06-18 23:57:50,231 [INFO] response: https://www.bing.com/search?q=%22Hilton+Bogot%C3%A1%22+Bogota+site%3Alinkedin.com%2Fcompany 200
2026-06-18 23:57:51,228 [INFO] response: https://www.bing.com/search?q=%22Hilton+Bogot%C3%A1%22+Bogota+site%3Alinkedin.com%2Fcompany&first=11&FORM=PERE 200
2026-06-18 23:57:52,342 [INFO] response: https://www.bing.com/search?q=%22Hilton+Bogot%C3%A1%22+Bogota+site%3Alinkedin.com%2Fcompany&first=21&FORM=PERE1 200
2026-06-18 23:57:53,366 [INFO] response: https://www.bing.com/search?q=%22Hilton+Bogot%C3%A1%22+Bogota+site%3Alinkedin.com%2Fcompany&first=31&FORM=PERE2 200
2026-06-18 23:57:54,339 [INFO] response: https://www.bing.com/search?q=%22Hilton+Bogot%C3%A1%22+Bogota+site%3Alinkedin.com%2Fcompany&first=41&FORM=PERE3 200
2026-06-18 23:57:58,265 [INFO]   🔍 (d) Google: "Hilton Bogotá" Bogota email contacto
2026-06-18 23:58:25,717 [INFO]   ✅ Email en SERP (google): bogota.reservations@hilton.com
2026-06-18 23:58:31,201 [INFO] 
[Email 13/61] Hotel bh Usaquen (Bogota)
2026-06-18 23:58:31,202 [INFO]   🔍 (b) DDG: "Hotel bh Usaquen" Bogota email contacto
2026-06-18 23:58:31,462 [INFO] response: https://www.bing.com/search?q=%22Hotel+bh+Usaquen%22+Bogota+email+contacto 200
2026-06-18 23:58:33,816 [INFO]   🔍 (b) DDG: "Hotel bh Usaquen" Bogota correo reservas
2026-06-18 23:58:34,087 [INFO] response: https://www.bing.com/search?q=%22Hotel+bh+Usaquen%22+Bogota+correo+reservas 200
2026-06-18 23:58:36,267 [INFO]   🔍 (b) DDG: "Hotel bh Usaquen" colombia "@"
2026-06-18 23:58:36,561 [INFO] response: https://www.bing.com/search?q=%22Hotel+bh+Usaquen%22+colombia+%22%40%22 200
2026-06-18 23:58:40,896 [INFO]   🔗 (c) LinkedIn DDG
2026-06-18 23:58:40,897 [INFO]   🔗 LinkedIn DDG: "Hotel bh Usaquen" Bogota site:linkedin.com/company
2026-06-18 23:58:46,183 [INFO] response: https://www.bing.com/search?q=%22Hotel+bh+Usaquen%22+Bogota+site%3Alinkedin.com%2Fcompany 200
2026-06-18 23:58:47,208 [INFO] response: https://www.bing.com/search?q=%22Hotel+bh+Usaquen%22+Bogota+site%3Alinkedin.com%2Fcompany&first=11&FORM=PERE 200
2026-06-18 23:58:48,185 [INFO] response: https://www.bing.com/search?q=%22Hotel+bh+Usaquen%22+Bogota+site%3Alinkedin.com%2Fcompany&first=21&FORM=PERE1 200
2026-06-18 23:58:49,184 [INFO] response: https://www.bing.com/search?q=%22Hotel+bh+Usaquen%22+Bogota+site%3Alinkedin.com%2Fcompany&first=31&FORM=PERE2 200
2026-06-18 23:58:50,277 [INFO] response: https://www.bing.com/search?q=%22Hotel+bh+Usaquen%22+Bogota+site%3Alinkedin.com%2Fcompany&first=41&FORM=PERE3 200
2026-06-18 23:58:53,361 [INFO]   🔍 (d) Google: "Hotel bh Usaquen" Bogota email contacto
2026-06-18 23:59:19,579 [INFO]   🌐 (google) Visitando: https://bhusaquen.hotels-bogota.com/es/
2026-06-18 23:59:37,564 [INFO]   🌐 (google) Visitando: https://bhusaquen.bogotachotel.com/es/
2026-06-18 23:59:52,019 [INFO]   🌐 (google) Visitando: https://hotelbhusaquenbogota.com-website.com/es/owner/contact
2026-06-19 00:00:17,193 [INFO]   📘 (e) Facebook: https://www.facebook.com/hotelbhusaquen/?locale=es_LA
2026-06-19 00:00:17,498 [INFO]   📘 FB Selenium: https://www.facebook.com/hotelbhusaquen/?locale=es_LA
2026-06-19 00:00:34,103 [INFO]   📘 (e) Facebook: https://www.facebook.com/hotelbhusaquen/
2026-06-19 00:00:34,587 [INFO]   📘 FB Selenium: https://www.facebook.com/hotelbhusaquen/
2026-06-19 00:00:49,918 [INFO]   ❌ Sin resultado: Hotel bh Usaquen
2026-06-19 00:00:55,738 [INFO] 
[Email 14/61] Hotel Fénix Real (Bogota)
2026-06-19 00:00:55,739 [INFO]   🔍 (b) DDG: "Hotel Fénix Real" Bogota email contacto
2026-06-19 00:00:56,056 [INFO] response: https://www.bing.com/search?q=%22Hotel+F%C3%A9nix+Real%22+Bogota+email+contacto 200
2026-06-19 00:00:59,467 [INFO]   🔍 (b) DDG: "Hotel Fénix Real" Bogota correo reservas
2026-06-19 00:00:59,767 [INFO] response: https://www.bing.com/search?q=%22Hotel+F%C3%A9nix+Real%22+Bogota+correo+reservas 200
2026-06-19 00:01:02,178 [INFO]   🔍 (b) DDG: "Hotel Fénix Real" colombia "@"
2026-06-19 00:01:02,504 [INFO] response: https://www.bing.com/search?q=%22Hotel+F%C3%A9nix+Real%22+colombia+%22%40%22 200
2026-06-19 00:01:04,912 [INFO]   🔗 (c) LinkedIn DDG
2026-06-19 00:01:04,912 [INFO]   🔗 LinkedIn DDG: "Hotel Fénix Real" Bogota site:linkedin.com/company
2026-06-19 00:01:05,201 [INFO] response: https://www.bing.com/search?q=%22Hotel+F%C3%A9nix+Real%22+Bogota+site%3Alinkedin.com%2Fcompany 200
2026-06-19 00:01:06,300 [INFO] response: https://www.bing.com/search?q=%22Hotel+F%C3%A9nix+Real%22+Bogota+site%3Alinkedin.com%2Fcompany&first=11&FORM=PERE 200
2026-06-19 00:01:07,338 [INFO] response: https://www.bing.com/search?q=%22Hotel+F%C3%A9nix+Real%22+Bogota+site%3Alinkedin.com%2Fcompany&first=21&FORM=PERE1 200
2026-06-19 00:01:08,382 [INFO] response: https://www.bing.com/search?q=%22Hotel+F%C3%A9nix+Real%22+Bogota+site%3Alinkedin.com%2Fcompany&first=31&FORM=PERE2 200
2026-06-19 00:01:09,687 [INFO] response: https://www.bing.com/search?q=%22Hotel+F%C3%A9nix+Real%22+Bogota+site%3Alinkedin.com%2Fcompany&first=41&FORM=PERE3 200
2026-06-19 00:01:12,739 [INFO]   🔍 (d) Google: "Hotel Fénix Real" Bogota email contacto
2026-06-19 00:01:41,177 [INFO]   ✅ Email en SERP (google): recepcion@hotelfenixreal.com
2026-06-19 00:01:48,214 [INFO] 
[Email 15/61] San Francisco Hotel (bogota)
2026-06-19 00:01:48,215 [INFO]   🌐 (a) Scraping web conocida: http://www.sfbogota.com/
2026-06-19 00:01:49,631 [INFO]   ✅ Email en web conocida: recepcion@sfbogota.com
2026-06-19 00:01:56,554 [INFO] 
[Email 16/61] Hotel Dorado Plaza Bogotá (bogota)
2026-06-19 00:01:56,554 [INFO]   🌐 (a) Scraping web conocida: https://api.whatsapp.com/send?phone=573219024519
2026-06-19 00:02:07,688 [INFO]   🔍 (b) DDG: "Hotel Dorado Plaza Bogotá" bogota email contacto
2026-06-19 00:02:07,982 [INFO] response: https://www.bing.com/search?q=%22Hotel+Dorado+Plaza+Bogot%C3%A1%22+bogota+email+contacto 200
2026-06-19 00:02:10,220 [INFO]   🔍 (b) DDG: "Hotel Dorado Plaza Bogotá" bogota correo reservas
2026-06-19 00:02:15,649 [INFO] response: https://www.bing.com/search?q=%22Hotel+Dorado+Plaza+Bogot%C3%A1%22+bogota+correo+reservas 200
2026-06-19 00:02:20,261 [INFO]   🔍 (b) DDG: "Hotel Dorado Plaza Bogotá" colombia "@"
2026-06-19 00:02:20,529 [INFO] response: https://www.bing.com/search?q=%22Hotel+Dorado+Plaza+Bogot%C3%A1%22+colombia+%22%40%22 200
2026-06-19 00:02:21,518 [INFO] response: https://www.bing.com/search?q=%22Hotel+Dorado+Plaza+Bogot%C3%A1%22+colombia+%22%40%22&first=11&FORM=PERE 200
2026-06-19 00:02:25,919 [INFO]   🌐 (b) Visitando DDG: https://www.bogotaplazahotel.com/
2026-06-19 00:02:46,668 [INFO]   🔗 (c) LinkedIn DDG
2026-06-19 00:02:46,669 [INFO]   🔗 LinkedIn DDG: "Hotel Dorado Plaza Bogotá" bogota site:linkedin.com/company
2026-06-19 00:02:46,961 [INFO] response: https://www.bing.com/search?q=%22Hotel+Dorado+Plaza+Bogot%C3%A1%22+bogota+site%3Alinkedin.com%2Fcompany 200
2026-06-19 00:02:47,927 [INFO] response: https://www.bing.com/search?q=%22Hotel+Dorado+Plaza+Bogot%C3%A1%22+bogota+site%3Alinkedin.com%2Fcompany&first=11&FORM=PERE 200
2026-06-19 00:02:49,024 [INFO] response: https://www.bing.com/search?q=%22Hotel+Dorado+Plaza+Bogot%C3%A1%22+bogota+site%3Alinkedin.com%2Fcompany&first=21&FORM=PERE1 200
2026-06-19 00:02:49,996 [INFO] response: https://www.bing.com/search?q=%22Hotel+Dorado+Plaza+Bogot%C3%A1%22+bogota+site%3Alinkedin.com%2Fcompany&first=31&FORM=PERE2 200
2026-06-19 00:02:51,009 [INFO] response: https://www.bing.com/search?q=%22Hotel+Dorado+Plaza+Bogot%C3%A1%22+bogota+site%3Alinkedin.com%2Fcompany&first=41&FORM=PERE3 200
2026-06-19 00:02:54,160 [INFO]   🔍 (d) Google: "Hotel Dorado Plaza Bogotá" bogota email contacto
2026-06-19 00:03:21,671 [INFO]   🌐 (google) Visitando: https://dorado-plaza.hotels-bogota.net/es/
2026-06-19 00:03:38,654 [INFO]   🌐 (google) Visitando: https://doradoplaza.hotels-bogota.com/es/
2026-06-19 00:03:59,084 [INFO]   🌐 (google) Visitando: https://dorado-plaza-bogota.bogota-hotels-co.net/es/
2026-06-19 00:04:13,973 [INFO]   🔍 (e) Google→FB: "Hotel Dorado Plaza Bogotá" bogota site:facebook.com
2026-06-19 00:04:45,720 [INFO]   📘 (e) Facebook: https://www.facebook.com/p/LK-Group-Hoteles-100076198240685/
2026-06-19 00:04:52,233 [INFO]   📘 FB Selenium: https://www.facebook.com/p/LK-Group-Hoteles-100076198240685/
2026-06-19 00:05:12,152 [INFO]   ❌ Sin resultado: Hotel Dorado Plaza Bogotá
2026-06-19 00:05:16,995 [INFO] 
[Email 17/61] Hotel Bogota Home (bogota)
2026-06-19 00:05:16,995 [INFO]   🌐 (a) Scraping web conocida: https://www.hotelbogotahome.com/
2026-06-19 00:05:26,408 [INFO]   🔍 (b) DDG: "Hotel Bogota Home" bogota email contacto
2026-06-19 00:05:31,768 [INFO] response: https://www.bing.com/search?q=%22Hotel+Bogota+Home%22+bogota+email+contacto 200
2026-06-19 00:05:34,608 [INFO]   🔍 (b) DDG: "Hotel Bogota Home" bogota correo reservas
2026-06-19 00:05:34,976 [INFO] response: https://www.bing.com/search?q=%22Hotel+Bogota+Home%22+bogota+correo+reservas 200
2026-06-19 00:05:38,112 [INFO]   🔍 (b) DDG: "Hotel Bogota Home" colombia "@"
2026-06-19 00:05:38,419 [INFO] response: https://www.bing.com/search?q=%22Hotel+Bogota+Home%22+colombia+%22%40%22 200
2026-06-19 00:05:41,293 [INFO]   🔗 (c) LinkedIn DDG
2026-06-19 00:05:41,293 [INFO]   🔗 LinkedIn DDG: "Hotel Bogota Home" bogota site:linkedin.com/company
2026-06-19 00:05:41,621 [INFO] response: https://www.bing.com/search?q=%22Hotel+Bogota+Home%22+bogota+site%3Alinkedin.com%2Fcompany 200
2026-06-19 00:05:42,666 [INFO] response: https://www.bing.com/search?q=%22Hotel+Bogota+Home%22+bogota+site%3Alinkedin.com%2Fcompany&first=11&FORM=PERE 200
2026-06-19 00:05:43,771 [INFO] response: https://www.bing.com/search?q=%22Hotel+Bogota+Home%22+bogota+site%3Alinkedin.com%2Fcompany&first=21&FORM=PERE1 200
2026-06-19 00:05:44,964 [INFO] response: https://www.bing.com/search?q=%22Hotel+Bogota+Home%22+bogota+site%3Alinkedin.com%2Fcompany&first=31&FORM=PERE2 200
2026-06-19 00:05:45,937 [INFO] response: https://www.bing.com/search?q=%22Hotel+Bogota+Home%22+bogota+site%3Alinkedin.com%2Fcompany&first=41&FORM=PERE3 200
2026-06-19 00:05:50,220 [INFO]   🔍 (d) Google: "Hotel Bogota Home" bogota email contacto
2026-06-19 00:06:18,344 [INFO]   🌐 (google) Visitando: https://home.bogotachotel.com/es/
2026-06-19 00:06:40,185 [INFO]   📘 (e) Facebook: https://www.facebook.com/Hotelbogotahome/
2026-06-19 00:06:40,752 [INFO]   📘 FB Selenium: https://www.facebook.com/Hotelbogotahome/
2026-06-19 00:07:00,852 [INFO]   📘 (e) Facebook: https://www.facebook.com/Hotelbogotahome
2026-06-19 00:07:01,029 [INFO]   📘 FB Selenium: https://www.facebook.com/Hotelbogotahome
2026-06-19 00:07:15,645 [INFO]   ❌ Sin resultado: Hotel Bogota Home
2026-06-19 00:07:19,993 [INFO] 
[Email 18/61] Las Aguas Inner Experience (bogota)
2026-06-19 00:07:19,994 [INFO]   🌐 (a) Scraping web conocida: https://www.lasaguasexperience.com/es
2026-06-19 00:07:35,162 [INFO]   🔍 (b) DDG: "Las Aguas Inner Experience" bogota email contacto
2026-06-19 00:07:35,456 [INFO] response: https://www.bing.com/search?q=%22Las+Aguas+Inner+Experience%22+bogota+email+contacto 200
2026-06-19 00:07:39,949 [INFO]   🔍 (b) DDG: "Las Aguas Inner Experience" bogota correo reservas
2026-06-19 00:07:40,224 [INFO] response: https://www.bing.com/search?q=%22Las+Aguas+Inner+Experience%22+bogota+correo+reservas 200
2026-06-19 00:07:41,188 [INFO] response: https://www.bing.com/search?q=%22Las+Aguas+Inner+Experience%22+bogota+correo+reservas&first=11&FORM=PERE 200
2026-06-19 00:07:42,193 [INFO] response: https://www.bing.com/search?q=%22Las+Aguas+Inner+Experience%22+bogota+correo+reservas&first=21&FORM=PERE1 200
2026-06-19 00:07:43,247 [INFO] response: https://www.bing.com/search?q=%22Las+Aguas+Inner+Experience%22+bogota+correo+reservas&first=31&FORM=PERE2 200
2026-06-19 00:07:44,337 [INFO] response: https://www.bing.com/search?q=%22Las+Aguas+Inner+Experience%22+bogota+correo+reservas&first=41&FORM=PERE3 200
2026-06-19 00:07:48,529 [INFO]   🔍 (b) DDG: "Las Aguas Inner Experience" colombia "@"
2026-06-19 00:07:48,863 [INFO] response: https://www.bing.com/search?q=%22Las+Aguas+Inner+Experience%22+colombia+%22%40%22 200
2026-06-19 00:07:49,784 [INFO] response: https://www.bing.com/search?q=%22Las+Aguas+Inner+Experience%22+colombia+%22%40%22&first=11&FORM=PERE 200
2026-06-19 00:07:50,763 [INFO] response: https://www.bing.com/search?q=%22Las+Aguas+Inner+Experience%22+colombia+%22%40%22&first=21&FORM=PERE1 200
2026-06-19 00:07:51,809 [INFO] response: https://www.bing.com/search?q=%22Las+Aguas+Inner+Experience%22+colombia+%22%40%22&first=31&FORM=PERE2 200
2026-06-19 00:07:52,800 [INFO] response: https://www.bing.com/search?q=%22Las+Aguas+Inner+Experience%22+colombia+%22%40%22&first=41&FORM=PERE3 200
2026-06-19 00:07:55,542 [INFO]   🌐 (b) Visitando DDG: https://www.wordreference.com/definicion/las
2026-06-19 00:08:04,431 [INFO]   🌐 (b) Visitando DDG: https://www.rae.es/drae2001/las
2026-06-19 00:08:19,774 [INFO]   🌐 (b) Visitando DDG: https://www.las2orillas.co/
2026-06-19 00:08:41,217 [INFO]   🔗 (c) LinkedIn DDG
2026-06-19 00:08:41,217 [INFO]   🔗 LinkedIn DDG: "Las Aguas Inner Experience" bogota site:linkedin.com/company
2026-06-19 00:08:41,556 [INFO] response: https://www.bing.com/search?q=%22Las+Aguas+Inner+Experience%22+bogota+site%3Alinkedin.com%2Fcompany 200
2026-06-19 00:08:42,796 [INFO] response: https://www.bing.com/search?q=%22Las+Aguas+Inner+Experience%22+bogota+site%3Alinkedin.com%2Fcompany&first=11&FORM=PERE 200
2026-06-19 00:08:44,141 [INFO] response: https://www.bing.com/search?q=%22Las+Aguas+Inner+Experience%22+bogota+site%3Alinkedin.com%2Fcompany&first=21&FORM=PERE1 200
2026-06-19 00:08:45,468 [INFO] response: https://www.bing.com/search?q=%22Las+Aguas+Inner+Experience%22+bogota+site%3Alinkedin.com%2Fcompany&first=31&FORM=PERE2 200
2026-06-19 00:08:46,907 [INFO] response: https://www.bing.com/search?q=%22Las+Aguas+Inner+Experience%22+bogota+site%3Alinkedin.com%2Fcompany&first=41&FORM=PERE3 200
2026-06-19 00:08:51,089 [INFO]   🔍 (d) Google: "Las Aguas Inner Experience" bogota email contacto
2026-06-19 00:08:51,199 [WARNING] Error navegando Google: Message: invalid session id: session deleted as the browser has closed the connection
from disconnected: not connected to DevTools
  (Session info: chrome=149.0.7827.155); For documentation on this error, please visit: https://www.selenium.dev/documentation/webdriver/troubleshooting/errors#invalidsessionidexception
Stacktrace:
0   chromedriver                        0x0000000102ba71e4 cxxbridge1$str$ptr + 3175992
1   chromedriver                        0x0000000102b9f2ac cxxbridge1$str$ptr + 3143424
2   chromedriver                        0x000000010264f374 _RNvCs9NA52FrZ4pF_7___rustc35___rust_no_alloc_shim_is_unstable_v2 + 74080
3   chromedriver                        0x0000000102638918 chromedriver + 231704
4   chromedriver                        0x000000010265c404 _RNvCs9NA52FrZ4pF_7___rustc35___rust_no_alloc_shim_is_unstable_v2 + 127472
5   chromedriver                        0x00000001026bfc4c _RNvCs9NA52FrZ4pF_7___rustc35___rust_no_alloc_shim_is_unstable_v2 + 535096
6   chromedriver                        0x00000001026d6a68 _RNvCs9NA52FrZ4pF_7___rustc35___rust_no_alloc_shim_is_unstable_v2 + 628820
7   chromedriver                        0x000000010268d354 _RNvCs9NA52FrZ4pF_7___rustc35___rust_no_alloc_shim_is_unstable_v2 + 328000
8   chromedriver                        0x0000000102b65370 cxxbridge1$str$ptr + 2906052
9   chromedriver                        0x0000000102b68af0 cxxbridge1$str$ptr + 2920260
10  chromedriver                        0x0000000102b4c2b0 cxxbridge1$str$ptr + 2803460
11  chromedriver                        0x0000000102b69384 cxxbridge1$str$ptr + 2922456
12  chromedriver                        0x0000000102b3d7d0 cxxbridge1$str$ptr + 2743332
13  chromedriver                        0x0000000102b8e24c cxxbridge1$str$ptr + 3073696
14  chromedriver                        0x0000000102b8e3ac cxxbridge1$str$ptr + 3074048
15  chromedriver                        0x0000000102b9ef04 cxxbridge1$str$ptr + 3142488
16  libsystem_pthread.dylib             0x000000018a435c58 _pthread_start + 136
17  libsystem_pthread.dylib             0x000000018a430c1c thread_start + 8

2026-06-19 00:08:51,199 [INFO]   🔄 Google bloqueado → DDG fallback
2026-06-19 00:08:51,568 [INFO] response: https://www.bing.com/search?q=%22Las+Aguas+Inner+Experience%22+bogota+email+contacto 200
2026-06-19 00:08:54,161 [INFO]   🔍 (e) DDG→FB: "Las Aguas Inner Experience" bogota site:facebook.com
2026-06-19 00:08:54,461 [INFO] response: https://www.bing.com/search?q=%22Las+Aguas+Inner+Experience%22+bogota+site%3Afacebook.com 200
2026-06-19 00:08:55,480 [INFO] response: https://www.bing.com/search?q=%22Las+Aguas+Inner+Experience%22+bogota+site%3Afacebook.com&first=11&FORM=PERE 200
2026-06-19 00:08:56,492 [INFO] response: https://www.bing.com/search?q=%22Las+Aguas+Inner+Experience%22+bogota+site%3Afacebook.com&first=21&FORM=PERE1 200
2026-06-19 00:08:57,451 [INFO] response: https://www.bing.com/search?q=%22Las+Aguas+Inner+Experience%22+bogota+site%3Afacebook.com&first=31&FORM=PERE2 200
2026-06-19 00:08:58,477 [INFO] response: https://www.bing.com/search?q=%22Las+Aguas+Inner+Experience%22+bogota+site%3Afacebook.com&first=41&FORM=PERE3 200
2026-06-19 00:09:01,683 [INFO]   ❌ Sin resultado: Las Aguas Inner Experience
2026-06-19 00:09:07,954 [INFO] 
[Email 19/61] Hotel Colonial Internacional (bogota)
2026-06-19 00:09:07,954 [INFO]   🌐 (a) Scraping web conocida: https://www.hotelcolonialint.com/
2026-06-19 00:09:14,554 [INFO]   🔍 (b) DDG: "Hotel Colonial Internacional" bogota email contacto
2026-06-19 00:09:14,864 [INFO] response: https://www.bing.com/search?q=%22Hotel+Colonial+Internacional%22+bogota+email+contacto 200
2026-06-19 00:09:17,116 [INFO]   🔍 (b) DDG: "Hotel Colonial Internacional" bogota correo reservas
2026-06-19 00:09:17,382 [INFO] response: https://www.bing.com/search?q=%22Hotel+Colonial+Internacional%22+bogota+correo+reservas 200
2026-06-19 00:09:20,918 [INFO]   🔍 (b) DDG: "Hotel Colonial Internacional" colombia "@"
2026-06-19 00:09:21,150 [INFO] response: https://www.bing.com/search?q=%22Hotel+Colonial+Internacional%22+colombia+%22%40%22 200
2026-06-19 00:09:24,859 [INFO]   🔗 (c) LinkedIn DDG
2026-06-19 00:09:24,860 [INFO]   🔗 LinkedIn DDG: "Hotel Colonial Internacional" bogota site:linkedin.com/company
2026-06-19 00:09:25,138 [INFO] response: https://www.bing.com/search?q=%22Hotel+Colonial+Internacional%22+bogota+site%3Alinkedin.com%2Fcompany 200
2026-06-19 00:09:26,134 [INFO] response: https://www.bing.com/search?q=%22Hotel+Colonial+Internacional%22+bogota+site%3Alinkedin.com%2Fcompany&first=11&FORM=PERE 200
2026-06-19 00:09:27,241 [INFO] response: https://www.bing.com/search?q=%22Hotel+Colonial+Internacional%22+bogota+site%3Alinkedin.com%2Fcompany&first=21&FORM=PERE1 200
2026-06-19 00:09:28,382 [INFO] response: https://www.bing.com/search?q=%22Hotel+Colonial+Internacional%22+bogota+site%3Alinkedin.com%2Fcompany&first=31&FORM=PERE2 200
2026-06-19 00:09:29,499 [INFO] response: https://www.bing.com/search?q=%22Hotel+Colonial+Internacional%22+bogota+site%3Alinkedin.com%2Fcompany&first=41&FORM=PERE3 200
2026-06-19 00:09:32,172 [INFO]   🔍 (d) Google: "Hotel Colonial Internacional" bogota email contacto
2026-06-19 00:09:32,175 [WARNING] Error navegando Google: Message: invalid session id; For documentation on this error, please visit: https://www.selenium.dev/documentation/webdriver/troubleshooting/errors#invalidsessionidexception
Stacktrace:
0   chromedriver                        0x0000000102ba71e4 cxxbridge1$str$ptr + 3175992
1   chromedriver                        0x0000000102b9f2ac cxxbridge1$str$ptr + 3143424
2   chromedriver                        0x000000010264f178 _RNvCs9NA52FrZ4pF_7___rustc35___rust_no_alloc_shim_is_unstable_v2 + 73572
3   chromedriver                        0x000000010268c6c4 _RNvCs9NA52FrZ4pF_7___rustc35___rust_no_alloc_shim_is_unstable_v2 + 324784
4   chromedriver                        0x00000001026b3068 _RNvCs9NA52FrZ4pF_7___rustc35___rust_no_alloc_shim_is_unstable_v2 + 482900
5   chromedriver                        0x00000001026b2968 _RNvCs9NA52FrZ4pF_7___rustc35___rust_no_alloc_shim_is_unstable_v2 + 481108
6   chromedriver                        0x000000010261cfd8 chromedriver + 118744
7   chromedriver                        0x0000000102b65370 cxxbridge1$str$ptr + 2906052
8   chromedriver                        0x0000000102b68af0 cxxbridge1$str$ptr + 2920260
9   chromedriver                        0x0000000102b4c2b0 cxxbridge1$str$ptr + 2803460
10  chromedriver                        0x0000000102b69384 cxxbridge1$str$ptr + 2922456
11  chromedriver                        0x0000000102b3d7d0 cxxbridge1$str$ptr + 2743332
12  chromedriver                        0x000000010261ad30 chromedriver + 109872
13  dyld                                0x000000018a077e00 start + 6992

2026-06-19 00:09:32,175 [INFO]   🔄 Google bloqueado → DDG fallback
2026-06-19 00:09:32,436 [INFO] response: https://www.bing.com/search?q=%22Hotel+Colonial+Internacional%22+bogota+email+contacto 200
2026-06-19 00:09:35,325 [INFO]   🔍 (e) DDG→FB: "Hotel Colonial Internacional" bogota site:facebook.com
2026-06-19 00:09:35,687 [INFO] response: https://www.bing.com/search?q=%22Hotel+Colonial+Internacional%22+bogota+site%3Afacebook.com 200
2026-06-19 00:09:36,739 [INFO] response: https://www.bing.com/search?q=%22Hotel+Colonial+Internacional%22+bogota+site%3Afacebook.com&first=11&FORM=PERE 200
2026-06-19 00:09:37,719 [INFO] response: https://www.bing.com/search?q=%22Hotel+Colonial+Internacional%22+bogota+site%3Afacebook.com&first=21&FORM=PERE1 200
2026-06-19 00:09:38,768 [INFO] response: https://www.bing.com/search?q=%22Hotel+Colonial+Internacional%22+bogota+site%3Afacebook.com&first=31&FORM=PERE2 200
2026-06-19 00:09:39,760 [INFO] response: https://www.bing.com/search?q=%22Hotel+Colonial+Internacional%22+bogota+site%3Afacebook.com&first=41&FORM=PERE3 200
2026-06-19 00:09:42,654 [INFO]   ❌ Sin resultado: Hotel Colonial Internacional
2026-06-19 00:09:47,907 [INFO] 
[Email 20/61] Black Tower Premium Hotel Bogota Corferias (bogota)
2026-06-19 00:09:47,908 [INFO]   🌐 (a) Scraping web conocida: http://www.blacktowerhotel.com/
2026-06-19 00:09:59,230 [INFO]   ✅ Email en web conocida: gerentedemercadeo@btphotel.com
2026-06-19 00:09:59,232 [INFO]   📊 Progreso 20/61 | Emails: 13 | Sin resultado: 7
2026-06-19 00:10:04,630 [INFO] 
[Email 21/61] Hotel Habitel Select (bogota)
2026-06-19 00:10:04,630 [INFO]   🔍 (b) DDG: "Hotel Habitel Select" bogota email contacto
2026-06-19 00:10:04,945 [INFO] response: https://www.bing.com/search?q=%22Hotel+Habitel+Select%22+bogota+email+contacto 200
2026-06-19 00:10:08,189 [INFO]   🔍 (b) DDG: "Hotel Habitel Select" bogota correo reservas
2026-06-19 00:10:08,452 [INFO] response: https://www.bing.com/search?q=%22Hotel+Habitel+Select%22+bogota+correo+reservas 200
2026-06-19 00:10:11,568 [INFO]   🔍 (b) DDG: "Hotel Habitel Select" colombia "@"
2026-06-19 00:10:16,867 [INFO] response: https://www.bing.com/search?q=%22Hotel+Habitel+Select%22+colombia+%22%40%22 200
2026-06-19 00:10:19,940 [INFO]   🌐 (b) Visitando DDG: https://www.elsanjuanhotel.com/
2026-06-19 00:12:05,148 [INFO]   🔗 (c) LinkedIn DDG
2026-06-19 00:12:05,148 [INFO]   🔗 LinkedIn DDG: "Hotel Habitel Select" bogota site:linkedin.com/company
2026-06-19 00:12:05,620 [INFO] response: https://www.bing.com/search?q=%22Hotel+Habitel+Select%22+bogota+site%3Alinkedin.com%2Fcompany 200
2026-06-19 00:12:06,764 [INFO] response: https://www.bing.com/search?q=%22Hotel+Habitel+Select%22+bogota+site%3Alinkedin.com%2Fcompany&first=11&FORM=PERE 200
2026-06-19 00:12:07,856 [INFO] response: https://www.bing.com/search?q=%22Hotel+Habitel+Select%22+bogota+site%3Alinkedin.com%2Fcompany&first=21&FORM=PERE1 200
2026-06-19 00:12:08,870 [INFO] response: https://www.bing.com/search?q=%22Hotel+Habitel+Select%22+bogota+site%3Alinkedin.com%2Fcompany&first=31&FORM=PERE2 200
2026-06-19 00:12:09,846 [INFO] response: https://www.bing.com/search?q=%22Hotel+Habitel+Select%22+bogota+site%3Alinkedin.com%2Fcompany&first=41&FORM=PERE3 200
2026-06-19 00:12:12,287 [INFO]   🔍 (d) Google: "Hotel Habitel Select" bogota email contacto
2026-06-19 00:12:12,290 [WARNING] Error navegando Google: Message: invalid session id; For documentation on this error, please visit: https://www.selenium.dev/documentation/webdriver/troubleshooting/errors#invalidsessionidexception
Stacktrace:
0   chromedriver                        0x0000000102ba71e4 cxxbridge1$str$ptr + 3175992
1   chromedriver                        0x0000000102b9f2ac cxxbridge1$str$ptr + 3143424
2   chromedriver                        0x000000010264f178 _RNvCs9NA52FrZ4pF_7___rustc35___rust_no_alloc_shim_is_unstable_v2 + 73572
3   chromedriver                        0x000000010268c6c4 _RNvCs9NA52FrZ4pF_7___rustc35___rust_no_alloc_shim_is_unstable_v2 + 324784
4   chromedriver                        0x00000001026b3068 _RNvCs9NA52FrZ4pF_7___rustc35___rust_no_alloc_shim_is_unstable_v2 + 482900
5   chromedriver                        0x00000001026b2968 _RNvCs9NA52FrZ4pF_7___rustc35___rust_no_alloc_shim_is_unstable_v2 + 481108
6   chromedriver                        0x000000010261cfd8 chromedriver + 118744
7   chromedriver                        0x0000000102b65370 cxxbridge1$str$ptr + 2906052
8   chromedriver                        0x0000000102b68af0 cxxbridge1$str$ptr + 2920260
9   chromedriver                        0x0000000102b4c2b0 cxxbridge1$str$ptr + 2803460
10  chromedriver                        0x0000000102b69384 cxxbridge1$str$ptr + 2922456
11  chromedriver                        0x0000000102b3d7d0 cxxbridge1$str$ptr + 2743332
12  chromedriver                        0x000000010261ad30 chromedriver + 109872
13  dyld                                0x000000018a077e00 start + 6992

2026-06-19 00:12:12,290 [INFO]   🔄 Google bloqueado → DDG fallback
2026-06-19 00:12:13,345 [INFO] response: https://www.bing.com/search?q=%22Hotel+Habitel+Select%22+bogota+email+contacto 200
2026-06-19 00:12:16,834 [INFO]   🔍 (e) DDG→FB: "Hotel Habitel Select" bogota site:facebook.com
2026-06-19 00:12:17,110 [INFO] response: https://www.bing.com/search?q=%22Hotel+Habitel+Select%22+bogota+site%3Afacebook.com 200
2026-06-19 00:12:18,103 [INFO] response: https://www.bing.com/search?q=%22Hotel+Habitel+Select%22+bogota+site%3Afacebook.com&first=11&FORM=PERE 200
2026-06-19 00:12:19,109 [INFO] response: https://www.bing.com/search?q=%22Hotel+Habitel+Select%22+bogota+site%3Afacebook.com&first=21&FORM=PERE1 200
2026-06-19 00:12:20,075 [INFO] response: https://www.bing.com/search?q=%22Hotel+Habitel+Select%22+bogota+site%3Afacebook.com&first=31&FORM=PERE2 200
2026-06-19 00:12:21,062 [INFO] response: https://www.bing.com/search?q=%22Hotel+Habitel+Select%22+bogota+site%3Afacebook.com&first=41&FORM=PERE3 200
2026-06-19 00:12:24,063 [INFO]   ❌ Sin resultado: Hotel Habitel Select
2026-06-19 00:12:30,287 [INFO] 
[Email 22/61] Hotel Urban Center Bogota (bogota)
2026-06-19 00:12:30,288 [INFO]   🌐 (a) Scraping web conocida: https://www.hotelurbancenterbogota.com/
2026-06-19 00:12:30,691 [INFO]   🔍 (b) DDG: "Hotel Urban Center Bogota" bogota email contacto
2026-06-19 00:12:31,205 [INFO] response: https://www.bing.com/search?q=%22Hotel+Urban+Center+Bogota%22+bogota+email+contacto 200
2026-06-19 00:12:34,625 [INFO]   🔍 (b) DDG: "Hotel Urban Center Bogota" bogota correo reservas
2026-06-19 00:12:34,964 [INFO] response: https://www.bing.com/search?q=%22Hotel+Urban+Center+Bogota%22+bogota+correo+reservas 200
2026-06-19 00:12:37,487 [INFO]   🔍 (b) DDG: "Hotel Urban Center Bogota" colombia "@"
2026-06-19 00:12:42,788 [INFO] response: https://www.bing.com/search?q=%22Hotel+Urban+Center+Bogota%22+colombia+%22%40%22 200
2026-06-19 00:12:47,343 [INFO]   🌐 (b) Visitando DDG: https://www.elsanjuanhotel.com/
2026-06-19 00:13:05,009 [INFO]   🔗 (c) LinkedIn DDG
2026-06-19 00:13:05,009 [INFO]   🔗 LinkedIn DDG: "Hotel Urban Center Bogota" bogota site:linkedin.com/company
2026-06-19 00:13:05,369 [INFO] response: https://www.bing.com/search?q=%22Hotel+Urban+Center+Bogota%22+bogota+site%3Alinkedin.com%2Fcompany 200
2026-06-19 00:13:06,397 [INFO] response: https://www.bing.com/search?q=%22Hotel+Urban+Center+Bogota%22+bogota+site%3Alinkedin.com%2Fcompany&first=11&FORM=PERE 200
2026-06-19 00:13:07,335 [INFO] response: https://www.bing.com/search?q=%22Hotel+Urban+Center+Bogota%22+bogota+site%3Alinkedin.com%2Fcompany&first=21&FORM=PERE1 200
2026-06-19 00:13:08,324 [INFO] response: https://www.bing.com/search?q=%22Hotel+Urban+Center+Bogota%22+bogota+site%3Alinkedin.com%2Fcompany&first=31&FORM=PERE2 200
2026-06-19 00:13:09,314 [INFO] response: https://www.bing.com/search?q=%22Hotel+Urban+Center+Bogota%22+bogota+site%3Alinkedin.com%2Fcompany&first=41&FORM=PERE3 200
2026-06-19 00:13:12,166 [INFO]   🔍 (d) Google: "Hotel Urban Center Bogota" bogota email contacto
2026-06-19 00:13:12,169 [WARNING] Error navegando Google: Message: invalid session id; For documentation on this error, please visit: https://www.selenium.dev/documentation/webdriver/troubleshooting/errors#invalidsessionidexception
Stacktrace:
0   chromedriver                        0x0000000102ba71e4 cxxbridge1$str$ptr + 3175992
1   chromedriver                        0x0000000102b9f2ac cxxbridge1$str$ptr + 3143424
2   chromedriver                        0x000000010264f178 _RNvCs9NA52FrZ4pF_7___rustc35___rust_no_alloc_shim_is_unstable_v2 + 73572
3   chromedriver                        0x000000010268c6c4 _RNvCs9NA52FrZ4pF_7___rustc35___rust_no_alloc_shim_is_unstable_v2 + 324784
4   chromedriver                        0x00000001026b3068 _RNvCs9NA52FrZ4pF_7___rustc35___rust_no_alloc_shim_is_unstable_v2 + 482900
5   chromedriver                        0x00000001026b2968 _RNvCs9NA52FrZ4pF_7___rustc35___rust_no_alloc_shim_is_unstable_v2 + 481108
6   chromedriver                        0x000000010261cfd8 chromedriver + 118744
7   chromedriver                        0x0000000102b65370 cxxbridge1$str$ptr + 2906052
8   chromedriver                        0x0000000102b68af0 cxxbridge1$str$ptr + 2920260
9   chromedriver                        0x0000000102b4c2b0 cxxbridge1$str$ptr + 2803460
10  chromedriver                        0x0000000102b69384 cxxbridge1$str$ptr + 2922456
11  chromedriver                        0x0000000102b3d7d0 cxxbridge1$str$ptr + 2743332
12  chromedriver                        0x000000010261ad30 chromedriver + 109872
13  dyld                                0x000000018a077e00 start + 6992

2026-06-19 00:13:12,169 [INFO]   🔄 Google bloqueado → DDG fallback
2026-06-19 00:13:12,460 [INFO] response: https://www.bing.com/search?q=%22Hotel+Urban+Center+Bogota%22+bogota+email+contacto 200
2026-06-19 00:13:16,898 [INFO]   🔍 (e) DDG→FB: "Hotel Urban Center Bogota" bogota site:facebook.com
2026-06-19 00:13:17,231 [INFO] response: https://www.bing.com/search?q=%22Hotel+Urban+Center+Bogota%22+bogota+site%3Afacebook.com 200
2026-06-19 00:13:18,297 [INFO] response: https://www.bing.com/search?q=%22Hotel+Urban+Center+Bogota%22+bogota+site%3Afacebook.com&first=11&FORM=PERE 200
2026-06-19 00:13:19,309 [INFO] response: https://www.bing.com/search?q=%22Hotel+Urban+Center+Bogota%22+bogota+site%3Afacebook.com&first=21&FORM=PERE1 200
2026-06-19 00:13:20,338 [INFO] response: https://www.bing.com/search?q=%22Hotel+Urban+Center+Bogota%22+bogota+site%3Afacebook.com&first=31&FORM=PERE2 200
2026-06-19 00:13:21,346 [INFO] response: https://www.bing.com/search?q=%22Hotel+Urban+Center+Bogota%22+bogota+site%3Afacebook.com&first=41&FORM=PERE3 200
2026-06-19 00:13:25,287 [INFO]   ❌ Sin resultado: Hotel Urban Center Bogota
2026-06-19 00:13:32,207 [INFO] 
[Email 23/61] Hotel CGH Bogotá Airport (bogota)
2026-06-19 00:13:32,207 [INFO]   🌐 (a) Scraping web conocida: http://www.hotelcghbogotaairport.com.co/
2026-06-19 00:13:40,259 [INFO]   🔍 (b) DDG: "Hotel CGH Bogotá Airport" bogota email contacto
2026-06-19 00:13:40,544 [INFO] response: https://www.bing.com/search?q=%22Hotel+CGH+Bogot%C3%A1+Airport%22+bogota+email+contacto 200
2026-06-19 00:13:45,172 [INFO]   🔍 (b) DDG: "Hotel CGH Bogotá Airport" bogota correo reservas
2026-06-19 00:13:45,477 [INFO] response: https://www.bing.com/search?q=%22Hotel+CGH+Bogot%C3%A1+Airport%22+bogota+correo+reservas 200
2026-06-19 00:13:49,033 [INFO]   🔍 (b) DDG: "Hotel CGH Bogotá Airport" colombia "@"
2026-06-19 00:13:49,313 [INFO] response: https://www.bing.com/search?q=%22Hotel+CGH+Bogot%C3%A1+Airport%22+colombia+%22%40%22 200
2026-06-19 00:13:52,345 [INFO]   🔗 (c) LinkedIn DDG
2026-06-19 00:13:52,345 [INFO]   🔗 LinkedIn DDG: "Hotel CGH Bogotá Airport" bogota site:linkedin.com/company
2026-06-19 00:13:52,650 [INFO] response: https://www.bing.com/search?q=%22Hotel+CGH+Bogot%C3%A1+Airport%22+bogota+site%3Alinkedin.com%2Fcompany 200
2026-06-19 00:13:53,671 [INFO] response: https://www.bing.com/search?q=%22Hotel+CGH+Bogot%C3%A1+Airport%22+bogota+site%3Alinkedin.com%2Fcompany&first=11&FORM=PERE 200
2026-06-19 00:13:54,661 [INFO] response: https://www.bing.com/search?q=%22Hotel+CGH+Bogot%C3%A1+Airport%22+bogota+site%3Alinkedin.com%2Fcompany&first=21&FORM=PERE1 200
2026-06-19 00:13:55,707 [INFO] response: https://www.bing.com/search?q=%22Hotel+CGH+Bogot%C3%A1+Airport%22+bogota+site%3Alinkedin.com%2Fcompany&first=31&FORM=PERE2 200
2026-06-19 00:13:56,659 [INFO] response: https://www.bing.com/search?q=%22Hotel+CGH+Bogot%C3%A1+Airport%22+bogota+site%3Alinkedin.com%2Fcompany&first=41&FORM=PERE3 200
2026-06-19 00:14:00,040 [INFO]   🔍 (d) Google: "Hotel CGH Bogotá Airport" bogota email contacto
2026-06-19 00:14:00,043 [WARNING] Error navegando Google: Message: invalid session id; For documentation on this error, please visit: https://www.selenium.dev/documentation/webdriver/troubleshooting/errors#invalidsessionidexception
Stacktrace:
0   chromedriver                        0x0000000102ba71e4 cxxbridge1$str$ptr + 3175992
1   chromedriver                        0x0000000102b9f2ac cxxbridge1$str$ptr + 3143424
2   chromedriver                        0x000000010264f178 _RNvCs9NA52FrZ4pF_7___rustc35___rust_no_alloc_shim_is_unstable_v2 + 73572
3   chromedriver                        0x000000010268c6c4 _RNvCs9NA52FrZ4pF_7___rustc35___rust_no_alloc_shim_is_unstable_v2 + 324784
4   chromedriver                        0x00000001026b3068 _RNvCs9NA52FrZ4pF_7___rustc35___rust_no_alloc_shim_is_unstable_v2 + 482900
5   chromedriver                        0x00000001026b2968 _RNvCs9NA52FrZ4pF_7___rustc35___rust_no_alloc_shim_is_unstable_v2 + 481108
6   chromedriver                        0x000000010261cfd8 chromedriver + 118744
7   chromedriver                        0x0000000102b65370 cxxbridge1$str$ptr + 2906052
8   chromedriver                        0x0000000102b68af0 cxxbridge1$str$ptr + 2920260
9   chromedriver                        0x0000000102b4c2b0 cxxbridge1$str$ptr + 2803460
10  chromedriver                        0x0000000102b69384 cxxbridge1$str$ptr + 2922456
11  chromedriver                        0x0000000102b3d7d0 cxxbridge1$str$ptr + 2743332
12  chromedriver                        0x000000010261ad30 chromedriver + 109872
13  dyld                                0x000000018a077e00 start + 6992

2026-06-19 00:14:00,043 [INFO]   🔄 Google bloqueado → DDG fallback
2026-06-19 00:14:05,377 [INFO] response: https://www.bing.com/search?q=%22Hotel+CGH+Bogot%C3%A1+Airport%22+bogota+email+contacto 200
2026-06-19 00:14:07,865 [INFO]   🔍 (e) DDG→FB: "Hotel CGH Bogotá Airport" bogota site:facebook.com
2026-06-19 00:14:08,168 [INFO] response: https://www.bing.com/search?q=%22Hotel+CGH+Bogot%C3%A1+Airport%22+bogota+site%3Afacebook.com 200
2026-06-19 00:14:09,122 [INFO] response: https://www.bing.com/search?q=%22Hotel+CGH+Bogot%C3%A1+Airport%22+bogota+site%3Afacebook.com&first=11&FORM=PERE 200
2026-06-19 00:14:10,284 [INFO] response: https://www.bing.com/search?q=%22Hotel+CGH+Bogot%C3%A1+Airport%22+bogota+site%3Afacebook.com&first=21&FORM=PERE1 200
2026-06-19 00:14:11,344 [INFO] response: https://www.bing.com/search?q=%22Hotel+CGH+Bogot%C3%A1+Airport%22+bogota+site%3Afacebook.com&first=31&FORM=PERE2 200
2026-06-19 00:14:12,638 [INFO] response: https://www.bing.com/search?q=%22Hotel+CGH+Bogot%C3%A1+Airport%22+bogota+site%3Afacebook.com&first=41&FORM=PERE3 200
2026-06-19 00:14:16,319 [INFO]   ❌ Sin resultado: Hotel CGH Bogotá Airport
2026-06-19 00:14:20,441 [INFO] 
[Email 24/61] hotel los balcones (bogota)
2026-06-19 00:14:20,442 [INFO]   🌐 (a) Scraping web conocida: https://hotellosbalcones.com.co/
2026-06-19 00:30:25,335 [INFO]   🔍 (b) DDG: "hotel los balcones" bogota email contacto
2026-06-19 00:30:25,778 [INFO] response: https://www.bing.com/search?q=%22hotel+los+balcones%22+bogota+email+contacto 200
2026-06-19 00:30:54,588 [INFO]   🔍 (b) DDG: "hotel los balcones" bogota correo reservas
2026-06-19 00:30:55,057 [INFO] response: https://www.bing.com/search?q=%22hotel+los+balcones%22+bogota+correo+reservas 200
2026-06-19 00:30:57,740 [INFO]   🔍 (b) DDG: "hotel los balcones" colombia "@"
2026-06-19 00:30:58,140 [INFO] response: https://www.bing.com/search?q=%22hotel+los+balcones%22+colombia+%22%40%22 200
2026-06-19 00:31:27,181 [INFO]   🔗 (c) LinkedIn DDG
2026-06-19 00:31:27,181 [INFO]   🔗 LinkedIn DDG: "hotel los balcones" bogota site:linkedin.com/company
2026-06-19 00:31:27,524 [INFO] response: https://www.bing.com/search?q=%22hotel+los+balcones%22+bogota+site%3Alinkedin.com%2Fcompany 200
2026-06-19 00:31:28,562 [INFO] response: https://www.bing.com/search?q=%22hotel+los+balcones%22+bogota+site%3Alinkedin.com%2Fcompany&first=11&FORM=PERE 200
2026-06-19 00:31:29,529 [INFO] response: https://www.bing.com/search?q=%22hotel+los+balcones%22+bogota+site%3Alinkedin.com%2Fcompany&first=21&FORM=PERE1 200
2026-06-19 00:31:30,609 [INFO] response: https://www.bing.com/search?q=%22hotel+los+balcones%22+bogota+site%3Alinkedin.com%2Fcompany&first=31&FORM=PERE2 200
2026-06-19 00:31:31,599 [INFO] response: https://www.bing.com/search?q=%22hotel+los+balcones%22+bogota+site%3Alinkedin.com%2Fcompany&first=41&FORM=PERE3 200
2026-06-19 00:32:00,699 [INFO]   🔍 (d) Google: "hotel los balcones" bogota email contacto
2026-06-19 00:32:00,702 [WARNING] Error navegando Google: Message: invalid session id; For documentation on this error, please visit: https://www.selenium.dev/documentation/webdriver/troubleshooting/errors#invalidsessionidexception
Stacktrace:
0   chromedriver                        0x0000000102ba71e4 cxxbridge1$str$ptr + 3175992
1   chromedriver                        0x0000000102b9f2ac cxxbridge1$str$ptr + 3143424
2   chromedriver                        0x000000010264f178 _RNvCs9NA52FrZ4pF_7___rustc35___rust_no_alloc_shim_is_unstable_v2 + 73572
3   chromedriver                        0x000000010268c6c4 _RNvCs9NA52FrZ4pF_7___rustc35___rust_no_alloc_shim_is_unstable_v2 + 324784
4   chromedriver                        0x00000001026b3068 _RNvCs9NA52FrZ4pF_7___rustc35___rust_no_alloc_shim_is_unstable_v2 + 482900
5   chromedriver                        0x00000001026b2968 _RNvCs9NA52FrZ4pF_7___rustc35___rust_no_alloc_shim_is_unstable_v2 + 481108
6   chromedriver                        0x000000010261cfd8 chromedriver + 118744
7   chromedriver                        0x0000000102b65370 cxxbridge1$str$ptr + 2906052
8   chromedriver                        0x0000000102b68af0 cxxbridge1$str$ptr + 2920260
9   chromedriver                        0x0000000102b4c2b0 cxxbridge1$str$ptr + 2803460
10  chromedriver                        0x0000000102b69384 cxxbridge1$str$ptr + 2922456
11  chromedriver                        0x0000000102b3d7d0 cxxbridge1$str$ptr + 2743332
12  chromedriver                        0x000000010261ad30 chromedriver + 109872
13  dyld                                0x000000018a077e00 start + 6992

2026-06-19 00:32:00,702 [INFO]   🔄 Google bloqueado → DDG fallback
2026-06-19 00:32:01,307 [INFO] response: https://www.bing.com/search?q=%22hotel+los+balcones%22+bogota+email+contacto 200
2026-06-19 00:32:05,523 [INFO]   🔍 (e) DDG→FB: "hotel los balcones" bogota site:facebook.com
2026-06-19 00:32:31,466 [INFO] response: https://www.bing.com/search?q=%22hotel+los+balcones%22+bogota+site%3Afacebook.com 200
2026-06-19 00:32:31,747 [INFO] response: https://www.bing.com/search?q=%22hotel+los+balcones%22+bogota+site%3Afacebook.com&first=11&FORM=PERE 200
2026-06-19 00:32:32,771 [INFO] response: https://www.bing.com/search?q=%22hotel+los+balcones%22+bogota+site%3Afacebook.com&first=21&FORM=PERE1 200
2026-06-19 00:32:33,939 [INFO] response: https://www.bing.com/search?q=%22hotel+los+balcones%22+bogota+site%3Afacebook.com&first=31&FORM=PERE2 200
2026-06-19 00:32:34,928 [INFO] response: https://www.bing.com/search?q=%22hotel+los+balcones%22+bogota+site%3Afacebook.com&first=41&FORM=PERE3 200
2026-06-19 00:33:04,287 [INFO]   ❌ Sin resultado: hotel los balcones
2026-06-19 00:33:10,102 [INFO] 
[Email 25/61] Hotel Charlotte Plaza 26 Bogotá (bogota)
2026-06-19 00:33:10,102 [INFO]   🌐 (a) Scraping web conocida: http://www.hotelplaza26.inf.travel/company/section
2026-06-19 01:17:38,651 [INFO]   🔍 (b) DDG: "Hotel Charlotte Plaza 26 Bogotá" bogota email contacto
2026-06-19 01:17:39,006 [INFO] response: https://www.bing.com/search?q=%22Hotel+Charlotte+Plaza+26+Bogot%C3%A1%22+bogota+email+contacto 200
2026-06-19 01:17:42,898 [INFO]   🔍 (b) DDG: "Hotel Charlotte Plaza 26 Bogotá" bogota correo reservas
2026-06-19 01:17:43,272 [INFO] response: https://www.bing.com/search?q=%22Hotel+Charlotte+Plaza+26+Bogot%C3%A1%22+bogota+correo+reservas 200
2026-06-19 01:18:11,831 [INFO]   🔍 (b) DDG: "Hotel Charlotte Plaza 26 Bogotá" colombia "@"
2026-06-19 01:18:12,331 [INFO] response: https://www.bing.com/search?q=%22Hotel+Charlotte+Plaza+26+Bogot%C3%A1%22+colombia+%22%40%22 200
2026-06-19 01:18:14,920 [INFO]   🔗 (c) LinkedIn DDG
2026-06-19 01:18:14,920 [INFO]   🔗 LinkedIn DDG: "Hotel Charlotte Plaza 26 Bogotá" bogota site:linkedin.com/company
2026-06-19 01:18:15,262 [INFO] response: https://www.bing.com/search?q=%22Hotel+Charlotte+Plaza+26+Bogot%C3%A1%22+bogota+site%3Alinkedin.com%2Fcompany 200
2026-06-19 01:18:16,307 [INFO] response: https://www.bing.com/search?q=%22Hotel+Charlotte+Plaza+26+Bogot%C3%A1%22+bogota+site%3Alinkedin.com%2Fcompany&first=11&FORM=PERE 200
2026-06-19 01:18:42,780 [INFO] response: https://www.bing.com/search?q=%22Hotel+Charlotte+Plaza+26+Bogot%C3%A1%22+bogota+site%3Alinkedin.com%2Fcompany&first=21&FORM=PERE1 200
2026-06-19 01:18:43,020 [INFO] response: https://www.bing.com/search?q=%22Hotel+Charlotte+Plaza+26+Bogot%C3%A1%22+bogota+site%3Alinkedin.com%2Fcompany&first=31&FORM=PERE2 200
2026-06-19 01:18:44,009 [INFO] response: https://www.bing.com/search?q=%22Hotel+Charlotte+Plaza+26+Bogot%C3%A1%22+bogota+site%3Alinkedin.com%2Fcompany&first=41&FORM=PERE3 200
2026-06-19 01:18:47,716 [INFO]   🔍 (d) Google: "Hotel Charlotte Plaza 26 Bogotá" bogota email contacto
2026-06-19 01:18:47,718 [WARNING] Error navegando Google: Message: invalid session id; For documentation on this error, please visit: https://www.selenium.dev/documentation/webdriver/troubleshooting/errors#invalidsessionidexception
Stacktrace:
0   chromedriver                        0x0000000102ba71e4 cxxbridge1$str$ptr + 3175992
1   chromedriver                        0x0000000102b9f2ac cxxbridge1$str$ptr + 3143424
2   chromedriver                        0x000000010264f178 _RNvCs9NA52FrZ4pF_7___rustc35___rust_no_alloc_shim_is_unstable_v2 + 73572
3   chromedriver                        0x000000010268c6c4 _RNvCs9NA52FrZ4pF_7___rustc35___rust_no_alloc_shim_is_unstable_v2 + 324784
4   chromedriver                        0x00000001026b3068 _RNvCs9NA52FrZ4pF_7___rustc35___rust_no_alloc_shim_is_unstable_v2 + 482900
5   chromedriver                        0x00000001026b2968 _RNvCs9NA52FrZ4pF_7___rustc35___rust_no_alloc_shim_is_unstable_v2 + 481108
6   chromedriver                        0x000000010261cfd8 chromedriver + 118744
7   chromedriver                        0x0000000102b65370 cxxbridge1$str$ptr + 2906052
8   chromedriver                        0x0000000102b68af0 cxxbridge1$str$ptr + 2920260
9   chromedriver                        0x0000000102b4c2b0 cxxbridge1$str$ptr + 2803460
10  chromedriver                        0x0000000102b69384 cxxbridge1$str$ptr + 2922456
11  chromedriver                        0x0000000102b3d7d0 cxxbridge1$str$ptr + 2743332
12  chromedriver                        0x000000010261ad30 chromedriver + 109872
13  dyld                                0x000000018a077e00 start + 6992

2026-06-19 01:18:47,718 [INFO]   🔄 Google bloqueado → DDG fallback
2026-06-19 01:18:48,070 [INFO] response: https://www.bing.com/search?q=%22Hotel+Charlotte+Plaza+26+Bogot%C3%A1%22+bogota+email+contacto 200
2026-06-19 01:19:15,477 [INFO]   🔍 (e) DDG→FB: "Hotel Charlotte Plaza 26 Bogotá" bogota site:facebook.com
2026-06-19 01:19:16,012 [INFO] response: https://www.bing.com/search?q=%22Hotel+Charlotte+Plaza+26+Bogot%C3%A1%22+bogota+site%3Afacebook.com 200
2026-06-19 01:19:17,173 [INFO] response: https://www.bing.com/search?q=%22Hotel+Charlotte+Plaza+26+Bogot%C3%A1%22+bogota+site%3Afacebook.com&first=11&FORM=PERE 200
2026-06-19 01:19:18,390 [INFO] response: https://www.bing.com/search?q=%22Hotel+Charlotte+Plaza+26+Bogot%C3%A1%22+bogota+site%3Afacebook.com&first=21&FORM=PERE1 200
2026-06-19 01:19:19,361 [INFO] response: https://www.bing.com/search?q=%22Hotel+Charlotte+Plaza+26+Bogot%C3%A1%22+bogota+site%3Afacebook.com&first=31&FORM=PERE2 200
2026-06-19 01:19:20,387 [INFO] response: https://www.bing.com/search?q=%22Hotel+Charlotte+Plaza+26+Bogot%C3%A1%22+bogota+site%3Afacebook.com&first=41&FORM=PERE3 200
2026-06-19 01:19:49,228 [INFO]   ❌ Sin resultado: Hotel Charlotte Plaza 26 Bogotá
2026-06-19 01:20:21,962 [INFO] 
[Email 26/61] Hotel Dann Carlton Bogotá (bogota)
2026-06-19 01:20:21,962 [INFO]   🌐 (a) Scraping web conocida: https://hotelesdann.com/dann-carlton-bogota/
2026-06-19 01:20:28,223 [INFO]   🔍 (b) DDG: "Hotel Dann Carlton Bogotá" bogota email contacto
2026-06-19 01:20:28,478 [INFO] response: https://www.bing.com/search?q=%22Hotel+Dann+Carlton+Bogot%C3%A1%22+bogota+email+contacto 200
2026-06-19 01:20:55,751 [INFO]   🔍 (b) DDG: "Hotel Dann Carlton Bogotá" bogota correo reservas
2026-06-19 01:20:56,110 [INFO] response: https://www.bing.com/search?q=%22Hotel+Dann+Carlton+Bogot%C3%A1%22+bogota+correo+reservas 200
2026-06-19 01:20:59,588 [INFO]   🔍 (b) DDG: "Hotel Dann Carlton Bogotá" colombia "@"
2026-06-19 01:20:59,924 [INFO] response: https://www.bing.com/search?q=%22Hotel+Dann+Carlton+Bogot%C3%A1%22+colombia+%22%40%22 200
2026-06-19 01:37:42,660 [INFO]   🔗 (c) LinkedIn DDG
2026-06-19 01:37:42,660 [INFO]   🔗 LinkedIn DDG: "Hotel Dann Carlton Bogotá" bogota site:linkedin.com/company
2026-06-19 01:37:43,262 [INFO] response: https://www.bing.com/search?q=%22Hotel+Dann+Carlton+Bogot%C3%A1%22+bogota+site%3Alinkedin.com%2Fcompany 200
2026-06-19 01:37:44,283 [INFO] response: https://www.bing.com/search?q=%22Hotel+Dann+Carlton+Bogot%C3%A1%22+bogota+site%3Alinkedin.com%2Fcompany&first=11&FORM=PERE 200
2026-06-19 01:38:10,773 [INFO] response: https://www.bing.com/search?q=%22Hotel+Dann+Carlton+Bogot%C3%A1%22+bogota+site%3Alinkedin.com%2Fcompany&first=21&FORM=PERE1 200
2026-06-19 01:38:10,987 [INFO] response: https://www.bing.com/search?q=%22Hotel+Dann+Carlton+Bogot%C3%A1%22+bogota+site%3Alinkedin.com%2Fcompany&first=31&FORM=PERE2 200
2026-06-19 01:38:12,040 [INFO] response: https://www.bing.com/search?q=%22Hotel+Dann+Carlton+Bogot%C3%A1%22+bogota+site%3Alinkedin.com%2Fcompany&first=41&FORM=PERE3 200
2026-06-19 01:38:16,067 [INFO]   🔍 (d) Google: "Hotel Dann Carlton Bogotá" bogota email contacto
2026-06-19 01:38:16,069 [WARNING] Error navegando Google: Message: invalid session id; For documentation on this error, please visit: https://www.selenium.dev/documentation/webdriver/troubleshooting/errors#invalidsessionidexception
Stacktrace:
0   chromedriver                        0x0000000102ba71e4 cxxbridge1$str$ptr + 3175992
1   chromedriver                        0x0000000102b9f2ac cxxbridge1$str$ptr + 3143424
2   chromedriver                        0x000000010264f178 _RNvCs9NA52FrZ4pF_7___rustc35___rust_no_alloc_shim_is_unstable_v2 + 73572
3   chromedriver                        0x000000010268c6c4 _RNvCs9NA52FrZ4pF_7___rustc35___rust_no_alloc_shim_is_unstable_v2 + 324784
4   chromedriver                        0x00000001026b3068 _RNvCs9NA52FrZ4pF_7___rustc35___rust_no_alloc_shim_is_unstable_v2 + 482900
5   chromedriver                        0x00000001026b2968 _RNvCs9NA52FrZ4pF_7___rustc35___rust_no_alloc_shim_is_unstable_v2 + 481108
6   chromedriver                        0x000000010261cfd8 chromedriver + 118744
7   chromedriver                        0x0000000102b65370 cxxbridge1$str$ptr + 2906052
8   chromedriver                        0x0000000102b68af0 cxxbridge1$str$ptr + 2920260
9   chromedriver                        0x0000000102b4c2b0 cxxbridge1$str$ptr + 2803460
10  chromedriver                        0x0000000102b69384 cxxbridge1$str$ptr + 2922456
11  chromedriver                        0x0000000102b3d7d0 cxxbridge1$str$ptr + 2743332
12  chromedriver                        0x000000010261ad30 chromedriver + 109872
13  dyld                                0x000000018a077e00 start + 6992

2026-06-19 01:38:16,070 [INFO]   🔄 Google bloqueado → DDG fallback
2026-06-19 01:38:16,325 [INFO] response: https://www.bing.com/search?q=%22Hotel+Dann+Carlton+Bogot%C3%A1%22+bogota+email+contacto 200
2026-06-19 01:38:25,288 [INFO]   🔍 (e) DDG→FB: "Hotel Dann Carlton Bogotá" bogota site:facebook.com
2026-06-19 01:38:30,577 [INFO] response: https://www.bing.com/search?q=%22Hotel+Dann+Carlton+Bogot%C3%A1%22+bogota+site%3Afacebook.com 200
2026-06-19 01:38:31,604 [INFO] response: https://www.bing.com/search?q=%22Hotel+Dann+Carlton+Bogot%C3%A1%22+bogota+site%3Afacebook.com&first=11&FORM=PERE 200
2026-06-19 01:38:32,801 [INFO] response: https://www.bing.com/search?q=%22Hotel+Dann+Carlton+Bogot%C3%A1%22+bogota+site%3Afacebook.com&first=21&FORM=PERE1 200
2026-06-19 01:38:33,908 [INFO] response: https://www.bing.com/search?q=%22Hotel+Dann+Carlton+Bogot%C3%A1%22+bogota+site%3Afacebook.com&first=31&FORM=PERE2 200
2026-06-19 01:38:35,018 [INFO] response: https://www.bing.com/search?q=%22Hotel+Dann+Carlton+Bogot%C3%A1%22+bogota+site%3Afacebook.com&first=41&FORM=PERE3 200
2026-06-19 01:39:03,623 [INFO]   ❌ Sin resultado: Hotel Dann Carlton Bogotá
2026-06-19 01:39:08,213 [INFO] 
[Email 27/61] Hostal C.Q. Chapinero (bogota)
2026-06-19 01:39:08,213 [INFO]   🌐 (a) Scraping web conocida: http://www.hostalescq.com.co/chapinero
2026-06-19 01:41:02,150 [INFO]   🔍 (b) DDG: "Hostal C.Q. Chapinero" bogota email contacto
2026-06-19 01:41:02,821 [INFO] response: https://www.bing.com/search?q=%22Hostal+C.Q.+Chapinero%22+bogota+email+contacto 200
2026-06-19 01:41:05,264 [INFO]   🔍 (b) DDG: "Hostal C.Q. Chapinero" bogota correo reservas
2026-06-19 01:56:36,292 [INFO] response: https://www.bing.com/search?q=%22Hostal+C.Q.+Chapinero%22+bogota+correo+reservas 200
2026-06-19 01:56:47,809 [INFO]   🔍 (b) DDG: "Hostal C.Q. Chapinero" colombia "@"
2026-06-19 01:56:48,449 [INFO] response: https://www.bing.com/search?q=%22Hostal+C.Q.+Chapinero%22+colombia+%22%40%22 200
2026-06-19 01:56:51,362 [INFO]   🔗 (c) LinkedIn DDG
2026-06-19 01:56:51,363 [INFO]   🔗 LinkedIn DDG: "Hostal C.Q. Chapinero" bogota site:linkedin.com/company
2026-06-19 01:56:51,644 [INFO] response: https://www.bing.com/search?q=%22Hostal+C.Q.+Chapinero%22+bogota+site%3Alinkedin.com%2Fcompany 200
2026-06-19 01:56:52,632 [INFO] response: https://www.bing.com/search?q=%22Hostal+C.Q.+Chapinero%22+bogota+site%3Alinkedin.com%2Fcompany&first=11&FORM=PERE 200
2026-06-19 01:56:53,732 [INFO] response: https://www.bing.com/search?q=%22Hostal+C.Q.+Chapinero%22+bogota+site%3Alinkedin.com%2Fcompany&first=21&FORM=PERE1 200
2026-06-19 01:57:19,691 [INFO] response: https://www.bing.com/search?q=%22Hostal+C.Q.+Chapinero%22+bogota+site%3Alinkedin.com%2Fcompany&first=31&FORM=PERE2 200
2026-06-19 01:57:19,931 [INFO] response: https://www.bing.com/search?q=%22Hostal+C.Q.+Chapinero%22+bogota+site%3Alinkedin.com%2Fcompany&first=41&FORM=PERE3 200
2026-06-19 01:57:22,980 [INFO]   🔍 (d) Google: "Hostal C.Q. Chapinero" bogota email contacto
2026-06-19 01:57:22,985 [WARNING] Error navegando Google: Message: invalid session id; For documentation on this error, please visit: https://www.selenium.dev/documentation/webdriver/troubleshooting/errors#invalidsessionidexception
Stacktrace:
0   chromedriver                        0x0000000102ba71e4 cxxbridge1$str$ptr + 3175992
1   chromedriver                        0x0000000102b9f2ac cxxbridge1$str$ptr + 3143424
2   chromedriver                        0x000000010264f178 _RNvCs9NA52FrZ4pF_7___rustc35___rust_no_alloc_shim_is_unstable_v2 + 73572
3   chromedriver                        0x000000010268c6c4 _RNvCs9NA52FrZ4pF_7___rustc35___rust_no_alloc_shim_is_unstable_v2 + 324784
4   chromedriver                        0x00000001026b3068 _RNvCs9NA52FrZ4pF_7___rustc35___rust_no_alloc_shim_is_unstable_v2 + 482900
5   chromedriver                        0x00000001026b2968 _RNvCs9NA52FrZ4pF_7___rustc35___rust_no_alloc_shim_is_unstable_v2 + 481108
6   chromedriver                        0x000000010261cfd8 chromedriver + 118744
7   chromedriver                        0x0000000102b65370 cxxbridge1$str$ptr + 2906052
8   chromedriver                        0x0000000102b68af0 cxxbridge1$str$ptr + 2920260
9   chromedriver                        0x0000000102b4c2b0 cxxbridge1$str$ptr + 2803460
10  chromedriver                        0x0000000102b69384 cxxbridge1$str$ptr + 2922456
11  chromedriver                        0x0000000102b3d7d0 cxxbridge1$str$ptr + 2743332
12  chromedriver                        0x000000010261ad30 chromedriver + 109872
13  dyld                                0x000000018a077e00 start + 6992

2026-06-19 01:57:22,985 [INFO]   🔄 Google bloqueado → DDG fallback
2026-06-19 01:57:23,553 [INFO] response: https://www.bing.com/search?q=%22Hostal+C.Q.+Chapinero%22+bogota+email+contacto 200
2026-06-19 01:57:51,986 [INFO]   🔍 (e) DDG→FB: "Hostal C.Q. Chapinero" bogota site:facebook.com
2026-06-19 01:57:52,267 [INFO] response: https://www.bing.com/search?q=%22Hostal+C.Q.+Chapinero%22+bogota+site%3Afacebook.com 200
2026-06-19 01:57:53,267 [INFO] response: https://www.bing.com/search?q=%22Hostal+C.Q.+Chapinero%22+bogota+site%3Afacebook.com&first=11&FORM=PERE 200
2026-06-19 01:57:54,242 [INFO] response: https://www.bing.com/search?q=%22Hostal+C.Q.+Chapinero%22+bogota+site%3Afacebook.com&first=21&FORM=PERE1 200
2026-06-19 01:57:55,227 [INFO] response: https://www.bing.com/search?q=%22Hostal+C.Q.+Chapinero%22+bogota+site%3Afacebook.com&first=31&FORM=PERE2 200
2026-06-19 01:57:56,369 [INFO] response: https://www.bing.com/search?q=%22Hostal+C.Q.+Chapinero%22+bogota+site%3Afacebook.com&first=41&FORM=PERE3 200
2026-06-19 01:58:08,090 [INFO]   ❌ Sin resultado: Hostal C.Q. Chapinero
2026-06-19 01:58:14,406 [INFO] 
[Email 28/61] QO97 By Jalo (bogota)
2026-06-19 01:58:14,407 [INFO]   🌐 (a) Scraping web conocida: https://jalo.com.co/alquileres/qo-97/
2026-06-19 01:59:14,982 [INFO]   ✅ Email en web conocida: reservas@jalo.com.co
2026-06-19 01:59:19,979 [INFO] 
[Email 29/61] Bogotá Plaza Hotel (bogota)
2026-06-19 01:59:19,979 [INFO]   🌐 (a) Scraping web conocida: http://www.bogotaplazahotel.com/
2026-06-19 02:00:05,328 [INFO]   🔍 (b) DDG: "Bogotá Plaza Hotel" bogota email contacto
2026-06-19 02:00:05,830 [INFO] response: https://www.bing.com/search?q=%22Bogot%C3%A1+Plaza+Hotel%22+bogota+email+contacto 200
2026-06-19 02:00:12,027 [INFO]   🔍 (b) DDG: "Bogotá Plaza Hotel" bogota correo reservas
2026-06-19 02:00:12,830 [INFO] response: https://www.bing.com/search?q=%22Bogot%C3%A1+Plaza+Hotel%22+bogota+correo+reservas 200
2026-06-19 02:00:16,458 [INFO]   🔍 (b) DDG: "Bogotá Plaza Hotel" colombia "@"
2026-06-19 02:15:54,202 [INFO] response: https://www.bing.com/search?q=%22Bogot%C3%A1+Plaza+Hotel%22+colombia+%22%40%22 200
2026-06-19 02:16:23,235 [INFO]   🌐 (b) Visitando DDG: http://www.bogota.gov.co/
2026-06-19 02:16:40,699 [INFO]   ✅ Email en web DDG: iotero@alcaldiabogota.gov.co
2026-06-19 02:16:45,215 [INFO] 
[Email 30/61] ESTELAR Suites Jones Hotel (bogota)
2026-06-19 02:16:45,215 [INFO]   🌐 (a) Scraping web conocida: https://www.estelarsuitesjones.com/?utm_source=google&utm_medium=organic&utm_campaign=GoogleMyBusiness&utm_content=SuitesJones&partner=6458
2026-06-19 02:17:48,161 [INFO]   ✅ Email en web conocida: reservas@hotelesestelar.com
2026-06-19 02:17:48,163 [INFO]   📊 Progreso 30/61 | Emails: 16 | Sin resultado: 14
2026-06-19 02:17:53,885 [INFO] 
[Email 31/61] Hotel West Inn (bogota)
2026-06-19 02:17:53,885 [INFO]   🌐 (a) Scraping web conocida: https://www.hotelwestinn.com.co/
2026-06-19 02:36:20,544 [INFO]   🔍 (b) DDG: "Hotel West Inn" bogota email contacto
2026-06-19 02:36:50,845 [INFO] response: https://www.bing.com/search?q=%22Hotel+West+Inn%22+bogota+email+contacto 200
2026-06-19 02:37:02,137 [INFO]   🔍 (b) DDG: "Hotel West Inn" bogota correo reservas
2026-06-19 02:37:02,407 [INFO] response: https://www.bing.com/search?q=%22Hotel+West+Inn%22+bogota+correo+reservas 200
2026-06-19 02:37:06,236 [INFO]   🔍 (b) DDG: "Hotel West Inn" colombia "@"
2026-06-19 02:37:06,522 [INFO] response: https://www.bing.com/search?q=%22Hotel+West+Inn%22+colombia+%22%40%22 200
2026-06-19 02:37:07,526 [INFO] response: https://www.bing.com/search?q=%22Hotel+West+Inn%22+colombia+%22%40%22&first=11&FORM=PERE 200
2026-06-19 02:53:19,138 [INFO] Error to search using bing backend: https://www.bing.com/search TimeoutError: error sending request for url (https://www.bing.com/search?q=%22Hotel+West+Inn%22+colombia+%22%40%22&first=21&FORM=PERE1) > operation timed out
2026-06-19 02:53:19,139 [WARNING] DDG error ('"Hotel West Inn" colombia "@"'): https://www.bing.com/search TimeoutError: error sending request for url (https://www.bing.com/search?q=%22Hotel+West+Inn%22+colombia+%22%40%22&first=21&FORM=PERE1) > operation timed out
2026-06-19 02:53:49,983 [INFO]   🔗 (c) LinkedIn DDG
2026-06-19 02:53:49,984 [INFO]   🔗 LinkedIn DDG: "Hotel West Inn" bogota site:linkedin.com/company
2026-06-19 02:53:50,509 [INFO] response: https://www.bing.com/search?q=%22Hotel+West+Inn%22+bogota+site%3Alinkedin.com%2Fcompany 200
2026-06-19 02:53:51,647 [INFO] response: https://www.bing.com/search?q=%22Hotel+West+Inn%22+bogota+site%3Alinkedin.com%2Fcompany&first=11&FORM=PERE 200
2026-06-19 02:53:52,583 [INFO] response: https://www.bing.com/search?q=%22Hotel+West+Inn%22+bogota+site%3Alinkedin.com%2Fcompany&first=21&FORM=PERE1 200
2026-06-19 02:53:53,701 [INFO] response: https://www.bing.com/search?q=%22Hotel+West+Inn%22+bogota+site%3Alinkedin.com%2Fcompany&first=31&FORM=PERE2 200
2026-06-19 02:54:24,604 [INFO] response: https://www.bing.com/search?q=%22Hotel+West+Inn%22+bogota+site%3Alinkedin.com%2Fcompany&first=41&FORM=PERE3 200
2026-06-19 02:54:35,665 [INFO]   🔍 (d) Google: "Hotel West Inn" bogota email contacto
2026-06-19 02:54:35,668 [WARNING] Error navegando Google: Message: invalid session id; For documentation on this error, please visit: https://www.selenium.dev/documentation/webdriver/troubleshooting/errors#invalidsessionidexception
Stacktrace:
0   chromedriver                        0x0000000102ba71e4 cxxbridge1$str$ptr + 3175992
1   chromedriver                        0x0000000102b9f2ac cxxbridge1$str$ptr + 3143424
2   chromedriver                        0x000000010264f178 _RNvCs9NA52FrZ4pF_7___rustc35___rust_no_alloc_shim_is_unstable_v2 + 73572
3   chromedriver                        0x000000010268c6c4 _RNvCs9NA52FrZ4pF_7___rustc35___rust_no_alloc_shim_is_unstable_v2 + 324784
4   chromedriver                        0x00000001026b3068 _RNvCs9NA52FrZ4pF_7___rustc35___rust_no_alloc_shim_is_unstable_v2 + 482900
5   chromedriver                        0x00000001026b2968 _RNvCs9NA52FrZ4pF_7___rustc35___rust_no_alloc_shim_is_unstable_v2 + 481108
6   chromedriver                        0x000000010261cfd8 chromedriver + 118744
7   chromedriver                        0x0000000102b65370 cxxbridge1$str$ptr + 2906052
8   chromedriver                        0x0000000102b68af0 cxxbridge1$str$ptr + 2920260
9   chromedriver                        0x0000000102b4c2b0 cxxbridge1$str$ptr + 2803460
10  chromedriver                        0x0000000102b69384 cxxbridge1$str$ptr + 2922456
11  chromedriver                        0x0000000102b3d7d0 cxxbridge1$str$ptr + 2743332
12  chromedriver                        0x000000010261ad30 chromedriver + 109872
13  dyld                                0x000000018a077e00 start + 6992

2026-06-19 02:54:35,668 [INFO]   🔄 Google bloqueado → DDG fallback
2026-06-19 02:54:35,940 [INFO] response: https://www.bing.com/search?q=%22Hotel+West+Inn%22+bogota+email+contacto 200
2026-06-19 02:54:39,795 [INFO]   🔍 (e) DDG→FB: "Hotel West Inn" bogota site:facebook.com
2026-06-19 02:54:40,090 [INFO] response: https://www.bing.com/search?q=%22Hotel+West+Inn%22+bogota+site%3Afacebook.com 200
2026-06-19 02:54:41,070 [INFO] response: https://www.bing.com/search?q=%22Hotel+West+Inn%22+bogota+site%3Afacebook.com&first=11&FORM=PERE 200
2026-06-19 02:54:42,016 [INFO] response: https://www.bing.com/search?q=%22Hotel+West+Inn%22+bogota+site%3Afacebook.com&first=21&FORM=PERE1 200
2026-06-19 02:55:08,182 [INFO] response: https://www.bing.com/search?q=%22Hotel+West+Inn%22+bogota+site%3Afacebook.com&first=31&FORM=PERE2 200
2026-06-19 02:55:08,438 [INFO] response: https://www.bing.com/search?q=%22Hotel+West+Inn%22+bogota+site%3Afacebook.com&first=41&FORM=PERE3 200
2026-06-19 02:55:11,554 [INFO]   ❌ Sin resultado: Hotel West Inn
2026-06-19 02:55:17,465 [INFO] 
[Email 32/61] Hotel Fontamar 72 (Barranquilla)
2026-06-19 02:55:17,465 [INFO]   🔍 (b) DDG: "Hotel Fontamar 72" Barranquilla email contacto
2026-06-19 02:55:17,724 [INFO] response: https://www.bing.com/search?q=%22Hotel+Fontamar+72%22+Barranquilla+email+contacto 200
2026-06-19 02:55:27,659 [INFO]   🔍 (b) DDG: "Hotel Fontamar 72" Barranquilla correo reservas
2026-06-19 02:55:28,332 [INFO] response: https://www.bing.com/search?q=%22Hotel+Fontamar+72%22+Barranquilla+correo+reservas 200
2026-06-19 02:55:33,110 [INFO]   🔍 (b) DDG: "Hotel Fontamar 72" colombia "@"
2026-06-19 02:55:33,403 [INFO] response: https://www.bing.com/search?q=%22Hotel+Fontamar+72%22+colombia+%22%40%22 200
2026-06-19 02:56:02,240 [INFO]   🌐 (b) Visitando DDG: https://www.hilton.com/en/locations/usa/wyoming/cheyenne/?msockid=35fb
2026-06-19 04:41:09,777 [INFO]   🌐 (b) Visitando DDG: https://www.hilton.com/en/hotels/cysndru-tru-cheyenne/?msockid=35fb3e9
2026-06-19 05:16:14,302 [INFO]   🔗 (c) LinkedIn DDG
2026-06-19 05:16:14,302 [INFO]   🔗 LinkedIn DDG: "Hotel Fontamar 72" Barranquilla site:linkedin.com/company
2026-06-19 05:16:14,564 [INFO] response: https://www.bing.com/search?q=%22Hotel+Fontamar+72%22+Barranquilla+site%3Alinkedin.com%2Fcompany 200
2026-06-19 05:16:15,597 [INFO] response: https://www.bing.com/search?q=%22Hotel+Fontamar+72%22+Barranquilla+site%3Alinkedin.com%2Fcompany&first=11&FORM=PERE 200
2026-06-19 05:16:16,633 [INFO] response: https://www.bing.com/search?q=%22Hotel+Fontamar+72%22+Barranquilla+site%3Alinkedin.com%2Fcompany&first=21&FORM=PERE1 200
2026-06-19 05:16:17,589 [INFO] response: https://www.bing.com/search?q=%22Hotel+Fontamar+72%22+Barranquilla+site%3Alinkedin.com%2Fcompany&first=31&FORM=PERE2 200
2026-06-19 05:16:18,542 [INFO] response: https://www.bing.com/search?q=%22Hotel+Fontamar+72%22+Barranquilla+site%3Alinkedin.com%2Fcompany&first=41&FORM=PERE3 200
2026-06-19 05:16:22,383 [INFO]   🔍 (d) Google: "Hotel Fontamar 72" Barranquilla email contacto
2026-06-19 05:16:22,385 [WARNING] Error navegando Google: Message: invalid session id; For documentation on this error, please visit: https://www.selenium.dev/documentation/webdriver/troubleshooting/errors#invalidsessionidexception
Stacktrace:
0   chromedriver                        0x0000000102ba71e4 cxxbridge1$str$ptr + 3175992
1   chromedriver                        0x0000000102b9f2ac cxxbridge1$str$ptr + 3143424
2   chromedriver                        0x000000010264f178 _RNvCs9NA52FrZ4pF_7___rustc35___rust_no_alloc_shim_is_unstable_v2 + 73572
3   chromedriver                        0x000000010268c6c4 _RNvCs9NA52FrZ4pF_7___rustc35___rust_no_alloc_shim_is_unstable_v2 + 324784
4   chromedriver                        0x00000001026b3068 _RNvCs9NA52FrZ4pF_7___rustc35___rust_no_alloc_shim_is_unstable_v2 + 482900
5   chromedriver                        0x00000001026b2968 _RNvCs9NA52FrZ4pF_7___rustc35___rust_no_alloc_shim_is_unstable_v2 + 481108
6   chromedriver                        0x000000010261cfd8 chromedriver + 118744
7   chromedriver                        0x0000000102b65370 cxxbridge1$str$ptr + 2906052
8   chromedriver                        0x0000000102b68af0 cxxbridge1$str$ptr + 2920260
9   chromedriver                        0x0000000102b4c2b0 cxxbridge1$str$ptr + 2803460
10  chromedriver                        0x0000000102b69384 cxxbridge1$str$ptr + 2922456
11  chromedriver                        0x0000000102b3d7d0 cxxbridge1$str$ptr + 2743332
12  chromedriver                        0x000000010261ad30 chromedriver + 109872
13  dyld                                0x000000018a077e00 start + 6992

2026-06-19 05:16:22,386 [INFO]   🔄 Google bloqueado → DDG fallback
2026-06-19 05:16:22,753 [INFO] response: https://www.bing.com/search?q=%22Hotel+Fontamar+72%22+Barranquilla+email+contacto 200
2026-06-19 05:16:26,070 [INFO]   🔍 (e) DDG→FB: "Hotel Fontamar 72" Barranquilla site:facebook.com
2026-06-19 05:20:44,488 [INFO] response: https://www.bing.com/search?q=%22Hotel+Fontamar+72%22+Barranquilla+site%3Afacebook.com 200
2026-06-19 05:20:44,873 [INFO] response: https://www.bing.com/search?q=%22Hotel+Fontamar+72%22+Barranquilla+site%3Afacebook.com&first=11&FORM=PERE 200
2026-06-19 05:20:45,912 [INFO] response: https://www.bing.com/search?q=%22Hotel+Fontamar+72%22+Barranquilla+site%3Afacebook.com&first=21&FORM=PERE1 200
2026-06-19 05:20:46,889 [INFO] response: https://www.bing.com/search?q=%22Hotel+Fontamar+72%22+Barranquilla+site%3Afacebook.com&first=31&FORM=PERE2 200
2026-06-19 05:20:47,835 [INFO] response: https://www.bing.com/search?q=%22Hotel+Fontamar+72%22+Barranquilla+site%3Afacebook.com&first=41&FORM=PERE3 200
2026-06-19 05:20:55,231 [INFO]   ❌ Sin resultado: Hotel Fontamar 72
2026-06-19 05:21:02,464 [INFO] 
[Email 33/61] Hotel Georgina (Barranquilla)
2026-06-19 05:21:02,465 [INFO]   🔍 (b) DDG: "Hotel Georgina" Barranquilla email contacto
2026-06-19 05:21:02,716 [INFO] response: https://www.bing.com/search?q=%22Hotel+Georgina%22+Barranquilla+email+contacto 200
2026-06-19 05:21:05,293 [INFO]   🔍 (b) DDG: "Hotel Georgina" Barranquilla correo reservas
2026-06-19 05:36:32,066 [INFO] response: https://www.bing.com/search?q=%22Hotel+Georgina%22+Barranquilla+correo+reservas 200
2026-06-19 05:36:34,391 [INFO]   🔍 (b) DDG: "Hotel Georgina" colombia "@"
2026-06-19 05:36:34,865 [INFO] response: https://www.bing.com/search?q=%22Hotel+Georgina%22+colombia+%22%40%22 200
2026-06-19 05:36:37,657 [INFO]   🌐 (b) Visitando DDG: https://www.hilton.com/en/locations/usa/wyoming/cheyenne/?msockid=178a
2026-06-19 06:57:59,277 [INFO]   🌐 (b) Visitando DDG: https://www.hilton.com/en/hotels/cysndru-tru-cheyenne/?msockid=178acf7
2026-06-19 07:13:51,415 [INFO]   🔗 (c) LinkedIn DDG
2026-06-19 07:13:51,415 [INFO]   🔗 LinkedIn DDG: "Hotel Georgina" Barranquilla site:linkedin.com/company
2026-06-19 07:13:51,668 [INFO] response: https://www.bing.com/search?q=%22Hotel+Georgina%22+Barranquilla+site%3Alinkedin.com%2Fcompany 200
2026-06-19 07:13:52,615 [INFO] response: https://www.bing.com/search?q=%22Hotel+Georgina%22+Barranquilla+site%3Alinkedin.com%2Fcompany&first=11&FORM=PERE 200
2026-06-19 07:13:53,592 [INFO] response: https://www.bing.com/search?q=%22Hotel+Georgina%22+Barranquilla+site%3Alinkedin.com%2Fcompany&first=21&FORM=PERE1 200
2026-06-19 07:13:54,544 [INFO] response: https://www.bing.com/search?q=%22Hotel+Georgina%22+Barranquilla+site%3Alinkedin.com%2Fcompany&first=31&FORM=PERE2 200
2026-06-19 07:13:55,597 [INFO] response: https://www.bing.com/search?q=%22Hotel+Georgina%22+Barranquilla+site%3Alinkedin.com%2Fcompany&first=41&FORM=PERE3 200
2026-06-19 07:14:22,826 [INFO]   🔍 (d) Google: "Hotel Georgina" Barranquilla email contacto
2026-06-19 07:14:22,828 [WARNING] Error navegando Google: Message: invalid session id; For documentation on this error, please visit: https://www.selenium.dev/documentation/webdriver/troubleshooting/errors#invalidsessionidexception
Stacktrace:
0   chromedriver                        0x0000000102ba71e4 cxxbridge1$str$ptr + 3175992
1   chromedriver                        0x0000000102b9f2ac cxxbridge1$str$ptr + 3143424
2   chromedriver                        0x000000010264f178 _RNvCs9NA52FrZ4pF_7___rustc35___rust_no_alloc_shim_is_unstable_v2 + 73572
3   chromedriver                        0x000000010268c6c4 _RNvCs9NA52FrZ4pF_7___rustc35___rust_no_alloc_shim_is_unstable_v2 + 324784
4   chromedriver                        0x00000001026b3068 _RNvCs9NA52FrZ4pF_7___rustc35___rust_no_alloc_shim_is_unstable_v2 + 482900
5   chromedriver                        0x00000001026b2968 _RNvCs9NA52FrZ4pF_7___rustc35___rust_no_alloc_shim_is_unstable_v2 + 481108
6   chromedriver                        0x000000010261cfd8 chromedriver + 118744
7   chromedriver                        0x0000000102b65370 cxxbridge1$str$ptr + 2906052
8   chromedriver                        0x0000000102b68af0 cxxbridge1$str$ptr + 2920260
9   chromedriver                        0x0000000102b4c2b0 cxxbridge1$str$ptr + 2803460
10  chromedriver                        0x0000000102b69384 cxxbridge1$str$ptr + 2922456
11  chromedriver                        0x0000000102b3d7d0 cxxbridge1$str$ptr + 2743332
12  chromedriver                        0x000000010261ad30 chromedriver + 109872
13  dyld                                0x000000018a077e00 start + 6992

2026-06-19 07:14:22,828 [INFO]   🔄 Google bloqueado → DDG fallback
2026-06-19 07:14:28,108 [INFO] response: https://www.bing.com/search?q=%22Hotel+Georgina%22+Barranquilla+email+contacto 200
2026-06-19 07:14:37,992 [INFO]   🔍 (e) DDG→FB: "Hotel Georgina" Barranquilla site:facebook.com
2026-06-19 07:14:38,529 [INFO] response: https://www.bing.com/search?q=%22Hotel+Georgina%22+Barranquilla+site%3Afacebook.com 200
2026-06-19 07:14:39,565 [INFO] response: https://www.bing.com/search?q=%22Hotel+Georgina%22+Barranquilla+site%3Afacebook.com&first=11&FORM=PERE 200
2026-06-19 07:14:40,534 [INFO] response: https://www.bing.com/search?q=%22Hotel+Georgina%22+Barranquilla+site%3Afacebook.com&first=21&FORM=PERE1 200
2026-06-19 07:14:41,561 [INFO] response: https://www.bing.com/search?q=%22Hotel+Georgina%22+Barranquilla+site%3Afacebook.com&first=31&FORM=PERE2 200
2026-06-19 07:15:07,538 [INFO] response: https://www.bing.com/search?q=%22Hotel+Georgina%22+Barranquilla+site%3Afacebook.com&first=41&FORM=PERE3 200
2026-06-19 07:15:10,922 [INFO]   ❌ Sin resultado: Hotel Georgina
2026-06-19 07:15:17,104 [INFO] 
[Email 34/61] Bababuy Hostel (Bogota)
2026-06-19 07:15:17,104 [INFO]   🔍 (b) DDG: "Bababuy Hostel" Bogota email contacto
2026-06-19 07:15:17,373 [INFO] response: https://www.bing.com/search?q=%22Bababuy+Hostel%22+Bogota+email+contacto 200
2026-06-19 07:15:20,630 [INFO]   🔍 (b) DDG: "Bababuy Hostel" Bogota correo reservas
2026-06-19 07:15:20,889 [INFO] response: https://www.bing.com/search?q=%22Bababuy+Hostel%22+Bogota+correo+reservas 200
2026-06-19 07:15:29,187 [INFO] response: https://www.bing.com/search?q=%22Bababuy+Hostel%22+Bogota+correo+reservas&first=11&FORM=PERE 200
2026-06-19 07:15:31,650 [INFO]   🔍 (b) DDG: "Bababuy Hostel" colombia "@"
2026-06-19 07:15:32,155 [INFO] response: https://www.bing.com/search?q=%22Bababuy+Hostel%22+colombia+%22%40%22 200
2026-06-19 07:15:34,572 [INFO]   🌐 (b) Visitando DDG: https://www.seattlesymphony.org/concerttickets/event-calendar
2026-06-19 07:42:10,515 [INFO]   🌐 (b) Visitando DDG: https://www.biblegateway.com/passage/?search=John+4-6&version=NIV
2026-06-19 08:00:10,910 [INFO]   ✅ Email en web DDG: privacy@biblegateway.com
2026-06-19 08:00:40,069 [INFO] 
[Email 35/61] Apartahotel Victoria In (Bogota)
2026-06-19 08:00:40,138 [INFO]   🔍 (b) DDG: "Apartahotel Victoria In" Bogota email contacto
2026-06-19 08:00:40,771 [INFO] response: https://www.bing.com/search?q=%22Apartahotel+Victoria+In%22+Bogota+email+contacto 200
2026-06-19 08:00:45,325 [INFO]   🔍 (b) DDG: "Apartahotel Victoria In" Bogota correo reservas
2026-06-19 08:00:45,621 [INFO] response: https://www.bing.com/search?q=%22Apartahotel+Victoria+In%22+Bogota+correo+reservas 200
2026-06-19 08:01:14,016 [INFO]   🔍 (b) DDG: "Apartahotel Victoria In" colombia "@"
2026-06-19 08:01:14,802 [INFO] response: https://www.bing.com/search?q=%22Apartahotel+Victoria+In%22+colombia+%22%40%22 200
2026-06-19 08:01:18,724 [INFO]   🔗 (c) LinkedIn DDG
2026-06-19 08:01:18,724 [INFO]   🔗 LinkedIn DDG: "Apartahotel Victoria In" Bogota site:linkedin.com/company
2026-06-19 08:01:19,009 [INFO] response: https://www.bing.com/search?q=%22Apartahotel+Victoria+In%22+Bogota+site%3Alinkedin.com%2Fcompany 200
2026-06-19 08:01:27,735 [INFO] response: https://www.bing.com/search?q=%22Apartahotel+Victoria+In%22+Bogota+site%3Alinkedin.com%2Fcompany&first=11&FORM=PERE 200
2026-06-19 08:01:28,690 [INFO] response: https://www.bing.com/search?q=%22Apartahotel+Victoria+In%22+Bogota+site%3Alinkedin.com%2Fcompany&first=21&FORM=PERE1 200
2026-06-19 08:01:29,631 [INFO] response: https://www.bing.com/search?q=%22Apartahotel+Victoria+In%22+Bogota+site%3Alinkedin.com%2Fcompany&first=31&FORM=PERE2 200
2026-06-19 08:01:30,574 [INFO] response: https://www.bing.com/search?q=%22Apartahotel+Victoria+In%22+Bogota+site%3Alinkedin.com%2Fcompany&first=41&FORM=PERE3 200
2026-06-19 08:01:34,209 [INFO]   🔍 (d) Google: "Apartahotel Victoria In" Bogota email contacto
2026-06-19 08:01:34,211 [WARNING] Error navegando Google: Message: invalid session id; For documentation on this error, please visit: https://www.selenium.dev/documentation/webdriver/troubleshooting/errors#invalidsessionidexception
Stacktrace:
0   chromedriver                        0x0000000102ba71e4 cxxbridge1$str$ptr + 3175992
1   chromedriver                        0x0000000102b9f2ac cxxbridge1$str$ptr + 3143424
2   chromedriver                        0x000000010264f178 _RNvCs9NA52FrZ4pF_7___rustc35___rust_no_alloc_shim_is_unstable_v2 + 73572
3   chromedriver                        0x000000010268c6c4 _RNvCs9NA52FrZ4pF_7___rustc35___rust_no_alloc_shim_is_unstable_v2 + 324784
4   chromedriver                        0x00000001026b3068 _RNvCs9NA52FrZ4pF_7___rustc35___rust_no_alloc_shim_is_unstable_v2 + 482900
5   chromedriver                        0x00000001026b2968 _RNvCs9NA52FrZ4pF_7___rustc35___rust_no_alloc_shim_is_unstable_v2 + 481108
6   chromedriver                        0x000000010261cfd8 chromedriver + 118744
7   chromedriver                        0x0000000102b65370 cxxbridge1$str$ptr + 2906052
8   chromedriver                        0x0000000102b68af0 cxxbridge1$str$ptr + 2920260
9   chromedriver                        0x0000000102b4c2b0 cxxbridge1$str$ptr + 2803460
10  chromedriver                        0x0000000102b69384 cxxbridge1$str$ptr + 2922456
11  chromedriver                        0x0000000102b3d7d0 cxxbridge1$str$ptr + 2743332
12  chromedriver                        0x000000010261ad30 chromedriver + 109872
13  dyld                                0x000000018a077e00 start + 6992

2026-06-19 08:01:34,211 [INFO]   🔄 Google bloqueado → DDG fallback
2026-06-19 08:02:05,361 [INFO] response: https://www.bing.com/search?q=%22Apartahotel+Victoria+In%22+Bogota+email+contacto 200
2026-06-19 08:02:05,604 [INFO] response: https://www.bing.com/search?q=%22Apartahotel+Victoria+In%22+Bogota+email+contacto&first=11&FORM=PERE 200
2026-06-19 08:02:32,895 [INFO]   🌐 (ddg) Visitando: https://store.epicgames.com/p/school-bus-driving-simulator-b878a8?lang
2026-06-19 08:03:25,095 [INFO]   🌐 (ddg) Visitando: https://www.silvergames.com/br/school-bus-simulator
2026-06-19 08:40:04,054 [INFO]   🌐 (ddg) Visitando: https://plix.gg/pt-br/games/school-bus-simulator-3d
2026-06-19 08:40:07,290 [INFO]   ✅ Email en sitio: contact@plix.gg
2026-06-19 08:40:13,126 [INFO] 
[Email 36/61] Aerosuites Silver (Bogota)
2026-06-19 08:40:13,127 [INFO]   🔍 (b) DDG: "Aerosuites Silver" Bogota email contacto
2026-06-19 08:40:13,406 [INFO] response: https://www.bing.com/search?q=%22Aerosuites+Silver%22+Bogota+email+contacto 200
2026-06-19 08:40:17,643 [INFO]   🔍 (b) DDG: "Aerosuites Silver" Bogota correo reservas
2026-06-19 08:40:17,890 [INFO] response: https://www.bing.com/search?q=%22Aerosuites+Silver%22+Bogota+correo+reservas 200
2026-06-19 08:40:21,512 [INFO]   🔍 (b) DDG: "Aerosuites Silver" colombia "@"
2026-06-19 08:40:22,222 [INFO] response: https://www.bing.com/search?q=%22Aerosuites+Silver%22+colombia+%22%40%22 200
2026-06-19 08:51:15,890 [INFO]   🔗 (c) LinkedIn DDG
2026-06-19 08:51:15,890 [INFO]   🔗 LinkedIn DDG: "Aerosuites Silver" Bogota site:linkedin.com/company
2026-06-19 08:51:16,206 [INFO] response: https://www.bing.com/search?q=%22Aerosuites+Silver%22+Bogota+site%3Alinkedin.com%2Fcompany 200
2026-06-19 08:51:17,243 [INFO] response: https://www.bing.com/search?q=%22Aerosuites+Silver%22+Bogota+site%3Alinkedin.com%2Fcompany&first=11&FORM=PERE 200
2026-06-19 08:51:18,234 [INFO] response: https://www.bing.com/search?q=%22Aerosuites+Silver%22+Bogota+site%3Alinkedin.com%2Fcompany&first=21&FORM=PERE1 200
2026-06-19 08:51:19,200 [INFO] response: https://www.bing.com/search?q=%22Aerosuites+Silver%22+Bogota+site%3Alinkedin.com%2Fcompany&first=31&FORM=PERE2 200
2026-06-19 08:51:20,214 [INFO] response: https://www.bing.com/search?q=%22Aerosuites+Silver%22+Bogota+site%3Alinkedin.com%2Fcompany&first=41&FORM=PERE3 200
2026-06-19 08:51:22,295 [INFO]   🔍 (d) Google: "Aerosuites Silver" Bogota email contacto
2026-06-19 08:51:22,297 [WARNING] Error navegando Google: Message: invalid session id; For documentation on this error, please visit: https://www.selenium.dev/documentation/webdriver/troubleshooting/errors#invalidsessionidexception
Stacktrace:
0   chromedriver                        0x0000000102ba71e4 cxxbridge1$str$ptr + 3175992
1   chromedriver                        0x0000000102b9f2ac cxxbridge1$str$ptr + 3143424
2   chromedriver                        0x000000010264f178 _RNvCs9NA52FrZ4pF_7___rustc35___rust_no_alloc_shim_is_unstable_v2 + 73572
3   chromedriver                        0x000000010268c6c4 _RNvCs9NA52FrZ4pF_7___rustc35___rust_no_alloc_shim_is_unstable_v2 + 324784
4   chromedriver                        0x00000001026b3068 _RNvCs9NA52FrZ4pF_7___rustc35___rust_no_alloc_shim_is_unstable_v2 + 482900
5   chromedriver                        0x00000001026b2968 _RNvCs9NA52FrZ4pF_7___rustc35___rust_no_alloc_shim_is_unstable_v2 + 481108
6   chromedriver                        0x000000010261cfd8 chromedriver + 118744
7   chromedriver                        0x0000000102b65370 cxxbridge1$str$ptr + 2906052
8   chromedriver                        0x0000000102b68af0 cxxbridge1$str$ptr + 2920260
9   chromedriver                        0x0000000102b4c2b0 cxxbridge1$str$ptr + 2803460
10  chromedriver                        0x0000000102b69384 cxxbridge1$str$ptr + 2922456
11  chromedriver                        0x0000000102b3d7d0 cxxbridge1$str$ptr + 2743332
12  chromedriver                        0x000000010261ad30 chromedriver + 109872
13  dyld                                0x000000018a077e00 start + 6992

2026-06-19 08:51:22,298 [INFO]   🔄 Google bloqueado → DDG fallback
2026-06-19 08:51:22,777 [INFO] response: https://www.bing.com/search?q=%22Aerosuites+Silver%22+Bogota+email+contacto 200
2026-06-19 08:51:26,534 [INFO]   🔍 (e) DDG→FB: "Aerosuites Silver" Bogota site:facebook.com
2026-06-19 08:51:27,059 [INFO] response: https://www.bing.com/search?q=%22Aerosuites+Silver%22+Bogota+site%3Afacebook.com 200
2026-06-19 08:51:28,158 [INFO] response: https://www.bing.com/search?q=%22Aerosuites+Silver%22+Bogota+site%3Afacebook.com&first=11&FORM=PERE 200
2026-06-19 08:51:29,296 [INFO] response: https://www.bing.com/search?q=%22Aerosuites+Silver%22+Bogota+site%3Afacebook.com&first=21&FORM=PERE1 200
2026-06-19 08:51:30,432 [INFO] response: https://www.bing.com/search?q=%22Aerosuites+Silver%22+Bogota+site%3Afacebook.com&first=31&FORM=PERE2 200
2026-06-19 08:51:31,843 [INFO] response: https://www.bing.com/search?q=%22Aerosuites+Silver%22+Bogota+site%3Afacebook.com&first=41&FORM=PERE3 200
2026-06-19 09:06:39,164 [INFO]   ❌ Sin resultado: Aerosuites Silver
2026-06-19 09:22:50,263 [INFO] 
[Email 37/61] HOTEL EL SOL BOGOTA (Bogota)
2026-06-19 09:22:50,264 [INFO]   🔍 (b) DDG: "HOTEL EL SOL BOGOTA" Bogota email contacto
2026-06-19 09:22:50,765 [INFO] response: https://www.bing.com/search?q=%22HOTEL+EL+SOL+BOGOTA%22+Bogota+email+contacto 200
2026-06-19 09:22:55,372 [INFO]   🔍 (b) DDG: "HOTEL EL SOL BOGOTA" Bogota correo reservas
2026-06-19 09:22:55,729 [INFO] response: https://www.bing.com/search?q=%22HOTEL+EL+SOL+BOGOTA%22+Bogota+correo+reservas 200
2026-06-19 09:22:59,954 [INFO]   🔍 (b) DDG: "HOTEL EL SOL BOGOTA" colombia "@"
2026-06-19 09:23:00,768 [INFO] response: https://www.bing.com/search?q=%22HOTEL+EL+SOL+BOGOTA%22+colombia+%22%40%22 200
2026-06-19 09:23:05,063 [INFO]   🔗 (c) LinkedIn DDG
2026-06-19 09:23:05,063 [INFO]   🔗 LinkedIn DDG: "HOTEL EL SOL BOGOTA" Bogota site:linkedin.com/company
2026-06-19 09:23:05,500 [INFO] response: https://www.bing.com/search?q=%22HOTEL+EL+SOL+BOGOTA%22+Bogota+site%3Alinkedin.com%2Fcompany 200
2026-06-19 09:23:06,570 [INFO] response: https://www.bing.com/search?q=%22HOTEL+EL+SOL+BOGOTA%22+Bogota+site%3Alinkedin.com%2Fcompany&first=11&FORM=PERE 200
2026-06-19 09:23:07,570 [INFO] response: https://www.bing.com/search?q=%22HOTEL+EL+SOL+BOGOTA%22+Bogota+site%3Alinkedin.com%2Fcompany&first=21&FORM=PERE1 200
2026-06-19 09:23:08,899 [INFO] response: https://www.bing.com/search?q=%22HOTEL+EL+SOL+BOGOTA%22+Bogota+site%3Alinkedin.com%2Fcompany&first=31&FORM=PERE2 200
2026-06-19 09:23:10,065 [INFO] response: https://www.bing.com/search?q=%22HOTEL+EL+SOL+BOGOTA%22+Bogota+site%3Alinkedin.com%2Fcompany&first=41&FORM=PERE3 200
2026-06-19 09:33:10,826 [INFO]   🔍 (d) Google: "HOTEL EL SOL BOGOTA" Bogota email contacto
2026-06-19 09:33:10,829 [WARNING] Error navegando Google: Message: invalid session id; For documentation on this error, please visit: https://www.selenium.dev/documentation/webdriver/troubleshooting/errors#invalidsessionidexception
Stacktrace:
0   chromedriver                        0x0000000102ba71e4 cxxbridge1$str$ptr + 3175992
1   chromedriver                        0x0000000102b9f2ac cxxbridge1$str$ptr + 3143424
2   chromedriver                        0x000000010264f178 _RNvCs9NA52FrZ4pF_7___rustc35___rust_no_alloc_shim_is_unstable_v2 + 73572
3   chromedriver                        0x000000010268c6c4 _RNvCs9NA52FrZ4pF_7___rustc35___rust_no_alloc_shim_is_unstable_v2 + 324784
4   chromedriver                        0x00000001026b3068 _RNvCs9NA52FrZ4pF_7___rustc35___rust_no_alloc_shim_is_unstable_v2 + 482900
5   chromedriver                        0x00000001026b2968 _RNvCs9NA52FrZ4pF_7___rustc35___rust_no_alloc_shim_is_unstable_v2 + 481108
6   chromedriver                        0x000000010261cfd8 chromedriver + 118744
7   chromedriver                        0x0000000102b65370 cxxbridge1$str$ptr + 2906052
8   chromedriver                        0x0000000102b68af0 cxxbridge1$str$ptr + 2920260
9   chromedriver                        0x0000000102b4c2b0 cxxbridge1$str$ptr + 2803460
10  chromedriver                        0x0000000102b69384 cxxbridge1$str$ptr + 2922456
11  chromedriver                        0x0000000102b3d7d0 cxxbridge1$str$ptr + 2743332
12  chromedriver                        0x000000010261ad30 chromedriver + 109872
13  dyld                                0x000000018a077e00 start + 6992

2026-06-19 09:33:10,829 [INFO]   🔄 Google bloqueado → DDG fallback
2026-06-19 09:33:11,419 [INFO] response: https://www.bing.com/search?q=%22HOTEL+EL+SOL+BOGOTA%22+Bogota+email+contacto 200
2026-06-19 09:33:13,859 [INFO]   🔍 (e) DDG→FB: "HOTEL EL SOL BOGOTA" Bogota site:facebook.com
2026-06-19 09:33:19,554 [INFO] response: https://www.bing.com/search?q=%22HOTEL+EL+SOL+BOGOTA%22+Bogota+site%3Afacebook.com 200
2026-06-19 09:33:20,535 [INFO] response: https://www.bing.com/search?q=%22HOTEL+EL+SOL+BOGOTA%22+Bogota+site%3Afacebook.com&first=11&FORM=PERE 200
2026-06-19 09:33:21,737 [INFO] response: https://www.bing.com/search?q=%22HOTEL+EL+SOL+BOGOTA%22+Bogota+site%3Afacebook.com&first=21&FORM=PERE1 200
2026-06-19 09:33:22,991 [INFO] response: https://www.bing.com/search?q=%22HOTEL+EL+SOL+BOGOTA%22+Bogota+site%3Afacebook.com&first=31&FORM=PERE2 200
2026-06-19 09:33:24,059 [INFO] response: https://www.bing.com/search?q=%22HOTEL+EL+SOL+BOGOTA%22+Bogota+site%3Afacebook.com&first=41&FORM=PERE3 200
2026-06-19 09:33:26,881 [INFO]   ❌ Sin resultado: HOTEL EL SOL BOGOTA
2026-06-19 09:33:31,618 [INFO] 
[Email 38/61] A Bogota On Holidays (Bogota)
2026-06-19 09:33:31,618 [INFO]   🔍 (b) DDG: "A Bogota On Holidays" Bogota email contacto
2026-06-19 09:33:32,096 [INFO] response: https://www.bing.com/search?q=%22A+Bogota+On+Holidays%22+Bogota+email+contacto 200
2026-06-19 09:33:35,750 [INFO]   🔍 (b) DDG: "A Bogota On Holidays" Bogota correo reservas
2026-06-19 09:33:36,242 [INFO] response: https://www.bing.com/search?q=%22A+Bogota+On+Holidays%22+Bogota+correo+reservas 200
2026-06-19 09:33:39,862 [INFO]   🔍 (b) DDG: "A Bogota On Holidays" colombia "@"
2026-06-19 09:33:40,232 [INFO] response: https://www.bing.com/search?q=%22A+Bogota+On+Holidays%22+colombia+%22%40%22 200
2026-06-19 09:33:43,325 [INFO]   🔗 (c) LinkedIn DDG
2026-06-19 09:33:43,326 [INFO]   🔗 LinkedIn DDG: "A Bogota On Holidays" Bogota site:linkedin.com/company
2026-06-19 09:33:43,630 [INFO] response: https://www.bing.com/search?q=%22A+Bogota+On+Holidays%22+Bogota+site%3Alinkedin.com%2Fcompany 200
2026-06-19 09:33:44,566 [INFO] response: https://www.bing.com/search?q=%22A+Bogota+On+Holidays%22+Bogota+site%3Alinkedin.com%2Fcompany&first=11&FORM=PERE 200
2026-06-19 09:33:45,537 [INFO] response: https://www.bing.com/search?q=%22A+Bogota+On+Holidays%22+Bogota+site%3Alinkedin.com%2Fcompany&first=21&FORM=PERE1 200
2026-06-19 09:33:46,567 [INFO] response: https://www.bing.com/search?q=%22A+Bogota+On+Holidays%22+Bogota+site%3Alinkedin.com%2Fcompany&first=31&FORM=PERE2 200
2026-06-19 09:33:47,539 [INFO] response: https://www.bing.com/search?q=%22A+Bogota+On+Holidays%22+Bogota+site%3Alinkedin.com%2Fcompany&first=41&FORM=PERE3 200
2026-06-19 09:33:50,892 [INFO]   🔍 (d) Google: "A Bogota On Holidays" Bogota email contacto
2026-06-19 09:33:50,894 [WARNING] Error navegando Google: Message: invalid session id; For documentation on this error, please visit: https://www.selenium.dev/documentation/webdriver/troubleshooting/errors#invalidsessionidexception
Stacktrace:
0   chromedriver                        0x0000000102ba71e4 cxxbridge1$str$ptr + 3175992
1   chromedriver                        0x0000000102b9f2ac cxxbridge1$str$ptr + 3143424
2   chromedriver                        0x000000010264f178 _RNvCs9NA52FrZ4pF_7___rustc35___rust_no_alloc_shim_is_unstable_v2 + 73572
3   chromedriver                        0x000000010268c6c4 _RNvCs9NA52FrZ4pF_7___rustc35___rust_no_alloc_shim_is_unstable_v2 + 324784
4   chromedriver                        0x00000001026b3068 _RNvCs9NA52FrZ4pF_7___rustc35___rust_no_alloc_shim_is_unstable_v2 + 482900
5   chromedriver                        0x00000001026b2968 _RNvCs9NA52FrZ4pF_7___rustc35___rust_no_alloc_shim_is_unstable_v2 + 481108
6   chromedriver                        0x000000010261cfd8 chromedriver + 118744
7   chromedriver                        0x0000000102b65370 cxxbridge1$str$ptr + 2906052
8   chromedriver                        0x0000000102b68af0 cxxbridge1$str$ptr + 2920260
9   chromedriver                        0x0000000102b4c2b0 cxxbridge1$str$ptr + 2803460
10  chromedriver                        0x0000000102b69384 cxxbridge1$str$ptr + 2922456
11  chromedriver                        0x0000000102b3d7d0 cxxbridge1$str$ptr + 2743332
12  chromedriver                        0x000000010261ad30 chromedriver + 109872
13  dyld                                0x000000018a077e00 start + 6992

2026-06-19 09:33:50,894 [INFO]   🔄 Google bloqueado → DDG fallback
2026-06-19 09:33:51,158 [INFO] response: https://www.bing.com/search?q=%22A+Bogota+On+Holidays%22+Bogota+email+contacto 200
2026-06-19 09:33:55,208 [INFO]   🌐 (ddg) Visitando: https://www.rae.es/dpd/a
2026-06-19 09:34:09,051 [INFO]   🔍 (e) DDG→FB: "A Bogota On Holidays" Bogota site:facebook.com
2026-06-19 09:34:09,321 [INFO] response: https://www.bing.com/search?q=%22A+Bogota+On+Holidays%22+Bogota+site%3Afacebook.com 200
2026-06-19 09:34:10,291 [INFO] response: https://www.bing.com/search?q=%22A+Bogota+On+Holidays%22+Bogota+site%3Afacebook.com&first=11&FORM=PERE 200
2026-06-19 09:34:11,356 [INFO] response: https://www.bing.com/search?q=%22A+Bogota+On+Holidays%22+Bogota+site%3Afacebook.com&first=21&FORM=PERE1 200
2026-06-19 09:34:12,309 [INFO] response: https://www.bing.com/search?q=%22A+Bogota+On+Holidays%22+Bogota+site%3Afacebook.com&first=31&FORM=PERE2 200
2026-06-19 09:34:13,259 [INFO] response: https://www.bing.com/search?q=%22A+Bogota+On+Holidays%22+Bogota+site%3Afacebook.com&first=41&FORM=PERE3 200
2026-06-19 09:34:16,551 [INFO]   ❌ Sin resultado: A Bogota On Holidays
2026-06-19 09:34:23,778 [INFO] 
[Email 39/61] Niza Colonial (Bogota)
2026-06-19 09:34:23,780 [INFO]   🔍 (b) DDG: "Niza Colonial" Bogota email contacto
2026-06-19 09:34:24,074 [INFO] response: https://www.bing.com/search?q=%22Niza+Colonial%22+Bogota+email+contacto 200
2026-06-19 09:34:27,769 [INFO]   🔍 (b) DDG: "Niza Colonial" Bogota correo reservas
2026-06-19 09:34:28,153 [INFO] response: https://www.bing.com/search?q=%22Niza+Colonial%22+Bogota+correo+reservas 200
2026-06-19 09:34:31,411 [INFO]   🔍 (b) DDG: "Niza Colonial" colombia "@"
2026-06-19 09:34:31,674 [INFO] response: https://www.bing.com/search?q=%22Niza+Colonial%22+colombia+%22%40%22 200
2026-06-19 09:34:34,536 [INFO]   🔗 (c) LinkedIn DDG
2026-06-19 09:34:34,537 [INFO]   🔗 LinkedIn DDG: "Niza Colonial" Bogota site:linkedin.com/company
2026-06-19 09:34:34,819 [INFO] response: https://www.bing.com/search?q=%22Niza+Colonial%22+Bogota+site%3Alinkedin.com%2Fcompany 200
2026-06-19 09:34:35,768 [INFO] response: https://www.bing.com/search?q=%22Niza+Colonial%22+Bogota+site%3Alinkedin.com%2Fcompany&first=11&FORM=PERE 200
2026-06-19 09:34:36,737 [INFO] response: https://www.bing.com/search?q=%22Niza+Colonial%22+Bogota+site%3Alinkedin.com%2Fcompany&first=21&FORM=PERE1 200
2026-06-19 09:34:38,624 [INFO] response: https://www.bing.com/search?q=%22Niza+Colonial%22+Bogota+site%3Alinkedin.com%2Fcompany&first=31&FORM=PERE2 200
2026-06-19 09:34:39,618 [INFO] response: https://www.bing.com/search?q=%22Niza+Colonial%22+Bogota+site%3Alinkedin.com%2Fcompany&first=41&FORM=PERE3 200
2026-06-19 09:34:42,271 [INFO]   🔍 (d) Google: "Niza Colonial" Bogota email contacto
2026-06-19 09:34:42,273 [WARNING] Error navegando Google: Message: invalid session id; For documentation on this error, please visit: https://www.selenium.dev/documentation/webdriver/troubleshooting/errors#invalidsessionidexception
Stacktrace:
0   chromedriver                        0x0000000102ba71e4 cxxbridge1$str$ptr + 3175992
1   chromedriver                        0x0000000102b9f2ac cxxbridge1$str$ptr + 3143424
2   chromedriver                        0x000000010264f178 _RNvCs9NA52FrZ4pF_7___rustc35___rust_no_alloc_shim_is_unstable_v2 + 73572
3   chromedriver                        0x000000010268c6c4 _RNvCs9NA52FrZ4pF_7___rustc35___rust_no_alloc_shim_is_unstable_v2 + 324784
4   chromedriver                        0x00000001026b3068 _RNvCs9NA52FrZ4pF_7___rustc35___rust_no_alloc_shim_is_unstable_v2 + 482900
5   chromedriver                        0x00000001026b2968 _RNvCs9NA52FrZ4pF_7___rustc35___rust_no_alloc_shim_is_unstable_v2 + 481108
6   chromedriver                        0x000000010261cfd8 chromedriver + 118744
7   chromedriver                        0x0000000102b65370 cxxbridge1$str$ptr + 2906052
8   chromedriver                        0x0000000102b68af0 cxxbridge1$str$ptr + 2920260
9   chromedriver                        0x0000000102b4c2b0 cxxbridge1$str$ptr + 2803460
10  chromedriver                        0x0000000102b69384 cxxbridge1$str$ptr + 2922456
11  chromedriver                        0x0000000102b3d7d0 cxxbridge1$str$ptr + 2743332
12  chromedriver                        0x000000010261ad30 chromedriver + 109872
13  dyld                                0x000000018a077e00 start + 6992

2026-06-19 09:34:42,273 [INFO]   🔄 Google bloqueado → DDG fallback
2026-06-19 09:34:42,534 [INFO] response: https://www.bing.com/search?q=%22Niza+Colonial%22+Bogota+email+contacto 200
2026-06-19 09:34:45,701 [INFO]   🔍 (e) DDG→FB: "Niza Colonial" Bogota site:facebook.com
2026-06-19 09:34:45,966 [INFO] response: https://www.bing.com/search?q=%22Niza+Colonial%22+Bogota+site%3Afacebook.com 200
2026-06-19 09:34:46,932 [INFO] response: https://www.bing.com/search?q=%22Niza+Colonial%22+Bogota+site%3Afacebook.com&first=11&FORM=PERE 200
2026-06-19 09:34:47,885 [INFO] response: https://www.bing.com/search?q=%22Niza+Colonial%22+Bogota+site%3Afacebook.com&first=21&FORM=PERE1 200
2026-06-19 09:34:48,868 [INFO] response: https://www.bing.com/search?q=%22Niza+Colonial%22+Bogota+site%3Afacebook.com&first=31&FORM=PERE2 200
2026-06-19 09:34:49,844 [INFO] response: https://www.bing.com/search?q=%22Niza+Colonial%22+Bogota+site%3Afacebook.com&first=41&FORM=PERE3 200
2026-06-19 09:34:52,369 [INFO]   ❌ Sin resultado: Niza Colonial
2026-06-19 09:34:57,761 [INFO] 
[Email 40/61] STAY IN BOGOTÁ (Bogota)
2026-06-19 09:34:57,761 [INFO]   🔍 (b) DDG: "STAY IN BOGOTÁ" Bogota email contacto
2026-06-19 09:34:58,349 [INFO] response: https://www.bing.com/search?q=%22STAY+IN+BOGOT%C3%81%22+Bogota+email+contacto 200
2026-06-19 09:35:01,248 [INFO]   🔍 (b) DDG: "STAY IN BOGOTÁ" Bogota correo reservas
2026-06-19 09:35:01,503 [INFO] response: https://www.bing.com/search?q=%22STAY+IN+BOGOT%C3%81%22+Bogota+correo+reservas 200
2026-06-19 09:35:04,348 [INFO]   🔍 (b) DDG: "STAY IN BOGOTÁ" colombia "@"
2026-06-19 09:35:09,647 [INFO] response: https://www.bing.com/search?q=%22STAY+IN+BOGOT%C3%81%22+colombia+%22%40%22 200
2026-06-19 09:35:12,524 [INFO]   🌐 (b) Visitando DDG: https://www.stay-app.com/es/
2026-06-19 09:35:52,139 [INFO]   🌐 (b) Visitando DDG: https://www.ingles.com/traductor/stay
2026-06-19 09:36:03,161 [INFO]   🌐 (b) Visitando DDG: https://www.letras.com/the-kid-laroi/stay/traduccion.html
2026-06-19 09:36:12,841 [INFO]   🔗 (c) LinkedIn DDG
2026-06-19 09:36:12,841 [INFO]   🔗 LinkedIn DDG: "STAY IN BOGOTÁ" Bogota site:linkedin.com/company
2026-06-19 09:36:13,104 [INFO] response: https://www.bing.com/search?q=%22STAY+IN+BOGOT%C3%81%22+Bogota+site%3Alinkedin.com%2Fcompany 200
2026-06-19 09:36:14,059 [INFO] response: https://www.bing.com/search?q=%22STAY+IN+BOGOT%C3%81%22+Bogota+site%3Alinkedin.com%2Fcompany&first=11&FORM=PERE 200
2026-06-19 09:36:15,007 [INFO] response: https://www.bing.com/search?q=%22STAY+IN+BOGOT%C3%81%22+Bogota+site%3Alinkedin.com%2Fcompany&first=21&FORM=PERE1 200
2026-06-19 09:36:15,971 [INFO] response: https://www.bing.com/search?q=%22STAY+IN+BOGOT%C3%81%22+Bogota+site%3Alinkedin.com%2Fcompany&first=31&FORM=PERE2 200
2026-06-19 09:36:16,937 [INFO] response: https://www.bing.com/search?q=%22STAY+IN+BOGOT%C3%81%22+Bogota+site%3Alinkedin.com%2Fcompany&first=41&FORM=PERE3 200
2026-06-19 09:36:21,312 [INFO]   🔍 (d) Google: "STAY IN BOGOTÁ" Bogota email contacto
2026-06-19 09:36:21,314 [WARNING] Error navegando Google: Message: invalid session id; For documentation on this error, please visit: https://www.selenium.dev/documentation/webdriver/troubleshooting/errors#invalidsessionidexception
Stacktrace:
0   chromedriver                        0x0000000102ba71e4 cxxbridge1$str$ptr + 3175992
1   chromedriver                        0x0000000102b9f2ac cxxbridge1$str$ptr + 3143424
2   chromedriver                        0x000000010264f178 _RNvCs9NA52FrZ4pF_7___rustc35___rust_no_alloc_shim_is_unstable_v2 + 73572
3   chromedriver                        0x000000010268c6c4 _RNvCs9NA52FrZ4pF_7___rustc35___rust_no_alloc_shim_is_unstable_v2 + 324784
4   chromedriver                        0x00000001026b3068 _RNvCs9NA52FrZ4pF_7___rustc35___rust_no_alloc_shim_is_unstable_v2 + 482900
5   chromedriver                        0x00000001026b2968 _RNvCs9NA52FrZ4pF_7___rustc35___rust_no_alloc_shim_is_unstable_v2 + 481108
6   chromedriver                        0x000000010261cfd8 chromedriver + 118744
7   chromedriver                        0x0000000102b65370 cxxbridge1$str$ptr + 2906052
8   chromedriver                        0x0000000102b68af0 cxxbridge1$str$ptr + 2920260
9   chromedriver                        0x0000000102b4c2b0 cxxbridge1$str$ptr + 2803460
10  chromedriver                        0x0000000102b69384 cxxbridge1$str$ptr + 2922456
11  chromedriver                        0x0000000102b3d7d0 cxxbridge1$str$ptr + 2743332
12  chromedriver                        0x000000010261ad30 chromedriver + 109872
13  dyld                                0x000000018a077e00 start + 6992

2026-06-19 09:36:21,314 [INFO]   🔄 Google bloqueado → DDG fallback
2026-06-19 09:36:26,583 [INFO] response: https://www.bing.com/search?q=%22STAY+IN+BOGOT%C3%81%22+Bogota+email+contacto 200
2026-06-19 09:36:30,901 [INFO]   🔍 (e) DDG→FB: "STAY IN BOGOTÁ" Bogota site:facebook.com
2026-06-19 09:36:36,164 [INFO] response: https://www.bing.com/search?q=%22STAY+IN+BOGOT%C3%81%22+Bogota+site%3Afacebook.com 200
2026-06-19 09:36:37,112 [INFO] response: https://www.bing.com/search?q=%22STAY+IN+BOGOT%C3%81%22+Bogota+site%3Afacebook.com&first=11&FORM=PERE 200
2026-06-19 09:36:38,210 [INFO] response: https://www.bing.com/search?q=%22STAY+IN+BOGOT%C3%81%22+Bogota+site%3Afacebook.com&first=21&FORM=PERE1 200
2026-06-19 09:36:39,259 [INFO] response: https://www.bing.com/search?q=%22STAY+IN+BOGOT%C3%81%22+Bogota+site%3Afacebook.com&first=31&FORM=PERE2 200
2026-06-19 09:36:40,212 [INFO] response: https://www.bing.com/search?q=%22STAY+IN+BOGOT%C3%81%22+Bogota+site%3Afacebook.com&first=41&FORM=PERE3 200
2026-06-19 09:36:42,554 [INFO]   ❌ Sin resultado: STAY IN BOGOTÁ
2026-06-19 09:36:42,556 [INFO]   📊 Progreso 40/61 | Emails: 18 | Sin resultado: 22
2026-06-19 09:36:49,696 [INFO] 
[Email 41/61] Hotel Casa La Riviera (Bogota)
2026-06-19 09:36:49,697 [INFO]   🔍 (b) DDG: "Hotel Casa La Riviera" Bogota email contacto
2026-06-19 09:36:49,995 [INFO] response: https://www.bing.com/search?q=%22Hotel+Casa+La+Riviera%22+Bogota+email+contacto 200
2026-06-19 09:36:52,869 [INFO]   🔍 (b) DDG: "Hotel Casa La Riviera" Bogota correo reservas
2026-06-19 09:36:58,124 [INFO] response: https://www.bing.com/search?q=%22Hotel+Casa+La+Riviera%22+Bogota+correo+reservas 200
2026-06-19 09:37:02,188 [INFO]   🔍 (b) DDG: "Hotel Casa La Riviera" colombia "@"
2026-06-19 09:37:02,465 [INFO] response: https://www.bing.com/search?q=%22Hotel+Casa+La+Riviera%22+colombia+%22%40%22 200
2026-06-19 09:37:06,269 [INFO]   🔗 (c) LinkedIn DDG
2026-06-19 09:37:06,269 [INFO]   🔗 LinkedIn DDG: "Hotel Casa La Riviera" Bogota site:linkedin.com/company
2026-06-19 09:37:06,539 [INFO] response: https://www.bing.com/search?q=%22Hotel+Casa+La+Riviera%22+Bogota+site%3Alinkedin.com%2Fcompany 200
2026-06-19 09:37:07,621 [INFO] response: https://www.bing.com/search?q=%22Hotel+Casa+La+Riviera%22+Bogota+site%3Alinkedin.com%2Fcompany&first=11&FORM=PERE 200
2026-06-19 09:37:08,591 [INFO] response: https://www.bing.com/search?q=%22Hotel+Casa+La+Riviera%22+Bogota+site%3Alinkedin.com%2Fcompany&first=21&FORM=PERE1 200
2026-06-19 09:37:09,577 [INFO] response: https://www.bing.com/search?q=%22Hotel+Casa+La+Riviera%22+Bogota+site%3Alinkedin.com%2Fcompany&first=31&FORM=PERE2 200
2026-06-19 09:37:10,587 [INFO] response: https://www.bing.com/search?q=%22Hotel+Casa+La+Riviera%22+Bogota+site%3Alinkedin.com%2Fcompany&first=41&FORM=PERE3 200
2026-06-19 09:37:13,845 [INFO]   🔍 (d) Google: "Hotel Casa La Riviera" Bogota email contacto
2026-06-19 09:37:13,847 [WARNING] Error navegando Google: Message: invalid session id; For documentation on this error, please visit: https://www.selenium.dev/documentation/webdriver/troubleshooting/errors#invalidsessionidexception
Stacktrace:
0   chromedriver                        0x0000000102ba71e4 cxxbridge1$str$ptr + 3175992
1   chromedriver                        0x0000000102b9f2ac cxxbridge1$str$ptr + 3143424
2   chromedriver                        0x000000010264f178 _RNvCs9NA52FrZ4pF_7___rustc35___rust_no_alloc_shim_is_unstable_v2 + 73572
3   chromedriver                        0x000000010268c6c4 _RNvCs9NA52FrZ4pF_7___rustc35___rust_no_alloc_shim_is_unstable_v2 + 324784
4   chromedriver                        0x00000001026b3068 _RNvCs9NA52FrZ4pF_7___rustc35___rust_no_alloc_shim_is_unstable_v2 + 482900
5   chromedriver                        0x00000001026b2968 _RNvCs9NA52FrZ4pF_7___rustc35___rust_no_alloc_shim_is_unstable_v2 + 481108
6   chromedriver                        0x000000010261cfd8 chromedriver + 118744
7   chromedriver                        0x0000000102b65370 cxxbridge1$str$ptr + 2906052
8   chromedriver                        0x0000000102b68af0 cxxbridge1$str$ptr + 2920260
9   chromedriver                        0x0000000102b4c2b0 cxxbridge1$str$ptr + 2803460
10  chromedriver                        0x0000000102b69384 cxxbridge1$str$ptr + 2922456
11  chromedriver                        0x0000000102b3d7d0 cxxbridge1$str$ptr + 2743332
12  chromedriver                        0x000000010261ad30 chromedriver + 109872
13  dyld                                0x000000018a077e00 start + 6992

2026-06-19 09:37:13,847 [INFO]   🔄 Google bloqueado → DDG fallback
2026-06-19 09:37:19,129 [INFO] response: https://www.bing.com/search?q=%22Hotel+Casa+La+Riviera%22+Bogota+email+contacto 200
2026-06-19 09:37:22,302 [INFO]   🔍 (e) DDG→FB: "Hotel Casa La Riviera" Bogota site:facebook.com
2026-06-19 09:37:22,577 [INFO] response: https://www.bing.com/search?q=%22Hotel+Casa+La+Riviera%22+Bogota+site%3Afacebook.com 200
2026-06-19 09:37:23,527 [INFO] response: https://www.bing.com/search?q=%22Hotel+Casa+La+Riviera%22+Bogota+site%3Afacebook.com&first=11&FORM=PERE 200
2026-06-19 09:37:24,528 [INFO] response: https://www.bing.com/search?q=%22Hotel+Casa+La+Riviera%22+Bogota+site%3Afacebook.com&first=21&FORM=PERE1 200
2026-06-19 09:37:25,491 [INFO] response: https://www.bing.com/search?q=%22Hotel+Casa+La+Riviera%22+Bogota+site%3Afacebook.com&first=31&FORM=PERE2 200
2026-06-19 09:37:26,470 [INFO] response: https://www.bing.com/search?q=%22Hotel+Casa+La+Riviera%22+Bogota+site%3Afacebook.com&first=41&FORM=PERE3 200
2026-06-19 09:37:30,819 [INFO]   ❌ Sin resultado: Hotel Casa La Riviera
2026-06-19 09:37:38,011 [INFO] 
[Email 42/61] Hotel Ariston Embassy (Bogota)
2026-06-19 09:37:38,011 [INFO]   🔍 (b) DDG: "Hotel Ariston Embassy" Bogota email contacto
2026-06-19 09:37:38,306 [INFO] response: https://www.bing.com/search?q=%22Hotel+Ariston+Embassy%22+Bogota+email+contacto 200
2026-06-19 09:37:41,394 [INFO]   🔍 (b) DDG: "Hotel Ariston Embassy" Bogota correo reservas
2026-06-19 09:37:41,668 [INFO] response: https://www.bing.com/search?q=%22Hotel+Ariston+Embassy%22+Bogota+correo+reservas 200
2026-06-19 09:37:44,894 [INFO]   🔍 (b) DDG: "Hotel Ariston Embassy" colombia "@"
2026-06-19 09:37:45,167 [INFO] response: https://www.bing.com/search?q=%22Hotel+Ariston+Embassy%22+colombia+%22%40%22 200
2026-06-19 09:37:49,364 [INFO]   🔗 (c) LinkedIn DDG
2026-06-19 09:37:49,364 [INFO]   🔗 LinkedIn DDG: "Hotel Ariston Embassy" Bogota site:linkedin.com/company
2026-06-19 09:37:49,708 [INFO] response: https://www.bing.com/search?q=%22Hotel+Ariston+Embassy%22+Bogota+site%3Alinkedin.com%2Fcompany 200
2026-06-19 09:37:50,685 [INFO] response: https://www.bing.com/search?q=%22Hotel+Ariston+Embassy%22+Bogota+site%3Alinkedin.com%2Fcompany&first=11&FORM=PERE 200
2026-06-19 09:37:51,618 [INFO] response: https://www.bing.com/search?q=%22Hotel+Ariston+Embassy%22+Bogota+site%3Alinkedin.com%2Fcompany&first=21&FORM=PERE1 200
2026-06-19 09:37:52,578 [INFO] response: https://www.bing.com/search?q=%22Hotel+Ariston+Embassy%22+Bogota+site%3Alinkedin.com%2Fcompany&first=31&FORM=PERE2 200
2026-06-19 09:37:53,533 [INFO] response: https://www.bing.com/search?q=%22Hotel+Ariston+Embassy%22+Bogota+site%3Alinkedin.com%2Fcompany&first=41&FORM=PERE3 200
2026-06-19 09:37:56,474 [INFO]   🔍 (d) Google: "Hotel Ariston Embassy" Bogota email contacto
2026-06-19 09:37:56,477 [WARNING] Error navegando Google: Message: invalid session id; For documentation on this error, please visit: https://www.selenium.dev/documentation/webdriver/troubleshooting/errors#invalidsessionidexception
Stacktrace:
0   chromedriver                        0x0000000102ba71e4 cxxbridge1$str$ptr + 3175992
1   chromedriver                        0x0000000102b9f2ac cxxbridge1$str$ptr + 3143424
2   chromedriver                        0x000000010264f178 _RNvCs9NA52FrZ4pF_7___rustc35___rust_no_alloc_shim_is_unstable_v2 + 73572
3   chromedriver                        0x000000010268c6c4 _RNvCs9NA52FrZ4pF_7___rustc35___rust_no_alloc_shim_is_unstable_v2 + 324784
4   chromedriver                        0x00000001026b3068 _RNvCs9NA52FrZ4pF_7___rustc35___rust_no_alloc_shim_is_unstable_v2 + 482900
5   chromedriver                        0x00000001026b2968 _RNvCs9NA52FrZ4pF_7___rustc35___rust_no_alloc_shim_is_unstable_v2 + 481108
6   chromedriver                        0x000000010261cfd8 chromedriver + 118744
7   chromedriver                        0x0000000102b65370 cxxbridge1$str$ptr + 2906052
8   chromedriver                        0x0000000102b68af0 cxxbridge1$str$ptr + 2920260
9   chromedriver                        0x0000000102b4c2b0 cxxbridge1$str$ptr + 2803460
10  chromedriver                        0x0000000102b69384 cxxbridge1$str$ptr + 2922456
11  chromedriver                        0x0000000102b3d7d0 cxxbridge1$str$ptr + 2743332
12  chromedriver                        0x000000010261ad30 chromedriver + 109872
13  dyld                                0x000000018a077e00 start + 6992

2026-06-19 09:37:56,477 [INFO]   🔄 Google bloqueado → DDG fallback
2026-06-19 09:38:02,057 [INFO] response: https://www.bing.com/search?q=%22Hotel+Ariston+Embassy%22+Bogota+email+contacto 200
2026-06-19 09:38:06,249 [INFO]   🔍 (e) DDG→FB: "Hotel Ariston Embassy" Bogota site:facebook.com
2026-06-19 09:38:11,882 [INFO] response: https://www.bing.com/search?q=%22Hotel+Ariston+Embassy%22+Bogota+site%3Afacebook.com 200
2026-06-19 09:38:12,953 [INFO] response: https://www.bing.com/search?q=%22Hotel+Ariston+Embassy%22+Bogota+site%3Afacebook.com&first=11&FORM=PERE 200
2026-06-19 09:38:13,924 [INFO] response: https://www.bing.com/search?q=%22Hotel+Ariston+Embassy%22+Bogota+site%3Afacebook.com&first=21&FORM=PERE1 200
2026-06-19 09:38:14,886 [INFO] response: https://www.bing.com/search?q=%22Hotel+Ariston+Embassy%22+Bogota+site%3Afacebook.com&first=31&FORM=PERE2 200
2026-06-19 09:38:18,017 [INFO] response: https://www.bing.com/search?q=%22Hotel+Ariston+Embassy%22+Bogota+site%3Afacebook.com&first=41&FORM=PERE3 200
2026-06-19 09:38:21,048 [INFO]   ❌ Sin resultado: Hotel Ariston Embassy
2026-06-19 09:38:26,293 [INFO] 
[Email 43/61] HOTEL RADEL SUPERIOR (Bogota)
2026-06-19 09:38:26,294 [INFO]   🔍 (b) DDG: "HOTEL RADEL SUPERIOR" Bogota email contacto
2026-06-19 09:38:27,102 [INFO] response: https://www.bing.com/search?q=%22HOTEL+RADEL+SUPERIOR%22+Bogota+email+contacto 200
2026-06-19 09:53:56,033 [INFO]   🔍 (b) DDG: "HOTEL RADEL SUPERIOR" Bogota correo reservas
2026-06-19 09:53:56,591 [INFO] response: https://www.bing.com/search?q=%22HOTEL+RADEL+SUPERIOR%22+Bogota+correo+reservas 200
2026-06-19 09:53:59,379 [INFO]   🔍 (b) DDG: "HOTEL RADEL SUPERIOR" colombia "@"
2026-06-19 09:53:59,647 [INFO] response: https://www.bing.com/search?q=%22HOTEL+RADEL+SUPERIOR%22+colombia+%22%40%22 200
2026-06-19 09:54:27,968 [INFO]   🔗 (c) LinkedIn DDG
2026-06-19 09:54:27,968 [INFO]   🔗 LinkedIn DDG: "HOTEL RADEL SUPERIOR" Bogota site:linkedin.com/company
2026-06-19 09:54:28,329 [INFO] response: https://www.bing.com/search?q=%22HOTEL+RADEL+SUPERIOR%22+Bogota+site%3Alinkedin.com%2Fcompany 200
2026-06-19 09:54:29,573 [INFO] response: https://www.bing.com/search?q=%22HOTEL+RADEL+SUPERIOR%22+Bogota+site%3Alinkedin.com%2Fcompany&first=11&FORM=PERE 200
2026-06-19 09:54:30,550 [INFO] response: https://www.bing.com/search?q=%22HOTEL+RADEL+SUPERIOR%22+Bogota+site%3Alinkedin.com%2Fcompany&first=21&FORM=PERE1 200
2026-06-19 09:54:31,580 [INFO] response: https://www.bing.com/search?q=%22HOTEL+RADEL+SUPERIOR%22+Bogota+site%3Alinkedin.com%2Fcompany&first=31&FORM=PERE2 200
2026-06-19 09:54:32,552 [INFO] response: https://www.bing.com/search?q=%22HOTEL+RADEL+SUPERIOR%22+Bogota+site%3Alinkedin.com%2Fcompany&first=41&FORM=PERE3 200
2026-06-19 09:54:35,573 [INFO]   🔍 (d) Google: "HOTEL RADEL SUPERIOR" Bogota email contacto
2026-06-19 09:54:35,576 [WARNING] Error navegando Google: Message: invalid session id; For documentation on this error, please visit: https://www.selenium.dev/documentation/webdriver/troubleshooting/errors#invalidsessionidexception
Stacktrace:
0   chromedriver                        0x0000000102ba71e4 cxxbridge1$str$ptr + 3175992
1   chromedriver                        0x0000000102b9f2ac cxxbridge1$str$ptr + 3143424
2   chromedriver                        0x000000010264f178 _RNvCs9NA52FrZ4pF_7___rustc35___rust_no_alloc_shim_is_unstable_v2 + 73572
3   chromedriver                        0x000000010268c6c4 _RNvCs9NA52FrZ4pF_7___rustc35___rust_no_alloc_shim_is_unstable_v2 + 324784
4   chromedriver                        0x00000001026b3068 _RNvCs9NA52FrZ4pF_7___rustc35___rust_no_alloc_shim_is_unstable_v2 + 482900
5   chromedriver                        0x00000001026b2968 _RNvCs9NA52FrZ4pF_7___rustc35___rust_no_alloc_shim_is_unstable_v2 + 481108
6   chromedriver                        0x000000010261cfd8 chromedriver + 118744
7   chromedriver                        0x0000000102b65370 cxxbridge1$str$ptr + 2906052
8   chromedriver                        0x0000000102b68af0 cxxbridge1$str$ptr + 2920260
9   chromedriver                        0x0000000102b4c2b0 cxxbridge1$str$ptr + 2803460
10  chromedriver                        0x0000000102b69384 cxxbridge1$str$ptr + 2922456
11  chromedriver                        0x0000000102b3d7d0 cxxbridge1$str$ptr + 2743332
12  chromedriver                        0x000000010261ad30 chromedriver + 109872
13  dyld                                0x000000018a077e00 start + 6992

2026-06-19 09:54:35,576 [INFO]   🔄 Google bloqueado → DDG fallback
2026-06-19 09:55:05,730 [INFO] response: https://www.bing.com/search?q=%22HOTEL+RADEL+SUPERIOR%22+Bogota+email+contacto 200
2026-06-19 09:55:09,025 [INFO]   🔍 (e) DDG→FB: "HOTEL RADEL SUPERIOR" Bogota site:facebook.com
2026-06-19 09:55:09,589 [INFO] response: https://www.bing.com/search?q=%22HOTEL+RADEL+SUPERIOR%22+Bogota+site%3Afacebook.com 200
2026-06-19 09:55:10,594 [INFO] response: https://www.bing.com/search?q=%22HOTEL+RADEL+SUPERIOR%22+Bogota+site%3Afacebook.com&first=11&FORM=PERE 200
2026-06-19 09:55:11,736 [INFO] response: https://www.bing.com/search?q=%22HOTEL+RADEL+SUPERIOR%22+Bogota+site%3Afacebook.com&first=21&FORM=PERE1 200
2026-06-19 09:55:12,766 [INFO] response: https://www.bing.com/search?q=%22HOTEL+RADEL+SUPERIOR%22+Bogota+site%3Afacebook.com&first=31&FORM=PERE2 200
2026-06-19 09:55:13,798 [INFO] response: https://www.bing.com/search?q=%22HOTEL+RADEL+SUPERIOR%22+Bogota+site%3Afacebook.com&first=41&FORM=PERE3 200
2026-06-19 09:55:16,318 [INFO]   ❌ Sin resultado: HOTEL RADEL SUPERIOR
2026-06-19 09:55:23,636 [INFO] 
[Email 44/61] Embassy On Holidays (Bogota)
2026-06-19 09:55:23,637 [INFO]   🔍 (b) DDG: "Embassy On Holidays" Bogota email contacto
2026-06-19 09:55:23,907 [INFO] response: https://www.bing.com/search?q=%22Embassy+On+Holidays%22+Bogota+email+contacto 200
2026-06-19 09:55:51,369 [INFO]   🔍 (b) DDG: "Embassy On Holidays" Bogota correo reservas
2026-06-19 09:55:52,164 [INFO] response: https://www.bing.com/search?q=%22Embassy+On+Holidays%22+Bogota+correo+reservas 200
2026-06-19 09:55:53,909 [INFO] response: https://www.bing.com/search?q=%22Embassy+On+Holidays%22+Bogota+correo+reservas&first=11&FORM=PERE 200
2026-06-19 09:55:56,476 [INFO]   🔍 (b) DDG: "Embassy On Holidays" colombia "@"
2026-06-19 09:55:57,217 [INFO] response: https://www.bing.com/search?q=%22Embassy+On+Holidays%22+colombia+%22%40%22 200
2026-06-19 09:56:00,827 [INFO]   🌐 (b) Visitando DDG: https://embassy-on-holidays.bogota-hotels-co.net/es/
2026-06-19 09:56:16,562 [INFO]   🌐 (b) Visitando DDG: https://embassy-on-holidays.hotelsbogota.net/es/
2026-06-19 10:14:52,973 [INFO]   🌐 (b) Visitando DDG: https://pe.usembassy.gov/es/
2026-06-19 10:15:28,882 [INFO]   ✅ Email en web DDG: cuscoacs@state.gov
2026-06-19 10:15:58,008 [INFO] 
[Email 45/61] Casa Quinta Hotel Embajada (Bogota)
2026-06-19 10:15:58,008 [INFO]   🔍 (b) DDG: "Casa Quinta Hotel Embajada" Bogota email contacto
2026-06-19 10:15:58,770 [INFO] response: https://www.bing.com/search?q=%22Casa+Quinta+Hotel+Embajada%22+Bogota+email+contacto 200
2026-06-19 10:16:28,362 [INFO]   🔍 (b) DDG: "Casa Quinta Hotel Embajada" Bogota correo reservas
2026-06-19 10:16:28,654 [INFO] response: https://www.bing.com/search?q=%22Casa+Quinta+Hotel+Embajada%22+Bogota+correo+reservas 200
2026-06-19 10:16:32,341 [INFO]   🔍 (b) DDG: "Casa Quinta Hotel Embajada" colombia "@"
2026-06-19 10:29:55,398 [INFO] response: https://www.bing.com/search?q=%22Casa+Quinta+Hotel+Embajada%22+colombia+%22%40%22 200
2026-06-19 10:29:59,988 [INFO]   🌐 (b) Visitando DDG: https://www.encuentra24.com/nicaragua-es/bienes-raices-venta-de-propie
2026-06-19 10:30:19,485 [INFO]   🌐 (b) Visitando DDG: https://nicaragua.bienesonline.com/casas/venta/managua
2026-06-19 10:30:25,463 [INFO]   🌐 (b) Visitando DDG: https://www.quierocasa.com/resultados/venta-casas.htm
2026-06-19 10:30:34,988 [INFO]   🔗 (c) LinkedIn DDG
2026-06-19 10:30:34,988 [INFO]   🔗 LinkedIn DDG: "Casa Quinta Hotel Embajada" Bogota site:linkedin.com/company
2026-06-19 10:30:35,302 [INFO] response: https://www.bing.com/search?q=%22Casa+Quinta+Hotel+Embajada%22+Bogota+site%3Alinkedin.com%2Fcompany 200
2026-06-19 10:30:36,284 [INFO] response: https://www.bing.com/search?q=%22Casa+Quinta+Hotel+Embajada%22+Bogota+site%3Alinkedin.com%2Fcompany&first=11&FORM=PERE 200
2026-06-19 10:30:37,303 [INFO] response: https://www.bing.com/search?q=%22Casa+Quinta+Hotel+Embajada%22+Bogota+site%3Alinkedin.com%2Fcompany&first=21&FORM=PERE1 200
2026-06-19 10:30:38,268 [INFO] response: https://www.bing.com/search?q=%22Casa+Quinta+Hotel+Embajada%22+Bogota+site%3Alinkedin.com%2Fcompany&first=31&FORM=PERE2 200
2026-06-19 10:30:39,228 [INFO] response: https://www.bing.com/search?q=%22Casa+Quinta+Hotel+Embajada%22+Bogota+site%3Alinkedin.com%2Fcompany&first=41&FORM=PERE3 200
2026-06-19 10:30:41,630 [INFO]   🔍 (d) Google: "Casa Quinta Hotel Embajada" Bogota email contacto
2026-06-19 10:30:41,633 [WARNING] Error navegando Google: Message: invalid session id; For documentation on this error, please visit: https://www.selenium.dev/documentation/webdriver/troubleshooting/errors#invalidsessionidexception
Stacktrace:
0   chromedriver                        0x0000000102ba71e4 cxxbridge1$str$ptr + 3175992
1   chromedriver                        0x0000000102b9f2ac cxxbridge1$str$ptr + 3143424
2   chromedriver                        0x000000010264f178 _RNvCs9NA52FrZ4pF_7___rustc35___rust_no_alloc_shim_is_unstable_v2 + 73572
3   chromedriver                        0x000000010268c6c4 _RNvCs9NA52FrZ4pF_7___rustc35___rust_no_alloc_shim_is_unstable_v2 + 324784
4   chromedriver                        0x00000001026b3068 _RNvCs9NA52FrZ4pF_7___rustc35___rust_no_alloc_shim_is_unstable_v2 + 482900
5   chromedriver                        0x00000001026b2968 _RNvCs9NA52FrZ4pF_7___rustc35___rust_no_alloc_shim_is_unstable_v2 + 481108
6   chromedriver                        0x000000010261cfd8 chromedriver + 118744
7   chromedriver                        0x0000000102b65370 cxxbridge1$str$ptr + 2906052
8   chromedriver                        0x0000000102b68af0 cxxbridge1$str$ptr + 2920260
9   chromedriver                        0x0000000102b4c2b0 cxxbridge1$str$ptr + 2803460
10  chromedriver                        0x0000000102b69384 cxxbridge1$str$ptr + 2922456
11  chromedriver                        0x0000000102b3d7d0 cxxbridge1$str$ptr + 2743332
12  chromedriver                        0x000000010261ad30 chromedriver + 109872
13  dyld                                0x000000018a077e00 start + 6992

2026-06-19 10:30:41,633 [INFO]   🔄 Google bloqueado → DDG fallback
2026-06-19 10:30:41,931 [INFO] response: https://www.bing.com/search?q=%22Casa+Quinta+Hotel+Embajada%22+Bogota+email+contacto 200
2026-06-19 10:30:44,297 [INFO]   🔍 (e) DDG→FB: "Casa Quinta Hotel Embajada" Bogota site:facebook.com
2026-06-19 10:30:44,606 [INFO] response: https://www.bing.com/search?q=%22Casa+Quinta+Hotel+Embajada%22+Bogota+site%3Afacebook.com 200
2026-06-19 10:30:45,559 [INFO] response: https://www.bing.com/search?q=%22Casa+Quinta+Hotel+Embajada%22+Bogota+site%3Afacebook.com&first=11&FORM=PERE 200
2026-06-19 10:30:46,675 [INFO] response: https://www.bing.com/search?q=%22Casa+Quinta+Hotel+Embajada%22+Bogota+site%3Afacebook.com&first=21&FORM=PERE1 200
2026-06-19 10:30:47,686 [INFO] response: https://www.bing.com/search?q=%22Casa+Quinta+Hotel+Embajada%22+Bogota+site%3Afacebook.com&first=31&FORM=PERE2 200
2026-06-19 10:30:48,642 [INFO] response: https://www.bing.com/search?q=%22Casa+Quinta+Hotel+Embajada%22+Bogota+site%3Afacebook.com&first=41&FORM=PERE3 200
2026-06-19 10:30:50,911 [INFO]   ❌ Sin resultado: Casa Quinta Hotel Embajada
2026-06-19 10:30:57,027 [INFO] 
[Email 46/61] hotel teusaquillo (bogota)
2026-06-19 10:30:57,028 [INFO]   🔍 (b) DDG: "hotel teusaquillo" bogota email contacto
2026-06-19 10:30:57,280 [INFO] response: https://www.bing.com/search?q=%22hotel+teusaquillo%22+bogota+email+contacto 200
2026-06-19 10:31:00,936 [INFO]   🔍 (b) DDG: "hotel teusaquillo" bogota correo reservas
2026-06-19 10:31:01,463 [INFO] response: https://www.bing.com/search?q=%22hotel+teusaquillo%22+bogota+correo+reservas 200
2026-06-19 10:31:02,439 [INFO] response: https://www.bing.com/search?q=%22hotel+teusaquillo%22+bogota+correo+reservas&first=11&FORM=PERE 200
2026-06-19 10:31:03,435 [INFO] response: https://www.bing.com/search?q=%22hotel+teusaquillo%22+bogota+correo+reservas&first=21&FORM=PERE1 200
2026-06-19 10:31:04,406 [INFO] response: https://www.bing.com/search?q=%22hotel+teusaquillo%22+bogota+correo+reservas&first=31&FORM=PERE2 200
2026-06-19 10:31:07,086 [INFO]   🔍 (b) DDG: "hotel teusaquillo" colombia "@"
2026-06-19 10:31:07,349 [INFO] response: https://www.bing.com/search?q=%22hotel+teusaquillo%22+colombia+%22%40%22 200
2026-06-19 10:31:10,661 [INFO]   🌐 (b) Visitando DDG: https://www.viajesfalabella.com.co/hoteles/
2026-06-19 10:31:19,891 [INFO]   🌐 (b) Visitando DDG: https://www.marriott.com/es/hotels/bogmc-bogota-marriott-hotel/overvie
2026-06-19 10:31:36,756 [INFO]   🌐 (b) Visitando DDG: https://www.cosmos100hotel.com/
2026-06-19 10:31:52,479 [INFO]   🔗 (c) LinkedIn DDG
2026-06-19 10:31:52,479 [INFO]   🔗 LinkedIn DDG: "hotel teusaquillo" bogota site:linkedin.com/company
2026-06-19 10:31:52,847 [INFO] response: https://www.bing.com/search?q=%22hotel+teusaquillo%22+bogota+site%3Alinkedin.com%2Fcompany 200
2026-06-19 10:31:53,925 [INFO] response: https://www.bing.com/search?q=%22hotel+teusaquillo%22+bogota+site%3Alinkedin.com%2Fcompany&first=11&FORM=PERE 200
2026-06-19 10:31:54,860 [INFO] response: https://www.bing.com/search?q=%22hotel+teusaquillo%22+bogota+site%3Alinkedin.com%2Fcompany&first=21&FORM=PERE1 200
2026-06-19 10:31:55,830 [INFO] response: https://www.bing.com/search?q=%22hotel+teusaquillo%22+bogota+site%3Alinkedin.com%2Fcompany&first=31&FORM=PERE2 200
2026-06-19 10:31:56,844 [INFO] response: https://www.bing.com/search?q=%22hotel+teusaquillo%22+bogota+site%3Alinkedin.com%2Fcompany&first=41&FORM=PERE3 200
2026-06-19 10:31:59,352 [INFO]   🔍 (d) Google: "hotel teusaquillo" bogota email contacto
2026-06-19 10:31:59,355 [WARNING] Error navegando Google: Message: invalid session id; For documentation on this error, please visit: https://www.selenium.dev/documentation/webdriver/troubleshooting/errors#invalidsessionidexception
Stacktrace:
0   chromedriver                        0x0000000102ba71e4 cxxbridge1$str$ptr + 3175992
1   chromedriver                        0x0000000102b9f2ac cxxbridge1$str$ptr + 3143424
2   chromedriver                        0x000000010264f178 _RNvCs9NA52FrZ4pF_7___rustc35___rust_no_alloc_shim_is_unstable_v2 + 73572
3   chromedriver                        0x000000010268c6c4 _RNvCs9NA52FrZ4pF_7___rustc35___rust_no_alloc_shim_is_unstable_v2 + 324784
4   chromedriver                        0x00000001026b3068 _RNvCs9NA52FrZ4pF_7___rustc35___rust_no_alloc_shim_is_unstable_v2 + 482900
5   chromedriver                        0x00000001026b2968 _RNvCs9NA52FrZ4pF_7___rustc35___rust_no_alloc_shim_is_unstable_v2 + 481108
6   chromedriver                        0x000000010261cfd8 chromedriver + 118744
7   chromedriver                        0x0000000102b65370 cxxbridge1$str$ptr + 2906052
8   chromedriver                        0x0000000102b68af0 cxxbridge1$str$ptr + 2920260
9   chromedriver                        0x0000000102b4c2b0 cxxbridge1$str$ptr + 2803460
10  chromedriver                        0x0000000102b69384 cxxbridge1$str$ptr + 2922456
11  chromedriver                        0x0000000102b3d7d0 cxxbridge1$str$ptr + 2743332
12  chromedriver                        0x000000010261ad30 chromedriver + 109872
13  dyld                                0x000000018a077e00 start + 6992

2026-06-19 10:31:59,355 [INFO]   🔄 Google bloqueado → DDG fallback
2026-06-19 10:32:04,646 [INFO] response: https://www.bing.com/search?q=%22hotel+teusaquillo%22+bogota+email+contacto 200
2026-06-19 10:32:06,845 [INFO]   🔍 (e) DDG→FB: "hotel teusaquillo" bogota site:facebook.com
2026-06-19 10:32:07,138 [INFO] response: https://www.bing.com/search?q=%22hotel+teusaquillo%22+bogota+site%3Afacebook.com 200
2026-06-19 10:32:08,261 [INFO] response: https://www.bing.com/search?q=%22hotel+teusaquillo%22+bogota+site%3Afacebook.com&first=11&FORM=PERE 200
2026-06-19 10:32:09,340 [INFO] response: https://www.bing.com/search?q=%22hotel+teusaquillo%22+bogota+site%3Afacebook.com&first=21&FORM=PERE1 200
2026-06-19 10:32:10,314 [INFO] response: https://www.bing.com/search?q=%22hotel+teusaquillo%22+bogota+site%3Afacebook.com&first=31&FORM=PERE2 200
2026-06-19 10:32:11,310 [INFO] response: https://www.bing.com/search?q=%22hotel+teusaquillo%22+bogota+site%3Afacebook.com&first=41&FORM=PERE3 200
2026-06-19 10:32:15,476 [INFO]   ❌ Sin resultado: hotel teusaquillo
2026-06-19 10:32:21,343 [INFO] 
[Email 47/61] Hotel San Luis (bogota)
2026-06-19 10:32:21,343 [INFO]   🔍 (b) DDG: "Hotel San Luis" bogota email contacto
2026-06-19 10:32:21,635 [INFO] response: https://www.bing.com/search?q=%22Hotel+San+Luis%22+bogota+email+contacto 200
2026-06-19 10:32:22,603 [INFO] response: https://www.bing.com/search?q=%22Hotel+San+Luis%22+bogota+email+contacto&first=11&FORM=PERE 200
2026-06-19 10:32:23,615 [INFO] response: https://www.bing.com/search?q=%22Hotel+San+Luis%22+bogota+email+contacto&first=21&FORM=PERE1 200
2026-06-19 10:32:24,580 [INFO] response: https://www.bing.com/search?q=%22Hotel+San+Luis%22+bogota+email+contacto&first=31&FORM=PERE2 200
2026-06-19 10:32:25,566 [INFO] response: https://www.bing.com/search?q=%22Hotel+San+Luis%22+bogota+email+contacto&first=41&FORM=PERE3 200
2026-06-19 10:32:29,257 [INFO]   🔍 (b) DDG: "Hotel San Luis" bogota correo reservas
2026-06-19 10:32:29,665 [INFO] response: https://www.bing.com/search?q=%22Hotel+San+Luis%22+bogota+correo+reservas 200
2026-06-19 10:32:34,078 [INFO]   🔍 (b) DDG: "Hotel San Luis" colombia "@"
2026-06-19 10:32:34,410 [INFO] response: https://www.bing.com/search?q=%22Hotel+San+Luis%22+colombia+%22%40%22 200
2026-06-19 10:32:37,549 [INFO]   🌐 (b) Visitando DDG: https://www.viajesfalabella.com.co/hoteles/
2026-06-19 10:32:40,535 [INFO]   🌐 (b) Visitando DDG: https://www.marriott.com/es/hotels/bogmc-bogota-marriott-hotel/overvie
2026-06-19 10:32:56,323 [INFO]   🌐 (b) Visitando DDG: https://www.marriott.com/es/hotels/bogmc-bogota-marriott-hotel/overvie
2026-06-19 10:33:12,290 [INFO]   🔗 (c) LinkedIn DDG
2026-06-19 10:33:12,290 [INFO]   🔗 LinkedIn DDG: "Hotel San Luis" bogota site:linkedin.com/company
2026-06-19 10:33:12,611 [INFO] response: https://www.bing.com/search?q=%22Hotel+San+Luis%22+bogota+site%3Alinkedin.com%2Fcompany 200
2026-06-19 10:33:13,563 [INFO] response: https://www.bing.com/search?q=%22Hotel+San+Luis%22+bogota+site%3Alinkedin.com%2Fcompany&first=11&FORM=PERE 200
2026-06-19 10:33:14,570 [INFO] response: https://www.bing.com/search?q=%22Hotel+San+Luis%22+bogota+site%3Alinkedin.com%2Fcompany&first=21&FORM=PERE1 200
2026-06-19 10:33:15,653 [INFO] response: https://www.bing.com/search?q=%22Hotel+San+Luis%22+bogota+site%3Alinkedin.com%2Fcompany&first=31&FORM=PERE2 200
2026-06-19 10:33:16,653 [INFO] response: https://www.bing.com/search?q=%22Hotel+San+Luis%22+bogota+site%3Alinkedin.com%2Fcompany&first=41&FORM=PERE3 200
2026-06-19 10:33:19,811 [INFO]   🔍 (d) Google: "Hotel San Luis" bogota email contacto
2026-06-19 10:33:19,814 [WARNING] Error navegando Google: Message: invalid session id; For documentation on this error, please visit: https://www.selenium.dev/documentation/webdriver/troubleshooting/errors#invalidsessionidexception
Stacktrace:
0   chromedriver                        0x0000000102ba71e4 cxxbridge1$str$ptr + 3175992
1   chromedriver                        0x0000000102b9f2ac cxxbridge1$str$ptr + 3143424
2   chromedriver                        0x000000010264f178 _RNvCs9NA52FrZ4pF_7___rustc35___rust_no_alloc_shim_is_unstable_v2 + 73572
3   chromedriver                        0x000000010268c6c4 _RNvCs9NA52FrZ4pF_7___rustc35___rust_no_alloc_shim_is_unstable_v2 + 324784
4   chromedriver                        0x00000001026b3068 _RNvCs9NA52FrZ4pF_7___rustc35___rust_no_alloc_shim_is_unstable_v2 + 482900
5   chromedriver                        0x00000001026b2968 _RNvCs9NA52FrZ4pF_7___rustc35___rust_no_alloc_shim_is_unstable_v2 + 481108
6   chromedriver                        0x000000010261cfd8 chromedriver + 118744
7   chromedriver                        0x0000000102b65370 cxxbridge1$str$ptr + 2906052
8   chromedriver                        0x0000000102b68af0 cxxbridge1$str$ptr + 2920260
9   chromedriver                        0x0000000102b4c2b0 cxxbridge1$str$ptr + 2803460
10  chromedriver                        0x0000000102b69384 cxxbridge1$str$ptr + 2922456
11  chromedriver                        0x0000000102b3d7d0 cxxbridge1$str$ptr + 2743332
12  chromedriver                        0x000000010261ad30 chromedriver + 109872
13  dyld                                0x000000018a077e00 start + 6992

2026-06-19 10:33:19,814 [INFO]   🔄 Google bloqueado → DDG fallback
2026-06-19 10:33:20,147 [INFO] response: https://www.bing.com/search?q=%22Hotel+San+Luis%22+bogota+email+contacto 200
2026-06-19 10:33:23,982 [INFO]   🔍 (e) DDG→FB: "Hotel San Luis" bogota site:facebook.com
2026-06-19 10:33:24,296 [INFO] response: https://www.bing.com/search?q=%22Hotel+San+Luis%22+bogota+site%3Afacebook.com 200
2026-06-19 10:33:25,300 [INFO] response: https://www.bing.com/search?q=%22Hotel+San+Luis%22+bogota+site%3Afacebook.com&first=11&FORM=PERE 200
2026-06-19 10:33:26,266 [INFO] response: https://www.bing.com/search?q=%22Hotel+San+Luis%22+bogota+site%3Afacebook.com&first=21&FORM=PERE1 200
2026-06-19 10:33:27,233 [INFO] response: https://www.bing.com/search?q=%22Hotel+San+Luis%22+bogota+site%3Afacebook.com&first=31&FORM=PERE2 200
2026-06-19 10:33:28,216 [INFO] response: https://www.bing.com/search?q=%22Hotel+San+Luis%22+bogota+site%3Afacebook.com&first=41&FORM=PERE3 200
2026-06-19 10:33:32,278 [INFO]   ❌ Sin resultado: Hotel San Luis
2026-06-19 10:33:36,444 [INFO] 
[Email 48/61] Hotel Bogotá Ltda (bogota)
2026-06-19 10:33:36,445 [INFO]   🔍 (b) DDG: "Hotel Bogotá" bogota email contacto
2026-06-19 10:33:41,827 [INFO] response: https://www.bing.com/search?q=%22Hotel+Bogot%C3%A1%22+bogota+email+contacto 200
2026-06-19 10:33:44,233 [INFO]   🔍 (b) DDG: "Hotel Bogotá" bogota correo reservas
2026-06-19 10:33:44,562 [INFO] response: https://www.bing.com/search?q=%22Hotel+Bogot%C3%A1%22+bogota+correo+reservas 200
2026-06-19 10:33:47,513 [INFO]   🔍 (b) DDG: "Hotel Bogotá" colombia "@"
2026-06-19 10:33:52,929 [INFO] response: https://www.bing.com/search?q=%22Hotel+Bogot%C3%A1%22+colombia+%22%40%22 200
2026-06-19 10:33:57,056 [INFO]   🔗 (c) LinkedIn DDG
2026-06-19 10:33:57,057 [INFO]   🔗 LinkedIn DDG: "Hotel Bogotá" bogota site:linkedin.com/company
2026-06-19 10:33:57,406 [INFO] response: https://www.bing.com/search?q=%22Hotel+Bogot%C3%A1%22+bogota+site%3Alinkedin.com%2Fcompany 200
2026-06-19 10:33:58,391 [INFO] response: https://www.bing.com/search?q=%22Hotel+Bogot%C3%A1%22+bogota+site%3Alinkedin.com%2Fcompany&first=11&FORM=PERE 200
2026-06-19 10:33:59,374 [INFO] response: https://www.bing.com/search?q=%22Hotel+Bogot%C3%A1%22+bogota+site%3Alinkedin.com%2Fcompany&first=21&FORM=PERE1 200
2026-06-19 10:34:00,384 [INFO] response: https://www.bing.com/search?q=%22Hotel+Bogot%C3%A1%22+bogota+site%3Alinkedin.com%2Fcompany&first=31&FORM=PERE2 200
2026-06-19 10:34:01,396 [INFO] response: https://www.bing.com/search?q=%22Hotel+Bogot%C3%A1%22+bogota+site%3Alinkedin.com%2Fcompany&first=41&FORM=PERE3 200
2026-06-19 10:34:05,512 [INFO]   🔍 (d) Google: "Hotel Bogotá" bogota email contacto
2026-06-19 10:34:05,515 [WARNING] Error navegando Google: Message: invalid session id; For documentation on this error, please visit: https://www.selenium.dev/documentation/webdriver/troubleshooting/errors#invalidsessionidexception
Stacktrace:
0   chromedriver                        0x0000000102ba71e4 cxxbridge1$str$ptr + 3175992
1   chromedriver                        0x0000000102b9f2ac cxxbridge1$str$ptr + 3143424
2   chromedriver                        0x000000010264f178 _RNvCs9NA52FrZ4pF_7___rustc35___rust_no_alloc_shim_is_unstable_v2 + 73572
3   chromedriver                        0x000000010268c6c4 _RNvCs9NA52FrZ4pF_7___rustc35___rust_no_alloc_shim_is_unstable_v2 + 324784
4   chromedriver                        0x00000001026b3068 _RNvCs9NA52FrZ4pF_7___rustc35___rust_no_alloc_shim_is_unstable_v2 + 482900
5   chromedriver                        0x00000001026b2968 _RNvCs9NA52FrZ4pF_7___rustc35___rust_no_alloc_shim_is_unstable_v2 + 481108
6   chromedriver                        0x000000010261cfd8 chromedriver + 118744
7   chromedriver                        0x0000000102b65370 cxxbridge1$str$ptr + 2906052
8   chromedriver                        0x0000000102b68af0 cxxbridge1$str$ptr + 2920260
9   chromedriver                        0x0000000102b4c2b0 cxxbridge1$str$ptr + 2803460
10  chromedriver                        0x0000000102b69384 cxxbridge1$str$ptr + 2922456
11  chromedriver                        0x0000000102b3d7d0 cxxbridge1$str$ptr + 2743332
12  chromedriver                        0x000000010261ad30 chromedriver + 109872
13  dyld                                0x000000018a077e00 start + 6992

2026-06-19 10:34:05,515 [INFO]   🔄 Google bloqueado → DDG fallback
2026-06-19 10:34:05,853 [INFO] response: https://www.bing.com/search?q=%22Hotel+Bogot%C3%A1%22+bogota+email+contacto 200
2026-06-19 10:34:09,484 [INFO]   🔍 (e) DDG→FB: "Hotel Bogotá" bogota site:facebook.com
2026-06-19 10:34:09,815 [INFO] response: https://www.bing.com/search?q=%22Hotel+Bogot%C3%A1%22+bogota+site%3Afacebook.com 200
2026-06-19 10:34:10,785 [INFO] response: https://www.bing.com/search?q=%22Hotel+Bogot%C3%A1%22+bogota+site%3Afacebook.com&first=11&FORM=PERE 200
2026-06-19 10:34:11,765 [INFO] response: https://www.bing.com/search?q=%22Hotel+Bogot%C3%A1%22+bogota+site%3Afacebook.com&first=21&FORM=PERE1 200
2026-06-19 10:34:12,718 [INFO] response: https://www.bing.com/search?q=%22Hotel+Bogot%C3%A1%22+bogota+site%3Afacebook.com&first=31&FORM=PERE2 200
2026-06-19 10:34:13,804 [INFO] response: https://www.bing.com/search?q=%22Hotel+Bogot%C3%A1%22+bogota+site%3Afacebook.com&first=41&FORM=PERE3 200
2026-06-19 10:34:18,255 [INFO]   ❌ Sin resultado: Hotel Bogotá Ltda
2026-06-19 10:34:25,478 [INFO] 
[Email 49/61] Hostel FC Santa Bárbara (bogota)
2026-06-19 10:34:25,478 [INFO]   🔍 (b) DDG: "Hostel FC Santa Bárbara" bogota email contacto
2026-06-19 10:34:25,823 [INFO] response: https://www.bing.com/search?q=%22Hostel+FC+Santa+B%C3%A1rbara%22+bogota+email+contacto 200
2026-06-19 10:34:28,405 [INFO]   🔍 (b) DDG: "Hostel FC Santa Bárbara" bogota correo reservas
2026-06-19 10:34:28,706 [INFO] response: https://www.bing.com/search?q=%22Hostel+FC+Santa+B%C3%A1rbara%22+bogota+correo+reservas 200
2026-06-19 10:34:32,600 [INFO]   🔍 (b) DDG: "Hostel FC Santa Bárbara" colombia "@"
2026-06-19 10:34:32,903 [INFO] response: https://www.bing.com/search?q=%22Hostel+FC+Santa+B%C3%A1rbara%22+colombia+%22%40%22 200
2026-06-19 10:34:35,144 [INFO]   🔗 (c) LinkedIn DDG
2026-06-19 10:34:35,144 [INFO]   🔗 LinkedIn DDG: "Hostel FC Santa Bárbara" bogota site:linkedin.com/company
2026-06-19 10:34:35,519 [INFO] response: https://www.bing.com/search?q=%22Hostel+FC+Santa+B%C3%A1rbara%22+bogota+site%3Alinkedin.com%2Fcompany 200
2026-06-19 10:34:36,619 [INFO] response: https://www.bing.com/search?q=%22Hostel+FC+Santa+B%C3%A1rbara%22+bogota+site%3Alinkedin.com%2Fcompany&first=11&FORM=PERE 200
2026-06-19 10:34:37,667 [INFO] response: https://www.bing.com/search?q=%22Hostel+FC+Santa+B%C3%A1rbara%22+bogota+site%3Alinkedin.com%2Fcompany&first=21&FORM=PERE1 200
2026-06-19 10:34:38,655 [INFO] response: https://www.bing.com/search?q=%22Hostel+FC+Santa+B%C3%A1rbara%22+bogota+site%3Alinkedin.com%2Fcompany&first=31&FORM=PERE2 200
2026-06-19 10:34:39,660 [INFO] response: https://www.bing.com/search?q=%22Hostel+FC+Santa+B%C3%A1rbara%22+bogota+site%3Alinkedin.com%2Fcompany&first=41&FORM=PERE3 200
2026-06-19 10:34:42,129 [INFO]   🔍 (d) Google: "Hostel FC Santa Bárbara" bogota email contacto
2026-06-19 10:34:42,133 [WARNING] Error navegando Google: Message: invalid session id; For documentation on this error, please visit: https://www.selenium.dev/documentation/webdriver/troubleshooting/errors#invalidsessionidexception
Stacktrace:
0   chromedriver                        0x0000000102ba71e4 cxxbridge1$str$ptr + 3175992
1   chromedriver                        0x0000000102b9f2ac cxxbridge1$str$ptr + 3143424
2   chromedriver                        0x000000010264f178 _RNvCs9NA52FrZ4pF_7___rustc35___rust_no_alloc_shim_is_unstable_v2 + 73572
3   chromedriver                        0x000000010268c6c4 _RNvCs9NA52FrZ4pF_7___rustc35___rust_no_alloc_shim_is_unstable_v2 + 324784
4   chromedriver                        0x00000001026b3068 _RNvCs9NA52FrZ4pF_7___rustc35___rust_no_alloc_shim_is_unstable_v2 + 482900
5   chromedriver                        0x00000001026b2968 _RNvCs9NA52FrZ4pF_7___rustc35___rust_no_alloc_shim_is_unstable_v2 + 481108
6   chromedriver                        0x000000010261cfd8 chromedriver + 118744
7   chromedriver                        0x0000000102b65370 cxxbridge1$str$ptr + 2906052
8   chromedriver                        0x0000000102b68af0 cxxbridge1$str$ptr + 2920260
9   chromedriver                        0x0000000102b4c2b0 cxxbridge1$str$ptr + 2803460
10  chromedriver                        0x0000000102b69384 cxxbridge1$str$ptr + 2922456
11  chromedriver                        0x0000000102b3d7d0 cxxbridge1$str$ptr + 2743332
12  chromedriver                        0x000000010261ad30 chromedriver + 109872
13  dyld                                0x000000018a077e00 start + 6992

2026-06-19 10:34:42,133 [INFO]   🔄 Google bloqueado → DDG fallback
2026-06-19 10:34:42,413 [INFO] response: https://www.bing.com/search?q=%22Hostel+FC+Santa+B%C3%A1rbara%22+bogota+email+contacto 200
2026-06-19 10:34:43,372 [INFO] response: https://www.bing.com/search?q=%22Hostel+FC+Santa+B%C3%A1rbara%22+bogota+email+contacto&first=11&FORM=PERE 200
2026-06-19 10:34:44,354 [INFO] response: https://www.bing.com/search?q=%22Hostel+FC+Santa+B%C3%A1rbara%22+bogota+email+contacto&first=21&FORM=PERE1 200
2026-06-19 10:34:45,370 [INFO] response: https://www.bing.com/search?q=%22Hostel+FC+Santa+B%C3%A1rbara%22+bogota+email+contacto&first=31&FORM=PERE2 200
2026-06-19 10:34:46,635 [INFO] response: https://www.bing.com/search?q=%22Hostel+FC+Santa+B%C3%A1rbara%22+bogota+email+contacto&first=41&FORM=PERE3 200
2026-06-19 10:34:49,507 [INFO]   🌐 (ddg) Visitando: https://www.hostelworld.com/hostels/north-america/costa-rica/san-jose/
2026-06-19 10:35:16,065 [INFO]   🌐 (ddg) Visitando: https://www.hostelworld.com/hostels/north-america/costa-rica/
2026-06-19 10:35:32,708 [INFO]   🌐 (ddg) Visitando: https://www.costaricabackpackers.com/
2026-06-19 10:35:44,544 [INFO]   🔍 (e) DDG→FB: "Hostel FC Santa Bárbara" bogota site:facebook.com
2026-06-19 10:35:44,915 [INFO] response: https://www.bing.com/search?q=%22Hostel+FC+Santa+B%C3%A1rbara%22+bogota+site%3Afacebook.com 200
2026-06-19 10:35:45,905 [INFO] response: https://www.bing.com/search?q=%22Hostel+FC+Santa+B%C3%A1rbara%22+bogota+site%3Afacebook.com&first=11&FORM=PERE 200
2026-06-19 10:35:46,869 [INFO] response: https://www.bing.com/search?q=%22Hostel+FC+Santa+B%C3%A1rbara%22+bogota+site%3Afacebook.com&first=21&FORM=PERE1 200
2026-06-19 10:35:47,868 [INFO] response: https://www.bing.com/search?q=%22Hostel+FC+Santa+B%C3%A1rbara%22+bogota+site%3Afacebook.com&first=31&FORM=PERE2 200
2026-06-19 10:35:48,826 [INFO] response: https://www.bing.com/search?q=%22Hostel+FC+Santa+B%C3%A1rbara%22+bogota+site%3Afacebook.com&first=41&FORM=PERE3 200
2026-06-19 10:35:52,975 [INFO]   ❌ Sin resultado: Hostel FC Santa Bárbara
2026-06-19 10:35:58,879 [INFO] 
[Email 50/61] Fatima Hostel Bogota (bogota)
2026-06-19 10:35:58,880 [INFO]   🔍 (b) DDG: "Fatima Hostel Bogota" bogota email contacto
2026-06-19 10:36:04,202 [INFO] response: https://www.bing.com/search?q=%22Fatima+Hostel+Bogota%22+bogota+email+contacto 200
2026-06-19 10:36:06,605 [INFO]   🔍 (b) DDG: "Fatima Hostel Bogota" bogota correo reservas
2026-06-19 10:36:06,919 [INFO] response: https://www.bing.com/search?q=%22Fatima+Hostel+Bogota%22+bogota+correo+reservas 200
2026-06-19 10:36:09,873 [INFO]   🔍 (b) DDG: "Fatima Hostel Bogota" colombia "@"
2026-06-19 10:36:10,250 [INFO] response: https://www.bing.com/search?q=%22Fatima+Hostel+Bogota%22+colombia+%22%40%22 200
2026-06-19 10:36:14,603 [INFO]   🔗 (c) LinkedIn DDG
2026-06-19 10:36:14,603 [INFO]   🔗 LinkedIn DDG: "Fatima Hostel Bogota" bogota site:linkedin.com/company
2026-06-19 10:36:19,946 [INFO] response: https://www.bing.com/search?q=%22Fatima+Hostel+Bogota%22+bogota+site%3Alinkedin.com%2Fcompany 200
2026-06-19 10:36:20,899 [INFO] response: https://www.bing.com/search?q=%22Fatima+Hostel+Bogota%22+bogota+site%3Alinkedin.com%2Fcompany&first=11&FORM=PERE 200
2026-06-19 10:36:21,909 [INFO] response: https://www.bing.com/search?q=%22Fatima+Hostel+Bogota%22+bogota+site%3Alinkedin.com%2Fcompany&first=21&FORM=PERE1 200
2026-06-19 10:36:22,968 [INFO] response: https://www.bing.com/search?q=%22Fatima+Hostel+Bogota%22+bogota+site%3Alinkedin.com%2Fcompany&first=31&FORM=PERE2 200
2026-06-19 10:36:23,931 [INFO] response: https://www.bing.com/search?q=%22Fatima+Hostel+Bogota%22+bogota+site%3Alinkedin.com%2Fcompany&first=41&FORM=PERE3 200
2026-06-19 10:36:26,899 [INFO]   🔍 (d) Google: "Fatima Hostel Bogota" bogota email contacto
2026-06-19 10:36:26,902 [WARNING] Error navegando Google: Message: invalid session id; For documentation on this error, please visit: https://www.selenium.dev/documentation/webdriver/troubleshooting/errors#invalidsessionidexception
Stacktrace:
0   chromedriver                        0x0000000102ba71e4 cxxbridge1$str$ptr + 3175992
1   chromedriver                        0x0000000102b9f2ac cxxbridge1$str$ptr + 3143424
2   chromedriver                        0x000000010264f178 _RNvCs9NA52FrZ4pF_7___rustc35___rust_no_alloc_shim_is_unstable_v2 + 73572
3   chromedriver                        0x000000010268c6c4 _RNvCs9NA52FrZ4pF_7___rustc35___rust_no_alloc_shim_is_unstable_v2 + 324784
4   chromedriver                        0x00000001026b3068 _RNvCs9NA52FrZ4pF_7___rustc35___rust_no_alloc_shim_is_unstable_v2 + 482900
5   chromedriver                        0x00000001026b2968 _RNvCs9NA52FrZ4pF_7___rustc35___rust_no_alloc_shim_is_unstable_v2 + 481108
6   chromedriver                        0x000000010261cfd8 chromedriver + 118744
7   chromedriver                        0x0000000102b65370 cxxbridge1$str$ptr + 2906052
8   chromedriver                        0x0000000102b68af0 cxxbridge1$str$ptr + 2920260
9   chromedriver                        0x0000000102b4c2b0 cxxbridge1$str$ptr + 2803460
10  chromedriver                        0x0000000102b69384 cxxbridge1$str$ptr + 2922456
11  chromedriver                        0x0000000102b3d7d0 cxxbridge1$str$ptr + 2743332
12  chromedriver                        0x000000010261ad30 chromedriver + 109872
13  dyld                                0x000000018a077e00 start + 6992

2026-06-19 10:36:26,902 [INFO]   🔄 Google bloqueado → DDG fallback
2026-06-19 10:36:27,218 [INFO] response: https://www.bing.com/search?q=%22Fatima+Hostel+Bogota%22+bogota+email+contacto 200
2026-06-19 10:36:31,629 [INFO]   🔍 (e) DDG→FB: "Fatima Hostel Bogota" bogota site:facebook.com
2026-06-19 10:36:32,174 [INFO] response: https://www.bing.com/search?q=%22Fatima+Hostel+Bogota%22+bogota+site%3Afacebook.com 200
2026-06-19 10:36:33,189 [INFO] response: https://www.bing.com/search?q=%22Fatima+Hostel+Bogota%22+bogota+site%3Afacebook.com&first=11&FORM=PERE 200
2026-06-19 10:36:34,154 [INFO] response: https://www.bing.com/search?q=%22Fatima+Hostel+Bogota%22+bogota+site%3Afacebook.com&first=21&FORM=PERE1 200
2026-06-19 10:36:35,168 [INFO] response: https://www.bing.com/search?q=%22Fatima+Hostel+Bogota%22+bogota+site%3Afacebook.com&first=31&FORM=PERE2 200
2026-06-19 10:36:36,148 [INFO] response: https://www.bing.com/search?q=%22Fatima+Hostel+Bogota%22+bogota+site%3Afacebook.com&first=41&FORM=PERE3 200
2026-06-19 10:36:39,060 [INFO]   ❌ Sin resultado: Fatima Hostel Bogota
2026-06-19 10:36:39,062 [INFO]   📊 Progreso 50/61 | Emails: 19 | Sin resultado: 31
2026-06-19 10:36:43,094 [INFO] 
[Email 51/61] Hotel La Gran Fortaleza (bogota)
2026-06-19 10:36:43,095 [INFO]   🔍 (b) DDG: "Hotel La Gran Fortaleza" bogota email contacto
2026-06-19 10:36:48,585 [INFO] response: https://www.bing.com/search?q=%22Hotel+La+Gran+Fortaleza%22+bogota+email+contacto 200
2026-06-19 10:36:50,754 [INFO]   🔍 (b) DDG: "Hotel La Gran Fortaleza" bogota correo reservas
2026-06-19 10:36:51,038 [INFO] response: https://www.bing.com/search?q=%22Hotel+La+Gran+Fortaleza%22+bogota+correo+reservas 200
2026-06-19 10:36:54,770 [INFO]   🔍 (b) DDG: "Hotel La Gran Fortaleza" colombia "@"
2026-06-19 10:36:55,093 [INFO] response: https://www.bing.com/search?q=%22Hotel+La+Gran+Fortaleza%22+colombia+%22%40%22 200
2026-06-19 10:36:59,595 [INFO]   🌐 (b) Visitando DDG: https://www.viajesfalabella.com.co/hoteles/
2026-06-19 10:37:25,497 [INFO]   🌐 (b) Visitando DDG: https://www.marriott.com/es/hotels/bogmc-bogota-marriott-hotel/overvie
2026-06-19 10:37:54,266 [INFO]   🌐 (b) Visitando DDG: https://www.cosmos100hotel.com/
2026-06-19 10:38:15,971 [INFO]   🔗 (c) LinkedIn DDG
2026-06-19 10:38:15,971 [INFO]   🔗 LinkedIn DDG: "Hotel La Gran Fortaleza" bogota site:linkedin.com/company
2026-06-19 10:38:16,341 [INFO] response: https://www.bing.com/search?q=%22Hotel+La+Gran+Fortaleza%22+bogota+site%3Alinkedin.com%2Fcompany 200
2026-06-19 10:38:17,315 [INFO] response: https://www.bing.com/search?q=%22Hotel+La+Gran+Fortaleza%22+bogota+site%3Alinkedin.com%2Fcompany&first=11&FORM=PERE 200
2026-06-19 10:38:18,278 [INFO] response: https://www.bing.com/search?q=%22Hotel+La+Gran+Fortaleza%22+bogota+site%3Alinkedin.com%2Fcompany&first=21&FORM=PERE1 200
2026-06-19 10:38:19,263 [INFO] response: https://www.bing.com/search?q=%22Hotel+La+Gran+Fortaleza%22+bogota+site%3Alinkedin.com%2Fcompany&first=31&FORM=PERE2 200
2026-06-19 10:38:20,327 [INFO] response: https://www.bing.com/search?q=%22Hotel+La+Gran+Fortaleza%22+bogota+site%3Alinkedin.com%2Fcompany&first=41&FORM=PERE3 200
2026-06-19 10:38:24,028 [INFO]   🔍 (d) Google: "Hotel La Gran Fortaleza" bogota email contacto
2026-06-19 10:38:24,031 [WARNING] Error navegando Google: Message: invalid session id; For documentation on this error, please visit: https://www.selenium.dev/documentation/webdriver/troubleshooting/errors#invalidsessionidexception
Stacktrace:
0   chromedriver                        0x0000000102ba71e4 cxxbridge1$str$ptr + 3175992
1   chromedriver                        0x0000000102b9f2ac cxxbridge1$str$ptr + 3143424
2   chromedriver                        0x000000010264f178 _RNvCs9NA52FrZ4pF_7___rustc35___rust_no_alloc_shim_is_unstable_v2 + 73572
3   chromedriver                        0x000000010268c6c4 _RNvCs9NA52FrZ4pF_7___rustc35___rust_no_alloc_shim_is_unstable_v2 + 324784
4   chromedriver                        0x00000001026b3068 _RNvCs9NA52FrZ4pF_7___rustc35___rust_no_alloc_shim_is_unstable_v2 + 482900
5   chromedriver                        0x00000001026b2968 _RNvCs9NA52FrZ4pF_7___rustc35___rust_no_alloc_shim_is_unstable_v2 + 481108
6   chromedriver                        0x000000010261cfd8 chromedriver + 118744
7   chromedriver                        0x0000000102b65370 cxxbridge1$str$ptr + 2906052
8   chromedriver                        0x0000000102b68af0 cxxbridge1$str$ptr + 2920260
9   chromedriver                        0x0000000102b4c2b0 cxxbridge1$str$ptr + 2803460
10  chromedriver                        0x0000000102b69384 cxxbridge1$str$ptr + 2922456
11  chromedriver                        0x0000000102b3d7d0 cxxbridge1$str$ptr + 2743332
12  chromedriver                        0x000000010261ad30 chromedriver + 109872
13  dyld                                0x000000018a077e00 start + 6992

2026-06-19 10:38:24,031 [INFO]   🔄 Google bloqueado → DDG fallback
2026-06-19 10:38:29,436 [INFO] response: https://www.bing.com/search?q=%22Hotel+La+Gran+Fortaleza%22+bogota+email+contacto 200
2026-06-19 10:38:33,556 [INFO]   🌐 (ddg) Visitando: https://www.viajesfalabella.com.co/hoteles/
2026-06-19 10:38:36,785 [INFO]   🌐 (ddg) Visitando: https://www.marriott.com/es/hotels/bogmc-bogota-marriott-hotel/overvie
2026-06-19 10:39:02,976 [INFO]   🌐 (ddg) Visitando: https://www.cosmos100hotel.com/
2026-06-19 10:39:11,808 [INFO]   🔍 (e) DDG→FB: "Hotel La Gran Fortaleza" bogota site:facebook.com
2026-06-19 10:39:12,161 [INFO] response: https://www.bing.com/search?q=%22Hotel+La+Gran+Fortaleza%22+bogota+site%3Afacebook.com 200
2026-06-19 10:39:13,116 [INFO] response: https://www.bing.com/search?q=%22Hotel+La+Gran+Fortaleza%22+bogota+site%3Afacebook.com&first=11&FORM=PERE 200
2026-06-19 10:39:14,085 [INFO] response: https://www.bing.com/search?q=%22Hotel+La+Gran+Fortaleza%22+bogota+site%3Afacebook.com&first=21&FORM=PERE1 200
2026-06-19 10:39:15,037 [INFO] response: https://www.bing.com/search?q=%22Hotel+La+Gran+Fortaleza%22+bogota+site%3Afacebook.com&first=31&FORM=PERE2 200
2026-06-19 10:39:15,991 [INFO] response: https://www.bing.com/search?q=%22Hotel+La+Gran+Fortaleza%22+bogota+site%3Afacebook.com&first=41&FORM=PERE3 200
2026-06-19 10:39:18,156 [INFO]   ❌ Sin resultado: Hotel La Gran Fortaleza
2026-06-19 10:39:22,383 [INFO] 
[Email 52/61] BogoRooms Av. Suba 116 (bogota)
2026-06-19 10:39:22,384 [INFO]   🔍 (b) DDG: "BogoRooms Av. Suba 116" bogota email contacto
2026-06-19 10:39:22,713 [INFO] response: https://www.bing.com/search?q=%22BogoRooms+Av.+Suba+116%22+bogota+email+contacto 200
2026-06-19 10:39:26,234 [INFO]   🔍 (b) DDG: "BogoRooms Av. Suba 116" bogota correo reservas
2026-06-19 10:39:26,513 [INFO] response: https://www.bing.com/search?q=%22BogoRooms+Av.+Suba+116%22+bogota+correo+reservas 200
2026-06-19 10:39:30,159 [INFO]   🔍 (b) DDG: "BogoRooms Av. Suba 116" colombia "@"
2026-06-19 10:39:30,427 [INFO] response: https://www.bing.com/search?q=%22BogoRooms+Av.+Suba+116%22+colombia+%22%40%22 200
2026-06-19 10:39:33,409 [INFO]   🔗 (c) LinkedIn DDG
2026-06-19 10:39:33,409 [INFO]   🔗 LinkedIn DDG: "BogoRooms Av. Suba 116" bogota site:linkedin.com/company
2026-06-19 10:39:38,789 [INFO] response: https://www.bing.com/search?q=%22BogoRooms+Av.+Suba+116%22+bogota+site%3Alinkedin.com%2Fcompany 200
2026-06-19 10:39:39,741 [INFO] response: https://www.bing.com/search?q=%22BogoRooms+Av.+Suba+116%22+bogota+site%3Alinkedin.com%2Fcompany&first=11&FORM=PERE 200
2026-06-19 10:39:40,893 [INFO] response: https://www.bing.com/search?q=%22BogoRooms+Av.+Suba+116%22+bogota+site%3Alinkedin.com%2Fcompany&first=21&FORM=PERE1 200
2026-06-19 10:39:41,836 [INFO] response: https://www.bing.com/search?q=%22BogoRooms+Av.+Suba+116%22+bogota+site%3Alinkedin.com%2Fcompany&first=31&FORM=PERE2 200
2026-06-19 10:39:42,787 [INFO] response: https://www.bing.com/search?q=%22BogoRooms+Av.+Suba+116%22+bogota+site%3Alinkedin.com%2Fcompany&first=41&FORM=PERE3 200
2026-06-19 10:39:47,015 [INFO]   🔍 (d) Google: "BogoRooms Av. Suba 116" bogota email contacto
2026-06-19 10:39:47,018 [WARNING] Error navegando Google: Message: invalid session id; For documentation on this error, please visit: https://www.selenium.dev/documentation/webdriver/troubleshooting/errors#invalidsessionidexception
Stacktrace:
0   chromedriver                        0x0000000102ba71e4 cxxbridge1$str$ptr + 3175992
1   chromedriver                        0x0000000102b9f2ac cxxbridge1$str$ptr + 3143424
2   chromedriver                        0x000000010264f178 _RNvCs9NA52FrZ4pF_7___rustc35___rust_no_alloc_shim_is_unstable_v2 + 73572
3   chromedriver                        0x000000010268c6c4 _RNvCs9NA52FrZ4pF_7___rustc35___rust_no_alloc_shim_is_unstable_v2 + 324784
4   chromedriver                        0x00000001026b3068 _RNvCs9NA52FrZ4pF_7___rustc35___rust_no_alloc_shim_is_unstable_v2 + 482900
5   chromedriver                        0x00000001026b2968 _RNvCs9NA52FrZ4pF_7___rustc35___rust_no_alloc_shim_is_unstable_v2 + 481108
6   chromedriver                        0x000000010261cfd8 chromedriver + 118744
7   chromedriver                        0x0000000102b65370 cxxbridge1$str$ptr + 2906052
8   chromedriver                        0x0000000102b68af0 cxxbridge1$str$ptr + 2920260
9   chromedriver                        0x0000000102b4c2b0 cxxbridge1$str$ptr + 2803460
10  chromedriver                        0x0000000102b69384 cxxbridge1$str$ptr + 2922456
11  chromedriver                        0x0000000102b3d7d0 cxxbridge1$str$ptr + 2743332
12  chromedriver                        0x000000010261ad30 chromedriver + 109872
13  dyld                                0x000000018a077e00 start + 6992

2026-06-19 10:39:47,018 [INFO]   🔄 Google bloqueado → DDG fallback
2026-06-19 10:39:47,315 [INFO] response: https://www.bing.com/search?q=%22BogoRooms+Av.+Suba+116%22+bogota+email+contacto 200
2026-06-19 10:39:48,274 [INFO] response: https://www.bing.com/search?q=%22BogoRooms+Av.+Suba+116%22+bogota+email+contacto&first=11&FORM=PERE 200
2026-06-19 10:39:52,808 [INFO]   🌐 (ddg) Visitando: https://www.reddit.com/r/WalgreensStores/about/
2026-06-19 10:40:08,732 [INFO]   🌐 (ddg) Visitando: https://www.reddit.com/r/WalgreensStores/comments/15xp6cw/got_a_scam_l
2026-06-19 10:40:18,914 [INFO]   🌐 (ddg) Visitando: https://www.reddit.com/r/WalgreensStores/comments/13vjsga/i_just_appli
2026-06-19 10:40:28,659 [INFO]   🔍 (e) DDG→FB: "BogoRooms Av. Suba 116" bogota site:facebook.com
2026-06-19 10:40:33,920 [INFO] response: https://www.bing.com/search?q=%22BogoRooms+Av.+Suba+116%22+bogota+site%3Afacebook.com 200
2026-06-19 10:40:35,079 [INFO] response: https://www.bing.com/search?q=%22BogoRooms+Av.+Suba+116%22+bogota+site%3Afacebook.com&first=11&FORM=PERE 200
2026-06-19 10:40:36,068 [INFO] response: https://www.bing.com/search?q=%22BogoRooms+Av.+Suba+116%22+bogota+site%3Afacebook.com&first=21&FORM=PERE1 200
2026-06-19 10:40:37,031 [INFO] response: https://www.bing.com/search?q=%22BogoRooms+Av.+Suba+116%22+bogota+site%3Afacebook.com&first=31&FORM=PERE2 200
2026-06-19 10:40:37,981 [INFO] response: https://www.bing.com/search?q=%22BogoRooms+Av.+Suba+116%22+bogota+site%3Afacebook.com&first=41&FORM=PERE3 200
2026-06-19 10:40:40,401 [INFO]   ❌ Sin resultado: BogoRooms Av. Suba 116
2026-06-19 10:40:48,028 [INFO] 
[Email 53/61] Bogotá Kings Engativa (bogota)
2026-06-19 10:40:48,028 [INFO]   🔍 (b) DDG: "Bogotá Kings Engativa" bogota email contacto
2026-06-19 10:40:48,339 [INFO] response: https://www.bing.com/search?q=%22Bogot%C3%A1+Kings+Engativa%22+bogota+email+contacto 200
2026-06-19 10:40:52,303 [INFO]   🔍 (b) DDG: "Bogotá Kings Engativa" bogota correo reservas
2026-06-19 10:40:52,601 [INFO] response: https://www.bing.com/search?q=%22Bogot%C3%A1+Kings+Engativa%22+bogota+correo+reservas 200
2026-06-19 10:40:56,956 [INFO]   🔍 (b) DDG: "Bogotá Kings Engativa" colombia "@"
2026-06-19 10:40:57,244 [INFO] response: https://www.bing.com/search?q=%22Bogot%C3%A1+Kings+Engativa%22+colombia+%22%40%22 200
2026-06-19 10:41:00,446 [INFO]   🌐 (b) Visitando DDG: http://www.bogota.gov.co/
2026-06-19 10:41:12,268 [INFO]   ✅ Email en web DDG: iotero@alcaldiabogota.gov.co
2026-06-19 10:41:19,780 [INFO] 
[Email 54/61] Blu Inn Hotel (bogota)
2026-06-19 10:41:19,781 [INFO]   🔍 (b) DDG: "Blu Inn Hotel" bogota email contacto
2026-06-19 10:41:20,258 [INFO] response: https://www.bing.com/search?q=%22Blu+Inn+Hotel%22+bogota+email+contacto 200
2026-06-19 10:41:24,118 [INFO]   🔍 (b) DDG: "Blu Inn Hotel" bogota correo reservas
2026-06-19 10:41:24,404 [INFO] response: https://www.bing.com/search?q=%22Blu+Inn+Hotel%22+bogota+correo+reservas 200
2026-06-19 10:41:27,306 [INFO]   🔍 (b) DDG: "Blu Inn Hotel" colombia "@"
2026-06-19 10:41:27,740 [INFO] response: https://www.bing.com/search?q=%22Blu+Inn+Hotel%22+colombia+%22%40%22 200
2026-06-19 10:41:32,020 [INFO]   🌐 (b) Visitando DDG: https://www.falabella.com.pe/falabella-pe/brand/BLU
2026-06-19 10:41:41,374 [INFO]   🌐 (b) Visitando DDG: https://www.bluproducts.com/home/
2026-06-19 10:41:44,357 [INFO]   ✅ Email en web DDG: service@bluproducts.com
2026-06-19 10:41:51,570 [INFO] 
[Email 55/61] Hotel Picasso Inn (bogota)
2026-06-19 10:41:51,570 [INFO]   🔍 (b) DDG: "Hotel Picasso Inn" bogota email contacto
2026-06-19 10:41:56,929 [INFO] response: https://www.bing.com/search?q=%22Hotel+Picasso+Inn%22+bogota+email+contacto 200
2026-06-19 10:41:59,294 [INFO]   🔍 (b) DDG: "Hotel Picasso Inn" bogota correo reservas
2026-06-19 10:41:59,585 [INFO] response: https://www.bing.com/search?q=%22Hotel+Picasso+Inn%22+bogota+correo+reservas 200
2026-06-19 10:42:02,335 [INFO]   🔍 (b) DDG: "Hotel Picasso Inn" colombia "@"
2026-06-19 10:42:02,622 [INFO] response: https://www.bing.com/search?q=%22Hotel+Picasso+Inn%22+colombia+%22%40%22 200
2026-06-19 10:42:07,162 [INFO]   🌐 (b) Visitando DDG: https://www.viajesfalabella.com.co/hoteles/
2026-06-19 10:42:16,833 [INFO]   🌐 (b) Visitando DDG: https://www.marriott.com/es/hotels/bogmc-bogota-marriott-hotel/overvie
2026-06-19 10:42:33,726 [INFO]   🌐 (b) Visitando DDG: https://www.cosmos100hotel.com/
2026-06-19 10:42:48,249 [INFO]   🔗 (c) LinkedIn DDG
2026-06-19 10:42:48,249 [INFO]   🔗 LinkedIn DDG: "Hotel Picasso Inn" bogota site:linkedin.com/company
2026-06-19 10:42:53,687 [INFO] response: https://www.bing.com/search?q=%22Hotel+Picasso+Inn%22+bogota+site%3Alinkedin.com%2Fcompany 200
2026-06-19 10:42:54,634 [INFO] response: https://www.bing.com/search?q=%22Hotel+Picasso+Inn%22+bogota+site%3Alinkedin.com%2Fcompany&first=11&FORM=PERE 200
2026-06-19 10:42:55,656 [INFO] response: https://www.bing.com/search?q=%22Hotel+Picasso+Inn%22+bogota+site%3Alinkedin.com%2Fcompany&first=21&FORM=PERE1 200
2026-06-19 10:42:56,704 [INFO] response: https://www.bing.com/search?q=%22Hotel+Picasso+Inn%22+bogota+site%3Alinkedin.com%2Fcompany&first=31&FORM=PERE2 200
2026-06-19 10:42:57,690 [INFO] response: https://www.bing.com/search?q=%22Hotel+Picasso+Inn%22+bogota+site%3Alinkedin.com%2Fcompany&first=41&FORM=PERE3 200
2026-06-19 10:43:01,879 [INFO]   🔍 (d) Google: "Hotel Picasso Inn" bogota email contacto
2026-06-19 10:43:01,881 [WARNING] Error navegando Google: Message: invalid session id; For documentation on this error, please visit: https://www.selenium.dev/documentation/webdriver/troubleshooting/errors#invalidsessionidexception
Stacktrace:
0   chromedriver                        0x0000000102ba71e4 cxxbridge1$str$ptr + 3175992
1   chromedriver                        0x0000000102b9f2ac cxxbridge1$str$ptr + 3143424
2   chromedriver                        0x000000010264f178 _RNvCs9NA52FrZ4pF_7___rustc35___rust_no_alloc_shim_is_unstable_v2 + 73572
3   chromedriver                        0x000000010268c6c4 _RNvCs9NA52FrZ4pF_7___rustc35___rust_no_alloc_shim_is_unstable_v2 + 324784
4   chromedriver                        0x00000001026b3068 _RNvCs9NA52FrZ4pF_7___rustc35___rust_no_alloc_shim_is_unstable_v2 + 482900
5   chromedriver                        0x00000001026b2968 _RNvCs9NA52FrZ4pF_7___rustc35___rust_no_alloc_shim_is_unstable_v2 + 481108
6   chromedriver                        0x000000010261cfd8 chromedriver + 118744
7   chromedriver                        0x0000000102b65370 cxxbridge1$str$ptr + 2906052
8   chromedriver                        0x0000000102b68af0 cxxbridge1$str$ptr + 2920260
9   chromedriver                        0x0000000102b4c2b0 cxxbridge1$str$ptr + 2803460
10  chromedriver                        0x0000000102b69384 cxxbridge1$str$ptr + 2922456
11  chromedriver                        0x0000000102b3d7d0 cxxbridge1$str$ptr + 2743332
12  chromedriver                        0x000000010261ad30 chromedriver + 109872
13  dyld                                0x000000018a077e00 start + 6992

2026-06-19 10:43:01,882 [INFO]   🔄 Google bloqueado → DDG fallback
2026-06-19 10:43:02,174 [INFO] response: https://www.bing.com/search?q=%22Hotel+Picasso+Inn%22+bogota+email+contacto 200
2026-06-19 10:43:04,613 [INFO]   🌐 (ddg) Visitando: https://www.viajesfalabella.com.co/hoteles/
2026-06-19 10:43:07,751 [INFO]   🌐 (ddg) Visitando: https://www.marriott.com/es/hotels/bogmc-bogota-marriott-hotel/overvie
2026-06-19 10:43:23,964 [INFO]   🌐 (ddg) Visitando: https://www.cosmos100hotel.com/
2026-06-19 10:43:32,239 [INFO]   🔍 (e) DDG→FB: "Hotel Picasso Inn" bogota site:facebook.com
2026-06-19 10:43:32,536 [INFO] response: https://www.bing.com/search?q=%22Hotel+Picasso+Inn%22+bogota+site%3Afacebook.com 200
2026-06-19 10:43:33,497 [INFO] response: https://www.bing.com/search?q=%22Hotel+Picasso+Inn%22+bogota+site%3Afacebook.com&first=11&FORM=PERE 200
2026-06-19 10:43:34,483 [INFO] response: https://www.bing.com/search?q=%22Hotel+Picasso+Inn%22+bogota+site%3Afacebook.com&first=21&FORM=PERE1 200
2026-06-19 10:43:35,468 [INFO] response: https://www.bing.com/search?q=%22Hotel+Picasso+Inn%22+bogota+site%3Afacebook.com&first=31&FORM=PERE2 200
2026-06-19 10:43:36,446 [INFO] response: https://www.bing.com/search?q=%22Hotel+Picasso+Inn%22+bogota+site%3Afacebook.com&first=41&FORM=PERE3 200
2026-06-19 10:43:40,831 [INFO]   ❌ Sin resultado: Hotel Picasso Inn
2026-06-19 10:43:47,245 [INFO] 
[Email 56/61] Hotel Artistico (bogota)
2026-06-19 10:43:47,245 [INFO]   🔍 (b) DDG: "Hotel Artistico" bogota email contacto
2026-06-19 10:43:47,536 [INFO] response: https://www.bing.com/search?q=%22Hotel+Artistico%22+bogota+email+contacto 200
2026-06-19 10:43:50,663 [INFO]   🔍 (b) DDG: "Hotel Artistico" bogota correo reservas
2026-06-19 10:43:51,045 [INFO] response: https://www.bing.com/search?q=%22Hotel+Artistico%22+bogota+correo+reservas 200
2026-06-19 10:43:53,445 [INFO]   🔍 (b) DDG: "Hotel Artistico" colombia "@"
2026-06-19 10:43:58,811 [INFO] response: https://www.bing.com/search?q=%22Hotel+Artistico%22+colombia+%22%40%22 200
2026-06-19 10:44:01,856 [INFO]   🔗 (c) LinkedIn DDG
2026-06-19 10:44:01,856 [INFO]   🔗 LinkedIn DDG: "Hotel Artistico" bogota site:linkedin.com/company
2026-06-19 10:44:02,123 [INFO] response: https://www.bing.com/search?q=%22Hotel+Artistico%22+bogota+site%3Alinkedin.com%2Fcompany 200
2026-06-19 10:44:03,078 [INFO] response: https://www.bing.com/search?q=%22Hotel+Artistico%22+bogota+site%3Alinkedin.com%2Fcompany&first=11&FORM=PERE 200
2026-06-19 10:44:04,038 [INFO] response: https://www.bing.com/search?q=%22Hotel+Artistico%22+bogota+site%3Alinkedin.com%2Fcompany&first=21&FORM=PERE1 200
2026-06-19 10:44:05,030 [INFO] response: https://www.bing.com/search?q=%22Hotel+Artistico%22+bogota+site%3Alinkedin.com%2Fcompany&first=31&FORM=PERE2 200
2026-06-19 10:44:05,983 [INFO] response: https://www.bing.com/search?q=%22Hotel+Artistico%22+bogota+site%3Alinkedin.com%2Fcompany&first=41&FORM=PERE3 200
2026-06-19 10:44:09,648 [INFO]   🔍 (d) Google: "Hotel Artistico" bogota email contacto
2026-06-19 10:44:09,652 [WARNING] Error navegando Google: Message: invalid session id; For documentation on this error, please visit: https://www.selenium.dev/documentation/webdriver/troubleshooting/errors#invalidsessionidexception
Stacktrace:
0   chromedriver                        0x0000000102ba71e4 cxxbridge1$str$ptr + 3175992
1   chromedriver                        0x0000000102b9f2ac cxxbridge1$str$ptr + 3143424
2   chromedriver                        0x000000010264f178 _RNvCs9NA52FrZ4pF_7___rustc35___rust_no_alloc_shim_is_unstable_v2 + 73572
3   chromedriver                        0x000000010268c6c4 _RNvCs9NA52FrZ4pF_7___rustc35___rust_no_alloc_shim_is_unstable_v2 + 324784
4   chromedriver                        0x00000001026b3068 _RNvCs9NA52FrZ4pF_7___rustc35___rust_no_alloc_shim_is_unstable_v2 + 482900
5   chromedriver                        0x00000001026b2968 _RNvCs9NA52FrZ4pF_7___rustc35___rust_no_alloc_shim_is_unstable_v2 + 481108
6   chromedriver                        0x000000010261cfd8 chromedriver + 118744
7   chromedriver                        0x0000000102b65370 cxxbridge1$str$ptr + 2906052
8   chromedriver                        0x0000000102b68af0 cxxbridge1$str$ptr + 2920260
9   chromedriver                        0x0000000102b4c2b0 cxxbridge1$str$ptr + 2803460
10  chromedriver                        0x0000000102b69384 cxxbridge1$str$ptr + 2922456
11  chromedriver                        0x0000000102b3d7d0 cxxbridge1$str$ptr + 2743332
12  chromedriver                        0x000000010261ad30 chromedriver + 109872
13  dyld                                0x000000018a077e00 start + 6992

2026-06-19 10:44:09,652 [INFO]   🔄 Google bloqueado → DDG fallback
2026-06-19 10:44:09,936 [INFO] response: https://www.bing.com/search?q=%22Hotel+Artistico%22+bogota+email+contacto 200
2026-06-19 10:44:12,748 [INFO]   🌐 (ddg) Visitando: https://www.viajesfalabella.com.co/hoteles/
2026-06-19 10:44:15,676 [INFO]   🌐 (ddg) Visitando: https://www.marriott.com/es/hotels/bogmc-bogota-marriott-hotel/overvie
2026-06-19 10:44:32,616 [INFO]   🌐 (ddg) Visitando: https://www.cosmos100hotel.com/
2026-06-19 10:44:41,621 [INFO]   🔍 (e) DDG→FB: "Hotel Artistico" bogota site:facebook.com
2026-06-19 10:44:41,898 [INFO] response: https://www.bing.com/search?q=%22Hotel+Artistico%22+bogota+site%3Afacebook.com 200
2026-06-19 10:44:43,063 [INFO] response: https://www.bing.com/search?q=%22Hotel+Artistico%22+bogota+site%3Afacebook.com&first=11&FORM=PERE 200
2026-06-19 10:44:44,037 [INFO] response: https://www.bing.com/search?q=%22Hotel+Artistico%22+bogota+site%3Afacebook.com&first=21&FORM=PERE1 200
2026-06-19 10:44:45,019 [INFO] response: https://www.bing.com/search?q=%22Hotel+Artistico%22+bogota+site%3Afacebook.com&first=31&FORM=PERE2 200
2026-06-19 10:44:45,982 [INFO] response: https://www.bing.com/search?q=%22Hotel+Artistico%22+bogota+site%3Afacebook.com&first=41&FORM=PERE3 200
2026-06-19 10:44:50,126 [INFO]   ❌ Sin resultado: Hotel Artistico
2026-06-19 10:44:55,767 [INFO] 
[Email 57/61] Casahotel Sport and Family (bogota)
2026-06-19 10:44:55,768 [INFO]   🔍 (b) DDG: "Casahotel Sport and Family" bogota email contacto
2026-06-19 10:44:56,061 [INFO] response: https://www.bing.com/search?q=%22Casahotel+Sport+and+Family%22+bogota+email+contacto 200
2026-06-19 10:45:00,623 [INFO]   🔍 (b) DDG: "Casahotel Sport and Family" bogota correo reservas
2026-06-19 10:45:00,932 [INFO] response: https://www.bing.com/search?q=%22Casahotel+Sport+and+Family%22+bogota+correo+reservas 200
2026-06-19 10:45:01,946 [INFO] response: https://www.bing.com/search?q=%22Casahotel+Sport+and+Family%22+bogota+correo+reservas&first=11&FORM=PERE 200
2026-06-19 10:45:04,440 [INFO]   🔍 (b) DDG: "Casahotel Sport and Family" colombia "@"
2026-06-19 10:45:09,718 [INFO] response: https://www.bing.com/search?q=%22Casahotel+Sport+and+Family%22+colombia+%22%40%22 200
2026-06-19 10:45:11,785 [INFO]   🌐 (b) Visitando DDG: https://www.merriam-webster.com/dictionary/happy
2026-06-19 10:45:22,663 [INFO]   🌐 (b) Visitando DDG: https://www.dictionary.com/browse/happy
2026-06-19 10:45:34,585 [INFO]   🌐 (b) Visitando DDG: https://dictionary.cambridge.org/us/dictionary/english/happy
2026-06-19 10:45:51,863 [INFO]   🔗 (c) LinkedIn DDG
2026-06-19 10:45:51,863 [INFO]   🔗 LinkedIn DDG: "Casahotel Sport and Family" bogota site:linkedin.com/company
2026-06-19 10:45:52,167 [INFO] response: https://www.bing.com/search?q=%22Casahotel+Sport+and+Family%22+bogota+site%3Alinkedin.com%2Fcompany 200
2026-06-19 10:45:53,126 [INFO] response: https://www.bing.com/search?q=%22Casahotel+Sport+and+Family%22+bogota+site%3Alinkedin.com%2Fcompany&first=11&FORM=PERE 200
2026-06-19 10:45:54,088 [INFO] response: https://www.bing.com/search?q=%22Casahotel+Sport+and+Family%22+bogota+site%3Alinkedin.com%2Fcompany&first=21&FORM=PERE1 200
2026-06-19 10:45:55,130 [INFO] response: https://www.bing.com/search?q=%22Casahotel+Sport+and+Family%22+bogota+site%3Alinkedin.com%2Fcompany&first=31&FORM=PERE2 200
2026-06-19 10:45:56,099 [INFO] response: https://www.bing.com/search?q=%22Casahotel+Sport+and+Family%22+bogota+site%3Alinkedin.com%2Fcompany&first=41&FORM=PERE3 200
2026-06-19 10:45:59,034 [INFO]   🔍 (d) Google: "Casahotel Sport and Family" bogota email contacto
2026-06-19 10:45:59,038 [WARNING] Error navegando Google: Message: invalid session id; For documentation on this error, please visit: https://www.selenium.dev/documentation/webdriver/troubleshooting/errors#invalidsessionidexception
Stacktrace:
0   chromedriver                        0x0000000102ba71e4 cxxbridge1$str$ptr + 3175992
1   chromedriver                        0x0000000102b9f2ac cxxbridge1$str$ptr + 3143424
2   chromedriver                        0x000000010264f178 _RNvCs9NA52FrZ4pF_7___rustc35___rust_no_alloc_shim_is_unstable_v2 + 73572
3   chromedriver                        0x000000010268c6c4 _RNvCs9NA52FrZ4pF_7___rustc35___rust_no_alloc_shim_is_unstable_v2 + 324784
4   chromedriver                        0x00000001026b3068 _RNvCs9NA52FrZ4pF_7___rustc35___rust_no_alloc_shim_is_unstable_v2 + 482900
5   chromedriver                        0x00000001026b2968 _RNvCs9NA52FrZ4pF_7___rustc35___rust_no_alloc_shim_is_unstable_v2 + 481108
6   chromedriver                        0x000000010261cfd8 chromedriver + 118744
7   chromedriver                        0x0000000102b65370 cxxbridge1$str$ptr + 2906052
8   chromedriver                        0x0000000102b68af0 cxxbridge1$str$ptr + 2920260
9   chromedriver                        0x0000000102b4c2b0 cxxbridge1$str$ptr + 2803460
10  chromedriver                        0x0000000102b69384 cxxbridge1$str$ptr + 2922456
11  chromedriver                        0x0000000102b3d7d0 cxxbridge1$str$ptr + 2743332
12  chromedriver                        0x000000010261ad30 chromedriver + 109872
13  dyld                                0x000000018a077e00 start + 6992

2026-06-19 10:45:59,038 [INFO]   🔄 Google bloqueado → DDG fallback
2026-06-19 10:45:59,301 [INFO] response: https://www.bing.com/search?q=%22Casahotel+Sport+and+Family%22+bogota+email+contacto 200
2026-06-19 10:46:02,904 [INFO]   🔍 (e) DDG→FB: "Casahotel Sport and Family" bogota site:facebook.com
2026-06-19 10:46:03,197 [INFO] response: https://www.bing.com/search?q=%22Casahotel+Sport+and+Family%22+bogota+site%3Afacebook.com 200
2026-06-19 10:46:04,140 [INFO] response: https://www.bing.com/search?q=%22Casahotel+Sport+and+Family%22+bogota+site%3Afacebook.com&first=11&FORM=PERE 200
2026-06-19 10:46:05,112 [INFO] response: https://www.bing.com/search?q=%22Casahotel+Sport+and+Family%22+bogota+site%3Afacebook.com&first=21&FORM=PERE1 200
2026-06-19 10:46:06,222 [INFO] response: https://www.bing.com/search?q=%22Casahotel+Sport+and+Family%22+bogota+site%3Afacebook.com&first=31&FORM=PERE2 200
2026-06-19 10:46:07,180 [INFO] response: https://www.bing.com/search?q=%22Casahotel+Sport+and+Family%22+bogota+site%3Afacebook.com&first=41&FORM=PERE3 200
2026-06-19 10:46:09,336 [INFO]   ❌ Sin resultado: Casahotel Sport and Family
2026-06-19 10:46:16,740 [INFO] 
[Email 58/61] Hotel Bogota Suites (bogota)
2026-06-19 10:46:16,740 [INFO]   🔍 (b) DDG: "Hotel Bogota Suites" bogota email contacto
2026-06-19 10:46:17,038 [INFO] response: https://www.bing.com/search?q=%22Hotel+Bogota+Suites%22+bogota+email+contacto 200
2026-06-19 10:46:19,959 [INFO]   🔍 (b) DDG: "Hotel Bogota Suites" bogota correo reservas
2026-06-19 10:46:20,271 [INFO] response: https://www.bing.com/search?q=%22Hotel+Bogota+Suites%22+bogota+correo+reservas 200
2026-06-19 10:46:22,532 [INFO]   🔍 (b) DDG: "Hotel Bogota Suites" colombia "@"
2026-06-19 10:46:22,875 [INFO] response: https://www.bing.com/search?q=%22Hotel+Bogota+Suites%22+colombia+%22%40%22 200
2026-06-19 10:46:26,343 [INFO]   🌐 (b) Visitando DDG: https://www.viajesfalabella.com.co/hoteles/
2026-06-19 10:46:29,412 [INFO]   🌐 (b) Visitando DDG: https://www.marriott.com/es/hotels/bogmc-bogota-marriott-hotel/overvie
2026-06-19 10:46:45,369 [INFO]   🌐 (b) Visitando DDG: https://www.cosmos100hotel.com/
2026-06-19 10:47:05,089 [INFO]   🔗 (c) LinkedIn DDG
2026-06-19 10:47:05,089 [INFO]   🔗 LinkedIn DDG: "Hotel Bogota Suites" bogota site:linkedin.com/company
2026-06-19 10:47:05,517 [INFO] response: https://www.bing.com/search?q=%22Hotel+Bogota+Suites%22+bogota+site%3Alinkedin.com%2Fcompany 200
2026-06-19 10:47:06,474 [INFO] response: https://www.bing.com/search?q=%22Hotel+Bogota+Suites%22+bogota+site%3Alinkedin.com%2Fcompany&first=11&FORM=PERE 200
2026-06-19 10:47:07,625 [INFO] response: https://www.bing.com/search?q=%22Hotel+Bogota+Suites%22+bogota+site%3Alinkedin.com%2Fcompany&first=21&FORM=PERE1 200
2026-06-19 10:47:08,616 [INFO] response: https://www.bing.com/search?q=%22Hotel+Bogota+Suites%22+bogota+site%3Alinkedin.com%2Fcompany&first=31&FORM=PERE2 200
2026-06-19 10:47:09,803 [INFO] response: https://www.bing.com/search?q=%22Hotel+Bogota+Suites%22+bogota+site%3Alinkedin.com%2Fcompany&first=41&FORM=PERE3 200
2026-06-19 10:47:12,262 [INFO]   🔍 (d) Google: "Hotel Bogota Suites" bogota email contacto
2026-06-19 10:47:12,264 [WARNING] Error navegando Google: Message: invalid session id; For documentation on this error, please visit: https://www.selenium.dev/documentation/webdriver/troubleshooting/errors#invalidsessionidexception
Stacktrace:
0   chromedriver                        0x0000000102ba71e4 cxxbridge1$str$ptr + 3175992
1   chromedriver                        0x0000000102b9f2ac cxxbridge1$str$ptr + 3143424
2   chromedriver                        0x000000010264f178 _RNvCs9NA52FrZ4pF_7___rustc35___rust_no_alloc_shim_is_unstable_v2 + 73572
3   chromedriver                        0x000000010268c6c4 _RNvCs9NA52FrZ4pF_7___rustc35___rust_no_alloc_shim_is_unstable_v2 + 324784
4   chromedriver                        0x00000001026b3068 _RNvCs9NA52FrZ4pF_7___rustc35___rust_no_alloc_shim_is_unstable_v2 + 482900
5   chromedriver                        0x00000001026b2968 _RNvCs9NA52FrZ4pF_7___rustc35___rust_no_alloc_shim_is_unstable_v2 + 481108
6   chromedriver                        0x000000010261cfd8 chromedriver + 118744
7   chromedriver                        0x0000000102b65370 cxxbridge1$str$ptr + 2906052
8   chromedriver                        0x0000000102b68af0 cxxbridge1$str$ptr + 2920260
9   chromedriver                        0x0000000102b4c2b0 cxxbridge1$str$ptr + 2803460
10  chromedriver                        0x0000000102b69384 cxxbridge1$str$ptr + 2922456
11  chromedriver                        0x0000000102b3d7d0 cxxbridge1$str$ptr + 2743332
12  chromedriver                        0x000000010261ad30 chromedriver + 109872
13  dyld                                0x000000018a077e00 start + 6992

2026-06-19 10:47:12,264 [INFO]   🔄 Google bloqueado → DDG fallback
2026-06-19 10:47:12,551 [INFO] response: https://www.bing.com/search?q=%22Hotel+Bogota+Suites%22+bogota+email+contacto 200
2026-06-19 10:47:14,791 [INFO]   🔍 (e) DDG→FB: "Hotel Bogota Suites" bogota site:facebook.com
2026-06-19 10:47:15,289 [INFO] response: https://www.bing.com/search?q=%22Hotel+Bogota+Suites%22+bogota+site%3Afacebook.com 200
2026-06-19 10:47:16,271 [INFO] response: https://www.bing.com/search?q=%22Hotel+Bogota+Suites%22+bogota+site%3Afacebook.com&first=11&FORM=PERE 200
2026-06-19 10:47:17,232 [INFO] response: https://www.bing.com/search?q=%22Hotel+Bogota+Suites%22+bogota+site%3Afacebook.com&first=21&FORM=PERE1 200
2026-06-19 10:47:18,220 [INFO] response: https://www.bing.com/search?q=%22Hotel+Bogota+Suites%22+bogota+site%3Afacebook.com&first=31&FORM=PERE2 200
2026-06-19 10:47:19,274 [INFO] response: https://www.bing.com/search?q=%22Hotel+Bogota+Suites%22+bogota+site%3Afacebook.com&first=41&FORM=PERE3 200
2026-06-19 10:47:23,890 [INFO]   ❌ Sin resultado: Hotel Bogota Suites
2026-06-19 10:47:29,854 [INFO] 
[Email 59/61] CASA 30 (bogota)
2026-06-19 10:47:29,854 [INFO]   🔍 (b) DDG: "CASA 30" bogota email contacto
2026-06-19 10:47:30,190 [INFO] response: https://www.bing.com/search?q=%22CASA+30%22+bogota+email+contacto 200
2026-06-19 10:47:34,030 [INFO]   🔍 (b) DDG: "CASA 30" bogota correo reservas
2026-06-19 10:47:34,331 [INFO] response: https://www.bing.com/search?q=%22CASA+30%22+bogota+correo+reservas 200
2026-06-19 10:47:37,485 [INFO]   🔍 (b) DDG: "CASA 30" colombia "@"
2026-06-19 10:47:37,762 [INFO] response: https://www.bing.com/search?q=%22CASA+30%22+colombia+%22%40%22 200
2026-06-19 10:47:42,216 [INFO]   🔗 (c) LinkedIn DDG
2026-06-19 10:47:42,216 [INFO]   🔗 LinkedIn DDG: "CASA 30" bogota site:linkedin.com/company
2026-06-19 10:47:42,507 [INFO] response: https://www.bing.com/search?q=%22CASA+30%22+bogota+site%3Alinkedin.com%2Fcompany 200
2026-06-19 10:47:43,471 [INFO] response: https://www.bing.com/search?q=%22CASA+30%22+bogota+site%3Alinkedin.com%2Fcompany&first=11&FORM=PERE 200
2026-06-19 10:47:44,525 [INFO] response: https://www.bing.com/search?q=%22CASA+30%22+bogota+site%3Alinkedin.com%2Fcompany&first=21&FORM=PERE1 200
2026-06-19 10:47:45,498 [INFO] response: https://www.bing.com/search?q=%22CASA+30%22+bogota+site%3Alinkedin.com%2Fcompany&first=31&FORM=PERE2 200
2026-06-19 10:47:46,453 [INFO] response: https://www.bing.com/search?q=%22CASA+30%22+bogota+site%3Alinkedin.com%2Fcompany&first=41&FORM=PERE3 200
2026-06-19 10:47:50,220 [INFO]   🔍 (d) Google: "CASA 30" bogota email contacto
2026-06-19 10:47:50,223 [WARNING] Error navegando Google: Message: invalid session id; For documentation on this error, please visit: https://www.selenium.dev/documentation/webdriver/troubleshooting/errors#invalidsessionidexception
Stacktrace:
0   chromedriver                        0x0000000102ba71e4 cxxbridge1$str$ptr + 3175992
1   chromedriver                        0x0000000102b9f2ac cxxbridge1$str$ptr + 3143424
2   chromedriver                        0x000000010264f178 _RNvCs9NA52FrZ4pF_7___rustc35___rust_no_alloc_shim_is_unstable_v2 + 73572
3   chromedriver                        0x000000010268c6c4 _RNvCs9NA52FrZ4pF_7___rustc35___rust_no_alloc_shim_is_unstable_v2 + 324784
4   chromedriver                        0x00000001026b3068 _RNvCs9NA52FrZ4pF_7___rustc35___rust_no_alloc_shim_is_unstable_v2 + 482900
5   chromedriver                        0x00000001026b2968 _RNvCs9NA52FrZ4pF_7___rustc35___rust_no_alloc_shim_is_unstable_v2 + 481108
6   chromedriver                        0x000000010261cfd8 chromedriver + 118744
7   chromedriver                        0x0000000102b65370 cxxbridge1$str$ptr + 2906052
8   chromedriver                        0x0000000102b68af0 cxxbridge1$str$ptr + 2920260
9   chromedriver                        0x0000000102b4c2b0 cxxbridge1$str$ptr + 2803460
10  chromedriver                        0x0000000102b69384 cxxbridge1$str$ptr + 2922456
11  chromedriver                        0x0000000102b3d7d0 cxxbridge1$str$ptr + 2743332
12  chromedriver                        0x000000010261ad30 chromedriver + 109872
13  dyld                                0x000000018a077e00 start + 6992

2026-06-19 10:47:50,223 [INFO]   🔄 Google bloqueado → DDG fallback
2026-06-19 10:47:50,554 [INFO] response: https://www.bing.com/search?q=%22CASA+30%22+bogota+email+contacto 200
2026-06-19 10:47:55,106 [INFO]   🔍 (e) DDG→FB: "CASA 30" bogota site:facebook.com
2026-06-19 10:47:55,478 [INFO] response: https://www.bing.com/search?q=%22CASA+30%22+bogota+site%3Afacebook.com 200
2026-06-19 10:47:56,435 [INFO] response: https://www.bing.com/search?q=%22CASA+30%22+bogota+site%3Afacebook.com&first=11&FORM=PERE 200
2026-06-19 10:47:57,399 [INFO] response: https://www.bing.com/search?q=%22CASA+30%22+bogota+site%3Afacebook.com&first=21&FORM=PERE1 200
2026-06-19 10:47:58,393 [INFO] response: https://www.bing.com/search?q=%22CASA+30%22+bogota+site%3Afacebook.com&first=31&FORM=PERE2 200
2026-06-19 10:47:59,342 [INFO] response: https://www.bing.com/search?q=%22CASA+30%22+bogota+site%3Afacebook.com&first=41&FORM=PERE3 200
2026-06-19 10:48:03,611 [INFO]   ❌ Sin resultado: CASA 30
2026-06-19 10:48:08,481 [INFO] 
[Email 60/61] San Sebastian Bogotá (bogota)
2026-06-19 10:48:08,482 [INFO]   🔍 (b) DDG: "San Sebastian Bogotá" bogota email contacto
2026-06-19 10:48:09,268 [INFO] response: https://www.bing.com/search?q=%22San+Sebastian+Bogot%C3%A1%22+bogota+email+contacto 200
2026-06-19 10:48:13,178 [INFO]   🔍 (b) DDG: "San Sebastian Bogotá" bogota correo reservas
2026-06-19 10:48:18,433 [INFO] response: https://www.bing.com/search?q=%22San+Sebastian+Bogot%C3%A1%22+bogota+correo+reservas 200
2026-06-19 10:48:21,480 [INFO]   🔍 (b) DDG: "San Sebastian Bogotá" colombia "@"
2026-06-19 10:48:26,778 [INFO] response: https://www.bing.com/search?q=%22San+Sebastian+Bogot%C3%A1%22+colombia+%22%40%22 200
2026-06-19 10:48:31,013 [INFO]   🔗 (c) LinkedIn DDG
2026-06-19 10:48:31,014 [INFO]   🔗 LinkedIn DDG: "San Sebastian Bogotá" bogota site:linkedin.com/company
2026-06-19 10:48:31,365 [INFO] response: https://www.bing.com/search?q=%22San+Sebastian+Bogot%C3%A1%22+bogota+site%3Alinkedin.com%2Fcompany 200
2026-06-19 10:48:32,299 [INFO] response: https://www.bing.com/search?q=%22San+Sebastian+Bogot%C3%A1%22+bogota+site%3Alinkedin.com%2Fcompany&first=11&FORM=PERE 200
2026-06-19 10:48:33,321 [INFO] response: https://www.bing.com/search?q=%22San+Sebastian+Bogot%C3%A1%22+bogota+site%3Alinkedin.com%2Fcompany&first=21&FORM=PERE1 200
2026-06-19 10:48:34,298 [INFO] response: https://www.bing.com/search?q=%22San+Sebastian+Bogot%C3%A1%22+bogota+site%3Alinkedin.com%2Fcompany&first=31&FORM=PERE2 200
2026-06-19 10:48:35,255 [INFO] response: https://www.bing.com/search?q=%22San+Sebastian+Bogot%C3%A1%22+bogota+site%3Alinkedin.com%2Fcompany&first=41&FORM=PERE3 200
2026-06-19 10:48:37,530 [INFO]   🔍 (d) Google: "San Sebastian Bogotá" bogota email contacto
2026-06-19 10:48:37,537 [WARNING] Error navegando Google: Message: invalid session id; For documentation on this error, please visit: https://www.selenium.dev/documentation/webdriver/troubleshooting/errors#invalidsessionidexception
Stacktrace:
0   chromedriver                        0x0000000102ba71e4 cxxbridge1$str$ptr + 3175992
1   chromedriver                        0x0000000102b9f2ac cxxbridge1$str$ptr + 3143424
2   chromedriver                        0x000000010264f178 _RNvCs9NA52FrZ4pF_7___rustc35___rust_no_alloc_shim_is_unstable_v2 + 73572
3   chromedriver                        0x000000010268c6c4 _RNvCs9NA52FrZ4pF_7___rustc35___rust_no_alloc_shim_is_unstable_v2 + 324784
4   chromedriver                        0x00000001026b3068 _RNvCs9NA52FrZ4pF_7___rustc35___rust_no_alloc_shim_is_unstable_v2 + 482900
5   chromedriver                        0x00000001026b2968 _RNvCs9NA52FrZ4pF_7___rustc35___rust_no_alloc_shim_is_unstable_v2 + 481108
6   chromedriver                        0x000000010261cfd8 chromedriver + 118744
7   chromedriver                        0x0000000102b65370 cxxbridge1$str$ptr + 2906052
8   chromedriver                        0x0000000102b68af0 cxxbridge1$str$ptr + 2920260
9   chromedriver                        0x0000000102b4c2b0 cxxbridge1$str$ptr + 2803460
10  chromedriver                        0x0000000102b69384 cxxbridge1$str$ptr + 2922456
11  chromedriver                        0x0000000102b3d7d0 cxxbridge1$str$ptr + 2743332
12  chromedriver                        0x000000010261ad30 chromedriver + 109872
13  dyld                                0x000000018a077e00 start + 6992

2026-06-19 10:48:37,538 [INFO]   🔄 Google bloqueado → DDG fallback
2026-06-19 10:48:37,786 [INFO] response: https://www.bing.com/search?q=%22San+Sebastian+Bogot%C3%A1%22+bogota+email+contacto 200
2026-06-19 10:48:40,523 [INFO]   🔍 (e) DDG→FB: "San Sebastian Bogotá" bogota site:facebook.com
2026-06-19 10:48:40,825 [INFO] response: https://www.bing.com/search?q=%22San+Sebastian+Bogot%C3%A1%22+bogota+site%3Afacebook.com 200
2026-06-19 10:48:41,775 [INFO] response: https://www.bing.com/search?q=%22San+Sebastian+Bogot%C3%A1%22+bogota+site%3Afacebook.com&first=11&FORM=PERE 200
2026-06-19 10:48:42,741 [INFO] response: https://www.bing.com/search?q=%22San+Sebastian+Bogot%C3%A1%22+bogota+site%3Afacebook.com&first=21&FORM=PERE1 200
2026-06-19 10:48:43,697 [INFO] response: https://www.bing.com/search?q=%22San+Sebastian+Bogot%C3%A1%22+bogota+site%3Afacebook.com&first=31&FORM=PERE2 200
2026-06-19 10:48:44,685 [INFO] response: https://www.bing.com/search?q=%22San+Sebastian+Bogot%C3%A1%22+bogota+site%3Afacebook.com&first=41&FORM=PERE3 200
2026-06-19 10:48:47,344 [INFO]   ❌ Sin resultado: San Sebastian Bogotá
2026-06-19 10:48:47,346 [INFO]   📊 Progreso 60/61 | Emails: 21 | Sin resultado: 39
2026-06-19 10:48:52,902 [INFO] 
[Email 61/61] Hotel Los Cerros de Bogotá (bogota)
2026-06-19 10:48:52,902 [INFO]   🔍 (b) DDG: "Hotel Los Cerros de Bogotá" bogota email contacto
2026-06-19 10:48:53,193 [INFO] response: https://www.bing.com/search?q=%22Hotel+Los+Cerros+de+Bogot%C3%A1%22+bogota+email+contacto 200
2026-06-19 10:48:54,165 [INFO] response: https://www.bing.com/search?q=%22Hotel+Los+Cerros+de+Bogot%C3%A1%22+bogota+email+contacto&first=11&FORM=PERE 200
2026-06-19 10:48:55,192 [INFO] response: https://www.bing.com/search?q=%22Hotel+Los+Cerros+de+Bogot%C3%A1%22+bogota+email+contacto&first=21&FORM=PERE1 200
2026-06-19 10:48:56,174 [INFO] response: https://www.bing.com/search?q=%22Hotel+Los+Cerros+de+Bogot%C3%A1%22+bogota+email+contacto&first=31&FORM=PERE2 200
2026-06-19 10:48:57,148 [INFO] response: https://www.bing.com/search?q=%22Hotel+Los+Cerros+de+Bogot%C3%A1%22+bogota+email+contacto&first=41&FORM=PERE3 200
2026-06-19 10:49:01,375 [INFO]   🔍 (b) DDG: "Hotel Los Cerros de Bogotá" bogota correo reservas
2026-06-19 10:49:01,714 [INFO] response: https://www.bing.com/search?q=%22Hotel+Los+Cerros+de+Bogot%C3%A1%22+bogota+correo+reservas 200
2026-06-19 10:49:05,230 [INFO]   🔍 (b) DDG: "Hotel Los Cerros de Bogotá" colombia "@"
2026-06-19 10:49:10,673 [INFO] response: https://www.bing.com/search?q=%22Hotel+Los+Cerros+de+Bogot%C3%A1%22+colombia+%22%40%22 200
2026-06-19 10:49:14,271 [INFO]   🌐 (b) Visitando DDG: https://www.viajesfalabella.com.co/hoteles/
2026-06-19 10:49:16,762 [INFO]   🌐 (b) Visitando DDG: https://www.marriott.com/es/hotels/bogmc-bogota-marriott-hotel/overvie
2026-06-19 10:49:30,918 [INFO]   🔗 (c) LinkedIn DDG
2026-06-19 10:49:30,918 [INFO]   🔗 LinkedIn DDG: "Hotel Los Cerros de Bogotá" bogota site:linkedin.com/company
2026-06-19 10:49:31,344 [INFO] response: https://www.bing.com/search?q=%22Hotel+Los+Cerros+de+Bogot%C3%A1%22+bogota+site%3Alinkedin.com%2Fcompany 200
2026-06-19 10:49:32,333 [INFO] response: https://www.bing.com/search?q=%22Hotel+Los+Cerros+de+Bogot%C3%A1%22+bogota+site%3Alinkedin.com%2Fcompany&first=11&FORM=PERE 200
2026-06-19 10:49:33,322 [INFO] response: https://www.bing.com/search?q=%22Hotel+Los+Cerros+de+Bogot%C3%A1%22+bogota+site%3Alinkedin.com%2Fcompany&first=21&FORM=PERE1 200
2026-06-19 10:49:34,299 [INFO] response: https://www.bing.com/search?q=%22Hotel+Los+Cerros+de+Bogot%C3%A1%22+bogota+site%3Alinkedin.com%2Fcompany&first=31&FORM=PERE2 200
2026-06-19 10:49:35,266 [INFO] response: https://www.bing.com/search?q=%22Hotel+Los+Cerros+de+Bogot%C3%A1%22+bogota+site%3Alinkedin.com%2Fcompany&first=41&FORM=PERE3 200
2026-06-19 10:49:37,397 [INFO]   🔍 (d) Google: "Hotel Los Cerros de Bogotá" bogota email contacto
2026-06-19 10:49:37,400 [WARNING] Error navegando Google: Message: invalid session id; For documentation on this error, please visit: https://www.selenium.dev/documentation/webdriver/troubleshooting/errors#invalidsessionidexception
Stacktrace:
0   chromedriver                        0x0000000102ba71e4 cxxbridge1$str$ptr + 3175992
1   chromedriver                        0x0000000102b9f2ac cxxbridge1$str$ptr + 3143424
2   chromedriver                        0x000000010264f178 _RNvCs9NA52FrZ4pF_7___rustc35___rust_no_alloc_shim_is_unstable_v2 + 73572
3   chromedriver                        0x000000010268c6c4 _RNvCs9NA52FrZ4pF_7___rustc35___rust_no_alloc_shim_is_unstable_v2 + 324784
4   chromedriver                        0x00000001026b3068 _RNvCs9NA52FrZ4pF_7___rustc35___rust_no_alloc_shim_is_unstable_v2 + 482900
5   chromedriver                        0x00000001026b2968 _RNvCs9NA52FrZ4pF_7___rustc35___rust_no_alloc_shim_is_unstable_v2 + 481108
6   chromedriver                        0x000000010261cfd8 chromedriver + 118744
7   chromedriver                        0x0000000102b65370 cxxbridge1$str$ptr + 2906052
8   chromedriver                        0x0000000102b68af0 cxxbridge1$str$ptr + 2920260
9   chromedriver                        0x0000000102b4c2b0 cxxbridge1$str$ptr + 2803460
10  chromedriver                        0x0000000102b69384 cxxbridge1$str$ptr + 2922456
11  chromedriver                        0x0000000102b3d7d0 cxxbridge1$str$ptr + 2743332
12  chromedriver                        0x000000010261ad30 chromedriver + 109872
13  dyld                                0x000000018a077e00 start + 6992

2026-06-19 10:49:37,400 [INFO]   🔄 Google bloqueado → DDG fallback
2026-06-19 10:49:37,706 [INFO] response: https://www.bing.com/search?q=%22Hotel+Los+Cerros+de+Bogot%C3%A1%22+bogota+email+contacto 200
2026-06-19 10:49:41,738 [INFO]   🔍 (e) DDG→FB: "Hotel Los Cerros de Bogotá" bogota site:facebook.com
2026-06-19 10:49:42,268 [INFO] response: https://www.bing.com/search?q=%22Hotel+Los+Cerros+de+Bogot%C3%A1%22+bogota+site%3Afacebook.com 200
2026-06-19 10:49:43,298 [INFO] response: https://www.bing.com/search?q=%22Hotel+Los+Cerros+de+Bogot%C3%A1%22+bogota+site%3Afacebook.com&first=11&FORM=PERE 200
2026-06-19 10:49:44,278 [INFO] response: https://www.bing.com/search?q=%22Hotel+Los+Cerros+de+Bogot%C3%A1%22+bogota+site%3Afacebook.com&first=21&FORM=PERE1 200
2026-06-19 10:49:45,253 [INFO] response: https://www.bing.com/search?q=%22Hotel+Los+Cerros+de+Bogot%C3%A1%22+bogota+site%3Afacebook.com&first=31&FORM=PERE2 200
2026-06-19 10:49:46,319 [INFO] response: https://www.bing.com/search?q=%22Hotel+Los+Cerros+de+Bogot%C3%A1%22+bogota+site%3Afacebook.com&first=41&FORM=PERE3 200
2026-06-19 10:49:49,668 [INFO]   ❌ Sin resultado: Hotel Los Cerros de Bogotá
2026-06-19 10:49:55,409 [INFO] 
✅ Fase Email completada. Emails: 21 | Sin resultado: 40
2026-06-19 10:49:55,441 [INFO] 
🏁 Proceso finalizado.
